sent_id,symbol,pub_date,elr,concept,lang,text,label_binary,label_tech,label_commitment,label_realisation,amount_flag,stratum,n_words
ABCO|2025-08-14|Declarations|jsc-rep_DeclarationAffirmingCorrectnessAccuracyAndCompletenessOfInformationAndDataStatedInReportSignedByChairmanOfBoardOfDirectorsCompanysChiefExecutiveOfficerAndChiefFinancialOfficer|0|en|0,ABCO,2025-08-14,Declarations,jsc-rep_DeclarationAffirmingCorrectnessAccuracyAndCompletenessOfInformationAndDataStatedInReportSignedByChairmanOfBoardOfDirectorsCompanysChiefExecutiveOfficerAndChiefFinancialOfficer,en,"Representation of the Authenticity of the Financial Statements The Management of Bank ABC in Jordan represents the authenticity, accuracy and precision of the information and financial statements cited in this report. * Signatures are included in the PDF version of the annual report in Arabic that has been uploaded to the XBRL system.",,,,,FALSE,screen_positive,53
ABCO|2025-08-14|Declarations|jsc-rep_DeclarationByBoardOfDirectorsAffirmingItsResponsibilityForPreparationOfFinancialStatementsAndForProvisionOfEffectiveSystemOfControlsWithinCompany|0|en|0,ABCO,2025-08-14,Declarations,jsc-rep_DeclarationByBoardOfDirectorsAffirmingItsResponsibilityForPreparationOfFinancialStatementsAndForProvisionOfEffectiveSystemOfControlsWithinCompany,en,Representation of the Board of Directors The Board of Directors of Bank ABC in Jordan represents its responsibility for preparing the financial statements; that the information cited in the Board of Directors’ Report is in line with the enclosed financial statements; and that the Bank has an effective and efficient Internal Control System. * Signatures are included in the PDF version of the annual report in Arabic that has been uploaded to the XBRL system.,,,,,FALSE,screen_positive,75
ABCO|2025-08-14|Declarations|jsc-rep_DeclarationFromBoardOfDirectorsThatThereAreNoSubstantialMattersDisaffectingCompanysContinuityDuringNextFiscalYear|0|en|0,ABCO,2025-08-14,Declarations,jsc-rep_DeclarationFromBoardOfDirectorsThatThereAreNoSubstantialMattersDisaffectingCompanysContinuityDuringNextFiscalYear,en,"Representation of the Board of Directors The Board of Directors of Bank ABC in Jordan represents, as far as it knows and believes, that there are no fundamental issues that could affect the Bank’s ability to continue its activity throughout the next fiscal year of 2025. * Signatures are included in the PDF version of the annual report in Arabic that has been uploaded to the XBRL system.",,,,,FALSE,screen_positive,68
ABCO|2025-08-14|Declarations|jsc-rep_DisclosureOfOtherDeclarations|0|en|0,ABCO,2025-08-14,Declarations,jsc-rep_DisclosureOfOtherDeclarations,en,Representation of the Board of Directors The Board of Directors of Bank ABC in Jordan acknowledge that they have not received personally or any of their relatives any materialistic or in-kind benefits during their work at the Bank and have not disclosed them for the year 2024. * Signatures are included in the PDF version of the annual report in Arabic that has been uploaded to the XBRL system.,,,,,FALSE,screen_positive,69
ABCO|2025-08-14|DisclosuresDirectorsReport|jsc_DisclosureOfIssuingCompanysOrganizationalChartNumberOfItsEmployeesAndTheirClassesOfQualificationAndItsPersonnelQualifyingAndTrainingPrograms|0|en|0,ABCO,2025-08-14,DisclosuresDirectorsReport,jsc_DisclosureOfIssuingCompanysOrganizationalChartNumberOfItsEmployeesAndTheirClassesOfQualificationAndItsPersonnelQualifyingAndTrainingPrograms,en,"Number of employees of the Bank and the Arab Co-operation Financial Investments Co. and their qualifications No. of Employees of the Arab Co-operation Financial Investments Co . No. of Bank Employees Degree - 3 PhD 7 50 Masters - 1 Higher Diploma 20 417 Bachelor 3 34 Diploma - 5 General Secondary Education 1 20 Below General Secondary Education 31 530 Total no. of employees Qualification and training programs for employees of the Bank and the Arab Co-operation Financial Investments Co. 145 courses were organized in-house, externally and in the Bank’s training centre with the participation of 3,580 employees, as detailed below: The Bank and the Arab Co-operation Financial Investments Co. The Bank and the Arab Co-operation Financial Investments Co. Description No. of Participants # of courses Type of training course 1,811 80 Courses provided by the Bank’s training centre 247 51 Courses provided by local institutes in Jordan 1 1 Courses provided by institutes abroad 1,521 13 Online courses (e-learning) 3,580 8145 Total Types of courses # Course Type No. of Participants 1 Human resources and skills development courses 195 2 Banking marketing, credit cards and customer service courses 2 3 Participation in local and external conferences and meetings 17 4 Investment and treasury operations courses 6 5 Banking risks and crises management, audit, monitoring, compliance control and anti-money laundering courses 1,418 6 Information technology and systems courses 1,033 7 Banking facilities and project financing courses 41 8 Internal and external banking operations courses 125 9 Courses on laws, regulations and instructions 739 10 Accounting courses 4 Total 3,580 * The organizational structure for the Bank and ABCI couldn’t be uploaded correctly (proper copy has been included in the PDF copy of the Annual Report that has been uploaded on XBRL system)",,,,,FALSE,screen_positive,293
ABCO|2025-08-14|DisclosuresDirectorsReport|jsc_TheMembersOfBoardOfDirectorsNamesAndNamesAndRanksOfSeniorExecutiveManagementWithBriefResumeOfEach|0|en|169,ABCO,2025-08-14,DisclosuresDirectorsReport,jsc_TheMembersOfBoardOfDirectorsNamesAndNamesAndRanksOfSeniorExecutiveManagementWithBriefResumeOfEach,en,"Certificate Artificial Intelligence Practical Deep Learning, 2020.",,,,,FALSE,screen_positive,7
ABCO|2025-08-14|DisclosuresDirectorsReport|jsc_TheMembersOfBoardOfDirectorsNamesAndNamesAndRanksOfSeniorExecutiveManagementWithBriefResumeOfEach|0|en|171,ABCO,2025-08-14,DisclosuresDirectorsReport,jsc_TheMembersOfBoardOfDirectorsNamesAndNamesAndRanksOfSeniorExecutiveManagementWithBriefResumeOfEach,en,"In 2016, Mr. Al Mohtasib joined Jordan Ahli Bank as a Middleware, BI Manager and in 2018 he was promoted to AVP-Ahli Labs & Data Analytics (Innovation Department).",,,,,FALSE,screen_positive,28
AHLI|2022-04-02|DisclosuresDirectorsReport|jsc_DisclosureOfCompanysContributionToEnvironmentalProtectionAndLocalCommunityService|0|en|13,AHLI,2022-04-02,DisclosuresDirectorsReport,jsc_DisclosureOfCompanysContributionToEnvironmentalProtectionAndLocalCommunityService,en,"On the same level, the Bank provided its support for the second phase of the national technological project organized by Eureka Academy, which aims to qualify and train 500 students from government schools from different governorates of the Kingdom on advanced courses in technology, including information security, artificial intelligence and programming, in cooperation with a number of Jordanian universities.",,,,,FALSE,screen_positive,59
AHLI|2022-04-02|DisclosuresDirectorsReport|jsc_DisclosureOfCompanysContributionToEnvironmentalProtectionAndLocalCommunityService|0|ar|13,AHLI,2022-04-02,DisclosuresDirectorsReport,jsc_DisclosureOfCompanysContributionToEnvironmentalProtectionAndLocalCommunityService,ar,وعلى الصعيد ذاته قدّم البنك دعمه للمرحلة الثانية من المشروع الوطني التكنولوجي الذي تنظمه أكاديمية يوريكا والهادف الى تأهيل وتدريب 500 طالب وطالبة من المدارس الحكومية من مختلف محافظات المملكة على مساقات متقدمة في التكنولوجيا تشمل أمن المعلومات، الذكاء الاصطناعي والبرمجة بالتعاون مع عدد من الجامعات الأردنية.,,,,,FALSE,screen_positive,47
AMAL|2023-04-30|DisclosuresDirectorsReport|jsc_DisclosureOfIssuingCompanysOrganizationalChartNumberOfItsEmployeesAndTheirClassesOfQualificationAndItsPersonnelQualifyingAndTrainingPrograms|0|en|0,AMAL,2023-04-30,DisclosuresDirectorsReport,jsc_DisclosureOfIssuingCompanysOrganizationalChartNumberOfItsEmployeesAndTheirClassesOfQualificationAndItsPersonnelQualifyingAndTrainingPrograms,en,- Company’s organizational structure : 9.B- Number of Staff and academic qualifications: Qualification Number of Staff Master’s degree 1 Bachelor's degree 6 Intermediate Diploma 1 High school 1 9.B- Qualification and training programs for company staff: # Qualification and Training Programs Number of Staff 1 Excel in Accounting and Financial Analysis 5 2 A virtual remote training workshop (XBRL electronic disclosure) 2 3 FATCA- Foreign Account Tax Compliance 9 4 Global Financial Compliance 1 5 Combating Financial Crimes 4 6 Trading rules applicable in the Amman Stock Exchange 2 7 Anti-money laundering and terrorist financing requirements in cooperation with the Securities Commission 2 8 Skills of checking and detecting forged signatures and matching them 5,,,,,FALSE,screen_positive,115
APOT|2024-04-29|DisclosuresDirectorsReport|jsc_TheMembersOfBoardOfDirectorsNamesAndNamesAndRanksOfSeniorExecutiveManagementWithBriefResumeOfEach|0|ar|102,APOT,2024-04-29,DisclosuresDirectorsReport,jsc_TheMembersOfBoardOfDirectorsNamesAndNamesAndRanksOfSeniorExecutiveManagementWithBriefResumeOfEach,ar,يشغل المهندس اللوباني حالياً منصب عضو في الفريق الاستشاري الاستراتيجي للجنة ذكاء الأعمال التابع للاتّحاد الدولي للأسمدة ( IFA ) ومقرراً لمجموعة العمل الخاصة بالطلب العالمي للأسمدة ونائب رئيس اللجنة الاقتصادية للاتحاد العربي للأسمدة.,,,,,FALSE,screen_positive,34
ATTA|2025-04-16|DisclosuresDirectorsReport|jsc_TheMembersOfBoardOfDirectorsNamesAndNamesAndRanksOfSeniorExecutiveManagementWithBriefResumeOfEach|0|en|2,ATTA,2025-04-16,DisclosuresDirectorsReport,jsc_TheMembersOfBoardOfDirectorsNamesAndNamesAndRanksOfSeniorExecutiveManagementWithBriefResumeOfEach,en,"Marwan Hanna Suleiman Khaitan – Independent Member Board Member Date of Birth: June 2, 1952 Academic Qualifications: Master’s degree in Transport Engineering – Moscow University Professional Experience: Former Minister of Transport Former Director General of the Public Transport Authority Former Director General of Al Mutakamilah Multi-Modal Transport Company Board Member of Middle East University Mohammad Ali Mohammad Ibrahim ""Al-Qaryouti"" – Independent Member Board Member Date of Birth: February 26, 1969 Academic Qualifications: Bachelor’s degree in Business Administration – Al-Zaytoonah University Diploma in Accounting – Arab Community College Specialized Diploma in Banking Management – Sweden Professional Experience: 29 years of banking experience across four local, international, and regional banks Board Member, Founder, and Treasurer – Jordan Economic Forum Strategy and Investment Consultant – Elegant Group Senior Management Team and Brief Profiles: Amjad Ghareeb Abdulrahim Al-Bakri (Last working day: December 31, 2024) General Manager Date of Birth: July 14, 1966 Academic Qualifications: Bachelor’s degree in Law – Beirut Arab University, 1991 Professional Experience: Member of the Amman Municipality Council ( 1995-2007 ) Founder & General Manager of Coordinates Real Estate Company General Manager of Al Mutakamilah for Land Development and Investment since January 1, 2011 Ismail Abduljawad Ismail Al-Shafai Financial & Administrative Manager Date of Birth: July 13, 1991 Academic Qualifications: Bachelor’s degree in Accounting – Al-Balqa Applied University Professional Experience: Financial & Administrative Manager at Al Mutakamilah for Land Development and Investment since March 18, 2018 Board Secretary at Al Mutakamilah for Land Development and Investment Senior Accountant at Bustami & Sahib Trading Company – Nissan Jordan (2014-2018) Alaa Ziad Sobhi Madawi (Last working day: June 30, 2024) Deputy General Manager – Technical & Engineering Affairs Date of Birth: March 28, 1978 Academic Qualifications: Bachelor’s degree in Electronics – Princess Sumaya University for Technology (1999-2000) Professional Experience: ERP Solutions Development Officer – Sayegh Group (2002-2004) HSE Manager for Oil Projects – CCC International, Nigeria (2004-2005) General Manager – Michigan Interior Design & Decor (2005-2014) General Manager – Al-Sor'a Advertising Company (2009-2012) Quantity Surveying Manager for Airports Projects – CCC International, Libya (2009-2011) Project Execution Manager for Rehabilitation Projects – Lafarge Jordan Cement (2011-2015) Deputy General Manager – Administrative & Engineering Affairs – Al Mutakamilah for Land Development and Investment (2014-2018) Christy Ibrahim Dabbour (Last working day: July 25, 2024) Operations Manager Date of Birth: December 28, 1978 Academic Qualifications: Master’s degree in Business Administration – University of Wales, UK Professional Experience: Executive Director of Supervision & Project Management – Consolidated Consultants Group, Amman (2020-2023) Project Manager – Los Angeles, California, USA (2016-2020) Senior Project Management Engineer (PMO) – Consolidated Consultants Group, Amman (2015-2016) Department Engineer (Construction, Materials & Contracts Manager) – CCC Abu Dhabi, UAE (2011-2015) Contracts Engineer – CCC Tripoli, Libya (2009-2011)",,,,,FALSE,screen_positive,452
HPIC|2022-03-29|DisclosuresDirectorsReport|jsc_DisclosureOfIssuingCompanysOrganizationalChartNumberOfItsEmployeesAndTheirClassesOfQualificationAndItsPersonnelQualifyingAndTrainingPrograms|0|en|5,HPIC,2022-03-29,DisclosuresDirectorsReport,jsc_DisclosureOfIssuingCompanysOrganizationalChartNumberOfItsEmployeesAndTheirClassesOfQualificationAndItsPersonnelQualifyingAndTrainingPrograms,en,"Hayat maintains records showing the training obtained by each employee, as shown in the below: No. of Attendees External Training Courses No. 3 Practical Implementation of Process Validation Lifecycle Approach 2 Importance of Excipient Quality and Testing 1 Centralized Electronic Registration system of Human Drugs 5 API Sourcing Workshop 2 USP Analytical Data—Interpretation and Treatment Training 1 The School of Pharmacy 2021 Conference 1 USP event-Nitrosamine impurities 2 PIC/S Inspection Procedures & techniques from the Industry's point of view 4 PIC/S vs WHO GMP Workshop 2 Government Procurement System Workshop 2 Digital Economy and the Corona Pandemic 1 Remote Auditing Workshop 4 Validation Requirements & Evaluation Workshop 1 2 nd Edition Nitrosamine Impurities forum schedule 1 Regulatory Considerations Regarding IR Film Coating Post-Approval Changes 3 Risk-Based Approach in Cleaning Validation 5 Barcode Types and Printing Quality (Basics of coding and technical services standards and its implementation) 5 The importance of sharing information and its digitalization through GOScan 1 The Impurities and Degradation in Drug Products Training 2 Pharmacovigilance Training 1 Cleaning Validation 1 Quality Risk Management, CAPA & RCA Workshop 1 Import & Export Electronic System (IES) 1 Pre Custom Clearance Procedures 1 Artificial Intelligence Workshop in Collaboration with Siemens 1 Risk Management Workshop 4 JFDA Annual Report Guideline 58 Total Attendees 28 Total Beneficiaries * No. of Attendees Internal Training Courses No. 19 Lean Management Part 1 14 Lean Management Part 2 34 Good Manufacturing Practices (Production) 5 Good Manufacturing Practices (Warehouse) 60 Good Manufacturing Practices (QA) 21 Good Documentation Practices (QC) 5 Good Documentation Practices (Warehouse) 20 Good Documentation (General) 18 Cleaning Process of Work Place 20 Secondary Packaging Procedure 11 Purchase Requisitions for R&D Materials 4 Monitoring of Bioequivalence Studies 4 Product Intellectual Property Review 3 Summary of Product Characteristics 5 Operation Process of soft water system 5 Steam System Design 6 Fire Alarm System 23 Maintenance Activities Management 7 Dry-cleaning management procedures 3 Technical process of managing company vehicles’ maintenance 1 Work Locations Safety & Security Procedures 4 Quality risk management 3 Change Control 2 Corrective and Preventive Action (CAPA) Program 5 Personal Hygiene 17 Deviation management 17 High performance liquid Chromatography Analysis 13 Handling of Laboratory Chemicals Re agent and Solution 10 Waste Lab Material Disposal (Micro/QCL) 359 Total Attendees 177 Total Beneficiaries * * The number of beneficiaries differs from the number of attendees because some workers attend more than one training course The employee turnover rate in 2021 was about 13%.",,,,,FALSE,screen_positive,408
INVB|2025-08-18|DisclosuresDirectorsReport|jsc_DisclosureOfIssuingCompanysOrganizationalChartNumberOfItsEmployeesAndTheirClassesOfQualificationAndItsPersonnelQualifyingAndTrainingPrograms|0|en|4,INVB,2025-08-18,DisclosuresDirectorsReport,jsc_DisclosureOfIssuingCompanysOrganizationalChartNumberOfItsEmployeesAndTheirClassesOfQualificationAndItsPersonnelQualifyingAndTrainingPrograms,en,"The following is a review of the number of employees according to their qualifications, and their distribution : Number of staff according to their qualifications Qualification INVESTBANK Staff BINDAR Staff TAMKEEN Staff AL TAS-HEELAT Staff AL IMDAD Staff Ph.D. 0 0 0 0 0 Master's 34 3 1 4 1 Higher Diploma 0 0 0 0 0 Bachelor's 441 58 20 74 15 Diploma 32 1 2 7 1 High School 13 12 2 5 17 Below High School 24 0 0 4 0 Total 544 74 24 94 35 Training Courses: Program Name Number of Employees New performance management system 1 Performance measurement indicators 6 Team building and leadership skills 4 Skills in preparing visual presentations 1 Future leadership skills 1 Increased skills and follow-up work 5 Skills for dealing with managers and superiors 4 Skills for dealing with new clients 15 Advanced marketing and sales skills 21 Effective communication skills 23 Money Laundry detecting 17 Introduction to legal laws 9 Reasonably priced for sale 2 IFRS 16: Leases 2 Safety, health and occupational technician supervisor 1 Introduction to human resources management, analysis and job descriptions 1 First aid principles 258 Mini MBA 3 How to become a successful entrepreneur 11 Detect forgery of signatures, documents 10 Detection of counterfeiting, forgery and legal aspects of cheques 16 Detection of bank fraud and counterfeiting 2 Business writing 47 Successfully leading a remote work team 5 The art of negotiations 14 Art of Etiquette and Communication Ethics 132 Banking Confidentiality 1 Problem Solving and Decision Making 19 Foreign Trade Financing (Documentary Credits and Letters of Guarantee) 1 Consumer Protection Instructions for Banking Sector 10 Instructions for Classifying Credit Exposures and Calculating Impairment Provisions Against Them 7 Training of Trainers on Promoting Community Financial Literacy / Women Empowerment TOT 1 Training of Trainers 1 Professional Diploma Program Specialized in Bank Credit 1 Fraud Awareness Program 474 Cyber Security Awareness Program 458 Compliance Awareness Program 343 Methods of Job Motivation and Evaluation of Individual Performance 1 Marketing Management Fundamentals 1 Financial Management Fundamentals 2 Business Ethics 11 Liquidity Risk Management through Net Stable Funding Ratio 1 Team Management 3 Financial Risk Management 5 Stress Management 22 Negative Debt Management 7 Career Evaluation and Guidance Management 3 Change Management 5 Asset Management 13 Cyber Security Awareness 4 Advanced Budgeting and Financial Forecasting 1 Responsibility at Work 1 Certified Digital Marketer 1 Masters in Finance and Banking 6 Administrative Leadership - Planning and Organization 22 Foundational Occupational Health and Safety 13 Leadership in Innovation 6 Emotional Intelligence 3 Professional Diploma in Banking Credit 1 Specialized Professional Diploma for Qualifying New Bankers 5 Governance 1 Local and International Bank Transfers 1 Bank Accounts, Checks and Electronic Clearing 3 The Fifth Industrial Revolution 1 Work-Life Balance 1 Excellence in Customer Service Using social media 4 Excellence in Customer Service 191 Practical Application of the Concept of GRC - Governance, Risk Management and Compliance 3 Direct and Indirect Credit Facilities 3 Internal Auditing 1 Strategic Planning 6 Digital Transformation 1 Advanced Financial Analysis 1 Basic and Advanced Financial Analysis 3 Preparation for the Professional Project Management Exam 1 Environment, Health and Occupational Safety 270 Cards and Electronic Banking Services 3 Training Program Professional Diploma in Branch Management 2 Modern Methods and Concepts in Auditing and Internal Control 5 Electronic Archiving 3 Compliance with Money Laundering and Terrorist Financing Instructions 13 First Aid 16 Responding to Change 10 Results-Oriented Management 1 Innovation and Creative Thinking 10 Preparing and Presenting Financial Statements According to International Accounting Standards 1 Preparing and Analyzing Financial Statements 1 Computer Basics 1 Call Center Management and Telephone Answering Skills 4 Team Management 9 Time Management and Task Priorities 24 Multiple Project Management - Basic Level 3 Multiple Project Management - Advanced Level 1 Agile Project Management with Practical Application 1 Warehouse and Stores Management 2 Risk Management 4 Anger Management 5 Asset Management 1 Crisis Management 1 Internal Audit Management 3 Occupational Safety and Health Specialist 1 Professionalism and Salesmanship 11 Communication Etiquette for People with Disabilities and Their Access Requirements for Banking Services 12 Communication Etiquette 1 VxRail Certified Training 2 Visio 3 Transfer Pricing Training Course 4 Tofel - Writing skills 23 Tofel - Listening Skills 1 Time Management 1 The Art of Negotiation 9 Sustainability Workshop 1 Strategic planning effective budgeting and cost control 1 Specialized Professional Diploma in Risk Management 1 SME Lending 2 Sales and Motivation 122 Planning & Budgeting Workshop 1 Neo-Connect 2024 1 MS- Excel Advanced 26 MS - Excel Basic & Intermediate 27 Microsoft Power BI 3 Introduction to Fintech 1 IFRS9 1 HSM 1 GRCP Governance, Risk, Compliance Professional 3 GISEC Cybersecurity Conference 1 Female Future Program 1 ESG Environmental, Social and Corporate Sustainability Workshop 1 English - Elementary Level 4 Effective Communication Skills 2 Effective Coaching 18 Deep Learning - Using Python 1 Crowd strike Falcon Annual Conference 1 COBIT Design and Implementation 1 Certified Global Sanctions Specialist (CGSS) 1 Certified Compliance Manager (CCM) 1 Certificate in International Trade and Finance 1 CAMS 1 Big Data Analytics 1 Advanced Data Analysis Using Excel 13 ESG in Financial Institutions Training Workshop 1",,,,,FALSE,screen_positive,856
JOEP|2022-04-24|CorporateGovernanceReport|jsc-rep_DisclosureOfNameOfChairmanAndMembersOfAuditCommitteeAndADescriptionOfTheirQualificationsAndExperienceInFinancialOrAccountingMatters|0|en|1,JOEP,2022-04-24,CorporateGovernanceReport,jsc-rep_DisclosureOfNameOfChairmanAndMembersOfAuditCommitteeAndADescriptionOfTheirQualificationsAndExperienceInFinancialOrAccountingMatters,en,MR. OTHMAN “MOH'D ALI” OTHMAN BDEIR / VICE CHAIRMAN consideration of 17/4/2021 DATE OF BIRTH: 1938 BACHELOR OF BUSINESS ADMINISTRATION FROM (THE UNIVERSITY OF TENNESSEE) U.S.A IN 1963 BACHELOR OF CIVIL ENGINEERING FROM (THE UNIVERSITY OF TENNESSEE) U.S.A IN 1966 PRACTICAL EXPERIENCE CHAIRMAN / MEMBER OF BOARD OF DIRECTORS FOR MANY PRIVATE AND PUBLIC COMPANIES FORMER HEAD OF THE JORDANIAN INSURANCE FEDERATION FORMER CHAIRMAN OF THE BOARD OF TRUSTEES OF THE GERMAN JORDANIAN UNIVERSITY BOARD OF DIRECTORS' CHAIRMAN OF (LIGHTNING GATE FOR CLOUD SERVICES CO.) BOARD OF DIRECTORS' CHAIRMAN OF (FIBERTECH) CHAIRMAN / MEMBER OF BOARD OF DIRECTORS FOR MANY CHARITIES MR. FARES ELIAS EISA AL-MUASHER / MEMBER DATE OF BIRTH: 1949 BACHELOR OF CIVIL ENGINEERING FROM (THE AMERICAN UNIVERSITY / BEIRUT) IN 1972 PRACTICAL EXPERIENCE BOARD OF DIRECTORS' MEMBER OF (FIBERTECH) BOARD OF DIRECTORS' VICE CHAIRMAN OF (LIGHTNING GATE FOR CLOUD SERVICES CO.) GENERAL MANAGER FOR (MUASHER BROS.,,,,,FALSE,screen_positive,149
JOEP|2022-04-24|DisclosuresDirectorsReport|jsc_TheMembersOfBoardOfDirectorsNamesAndNamesAndRanksOfSeniorExecutiveManagementWithBriefResumeOfEach|0|en|1,JOEP,2022-04-24,DisclosuresDirectorsReport,jsc_TheMembersOfBoardOfDirectorsNamesAndNamesAndRanksOfSeniorExecutiveManagementWithBriefResumeOfEach,en,MR. OTHMAN “MOH'D ALI” OTHMAN BDEIR / CHAIRMAN OF THE BOARD OF DIRECTORS AS OF 17/4/2021 DATE OF BIRTH: 1938 BACHELOR OF BUSINESS ADMINISTRATION FROM (THE UNIVERSITY OF TENNESSEE) U.S.A IN 1963 BACHELOR OF CIVIL ENGINEERING FROM (THE UNIVERSITY OF TENNESSEE) U.S.A IN 1966 PRACTICAL EXPERIENCE CHAIRMAN / MEMBER OF BOARD OF DIRECTORS FOR MANY PRIVATE AND PUBLIC COMPANIES FORMER HEAD OF THE JORDANIAN INSURANCE FEDERATION CHAIRMAN/JORDAN ISURANCE COMPANY FORMER CHAIRMAN OF THE BOARD OF TRUSTEES OF THE GERMAN JORDANIAN UNIVERSITY BOARD OF DIRECTORS' CHAIRMAN OF (LIGHTNING GATE FOR CLOUD SERVICES CO.) BOARD OF DIRECTORS' CHAIRMAN OF (FIBERTECH) CHAIRMAN / MEMBER OF BOARD OF DIRECTORS FOR MANY CHARITIES MR. FARES ELIAS EISA AL-MUASHER / MEMBER VICE CHAIRMAN AS OF 17/4/2021 DATE OF BIRTH: 1949 BACHELOR OF CIVIL ENGINEERING FROM (THE AMERICAN UNIVERSITY / BEIRUT) IN 1972 PRACTICAL EXPERIENCE BOARD OF DIRECTORS' MEMBER OF (FIBERTECH) UNTIL 23/5/2021 BOARD OF DIRECTORS' VICE CHAIRMAN OF (LIGHTNING GATE FOR CLOUD SERVICES CO.) GENERAL MANAGER FOR (MUASHER BROS.,,,,,FALSE,screen_positive,163
JOEP|2022-04-24|DisclosuresDirectorsReport|jsc_TheMembersOfBoardOfDirectorsNamesAndNamesAndRanksOfSeniorExecutiveManagementWithBriefResumeOfEach|0|en|11,JOEP,2022-04-24,DisclosuresDirectorsReport,jsc_TheMembersOfBoardOfDirectorsNamesAndNamesAndRanksOfSeniorExecutiveManagementWithBriefResumeOfEach,en,"MR. ABDULLAH OMAR BDEIR / MEMBER AS OF 13/4/2021 DATE OF BIRTH: 1975 BACHELOR OF INDUSTRIAL ENGINEERING FROM (PURDUE UNIVERSITY ) U.S.A - 1996 MASTER DEGREE IN BUSINESS ADMINISTRATION FROM ( MCGILL UNIVERSITY ) / CANADA IN 2002 PRACTICAL EXPERIENCE TRANS JORDAN TRADING CO. / MITSUBISHI MOTORS 1997 – 2001 HEAD ASSISTANCE DSM /BIOLOGY GENE DRUG MANUFACTURING 2002 – 2004 EXECUTIVE MANAGER / STEEL BUILDING CO. 2004 – 2009 ARAB TECHNICAL CONSTRUCTION CO. 2004 – PRESENT / ACTIVE PARTNER FOUNDING MEMBER AND FORMER CHAIRMAN OF THE ADMINISTRATIVE BOARD / JORDAN GREEN BUILDING COUNCIL NATIONAL ENERGY CO. 2016 – PRESENT FORMER HEAD OF NORTH AFRIC NETWORK AND MIDDLE EAST FOR GREEN BUILDINGS MEMBER OF THE UNIVERSITY BOARD OF TRUSTEES / AQABA UNIVERSITY OF TECHNOLOGY FROM 2020 - PRESENT MR. ZAIDOUN MAMDOUH ABDULRAHMAN ABU HASSAN / MEMBER UNTIL 30/6/2021 REPRENTATIVE OF SOCIAL SECURITY CORPORATION DATE OF BIRTH : 1968 BACHELOR OF FINANCIAL MANAGEMENT AND BUSINESS ADMINISTRATION FROM (UNIVERSITY OF SOUTHERN CALIFORNIA / USC) / IN 1988 TRAINING PROJECT AT BANK OF AMERICA PREFERRED BANKING PROGRAM PRACTICAL EXPERIENCE HEAD ASSISTANT OF BANK OF AMERICA – U.S.A / CALIFORNIA BANK OF AMERICA LOS ANGELES PREFERRED BANKING OFFICER 1989 – 1993 GENERAL MANAGER OF ORIENT ARTS FOUNDATION FOR ANTIQUES AND GIFTS / FREE BUSINESS IN THE MANUFACTURE OF CERAMICS, ORIENTAL ANTIQUES AND GIFTS/COMMERCIAL MANAGER FOR IMPORTING AND DISTRIBUTING ALL SEAFOOD 1993 – 2000 DIRECTOR OF THE FINANCE UNIT AT JAIDAH MOTORS / DOUHA- QATAR 2000 – 2001 CONTRACTS MANAGER AT UNITED MACHINERY COMPANY AGENT OF IBM (UBM UNITED BUSINESS MACHINES) ERP SOLUTIONS JD EDWARDS – JORDAN 2001 – 2002 SEVERAL POSITIONS AT SOCIAL SECURITY INVESTMENT FUND SINCE ITS ESTABLISHMENT IN 2002 TO THE PRESENT TIME, THE MOST RECENT IS A CONSULTANT OF THE HEAD OF SOCIAL SECURITY INVESTMENT FUND.",,,,,FALSE,screen_positive,294
JOEP|2022-04-24|DisclosuresDirectorsReport|jsc_TheMembersOfBoardOfDirectorsNamesAndNamesAndRanksOfSeniorExecutiveManagementWithBriefResumeOfEach|0|en|13,JOEP,2022-04-24,DisclosuresDirectorsReport,jsc_TheMembersOfBoardOfDirectorsNamesAndNamesAndRanksOfSeniorExecutiveManagementWithBriefResumeOfEach,en,MR. HASSAN MAHMOUD HASSAN ABDULLAH GENERAL MANAGER DATE OF BIRTH : 1969 BACHELOR OF ELECTRICAL ENGINEERING FROM (UNIVERSITY OF JORDAN) IN 1992 PRACTICAL EXPERIENCE BOARD OF DIRECTORS' MEMBER & SECRETARY OF (LIGHTNING GATE FOR CLOUD SERVICES CO.) BOARD OF DIRECTORS' MEMBER OF (FIBERTECH) BOARD OF DIRECTORS' MEMBER OF (MIYAHUNA) MEMBER OF THE GREATER AMMAN MUNICIPALITY.,,,,,FALSE,screen_positive,55
SGBJ|2021-05-03|DisclosuresDirectorsReport|jsc_DisclosureOfIssuingCompanysOrganizationalChartNumberOfItsEmployeesAndTheirClassesOfQualificationAndItsPersonnelQualifyingAndTrainingPrograms|0|en|0,SGBJ,2021-05-03,DisclosuresDirectorsReport,jsc_DisclosureOfIssuingCompanysOrganizationalChartNumberOfItsEmployeesAndTheirClassesOfQualificationAndItsPersonnelQualifyingAndTrainingPrograms,en,Location Place of conduct Course Name Number Of Participants Internal SGBJ Training Centre E-Learning 151 French Language courses 11 Business Continuity Planning & Operational Risk Training Session 192 DRS Test 29 EFAWATEERcom Smart Teller on A2A connector Training Session 43 Inclusive Workplaces for People with Disabilities Training Session 17 Information & Physical Security Awareness Session 7 Mystery Shopper Training For Tellers 26 Credit facilities contracts 35 Introduction Program for New Hires 44 Orientation Program for New Hires 10 Location Place of conduct Course Name Number Of Participants Local Local Training Centers Agile (PMI-ACP) 1 Certified Ethical Hackers 1 The Science of Happiness with Daniel Gilbert 10 Certified Information Systems Auditor 1 Cobit Foundation 2019 1 Cybersecurity Roadshow 1 Deeply practical project management 1 EBRD Advice for small businesses in Jordan 1 Effective communication & Human Relations Training Program 1 EKYC system 17 Employer Branding 1 Employment Orientation program for people with disabilities 1 English Course 1 Global SME Finance Forum 2020 1 Hire to Retire Process In The Intelligent Enterprise 1 Introduction Of Human Recourses functions 1 Lets break the chain of COVID 19 infection 2 Live Talks in Times of Crises 1 PHRI Training Program 2 PMP Certification Preparation Program 1 QR session with CBJ 3 SGBJ Upgrade Project (VMWARE) 2 Leading HR for Excellence 1 Workshop for Financial Institutions on Jordan Collateral Registry 4 Legal committee meeting 3 CRIF Extraordinary General Assembly meeting 1 Financial literacy awareness liaison officers meeting 1 Provisions of insolvency law 1 Meeting related to inquiring about commercial records 2 Legislative frameworks for banking awareness and financial consumer protection 4 The training program: Improving the legal culture and access to finance for developing institutions in Jordan 1 The closing session of the Inclusive Workplace Project for Persons with Disabilities 2 Human resources in times of crisis 1 Introductory seminar: Banking Awareness 1 The basics of dealing with the forex markets 1 Establishing a real estate company owned by banks 2 A discussion session on the comprehensive strategy for the energy sector 1 Implementation of electronic payment acceptance with business sector enterprises 1 A discussion session on the commercial mediation project in Jordan 1 Booking and Un booking services 3 Seven steps to effective internal reporting 1 Flexible Work Policies: A Guide to the Future of Work 1 A workshop on the latest developments s in the services of the credit information company 6 Artificial intelligence and its role in enhancing financial services 2 Real estate law workshop 1 Law guaranteeing rights with movable property 1 Educational Distribution Female Male Non Jordanian Jordanian Employee Master Bachelor Diploma Tawjeehi School 114 203 4 313 22 247 24 15 9 317,,,,,FALSE,screen_positive,444
SGBJ|2021-05-03|DisclosuresDirectorsReport|jsc_DisclosureOfIssuingCompanysOrganizationalChartNumberOfItsEmployeesAndTheirClassesOfQualificationAndItsPersonnelQualifyingAndTrainingPrograms|0|ar|0,SGBJ,2021-05-03,DisclosuresDirectorsReport,jsc_DisclosureOfIssuingCompanysOrganizationalChartNumberOfItsEmployeesAndTheirClassesOfQualificationAndItsPersonnelQualifyingAndTrainingPrograms,ar,الانشطة التدريبة : المنطقة مركز الانعقاد إسم الدورة عدد المشاركين داخلي مركز التدريب الداخلي للبنك التعليم الالكتروني 151 دورات اللغة الفرنسية 11 التدريب الخاص بمخاطر التشغيل وخطة استمرارية العمل 192 اختبار الخاص بالتعافي من الكوارث 29 جلسة تدريب متعلقة بنظام مدفوعاتكم الخاص بأمناء الصناديق 43 دورة تدريبية حول أماكن العمل الشاملة للأشخاص ذوي الإعاقة 17 جلسة توعوية متعلقة بأمن المعلومات والأمن المادي 7 تدريب أمناء الصناديق فيما يخص المتسوق الخفي 26 عقود التسهيلات الائتمانية 35 برنامج التعريف للموظفين الجدد 44 التدريب الميداني للموظفين الجدد 10 المنطقة مركز الانعقاد إسم الدورة عدد المشاركين محلي / داخل الأردن مراكز تدريب / محلي عمان الشهادة المهنية Agile (PMI-ACP) 1 الشهادة المهنية القرصنة الاخلاقية 1 ورشة عمل : علم السعادة 10 الشهادة المهنية مدقق نظم معلومات معتمد 1 البرنامج التأسيسي الحاكمية وإدارة المعلومات والتكنولوجيا 1 البرنامج التدريبي للأمن السيبراني 1 إدارة المشاريع العملية 1 نصائح البنك الأوروبي لإعادة الإعمار والتنمية للشركات الصغيرة في الأردن 1 برنامج التدريب على التواصل الفعال والعلاقات الإنسانية 1 نظام اعرف عميلك 17 العلامات التجارية المتعلقة بأصحاب العمل 1 برنامج التوجيه الوظيفي للأشخاص ذوي الإعاقة 1 دورة اللغة الانجليزية 1 المنتدى العالمي لتمويل المشاريع الصغيرة والمتوسطة 1 التوظيف للتقاعد في المؤسسات الذكية 1 التعريف بوظائف الموارد البشرية 1 توعية بسلسلة العدوى الخاصة بكوفيد 19 2 محادثات مباشرة في أوقات الأزمات 1 البرنامج التدريبي أخصائي موارد بشرية / دولي 2 البرنامج التدريبي التحضيري للشهادة المهنية مدير مشاريع 1 جلسة خاصة برمز الاستجابة السريع بالتعاون مع البنك المركزي 3 جلسة تدريبية خاصة بتطوير نظام البنك 2 قيادة الموارد البشرية للتميز 1 ورشة عمل للمؤسسات المالية حول سجل ضمانات الأردن 4 اجتماع اللجنة القانونية 3 اجتماع الهيئة العامة غير العادي لشركة كريف 1 اجتماع ضباط ارتباط التوعية والتثقيف المالي 1 احكام قانون الاعسار 1 الاجتماع المتعلق بالاستعلام عن السجلات التجارية 2 الأطر التشريعية للتوعية المصرفية وحماية المستهلك المالي 4 البرنامج التدريبي : تحسين الثقافة القانونية والوصول إلى التمويل للمؤسسات النامية في الأردن 1 الجلسة الختامية لمشروع أماكن عمل دامجة للأشخاص ذوي الإعاقة 2 الموارد البشرية في وقت الأزمات 1 الندوة التعريفية بعنوان التوعية المصرفية 1 أساسيات التعامل مع أسواق الفوركس 1 تأسيس شركة عقارية مملوكة من البنوك 2 جلسة نقاشية حول الاستراتيجية الشاملة لقطاع الطاقة 1 تنفيذ قبول الدفع الإلكتروني لدى مؤسسات قطاعات الأعمال 1 جلسة نقاشية حول مشروع الوساطة التجارية في الاردن 1 خدمة الحجز وفك الحجز 3 سبع خطوات للوصول لتقارير داخلية فعالة 1 نقاش عبر الويب : سياسات العمل المرنة : دليل لمستقبل العمل 1 ورشة عمل حول اخر تطورات ومستجدات خدمات شركة الاستعلام الائتماني 6 ورشة عمل عن بعد الذكاء الاصطناعي ودوره في تعزيز الخدمات المالية 2 ورشة عمل قانون الملكية العقارية 1 ورشة عمل قانون ضمان الحقوق بالأموال المنقولة 1 تركيبة الموظفين حسب المؤهلات العلمية عدد الموظفين من ذوي الاحتياجات الخاصة عدد الموظفين الاناث عدد الموظفين الذكور عدد الموظفين غير الاردنيين عدد الموظفين الاردنيين دكتوراه ماجستير دبلوم عالي بكالوريوس دبلوم توجيهي اقل من توجيهي 0 114 203 4 313 0 22 0 247 24 15 9 317,,,,,FALSE,screen_positive,479
ZEIC|2024-02-13|DisclosuresDirectorsReport|jsc_DisclosureOfDirectorsReport|0|ar|67,ZEIC,2024-02-13,DisclosuresDirectorsReport,jsc_DisclosureOfDirectorsReport,ar,المستشارون * الهيئة العامة مجلس الإدارة رئيس مجلس الإدارة مدير عام المدارس مدير عام الشركة المستشارون · قسم المساهمين قسم اللوازم والعطاءات قسم المحاسبة شؤون الموظفين الديوان التدقيق و الرقابة الداخلية أمانة سر المجلس 9-أ - الهيكل التنظيمي للشركة الزرقاء للتعليم والاستثمار المستشارون من خارج الشركة 9- د - الهيكل التنظيمي لجامعة الزرقاء مجلس الأمناء المستشارون وحدة الرقابة الداخلية رئيس الجامعة مجلس الجامعة مكتب الرئيس مجلس العمداء نواب الرئيس مستشارو الرئيس ديوان الرئاسة وأمانة سر المجالس العمادات الدوائر والمراكز عميد كلية الشريعة عميد كلية الآداب عميدالبحث العلمي مدير العلاقات الثقافية والعامة مدير المكتبة عميد كلية العلوم عميد كلية الاقتصاد والعلوم الإدارية عميد الدراسات المسائية مدير الدائرة المالية مدير وحدة التطوير وضمان الجودة عميد كلية العلوم التربوية عميد كلية الحقوق عميد شؤون الطلبة مدير دائرة الموارد البشرية مدير وحدة التعاون الدولي عميد كلية العلوم الطبية عميد كلية التمريض عميد القبول والتسجيل مدير دائرة الخدمات العامة والصيانة مدير وحدة الابداع وريادة الأعمال عميد كلية الهندسة التكنولوجية عميد كلية الصيدلة مدير الخدمات الطبية والتأمين الصحي مدير مركز الحاسوب عميد كلية الفنون والتصميمم عميد كلية الدراسات العليا مدير اللوازم والمشتريات والعطاءات مدير مركز التعلم الإلكتروني عميد كلية الإعلام عميد كلية تكنولوجيا المعلومات مدير المركز الثقافي الإسلامي مدير مركز أبحاث الطاقة عميد كلية طب الأسنان مدير مركز التعليم المستمر ومركز اللغات 9-ج - الهيكل التنظيمي لكلية الزرقاء التقنية المتوسطة مجلس الأمناء أمانة سر المجلس عميد الكليـة وحدة الرقابة والتدقيق نائب العميد مجلس الكلية قسم صيانة المركبات الكهربائية وتكنولوجيا الطاقة المتجددة قسم هندسة العمارة والتصميم الداخلي قسم الميديا الرقيمة (الإعلام الرقمي) وفنون الرسوم المتحركة قسم الأمن السيبراني وهندسة الذكاء الاصطناعي والروبوتات قسم اللغة الإنجليزية التطبيقية والمحاسبة التقنية الديوان الدائرة المالية القبول والتسجيل صيانة المركبات الكهربائية تكنولوجيا الطاقة المتجددة الميديا الرقمية فنون الرسوم المتحركة الأمن السيبراني هندسة الذكاء الاصطناعي اللغة الإنجليزية التطبيقية محاسبة تقنية 9- د - الهيكل التنظيمي لرياض ومدارس جامعة الزرقاء رئيس مجلس الإدارة المدير العام نائب المدير العام وحدة الإشراف قسم الديوان السكرتاريا قسم الإشراف والتدريب قسم ضمان الجودة قسم التسجيل وشؤون الطلبة قسم المالية قسم الموارد البشرية قسم نظم المعلومات قسم السيطرة قسم الخدمات العامة قسم التصميم والإعلام قسم العيادة الطبية شعبة المحاسبة شعبة الصندوق شعبة اللوازم والمشتريات شعبة الأمن شعبة خدمة المكاتب شعبة الحركة شعبة الصيانة شعبة العيادة الطبية (ثانوية البنات) شعبة العيادة الطبية (ثانوية البنين) مدير الروضة مدير المدرسة الأساسية مدير المدرسة الثانوية / بنات مدير المدرسة الثانوية/ بنين السكرتاريا مشرفة الطابق منسقة المادة السكرتاريا السكرتاريا السكرتاريا الهيئة التدريسية المساعدة المساعدة المساعد مشرفة المختبر مشرفوا المختبر مشرفوا المختبر منسقة المادة منسقة المادة منسق المادة مشرفة الطابق مشرفة الطابق مشرف الطابق الهيئة التدريسية الهيئة التدريسية الهيئة التدريسية أمينة المكتبة أمينة المكتبة أمين المكتبة المرشدة المرشدة المرشد معلمة المصادر مشرفة الثانوية العامة مشرف الثانوية العامة هيئة المديرين رئيس هيئة المديرين نائب رئيس هيئة المديرين المدير الإداري المستشارون · مدير قناة الإذاعة مدير قناة التلفزيون مدير مصنع مياه زاركي مدير مسرح زاركي المدير المالي الديوان 9-هـ - الهيكل التنظيمي للشركة التابعة [ شركة الضوء الساطع للبث الفضائي والإذاعي (ذ.م.م) ] المستشارون من خارج الشركة 9 -ب- عدد موظفي الشركة وفئات مؤهلاتهم : المؤهل العلمي عدد موظفي الشركة واستثماراتها عدد موظفي الشركة التابعة دكتوراه 511 - ماجستير 146 1 دبلوم عالي 39 - بكالوريس 468 8 دبلوم 84 3 ثانوية عامة 117 1 دون الثانوية العامة 351 - إجمالي عدد الموظفين 1716 13 9 -ج- برامج التأهيل والتدريب لموظفي الشركة : تواصل الشركة رفع كفاءة ومهارة العاملين لديها من خلال برامج التدريب والتأهيل داخل وخارج الجامعة.,,,,,FALSE,screen_positive,551
ZEIC|2024-02-13|DisclosuresDirectorsReport|jsc_DisclosureOfIssuingCompanysOrganizationalChartNumberOfItsEmployeesAndTheirClassesOfQualificationAndItsPersonnelQualifyingAndTrainingPrograms|0|ar|0,ZEIC,2024-02-13,DisclosuresDirectorsReport,jsc_DisclosureOfIssuingCompanysOrganizationalChartNumberOfItsEmployeesAndTheirClassesOfQualificationAndItsPersonnelQualifyingAndTrainingPrograms,ar,9-أ - الهيكل التنظيمي للشركة الزرقاء للتعليم والاستثمار المستشارون من خارج الشركة 9- د - الهيكل التنظيمي لجامعة الزرقاء مجلس الأمناء المستشارون وحدة الرقابة الداخلية رئيس الجامعة مجلس الجامعة مكتب الرئيس مجلس العمداء نواب الرئيس مستشارو الرئيس ديوان الرئاسة وأمانة سر المجالس العمادات الدوائر والمراكز عميد كلية الشريعة عميد كلية الآداب عميدالبحث العلمي مدير العلاقات الثقافية والعامة مدير المكتبة عميد كلية العلوم عميد كلية الاقتصاد والعلوم الإدارية عميد الدراسات المسائية مدير الدائرة المالية مدير وحدة التطوير وضمان الجودة عميد كلية العلوم التربوية عميد كلية الحقوق عميد شؤون الطلبة مدير دائرة الموارد البشرية مدير وحدة التعاون الدولي عميد كلية العلوم الطبية عميد كلية التمريض عميد القبول والتسجيل مدير دائرة الخدمات العامة والصيانة مدير وحدة الابداع وريادة الأعمال عميد كلية الهندسة التكنولوجية عميد كلية الصيدلة مدير الخدمات الطبية والتأمين الصحي مدير مركز الحاسوب عميد كلية الفنون والتصميمم عميد كلية الدراسات العليا مدير اللوازم والمشتريات والعطاءات مدير مركز التعلم الإلكتروني عميد كلية الإعلام عميد كلية تكنولوجيا المعلومات مدير المركز الثقافي الإسلامي مدير مركز أبحاث الطاقة عميد كلية طب الأسنان مدير مركز التعليم المستمر ومركز اللغات 9-ج - الهيكل التنظيمي لكلية الزرقاء التقنية المتوسطة مجلس الأمناء أمانة سر المجلس عميد الكليـة وحدة الرقابة والتدقيق نائب العميد مجلس الكلية قسم صيانة المركبات الكهربائية وتكنولوجيا الطاقة المتجددة قسم هندسة العمارة والتصميم الداخلي قسم الميديا الرقيمة (الإعلام الرقمي) وفنون الرسوم المتحركة قسم الأمن السيبراني وهندسة الذكاء الاصطناعي والروبوتات قسم اللغة الإنجليزية التطبيقية والمحاسبة التقنية الديوان الدائرة المالية القبول والتسجيل صيانة المركبات الكهربائية تكنولوجيا الطاقة المتجددة الميديا الرقمية فنون الرسوم المتحركة الأمن السيبراني هندسة الذكاء الاصطناعي اللغة الإنجليزية التطبيقية محاسبة تقنية 9- د - الهيكل التنظيمي لرياض ومدارس جامعة الزرقاء رئيس مجلس الإدارة المدير العام نائب المدير العام وحدة الإشراف قسم الديوان السكرتاريا قسم الإشراف والتدريب قسم ضمان الجودة قسم التسجيل وشؤون الطلبة قسم المالية قسم الموارد البشرية قسم نظم المعلومات قسم السيطرة قسم الخدمات العامة قسم التصميم والإعلام قسم العيادة الطبية شعبة المحاسبة شعبة الصندوق شعبة اللوازم والمشتريات شعبة الأمن شعبة خدمة المكاتب شعبة الحركة شعبة الصيانة شعبة العيادة الطبية (ثانوية البنات) شعبة العيادة الطبية (ثانوية البنين) مدير الروضة مدير المدرسة الأساسية مدير المدرسة الثانوية / بنات مدير المدرسة الثانوية/ بنين السكرتاريا مشرفة الطابق منسقة المادة السكرتاريا السكرتاريا السكرتاريا الهيئة التدريسية المساعدة المساعدة المساعد مشرفة المختبر مشرفوا المختبر مشرفوا المختبر منسقة المادة منسقة المادة منسق المادة مشرفة الطابق مشرفة الطابق مشرف الطابق الهيئة التدريسية الهيئة التدريسية الهيئة التدريسية أمينة المكتبة أمينة المكتبة أمين المكتبة المرشدة المرشدة المرشد معلمة المصادر مشرفة الثانوية العامة مشرف الثانوية العامة هيئة المديرين رئيس هيئة المديرين نائب رئيس هيئة المديرين المدير الإداري المستشارون · مدير قناة الإذاعة مدير قناة التلفزيون مدير مصنع مياه زاركي مدير مسرح زاركي المدير المالي الديوان 9-هـ - الهيكل التنظيمي للشركة التابعة [ شركة الضوء الساطع للبث الفضائي والإذاعي (ذ.م.م) ] المستشارون من خارج الشركة 9 -ب- عدد موظفي الشركة وفئات مؤهلاتهم : المؤهل العلمي عدد موظفي الشركة واستثماراتها عدد موظفي الشركة التابعة دكتوراه 511 - ماجستير 146 1 دبلوم عالي 39 - بكالوريس 468 8 دبلوم 84 3 ثانوية عامة 117 1 دون الثانوية العامة 351 - إجمالي عدد الموظفين 1716 13 9 -ج- برامج التأهيل والتدريب لموظفي الشركة : تواصل الشركة رفع كفاءة ومهارة العاملين لديها من خلال برامج التدريب والتأهيل داخل وخارج الجامعة.,,,,,FALSE,screen_positive,517
ABCO|2022-03-30|Declarations|jsc-rep_DeclarationAffirmingCorrectnessAccuracyAndCompletenessOfInformationAndDataStatedInReportSignedByChairmanOfBoardOfDirectorsCompanysChiefExecutiveOfficerAndChiefFinancialOfficer|0|en|0,ABCO,2022-03-30,Declarations,jsc-rep_DeclarationAffirmingCorrectnessAccuracyAndCompletenessOfInformationAndDataStatedInReportSignedByChairmanOfBoardOfDirectorsCompanysChiefExecutiveOfficerAndChiefFinancialOfficer,en,"Representation of the Authenticity of the Financial Statements The Management of Bank ABC in Jordan represents the authenticity, accuracy and precision of the information and financial statements cited in this report. * Signatures are included in the PDF version of the annual report in Arabic that has been uploaded on the XBRL system.",,,,,FALSE,screen_positive,53
ABCO|2022-03-30|Declarations|jsc-rep_DeclarationByBoardOfDirectorsAffirmingItsResponsibilityForPreparationOfFinancialStatementsAndForProvisionOfEffectiveSystemOfControlsWithinCompany|0|en|0,ABCO,2022-03-30,Declarations,jsc-rep_DeclarationByBoardOfDirectorsAffirmingItsResponsibilityForPreparationOfFinancialStatementsAndForProvisionOfEffectiveSystemOfControlsWithinCompany,en,Representation of the Board of Directors The Board of Directors of Bank ABC in Jordan represents its responsibility for preparing the financial statements; that the information cited in the Board of Directors’ Report is in line with the enclosed financial statements; and that the Bank has an effective and efficient Internal Control System. * Signatures are included in the PDF version of the annual report in Arabic that has been uploaded on the XBRL system.,,,,,FALSE,screen_positive,75
ABCO|2022-03-30|Declarations|jsc-rep_DeclarationFromBoardOfDirectorsThatThereAreNoSubstantialMattersDisaffectingCompanysContinuityDuringNextFiscalYear|0|en|0,ABCO,2022-03-30,Declarations,jsc-rep_DeclarationFromBoardOfDirectorsThatThereAreNoSubstantialMattersDisaffectingCompanysContinuityDuringNextFiscalYear,en,"Representation of the Board of Directors The Board of Directors of Bank ABC in Jordan represents, as far as it knows and believes, that there are no fundamental issues that could affect the Bank’s ability to continue its activity throughout the next fiscal year of 2022. * Signatures are included in the PDF version of the annual report in Arabic that has been uploaded on the XBRL system.",,,,,FALSE,screen_positive,68
ABCO|2022-03-30|Declarations|jsc-rep_DisclosureOfOtherDeclarations|0|en|0,ABCO,2022-03-30,Declarations,jsc-rep_DisclosureOfOtherDeclarations,en,Representation of the Board of Directors The Board of Directors of Bank ABC in Jordan acknowledge that they have not received personally or any of their relatives any materialistic or in-kind benefits during their work at the Bank and have not disclosed them for the year 2021. * Signatures are included in the PDF version of the annual report in Arabic that has been uploaded on the XBRL system.,,,,,FALSE,screen_positive,69
ABCO|2022-03-30|DisclosuresDirectorsReport|jsc_DisclosureOfIssuingCompanysOrganizationalChartNumberOfItsEmployeesAndTheirClassesOfQualificationAndItsPersonnelQualifyingAndTrainingPrograms|0|en|0,ABCO,2022-03-30,DisclosuresDirectorsReport,jsc_DisclosureOfIssuingCompanysOrganizationalChartNumberOfItsEmployeesAndTheirClassesOfQualificationAndItsPersonnelQualifyingAndTrainingPrograms,en,"Number of employees of the Bank and the Arab Co-operation Financial Investments Co. and their qualifications No. of Employees of the Arab Co-operation Financial Investments Co . No. of Bank Employees Degree - 1 PhD 7 45 Masters - 1 Higher Diploma 22 398 Bachelor 3 34 Diploma - 5 General Secondary Education 1 22 Below General Secondary Education 33 506 Total no. of employees Qualification and training programs for employees of the Bank and the Arab Co-operation Financial Investments Co. 132 courses were organized in-house, externally and in the Bank’s training centre with the participation of 4,115 employees, as detailed below: The Bank and the Arab Co-operation Financial Investments Co. The Bank and the Arab Co-operation Financial Investments Co. Description No. of Participants # of courses Type of training course 200 29 Courses provided by the Bank’s training centre 173 75 Courses provided by local institutes in Jordan 24 10 Courses provided by institutes abroad 3,718 18 Online courses (e-learning) 4,115 132 Total Types of courses # Course Type No. of Participants 1 Human resources and skills development courses 128 2 Banking marketing, credit cards and customer service courses 31 3 Participation in local and external conferences and meetings - 4 Investment and treasury operations courses - 5 Banking risks and crises management, audit, monitoring, compliance control and anti-money laundering courses 2,111 6 Information technology and systems courses 593 7 Banking facilities and project financing courses - 8 Internal and external banking operations courses 21 9 Courses on laws, regulations and instructions 1,216 10 Accounting courses 15 Total 4,115 * The organizational structure for the Bank and ABCI couldn’t be uploaded correctly (proper copy has been included in the PDF copy of the Annual Report that has been uploaded on XBRL system) ABCJ Organisational Chart ABCI Board of Directors Board Committees Board Risk Committee (BRC) Audit Committee Board Secretary Compliance Committee General Manager Internal Audit Management Committees Compliance Deputy General Manager Treasury Wholesale Banking Group Retail Banking Group Credit Dept Human Resources Dept Legal Affairs Dept Financial Control Dept Support Group Risk Management Dept Corporates Coverage Consumers Banking Corporate Services Department Transaction Banking Procurement Supplies Department Financial Institutions Coverage Consumers Credit Banking Corporate Communications Department Small and Medium Enterprises Projects Management & Organization Unit Middle Office Information Technology Business Development Operations Management Operational Control Information Security Business Continuity Plan ABCI Organisational Chart ABCJ Board ABCI Board of Directors ABCJ Compliance Department Chief Executive Officer Compliance ABCJ Legal affairs Department Brokerage Management Support Management Local Brokerage Department Credit Department Human Resources and Administrative Affairs Department Operations Control Department Operations Department Regional and International Brokerage Department Financial control Department Customer Service Department Legal affairs Department",,,,,FALSE,screen_positive,444
ASAS|2024-03-31|DisclosuresDirectorsReport|jsc_TheMembersOfBoardOfDirectorsNamesAndNamesAndRanksOfSeniorExecutiveManagementWithBriefResumeOfEach|0|en|25,ASAS,2024-03-31,DisclosuresDirectorsReport,jsc_TheMembersOfBoardOfDirectorsNamesAndNamesAndRanksOfSeniorExecutiveManagementWithBriefResumeOfEach,en,"Specialized in computer information systems and ERP systems Financial consultant in financial and administrative structuring, evaluation, acquisitions, listings in the financial market, tax issues / Jordan and the Kingdom of Saudi Arabia.Haitham Mr.Haytham Joma Muhammad Abu Anza Shareholder Affairs Officer Membership date: 3/4/2008 Date of birth: 1984 Academic Qualification: Bachelor of Business Administration Graduation Year: 2006 University Name: Mutah University About the CV : Ø Marketing employee at the Arab Insurance Company.",,,,,FALSE,screen_positive,72
INVB|2021-05-18|DisclosuresDirectorsReport|jsc_DisclosureOfIssuingCompanysOrganizationalChartNumberOfItsEmployeesAndTheirClassesOfQualificationAndItsPersonnelQualifyingAndTrainingPrograms|0|en|7,INVB,2021-05-18,DisclosuresDirectorsReport,jsc_DisclosureOfIssuingCompanysOrganizationalChartNumberOfItsEmployeesAndTheirClassesOfQualificationAndItsPersonnelQualifyingAndTrainingPrograms,en,"Following is the number of employees in each location: Head Office and Branches/INVESTBANK Item Number Head Office/ Abdul Hamid Sharaf Street 284 Main Branch / Head Office 10 Prime clients service center / Head office 13 Makkah Branch / Makkah Street 7 Emar Branch / Emar Towers 7 Taj Mall Branch / Taj Mall 9 Sweifiyah Branch / Wakalat Street 5 Wihdat Branch / Al Sharq Al Awsat Roundabout 5 Sahab Branch / Sahab Industrial City 5 Zarqa Branch / King Hussein Street 4 Irbid Branch / Wasfi Eltal Street 4 Aqaba Branch / AlNahda Street 5 Abdoun Branch / Suleiman Qudah Street 5 Dabouq Branch / Mohammad Ahmad Tareef Street 5 Sales Department 65 Total 433 Subsidiaries/INVESTBANK: Subsidiaries Al Mawared Brokerage Company / Shmaisani 9 Al Istethmari Letamweel Selselat Al IMDAD / Al Juwaideh 47 Tamkeen Leasing Company / Makkah Street 20 Jordan Trade Facilities Company / Shmeisani (A subsidiary of Tamkeen Leasing Company) 78 Bindar for Trade and Investment Company (A subsidiary of Tamkeen Leasing Company) 61 Takhseem Jordanian Company / Shmeisani 3 Total 218 (22) Employee Development: The Bank is keen on qualifying its cadres and developing the knowledge, skills and abilities of its employees to enable them to carry out their work efficiently and effectively, and contribute to improving the performance and productivity of the Bank and providing the best level of services. 51% of the Bank's staff participated in a number of specialized training courses and workshops, including: Training Courses Advanced Data Analysis Using Excel CAMS CCO CERTIFIED COMPLIANCE OFFICER Certificate in Information Security Management Principles (CISMP) COBIT 2019 Design & Implementation COBIT 2019 Foundation Iso 22301 Lead Manager JO Invest ORM 2019 NetPackup Training Oracle Database Administration Course Penetration Testing Course Veritas Solution Day Web Application Development using NET Technologies / Programming in C# Time Management and Work Pressure Effective Compliance in the Fight against Financial Crimes Comprehensive Training Program for Journalists Direct and Indirect Credit Facilities Practical Applications of IFRS 9 Financial Crime Corporate Governance and Bank Organizational Structure Accounts, Bank Checks, and Electronic Clearing.",,,,,FALSE,screen_positive,342
JOEP|2023-04-30|DisclosuresDirectorsReport|jsc_TheMembersOfBoardOfDirectorsNamesAndNamesAndRanksOfSeniorExecutiveManagementWithBriefResumeOfEach|0|en|1,JOEP,2023-04-30,DisclosuresDirectorsReport,jsc_TheMembersOfBoardOfDirectorsNamesAndNamesAndRanksOfSeniorExecutiveManagementWithBriefResumeOfEach,en,MR. OTHMAN “MOH'D ALI” OTHMAN BDEIR / CHAIRMAN OF THE BOARD OF DIRECTORS AS OF 17/4/2021 DATE OF BIRTH: 1938 BACHELOR OF BUSINESS ADMINISTRATION FROM (THE UNIVERSITY OF TENNESSEE) U.S.A IN 1963 BACHELOR OF CIVIL ENGINEERING FROM (THE UNIVERSITY OF TENNESSEE) U.S.A IN 1966 PRACTICAL EXPERIENCE CHAIRMAN / MEMBER OF BOARD OF DIRECTORS FOR MANY PRIVATE AND PUBLIC COMPANIES FORMER HEAD OF THE JORDANIAN INSURANCE FEDERATION CHAIRMAN/JORDAN INSURANCE COMPANY FORMER CHAIRMAN OF THE BOARD OF TRUSTEES OF THE GERMAN JORDANIAN UNIVERSITY BOARD OF DIRECTORS' CHAIRMAN OF (LIGHTNING GATE FOR CLOUD SERVICES CO.) BOARD OF DIRECTORS' CHAIRMAN OF (FIBERTECH) CHAIRMAN / MEMBER OF BOARD OF DIRECTORS FOR MANY CHARITY ASSOCIATIONS.,,,,,FALSE,screen_positive,109
JOEP|2023-04-30|DisclosuresDirectorsReport|jsc_TheMembersOfBoardOfDirectorsNamesAndNamesAndRanksOfSeniorExecutiveManagementWithBriefResumeOfEach|0|en|4,JOEP,2023-04-30,DisclosuresDirectorsReport,jsc_TheMembersOfBoardOfDirectorsNamesAndNamesAndRanksOfSeniorExecutiveManagementWithBriefResumeOfEach,en,MR. FARES ELIAS EISA AL-MUASHER / MEMBER VICE CHAIRMAN UP TO 24/4/2022 DATE OF BIRTH: 1949 BACHELOR OF CIVIL ENGINEERING FROM (THE AMERICAN UNIVERSITY / BEIRUT) IN 1972 PRACTICAL EXPERIENCE BOARD OF DIRECTORS' MEMBER OF (FIBERTECH) UNTIL 23/5/2022 BOARD OF DIRECTORS' VICE CHAIRMAN OF (LIGHTNING GATE FOR CLOUD SERVICES CO.) TILL 24/4/2022 GENERAL MANAGER FOR (MUASHER BROS.,,,,,FALSE,screen_positive,57
JOEP|2023-04-30|DisclosuresDirectorsReport|jsc_TheMembersOfBoardOfDirectorsNamesAndNamesAndRanksOfSeniorExecutiveManagementWithBriefResumeOfEach|0|en|7,JOEP,2023-04-30,DisclosuresDirectorsReport,jsc_TheMembersOfBoardOfDirectorsNamesAndNamesAndRanksOfSeniorExecutiveManagementWithBriefResumeOfEach,en,"CO, BOARD OF DIRECTORS' CHAIRMAN OF (NEAR EAST TOURIST CENTER) BOARD OF DIRECTORS' MEMBER OF (ARABIAN INSURANCE CO. / BEIRUT) BOARD OF DIRECTORS' MEMBER OF (ARAB INTERNATIONAL INSURANCE CO. / BAHRAIN) BOARD OF DIRECTORS' MEMBER OF (ARAB GENERAL INSURANCE CO. / AMMAN) BOARD OF DIRECTORS' MEMBER OF (LIGHTING GATE FOR CLOUD SERVICES CO.) MR. YASIN KHALIL YASIN AL-TALHONI / MEMBER DATE OF BIRTH: 1973 BACHELOR OF ECONOMIC SCIENCES FROM (GEORGETOWN UNIVERSITY) IN 1994 PRACTICAL EXPERIENCE GENERAL MANAGER OF ZARA INVESTMENT (HOLDING) BOARD OF DIRECTROS' MEMBER / ZARA INVESTMENT (HOLDING) BOARD OF DIRECTROS' VICE CHAIRMAN / JORDAN HOTELS & TOURISM CO. (JOHT) BOARD OF DIRECTROS' MEMBER / JORDAN HIMMEH CO. LTD. BOARD OF DIRECTROS' MEMBER / CAIRO AMMAN BANK.",,,,,FALSE,screen_positive,118
JOEP|2023-04-30|DisclosuresDirectorsReport|jsc_TheMembersOfBoardOfDirectorsNamesAndNamesAndRanksOfSeniorExecutiveManagementWithBriefResumeOfEach|0|en|14,JOEP,2023-04-30,DisclosuresDirectorsReport,jsc_TheMembersOfBoardOfDirectorsNamesAndNamesAndRanksOfSeniorExecutiveManagementWithBriefResumeOfEach,en,"PRACTICAL EXPERIENCE CHIEF EXECUTIVE MANAGER (CEO) OF ARAB POTASH CO. FORMER GENERAL MANAGER / SOCIAL SECURITY CORP. FORMER ACTING HEAD OF SOCIAL SECURITY CORP. INVESTMENT FUND FORMER PRIVATE CONSULTANT TO THE PRIME MINISTER FORMER EXECUTIVE MANAGER OF JORDAN INVESTMENT COMMISSION FORMER REGIONAL CONSULTANT –UN DEVELOPMENT PROGRAMME-NEW YORK MR. SHAMAN AL-MAJALI / MEMBER REPRESENTATIVE OF THE PUBLIC INSTITUTION FOR SOCIAL SECURITY AS OF 1/8/2022 DATE OF BIRTH 5/6/1972 BACHELORS OF LAW 1995 MASTER'S DEGREE IN COMMERCIAL RIGHTS PRACTICAL EXPERIENCE : • DIRECTOR OF THE DEPARTMENT OF CASES, LEGAL AFFAIRS AND OFFICIAL SPOKESPERSON ON BEHALF OF THE PUBLIC SOCIAL SECURITY INSTITUTION . • MEMBER OF THE BOARD OF DIRECTORS OF LIGHTNING CLOUD COMPUTING GATE.",,,,,FALSE,screen_positive,112
JOEP|2023-04-30|DisclosuresDirectorsReport|jsc_TheMembersOfBoardOfDirectorsNamesAndNamesAndRanksOfSeniorExecutiveManagementWithBriefResumeOfEach|0|en|16,JOEP,2023-04-30,DisclosuresDirectorsReport,jsc_TheMembersOfBoardOfDirectorsNamesAndNamesAndRanksOfSeniorExecutiveManagementWithBriefResumeOfEach,en,MR. HASSAN MAHMOUD HASSAN ABDULLAH GENERAL MANAGER DATE OF BIRTH : 1969 BACHELOR OF ELECTRICAL ENGINEERING FROM (UNIVERSITY OF JORDAN) IN 1992 PRACTICAL EXPERIENCE BOARD OF DIRECTORS' MEMBER & SECRETARY OF (LIGHTNING GATE FOR CLOUD SERVICES CO.) BOARD OF DIRECTORS' MEMBER OF (FIBERTECH) BOARD OF DIRECTORS' MEMBER OF (MIYAHUNA) MEMBER OF THE GREATER AMMAN MUNICIPALITY.,,,,,FALSE,screen_positive,55
SGBJ|2022-04-27|DisclosuresDirectorsReport|jsc_DisclosureOfIssuingCompanysOrganizationalChartNumberOfItsEmployeesAndTheirClassesOfQualificationAndItsPersonnelQualifyingAndTrainingPrograms|0|en|0,SGBJ,2022-04-27,DisclosuresDirectorsReport,jsc_DisclosureOfIssuingCompanysOrganizationalChartNumberOfItsEmployeesAndTheirClassesOfQualificationAndItsPersonnelQualifyingAndTrainingPrograms,en,"Number Of Participant Course Name Place of conduct Location SGBJ Training Center/Online Internal 152 E-learning 21 Common Forgery Techniques Training 247 Financial Crimes Compliance (FCC) Training 13 Fraud Detection Training 72 Insurance training - Life & investment products 19 Mystery Shopper Training Session 22 Meeting to discuss issues related to administrative matters 18 Common mistakes of Teller employees and ways to solve them 13 The study and building of new credit retail and PRO files 142 SWIFT Security Awareness 12 Introduction Program for New Hires 10 Orientation Program for New Hires Number Of Participant Course Name Place of conduct Location Local Training Centers/Online Local 24 ACH Mandate Management 2 Advanced Excel 3 Advanced French Course 2 BMB Digital Innovation Event 2 Certified Anti-Money Laundering Specialist (CAMS) 1 Certified Global Sanctions Specialist 1 Certified Information Security Manager 1 Data Loss Prevention Training 2 Digital Transformation & Strategic Planning 1 Effective Communication Skills 4 ICA and EBRD Compliance webinar 1 Jordan Virtual Investment Conference 9 KYC Validator 2 LIBOR Meeting 2 Amended instructions of the income tax meeting for year 2021 3 Promoting and accepting electronic payments in HKJ meeting 9 Ordinary and Extraordinary Board Meeting: Jordan Payments and Clearing Company (JoPACC) 1 Sajjilni - Electronic Platform 2 Water poverty and water conflicts in the region 1 Managing customer complaints and methods of handling and analyzing them 1 Training Program for Financial Institutions 1 Financial and administrative skills for warehouse, procurement and logistics staff 1 Green Recovery Virtual Symposium 2 Are social security money at risk 2 Challenges of implementing IFRS 9 in light of the repercussions of the Corona pandemic 2 Stimulating cooperation and partnership between financial institutions and financial technology companies 1 Foreign trade finance and bank guarantees 1 Income and sales tax expert 1 Supporting women to access financing in the post-Coronavirus pandemic 1 The first general assembly meeting of the Jordan Capital and Investment Fund Company 1 Anti Money Laundering Law for year 2021 1 Jordanian Certified Public Accountant (JCPA) 3 Cyber Security Management Workshop 2 Digital Documentation of Financia l and Banking Transactions Workshop 1 Money laundering and terrorist financing risks in the Hashemite Kingdom of Jordan Number Of Participant Course Name Place of conduct Location International Out Jordan 2 Digital Transformation Turkey 1 Youth Presidents Organization meeting (YPO) Dubai The number of Jordanian Employees The number of non- Jordanian Employees Number of Male Employees Number of Female Employees Number of Employees with disabilities The composition of the employees according to scientific qualifications 311 3 204 110 0 Less than Tawjihi Tawjiihi Diploma Bachelor Higher Diploma Master PHD 314 8 16 23 240 0 27 0",,,,,FALSE,screen_positive,439
ZEIC|2025-02-12|DisclosuresDirectorsReport|jsc_DisclosureOfDirectorsReport|0|ar|69,ZEIC,2025-02-12,DisclosuresDirectorsReport,jsc_DisclosureOfDirectorsReport,ar,حوكمة الشركات إدارة الجودة 9001/2015 معايير التقارير المالية الدولية IRTS ) ) International Financial Reporting Standards المستشارون * الهيئة العامة مجلس الإدارة رئيس مجلس الإدارة مدير عام المدارس مدير عام الشركة المستشارون · قسم المساهمين قسم اللوازم والعطاءات قسم المحاسبة شؤون الموظفين الديوان التدقيق و الرقابة الداخلية أمانة سر المجلس 9-أ - الهيكل التنظيمي لشركة الزرقاء للتعليم والاستثمار المستشارون من خارج الشركة 9- د - الهيكل التنظيمي لجامعة الزرقاء مجلس الأمناء المستشارون وحدة الرقابة الداخلية رئيس الجامعة مجلس الجامعة مكتب الرئيس مجلس العمداء نواب الرئيس مستشارو الرئيس ديوان الرئاسة وأمانة سر المجالس العمادات الدوائر والمراكز عميد كلية الشريعة عميد كلية الآداب عميدالبحث العلمي مدير العلاقات الثقافية والعامة مدير المكتبة عميد كلية العلوم عميد كلية الاقتصاد والعلوم الإدارية عميد الدراسات المسائية مدير الدائرة المالية مدير وحدة التطوير وضمان الجودة عميد كلية العلوم التربوية عميد كلية الحقوق عميد شؤون الطلبة مدير دائرة الموارد البشرية مدير وحدة التعاون الدولي عميد كلية العلوم الطبية عميد كلية التمريض عميد القبول والتسجيل مدير دائرة الخدمات العامة والصيانة مدير وحدة الابداع وريادة الأعمال عميد كلية الهندسة التكنولوجية عميد كلية الصيدلة مدير الخدمات الطبية والتأمين الصحي مدير مركز الحاسوب عميد كلية الفنون والتصميمم عميد كلية الدراسات العليا مدير اللوازم والمشتريات والعطاءات مدير مركز التعلم الإلكتروني عميد كلية الإعلام عميد كلية تكنولوجيا المعلومات مدير المركز الثقافي الإسلامي مدير مركز أبحاث الطاقة عميد كلية طب الأسنان مدير مركز التعليم المستمر ومركز اللغات 9-ج - الهيكل التنظيمي لكلية الزرقاء التقنية المتوسطة مجلس الأمناء أمانة سر المجلس عميد الكليـة وحدة الرقابة والتدقيق نائب العميد مجلس الكلية قسم صيانة المركبات الكهربائية وتكنولوجيا الطاقة المتجددة قسم هندسة العمارة والتصميم الداخلي قسم الميديا الرقيمة (الإعلام الرقمي) وفنون الرسوم المتحركة قسم الأمن السيبراني وهندسة الذكاء الاصطناعي والروبوتات قسم اللغة الإنجليزية التطبيقية والمحاسبة التقنية الديوان الدائرة المالية القبول والتسجيل صيانة المركبات الكهربائية تكنولوجيا الطاقة المتجددة الميديا الرقمية فنون الرسوم المتحركة الأمن السيبراني هندسة الذكاء الاصطناعي اللغة الإنجليزية التطبيقية محاسبة تقنية 9- د - الهيكل التنظيمي لرياض ومدارس جامعة الزرقاء رئيس مجلس الإدارة المدير العام نائب المدير العام وحدة الإشراف قسم الديوان السكرتاريا قسم الإشراف والتدريب قسم ضمان الجودة قسم التسجيل وشؤون الطلبة قسم المالية قسم الموارد البشرية قسم نظم المعلومات قسم السيطرة قسم الخدمات العامة قسم التصميم والإعلام قسم العيادة الطبية شعبة المحاسبة شعبة الصندوق شعبة اللوازم والمشتريات شعبة الأمن شعبة خدمة المكاتب شعبة الحركة شعبة الصيانة شعبة العيادة الطبية (ثانوية البنات) شعبة العيادة الطبية (ثانوية البنين) مدير الروضة مدير المدرسة الأساسية مدير المدرسة الثانوية / بنات مدير المدرسة الثانوية/ بنين السكرتاريا مشرفة الطابق منسقة المادة السكرتاريا السكرتاريا السكرتاريا الهيئة التدريسية المساعدة المساعدة المساعد مشرفة المختبر مشرفوا المختبر مشرفوا المختبر منسقة المادة منسقة المادة منسق المادة مشرفة الطابق مشرفة الطابق مشرف الطابق الهيئة التدريسية الهيئة التدريسية الهيئة التدريسية أمينة المكتبة أمينة المكتبة أمين المكتبة المرشدة المرشدة المرشد معلمة المصادر مشرفة الثانوية العامة مشرف الثانوية العامة هيئة المديرين رئيس هيئة المديرين نائب رئيس هيئة المديرين المدير الإداري المستشارون · مدير قناة الإذاعة مدير قناة التلفزيون مدير مصنع مياه زاركي مدير مسرح زاركي المدير المالي الديوان 9-هـ - الهيكل التنظيمي للشركة التابعة [ شركة الضوء الساطع للبث الفضائي والإذاعي (ذ.م.م) ] المستشارون من خارج الشركة 9 -ب- عدد موظفي الشركة وفئات مؤهلاتهم : المؤهل العلمي عدد موظفي الشركة واستثماراتها عدد موظفي الشركة التابعة دكتوراه 429 - ماجستير 133 1 دبلوم عالي 14 - بكالوريس 499 8 دبلوم 70 3 ثانوية عامة 28 1 دون الثانوية العامة 304 - إجمالي عدد الموظفين 1477 13 9 -ج- برامج التأهيل والتدريب لموظفي الشركة : قام عدد من أعضاء مجلس الإدارة وموظفي شركة الزرقاء للتعليم والاستثمار بحضور عدة دورات تدريبية وهي: مبادئ المحاسبة واعداد الميزانية والقوائم المالية أسس وتطبيقات حوكمة الشركات.,,,,,FALSE,screen_positive,578
ZEIC|2025-02-12|DisclosuresDirectorsReport|jsc_DisclosureOfIssuingCompanysOrganizationalChartNumberOfItsEmployeesAndTheirClassesOfQualificationAndItsPersonnelQualifyingAndTrainingPrograms|0|ar|0,ZEIC,2025-02-12,DisclosuresDirectorsReport,jsc_DisclosureOfIssuingCompanysOrganizationalChartNumberOfItsEmployeesAndTheirClassesOfQualificationAndItsPersonnelQualifyingAndTrainingPrograms,ar,9-أ - الهيكل التنظيمي لشركة الزرقاء للتعليم والاستثمار المستشارون من خارج الشركة 9- د - الهيكل التنظيمي لجامعة الزرقاء مجلس الأمناء المستشارون وحدة الرقابة الداخلية رئيس الجامعة مجلس الجامعة مكتب الرئيس مجلس العمداء نواب الرئيس مستشارو الرئيس ديوان الرئاسة وأمانة سر المجالس العمادات الدوائر والمراكز عميد كلية الشريعة عميد كلية الآداب عميدالبحث العلمي مدير العلاقات الثقافية والعامة مدير المكتبة عميد كلية العلوم عميد كلية الاقتصاد والعلوم الإدارية عميد الدراسات المسائية مدير الدائرة المالية مدير وحدة التطوير وضمان الجودة عميد كلية العلوم التربوية عميد كلية الحقوق عميد شؤون الطلبة مدير دائرة الموارد البشرية مدير وحدة التعاون الدولي عميد كلية العلوم الطبية عميد كلية التمريض عميد القبول والتسجيل مدير دائرة الخدمات العامة والصيانة مدير وحدة الابداع وريادة الأعمال عميد كلية الهندسة التكنولوجية عميد كلية الصيدلة مدير الخدمات الطبية والتأمين الصحي مدير مركز الحاسوب عميد كلية الفنون والتصميمم عميد كلية الدراسات العليا مدير اللوازم والمشتريات والعطاءات مدير مركز التعلم الإلكتروني عميد كلية الإعلام عميد كلية تكنولوجيا المعلومات مدير المركز الثقافي الإسلامي مدير مركز أبحاث الطاقة عميد كلية طب الأسنان مدير مركز التعليم المستمر ومركز اللغات 9-ج - الهيكل التنظيمي لكلية الزرقاء التقنية المتوسطة مجلس الأمناء أمانة سر المجلس عميد الكليـة وحدة الرقابة والتدقيق نائب العميد مجلس الكلية قسم صيانة المركبات الكهربائية وتكنولوجيا الطاقة المتجددة قسم هندسة العمارة والتصميم الداخلي قسم الميديا الرقيمة (الإعلام الرقمي) وفنون الرسوم المتحركة قسم الأمن السيبراني وهندسة الذكاء الاصطناعي والروبوتات قسم اللغة الإنجليزية التطبيقية والمحاسبة التقنية الديوان الدائرة المالية القبول والتسجيل صيانة المركبات الكهربائية تكنولوجيا الطاقة المتجددة الميديا الرقمية فنون الرسوم المتحركة الأمن السيبراني هندسة الذكاء الاصطناعي اللغة الإنجليزية التطبيقية محاسبة تقنية 9- د - الهيكل التنظيمي لرياض ومدارس جامعة الزرقاء رئيس مجلس الإدارة المدير العام نائب المدير العام وحدة الإشراف قسم الديوان السكرتاريا قسم الإشراف والتدريب قسم ضمان الجودة قسم التسجيل وشؤون الطلبة قسم المالية قسم الموارد البشرية قسم نظم المعلومات قسم السيطرة قسم الخدمات العامة قسم التصميم والإعلام قسم العيادة الطبية شعبة المحاسبة شعبة الصندوق شعبة اللوازم والمشتريات شعبة الأمن شعبة خدمة المكاتب شعبة الحركة شعبة الصيانة شعبة العيادة الطبية (ثانوية البنات) شعبة العيادة الطبية (ثانوية البنين) مدير الروضة مدير المدرسة الأساسية مدير المدرسة الثانوية / بنات مدير المدرسة الثانوية/ بنين السكرتاريا مشرفة الطابق منسقة المادة السكرتاريا السكرتاريا السكرتاريا الهيئة التدريسية المساعدة المساعدة المساعد مشرفة المختبر مشرفوا المختبر مشرفوا المختبر منسقة المادة منسقة المادة منسق المادة مشرفة الطابق مشرفة الطابق مشرف الطابق الهيئة التدريسية الهيئة التدريسية الهيئة التدريسية أمينة المكتبة أمينة المكتبة أمين المكتبة المرشدة المرشدة المرشد معلمة المصادر مشرفة الثانوية العامة مشرف الثانوية العامة هيئة المديرين رئيس هيئة المديرين نائب رئيس هيئة المديرين المدير الإداري المستشارون · مدير قناة الإذاعة مدير قناة التلفزيون مدير مصنع مياه زاركي مدير مسرح زاركي المدير المالي الديوان 9-هـ - الهيكل التنظيمي للشركة التابعة [ شركة الضوء الساطع للبث الفضائي والإذاعي (ذ.م.م) ] المستشارون من خارج الشركة 9 -ب- عدد موظفي الشركة وفئات مؤهلاتهم : المؤهل العلمي عدد موظفي الشركة الأم واستثماراتها عدد موظفي الشركة التابعة دكتوراه 429 - ماجستير 133 1 دبلوم عالي 14 - بكالوريس 499 8 دبلوم 70 3 ثانوية عامة 28 1 دون الثانوية العامة 304 - إجمالي عدد الموظفين 1477 13 9 -ج- برامج التأهيل والتدريب لموظفي الشركة : قام عدد من أعضاء مجلس الإدارة وموظفي شركة الزرقاء للتعليم والاستثمار بحضور عدة دورات تدريبية وهي: مبادئ المحاسبة واعداد الميزانية والقوائم المالية أسس وتطبيقات حوكمة الشركات.,,,,,FALSE,screen_positive,529
ABCO|2023-04-05|Declarations|jsc-rep_DeclarationAffirmingCorrectnessAccuracyAndCompletenessOfInformationAndDataStatedInReportSignedByChairmanOfBoardOfDirectorsCompanysChiefExecutiveOfficerAndChiefFinancialOfficer|0|en|0,ABCO,2023-04-05,Declarations,jsc-rep_DeclarationAffirmingCorrectnessAccuracyAndCompletenessOfInformationAndDataStatedInReportSignedByChairmanOfBoardOfDirectorsCompanysChiefExecutiveOfficerAndChiefFinancialOfficer,en,"Representation of the Authenticity of the Financial Statements The Management of Bank ABC in Jordan represents the authenticity, accuracy and precision of the information and financial statements cited in this report. * Signatures are included in the PDF version of the annual report in Arabic that has been uploaded to the XBRL system.",,,,,FALSE,screen_positive,53
ABCO|2023-04-05|Declarations|jsc-rep_DeclarationByBoardOfDirectorsAffirmingItsResponsibilityForPreparationOfFinancialStatementsAndForProvisionOfEffectiveSystemOfControlsWithinCompany|0|en|0,ABCO,2023-04-05,Declarations,jsc-rep_DeclarationByBoardOfDirectorsAffirmingItsResponsibilityForPreparationOfFinancialStatementsAndForProvisionOfEffectiveSystemOfControlsWithinCompany,en,Representation of the Board of Directors The Board of Directors of Bank ABC in Jordan represents its responsibility for preparing the financial statements; that the information cited in the Board of Directors’ Report is in line with the enclosed financial statements; and that the Bank has an effective and efficient Internal Control System. * Signatures are included in the PDF version of the annual report in Arabic that has been uploaded to the XBRL system.,,,,,FALSE,screen_positive,75
ABCO|2023-04-05|Declarations|jsc-rep_DeclarationFromBoardOfDirectorsThatThereAreNoSubstantialMattersDisaffectingCompanysContinuityDuringNextFiscalYear|0|en|0,ABCO,2023-04-05,Declarations,jsc-rep_DeclarationFromBoardOfDirectorsThatThereAreNoSubstantialMattersDisaffectingCompanysContinuityDuringNextFiscalYear,en,"Representation of the Board of Directors The Board of Directors of Bank ABC in Jordan represents, as far as it knows and believes, that there are no fundamental issues that could affect the Bank’s ability to continue its activity throughout the next fiscal year of 2023. * Signatures are included in the PDF version of the annual report in Arabic that has been uploaded to the XBRL system.",,,,,FALSE,screen_positive,68
ABCO|2023-04-05|Declarations|jsc-rep_DisclosureOfOtherDeclarations|0|en|0,ABCO,2023-04-05,Declarations,jsc-rep_DisclosureOfOtherDeclarations,en,Representation of the Board of Directors The Board of Directors of Bank ABC in Jordan acknowledge that they have not received personally or any of their relatives any materialistic or in-kind benefits during their work at the Bank and have not disclosed them for the year 2022. * Signatures are included in the PDF version of the annual report in Arabic that has been uploaded to the XBRL system.,,,,,FALSE,screen_positive,69
ABCO|2023-04-05|DisclosuresDirectorsReport|jsc_DisclosureOfIssuingCompanysOrganizationalChartNumberOfItsEmployeesAndTheirClassesOfQualificationAndItsPersonnelQualifyingAndTrainingPrograms|0|en|0,ABCO,2023-04-05,DisclosuresDirectorsReport,jsc_DisclosureOfIssuingCompanysOrganizationalChartNumberOfItsEmployeesAndTheirClassesOfQualificationAndItsPersonnelQualifyingAndTrainingPrograms,en,"Number of employees of the Bank and the Arab Co-operation Financial Investments Co. and their qualifications No. of Employees of the Arab Co-operation Financial Investments Co . No. of Bank Employees Degree - 2 PhD 8 47 Masters - - Higher Diploma 21 423 Bachelor 3 35 Diploma - 5 General Secondary Education 1 21 Below General Secondary Education 33 533 Total no. of employees Qualification and training programs for employees of the Bank and the Arab Co-operation Financial Investments Co. 176 courses were organized in-house, externally and in the Bank’s training centre with the participation of 4, 961 employees, as detailed below: The Bank and the Arab Co-operation Financial Investments Co. The Bank and the Arab Co-operation Financial Investments Co. Description No. of Participants # of courses Type of training course 1,865 59 Courses provided by the Bank’s training centre 422 89 Courses provided by local institutes in Jordan - - Courses provided by institutes abroad 2,674 28 Online courses (e-learning) 4, 961 176 Total Types of courses # Course Type No. of Participants 1 Human resources and skills development courses 152 2 Banking marketing, credit cards and customer service courses 449 3 Participation in local and external conferences and meetings 25 4 Investment and treasury operations courses 5 5 Banking risks and crises management, audit, monitoring, compliance control and anti-money laundering courses 2,371 6 Information technology and systems courses 1,842 7 Banking facilities and project financing courses 6 8 Internal and external banking operations courses 33 9 Courses on laws, regulations and instructions 70 10 Accounting courses 8 Total 4,961 * The organizational structure for the Bank and ABCI couldn’t be uploaded correctly (proper copy has been included in the PDF copy of the Annual Report that has been uploaded on XBRL system) ABCJ Organisational Chart ABCI Board of Directors Board Committees Board Risk Committee (BRC) Audit Committee Board Secretary Compliance Committee General Manager Internal Audit Management Committees Compliance Deputy General Manager Treasury Wholesale Banking Group Retail Banking Group Credit Dept Human Resources Dept Legal Affairs Dept Financial Control Dept Support Group Risk Management Dept Corporates Coverage Consumers Banking Corporate Services Department Transaction Banking ila Jordan Procurement Supplies Department Financial Institutions Coverage Consumers Credit Banking Corporate Communications Department Small and Medium Enterprises Projects Management & Organization Unit Middle Office Information Technology Business Development Operations Management Operational Control Cyber and Information Security Dept Business Continuity Plan ABCI Organisational Chart ABCJ Board ABCI Board of Directors ABCJ Compliance Department Chief Executive Officer Compliance ABCJ Legal affairs Department Brokerage Management Support Management Local Brokerage Department Credit Department Human Resources and Administrative Affairs Department Operations Control Department Operations Department Regional and International Brokerage Department Financial control Department Customer Service Department Legal affairs Department",,,,,FALSE,screen_positive,451
AIFE|2024-03-14|DisclosuresDirectorsReport|jsc_DisclosureOfCompanysContributionToEnvironmentalProtectionAndLocalCommunityService|0|en|0,AIFE,2024-03-14,DisclosuresDirectorsReport,jsc_DisclosureOfCompanysContributionToEnvironmentalProtectionAndLocalCommunityService,en,"Twenty-one: The university’s contribution to serving the local community for the year 2023 1) Appointing two representatives on the Council of the Center for Counseling, Continuing Education and Community Service from actors in the local community. 2) Holding a free training course for Giza Municipality employees, “AutoCAD Engineering Drawing,” in cooperation with the Giza Municipality. 3) Training workshop/seminar entitled (Energy, renewable energy and its applications). 4) Holding a training workshop entitled “The Importance of Science, Technology and Space” presented by the academic department at the Regional Center for Teaching Space Science and Technology/The Royal Jordanian Geographical Center. 5) An awareness seminar entitled “Combat Human Trafficking” delivered by Major Muhammad Khalifat, Director of the Anti-Human Trafficking Unit - Criminal Investigation. 6) Lecturers entitled (Artificial Intelligence, Chat GPT, Where to?) in cooperation with the College of Information Technology. 7) Organizing a blood donation campaign in cooperation with the “We” volunteer platform affiliated with the Crown Prince Foundation, the Deanship of Student Affairs, and the Blood Bank (Ministry of Health). 8) Participation in the Dafa volunteer campaign in cooperation with the Community Service and Cultural Activities Committee at the university.",,,,,FALSE,screen_positive,187
HPIC|2024-03-30|DisclosuresDirectorsReport|jsc_DisclosureOfIssuingCompanysOrganizationalChartNumberOfItsEmployeesAndTheirClassesOfQualificationAndItsPersonnelQualifyingAndTrainingPrograms|0|en|5,HPIC,2024-03-30,DisclosuresDirectorsReport,jsc_DisclosureOfIssuingCompanysOrganizationalChartNumberOfItsEmployeesAndTheirClassesOfQualificationAndItsPersonnelQualifyingAndTrainingPrograms,en,"Hayat maintains records of the training obtained by each employee, as shown below: No. of Attendees External Training Courses No. 1 Critical Thinking Approach in Computer System Validation in Line with ISPE GAMP 5 2nd Edition & FDAs Computer Software Approach 27 Quality Risk Management 1 Introducing Smart Data Collection and Tools to Cut Energy Cost 1 Energy Efficiency Technologies and Waste Management 1 The Billing System and Income Tax 1 Principles of Pharmacovigilance & Advanced Pharmacovigilance 1 An introductory to the necessary requirements, application mechanism and eligibility conditions, to support industrial establishments in achieving benefit from the programs of the Social Development Fund 2 Dust Control System 24 Data Integrity 2 Cost Management 1 Increasing Sales And Building Marketing Plans Using Artificial Intelligence 2 Bioequivalence In Tech Transfer Products 2 Nitrosamine Impurities & Risk Assessment 2 Data Exclusivity in the Pharmaceutical Industry 1 Micro Instruments Devices 69 Total Attendees 48 Total Beneficiaries * No. of Attendees Internal Training Courses No. 20 Safety in production areas 21 Good Documentation Practices in Production 3 Methods of measuring temperature and humidity rates in the raw materials warehouse and the finished materials warehouse 24 Personal Hygiene in Production 8 Good Documentation Practices in Warehouse 21 Good Documentation Practices in Packaging 18 Personal Hygiene in Packaging 19 Cleaning the production and packaging areas and changing rooms 17 Standard working method for the products’ secondary packaging process 6 R&D Product Development cycle 5 Write daily formulation experiment in the personal note book 4 Validation/Verification of Analytical Method 4 Stability testing of new products 21 Maintenance Activity 7 The standard operations procedure for using Maintenance Module on ERP system 7 Comprehensive security and protection procedures 4 Change Control Procedures 5 Corrective and Preventive Actions (CAPA) Program 3 Deviation Management 5 Process Validation 5 Acceptance Sampling for Manufactured/Packaged Products 4 Calibration 3 Computer System Validation 9 Necessary procedures upon completion of work inside the laboratory 22 Public safety in laboratories 19 Micro/QCL laboratory waste disposal 2 84 Total Attendees 148 Total Beneficiaries * * The number of beneficiaries differs from the number of attendees because some workers attend more than one training course The employee turnover rate in 2023 was about 14%.",,,,,FALSE,screen_positive,365
INVB|2023-04-27|DisclosuresDirectorsReport|jsc_DisclosureOfIssuingCompanysOrganizationalChartNumberOfItsEmployeesAndTheirClassesOfQualificationAndItsPersonnelQualifyingAndTrainingPrograms|0|en|7,INVB,2023-04-27,DisclosuresDirectorsReport,jsc_DisclosureOfIssuingCompanysOrganizationalChartNumberOfItsEmployeesAndTheirClassesOfQualificationAndItsPersonnelQualifyingAndTrainingPrograms,en,"Following is the number of employees in each location: d. Head Office and Branches/INVESTBANK Item Number Head Office/ Abdul Hamid Sharaf Street 283 Main Branch / Head Office 14 Prime clients service center / Head office 12 Makkah Branch / Makkah Street 6 Emar Branch / Emar Towers 7 Taj Mall Branch / Taj Mall 9 Sweifiyah Branch / Wakalat Street 6 Wihdat Branch / Al Sharq Al Awsat Roundabout 5 Sahab Branch / Sahab Industrial City 5 Zarqa Branch / King Hussein Street 4 Irbid Branch / Wasfi Eltal Street 5 Aqaba Branch / AlNahda Street 5 Abdoun Branch / Suleiman Qudah Street 4 Dabouq Branch / Mohammad Ahmad Tareef Street 5 Sales Department 166 Total 536 Subsidiaries/ INVESTBANK: Subsidiaries Al Istethmari Letamweel Selselat Al IMDAD / Al Juwaideh 45 Tamkeen Leasing Company / Makkah Street 24 Jordan Trade Facilities Company / Shmeisani 85 Bindar for Trade and Investment Company * A subsidiary of Tamkeen Leasing Company 82 Total 236 e. Development of employee skills: The Bank is keen on qualifying its staff and developing the knowledge, skills and abilities of its employees to enable them to carry out their work efficiently and effectively, and contribute to improving the performance and productivity of the Bank and providing the best level of services. 90% of the Bank's staff participated in a number of specialized training courses and workshops, including: Training Course Advance time management Advanced Excel Certified Global banking specialist CMA COBIT 2019 Commercial banking and credit analysis CORM Cyber Security Audit Confirmation DIGITAL MARKETING Discover Microsoft Security Disruptive Strategy Excel ECIH Financial Modeling & Valuation Analyst FINCON JO 2022 GTC- GLABLA TRADE CERTIFICATE IFRS9 IFRS9 IFRS17 IFRS 16 ISACA Conference Nat+Java ORACLE 19 SQL ORACLE 19 Oracle DBA PMP Power Bi specialized professional risk diploma Tbeleau Course Risk management and financial derivatives Time management and work pressure management Strategies of positive thinking during the crises Cybersecurity and challenges of banking stability Training program on technical analysis and theories of price cycles in the financial market Comprehensive training program for bankers Comprehensive training program for bank tellers Training program for developing the skills of customer service and call center agents Electronic cards and banking services Digital banks Basic and advanced financial analysis Bank marketing and customer service Banking legislation related to credit Corporate governance Specialized professional diploma in banking credit Specialized professional diploma in financial analysis Specialized professional diploma for qualification of new bankers Risk management group annual meeting Master’s degree in finance and banks Advanced sales Legal aspects of banking transactions Training workshop on “AML and CFT” from the perspective of supervisory bodies Basics of sanctions and embargoes Basics of combating fraud Program for development of leadership and administrative skills Training on the business continuity plan Evaluation of collection staff skills in debt follow up and collection Evaluation of risk management, and internal control systems Foreign trade finance and bank guarantees Development of leadership skills ACH direct debit service Diploma in management of bank branches Study and analysis of customer complaints Confidentiality of banking operations Certified Internal Control Specialist ( CICS ) Issues related to protection of financial customers and customer complaints Detecting bank counterfeit and forgery International Cybersecurity Summit Introduction to banks Introduction to bank products and services AML and CFT Information technology governance forum Presentation and communications skills Leadership and motivation skills Developing the skills of call center and customer service agents Cybersecurity summit conference A workshop on cyber insurance A workshop on re-development of the scoring assessment system A workshop on Common Reporting Standard (CRS)",,,,,FALSE,screen_positive,589
JOEP|2024-04-30|DisclosuresDirectorsReport|jsc_TheMembersOfBoardOfDirectorsNamesAndNamesAndRanksOfSeniorExecutiveManagementWithBriefResumeOfEach|0|en|7,JOEP,2024-04-30,DisclosuresDirectorsReport,jsc_TheMembersOfBoardOfDirectorsNamesAndNamesAndRanksOfSeniorExecutiveManagementWithBriefResumeOfEach,en,"CO, BOARD OF DIRECTORS' CHAIRMAN OF (NEAR EAST TOURIST CENTER) BOARD OF DIRECTORS' MEMBER OF (ARABIAN INSURANCE CO. / BEIRUT) BOARD OF DIRECTORS' MEMBER OF (ARAB INTERNATIONAL INSURANCE CO. / BAHRAIN) BOARD OF DIRECTORS' MEMBER OF (ARAB GENERAL INSURANCE CO. / AMMAN) BOARD OF DIRECTORS' MEMBER OF (LIGHTING GATE FOR CLOUD SERVICES CO.) MR. YASIN KHALIL YASIN AL-TALHONI /BOARD MEMBER DATE OF BIRTH: 1973 BACHELOR OF ECONOMIC SCIENCES FROM (GEORGE TOWN UNIVERSITY) IN 1994 PRACTICAL EXPERIENCE GENERAL MANAGER OF ZARA INVESTMENT (HOLDING) BOARD OF DIRECTROS' MEMBER / ZARA INVESTMENT (HOLDING) BOARD OF DIRECTROS' VICE CHAIRMAN / JORDAN HOTELS & TOURISM CO. BOARD OF DIRECTROS' MEMBER / JORDAN HIMMEH CO. LTD. BOARD OF DIRECTROS' MEMBER / CAIRO AMMAN BANK.",,,,,FALSE,screen_positive,118
NDAR|2024-03-31|DisclosuresDirectorsReport|jsc_DisclosureOfIssuingCompanysOrganizationalChartNumberOfItsEmployeesAndTheirClassesOfQualificationAndItsPersonnelQualifyingAndTrainingPrograms|0|ar|7,NDAR,2024-03-31,DisclosuresDirectorsReport,jsc_DisclosureOfIssuingCompanysOrganizationalChartNumberOfItsEmployeesAndTheirClassesOfQualificationAndItsPersonnelQualifyingAndTrainingPrograms,ar,"المؤهل العلمي عدد الموظفين داخل الأردن ماجستير 3 بكالوريوس 49 دبلوم 14 ثانوية عامة 45 مركز تدريب مهني 4 إجمالي عدد الموظفين 115 ج.برامج التأهيل والتدريب لموظفي الشركة: Training Courses # HRM Strategies Improving Performance 1 Appraisal and Performance Management 1 Six Sigma- Black Belt 1 Enterprise Risk Managment 1 Root Cause Analysis 2 Leadership Skills 8 Occupational safety and health engineering diploma 1 Project Management 2 Proposal Writing for NGOs (Tenders) 3 Advanced Presentation Skills 2 Advanced selling Skills 4 Best Practice of TQM 2 Chat GPT 4 Communication Skills 8 Customer Service 1 Successful Apprenticeships and gender inclusive workspace 1 The Fundamentals of Digital Marketing 2 Train of Trainers -TOT 2 Using Excel Applications in HR 1 Advanced Excel 7 Data Analyst in Power BI 2 Basic and Intermediate Excel 9 ICDL 1 Good Manufacturing Practice (GMP) 50 Food Management System (ISO22000:2018) 65 Good Documentation Practice (GDP) 30 Documentation Management System 18 Energy Efficiency of Electrical Motor 2 English Language 12 FSSC Version 6 نظام سلامة الغذاء العالمي الإصدار 3 Hazard Analysis 2 HVAC Machines, Ducting and layout 5 Industrial Control Course 1 Internal Quality Audit 2 اخطار المود الكيماوية 5 ادارة العمليات 6 ادارة وتنظيم الوقت وتمالك الضغوط 31 الأساليب المتقدمة في محاسبة التكاليف للمنشآت الصناعية والخدمية 2 الأساليب المعاصرة في تحليل الدورات التدريبية 2 التخطيط ومراقبة المخزون 2 العلامة التجارية وأسرار نجاحها 1 تطبيقات الذكاء الاصطناعي 2 تعزيز ادراك وفهم اساسيات العمل المهني 4 حل المشكلات واتخاذ القرارات 5 خطة العمل ودراسة الجدوى المالية 1 مفاهيم الثورة الصناعية الرابعة وتعزيز الجاهزية لتطبيقها في القطاع الصناعي 1",,,,,FALSE,screen_positive,260
ZEIC|2022-02-24|DisclosuresChairmansStatement|jsc_DisclosureOfStatementOfBoardOfDirectorsChairman|0|en|5,ZEIC,2022-02-24,DisclosuresChairmansStatement,jsc_DisclosureOfStatementOfBoardOfDirectorsChairman,en,"On the academic side, accreditations were obtained for new specializations, most notably the Diploma in Education, Cyber Security, and Artificial Intelligence, and began receiving students there.",,,,,FALSE,screen_positive,26
ABCO|2024-03-30|Declarations|jsc-rep_DeclarationAffirmingCorrectnessAccuracyAndCompletenessOfInformationAndDataStatedInReportSignedByChairmanOfBoardOfDirectorsCompanysChiefExecutiveOfficerAndChiefFinancialOfficer|0|en|0,ABCO,2024-03-30,Declarations,jsc-rep_DeclarationAffirmingCorrectnessAccuracyAndCompletenessOfInformationAndDataStatedInReportSignedByChairmanOfBoardOfDirectorsCompanysChiefExecutiveOfficerAndChiefFinancialOfficer,en,"Representation of the Authenticity of the Financial Statements The Management of Bank ABC in Jordan represents the authenticity, accuracy and precision of the information and financial statements cited in this report. * Signatures are included in the PDF version of the annual report in Arabic that has been uploaded to the XBRL system.",,,,,FALSE,screen_positive,53
ABCO|2024-03-30|Declarations|jsc-rep_DeclarationByBoardOfDirectorsAffirmingItsResponsibilityForPreparationOfFinancialStatementsAndForProvisionOfEffectiveSystemOfControlsWithinCompany|0|en|0,ABCO,2024-03-30,Declarations,jsc-rep_DeclarationByBoardOfDirectorsAffirmingItsResponsibilityForPreparationOfFinancialStatementsAndForProvisionOfEffectiveSystemOfControlsWithinCompany,en,Representation of the Board of Directors The Board of Directors of Bank ABC in Jordan represents its responsibility for preparing the financial statements; that the information cited in the Board of Directors’ Report is in line with the enclosed financial statements; and that the Bank has an effective and efficient Internal Control System. * Signatures are included in the PDF version of the annual report in Arabic that has been uploaded to the XBRL system.,,,,,FALSE,screen_positive,75
ABCO|2024-03-30|Declarations|jsc-rep_DeclarationFromBoardOfDirectorsThatThereAreNoSubstantialMattersDisaffectingCompanysContinuityDuringNextFiscalYear|0|en|0,ABCO,2024-03-30,Declarations,jsc-rep_DeclarationFromBoardOfDirectorsThatThereAreNoSubstantialMattersDisaffectingCompanysContinuityDuringNextFiscalYear,en,"Representation of the Board of Directors The Board of Directors of Bank ABC in Jordan represents, as far as it knows and believes, that there are no fundamental issues that could affect the Bank’s ability to continue its activity throughout the next fiscal year of 2024. * Signatures are included in the PDF version of the annual report in Arabic that has been uploaded to the XBRL system.",,,,,FALSE,screen_positive,68
ABCO|2024-03-30|Declarations|jsc-rep_DisclosureOfOtherDeclarations|0|en|0,ABCO,2024-03-30,Declarations,jsc-rep_DisclosureOfOtherDeclarations,en,Representation of the Board of Directors The Board of Directors of Bank ABC in Jordan acknowledge that they have not received personally or any of their relatives any materialistic or in-kind benefits during their work at the Bank and have not disclosed them for the year 2023. * Signatures are included in the PDF version of the annual report in Arabic that has been uploaded to the XBRL system.,,,,,FALSE,screen_positive,69
ABCO|2024-03-30|DisclosuresDirectorsReport|jsc_DisclosureOfIssuingCompanysOrganizationalChartNumberOfItsEmployeesAndTheirClassesOfQualificationAndItsPersonnelQualifyingAndTrainingPrograms|0|en|0,ABCO,2024-03-30,DisclosuresDirectorsReport,jsc_DisclosureOfIssuingCompanysOrganizationalChartNumberOfItsEmployeesAndTheirClassesOfQualificationAndItsPersonnelQualifyingAndTrainingPrograms,en,"Number of employees of the Bank and the Arab Co-operation Financial Investments Co. and their qualifications No. of Employees of the Arab Co-operation Financial Investments Co . No. of Bank Employees Degree - 3 PhD 7 46 Masters - - Higher Diploma 22 441 Bachelor 3 35 Diploma - 5 General Secondary Education 1 20 Below General Secondary Education 33 550 Total no. of employees Qualification and training programs for employees of the Bank and the Arab Co-operation Financial Investments Co. 201 courses were organized in-house, externally and in the Bank’s training centre with the participation of 4,422 employees, as detailed below: The Bank and the Arab Co-operation Financial Investments Co. The Bank and the Arab Co-operation Financial Investments Co. Description No. of Participants # of courses Type of training course 1,197 86 Courses provided by the Bank’s training centre 649 100 Courses provided by local institutes in Jordan 8 4 Courses provided by institutes abroad 2,568 11 Online courses (e-learning) 4,422 201 Total Types of courses # Course Type No. of Participants 1 Human resources and skills development courses 158 2 Banking marketing, credit cards and customer service courses 380 3 Participation in local and external conferences and meetings 19 4 Investment and treasury operations courses 7 5 Banking risks and crises management, audit, monitoring, compliance control and anti-money laundering courses 2,200 6 Information technology and systems courses 1,548 7 Banking facilities and project financing courses 12 8 Internal and external banking operations courses 27 9 Courses on laws, regulations and instructions 57 10 Accounting courses 14 Total 4,422 * The organizational structure for the Bank and ABCI couldn’t be uploaded correctly (proper copy has been included in the PDF copy of the Annual Report that has been uploaded on XBRL system)",,,,,FALSE,screen_positive,293
AMAL|2022-06-30|DisclosuresDirectorsReport|jsc_DisclosureOfIssuingCompanysOrganizationalChartNumberOfItsEmployeesAndTheirClassesOfQualificationAndItsPersonnelQualifyingAndTrainingPrograms|0|en|0,AMAL,2022-06-30,DisclosuresDirectorsReport,jsc_DisclosureOfIssuingCompanysOrganizationalChartNumberOfItsEmployeesAndTheirClassesOfQualificationAndItsPersonnelQualifyingAndTrainingPrograms,en,Board of Directors Audit Committee Risk Committee Investment Committee Governance Committee Nomination & Remuneration Committee Chairman of the Board Risk Officer Internal Audit General Manager Legal Consultant Executive Secretary Business and Brokerage Finance Administration and support Marketing and Client Relationship Financial Research Brokerage Cashier Accounting Support Services Shareholders Archiving HR Marketing Depository Center Local Customer Service Internaional 9.B- Qualification and training programs for company staff: # Qualification and Training Programs Number of Staff 1 Workshop - National assessment stages of money laundering and terrorist financing risks and important outcomes and clarifying obligations of national entities. 2 2 Workshop – Preparation of annual report in XBRL format – held by Jordan Securities Commission 2 3 Implementation of Security Council resolutions - Anti-Money Laundering and Terrorist Financing Unit 1 4 Introduction to Securities and Investments 1,,,,,FALSE,screen_positive,134
ATTA|2024-04-21|DisclosuresDirectorsReport|jsc_TheMembersOfBoardOfDirectorsNamesAndNamesAndRanksOfSeniorExecutiveManagementWithBriefResumeOfEach|0|en|31,ATTA,2024-04-21,DisclosuresDirectorsReport,jsc_TheMembersOfBoardOfDirectorsNamesAndNamesAndRanksOfSeniorExecutiveManagementWithBriefResumeOfEach,en,"Date of birth: March 28, 1978 Educational qualifications: Bachelor of Electronics, Princess Sumaya University for Technology 1999-2000 Work experience: Al Sayegh Group of Companies: Responsible for developing ERP Solutions (2002-3/2004) CCC Contractors International Company: Nigeria, General Safety Manager for Oil Projects 5/2004 – 7/2005 Mutashan Interior Design and Decoration Company: General Manager of the Company (8/2005- 3/2014) Al-Sirah Advertising and Public Relations Company: General Manager of the Company (2009 -2012).",,,,,FALSE,screen_positive,70
FUTR|2025-04-30|DisclosuresDirectorsReport|jsc_DisclosureOfIssuingCompanysOrganizationalChartNumberOfItsEmployeesAndTheirClassesOfQualificationAndItsPersonnelQualifyingAndTrainingPrograms|0|en|1,FUTR,2025-04-30,DisclosuresDirectorsReport,jsc_DisclosureOfIssuingCompanysOrganizationalChartNumberOfItsEmployeesAndTheirClassesOfQualificationAndItsPersonnelQualifyingAndTrainingPrograms,en,B. Number of company employees and their qualification : Academic qualification Future Arab Investment Quqa Trading Company Ithmar Industry and Distribution Company Quqa Import and Export Company (Free Zone) Future Motors Import & Export Company Master 0 1 0 0 1 Bachelor 3 27 6 3 15 diploma 0 15 0 0 4 High school or below 0 27 7 2 19 Total of employees 3 70 13 5 39 C. Training courses for the company’s employees (the group): No Course name Number of employees 1 Financial analysis of financial statements 1 2 Financial analysis of corporate financial statements using Excel 1 3 Managing and analyzing big data using artificial intelligence Power BI 4 4 Finance for Non-Financials 1 5 Excel Applications: From Beginner to Professional 1 6 First aid and CPR 2 7 Multitasking Management: Scheduling Work to Improve Effectiveness and Efficiency 1 8 Practical applications in the General Sales Tax Law 2 9 Salaries Calculation for all sectors (practical applications) 2,,,,,FALSE,screen_positive,163
FUTR|2025-04-30|DisclosuresDirectorsReport|jsc_DisclosureOfIssuingCompanysOrganizationalChartNumberOfItsEmployeesAndTheirClassesOfQualificationAndItsPersonnelQualifyingAndTrainingPrograms|0|ar|2,FUTR,2025-04-30,DisclosuresDirectorsReport,jsc_DisclosureOfIssuingCompanysOrganizationalChartNumberOfItsEmployeesAndTheirClassesOfQualificationAndItsPersonnelQualifyingAndTrainingPrograms,ar,برامج التأهيل والتدريب لموظفي الشركة ( المجموعة ) : الرقم اسم الدورة عدد الموظفين التحليل المالي للقوائم المالية 1 التحليل المالي للقوائم المالية للشركات باستخدام اكسل 1 ادارة وتحليل البيانات الضخمة باستخدام الذكاء الاصطناعي Power BI 4 المالية لغير الماليين 1 تطبيقات اكسل : من البداية الى الاحتراف 1 الاسعافات الاولية والإنعاش القلبي الرئو ي 2 إدارة المهام المتعددة : جدولة الأعمال لتحسين الفاعلية والكفاءة 1 تطبيقات عملية في قانون الضريبة العامة على المبيعات 2 احتساب الرواتب الشاملة لجميع القطاعات (تطبيقات عملية) 2,,,,,FALSE,screen_positive,83
HPIC|2024-04-28|DisclosuresDirectorsReport|jsc_DisclosureOfIssuingCompanysOrganizationalChartNumberOfItsEmployeesAndTheirClassesOfQualificationAndItsPersonnelQualifyingAndTrainingPrograms|0|en|5,HPIC,2024-04-28,DisclosuresDirectorsReport,jsc_DisclosureOfIssuingCompanysOrganizationalChartNumberOfItsEmployeesAndTheirClassesOfQualificationAndItsPersonnelQualifyingAndTrainingPrograms,en,"Hayat maintains records of the training obtained by each employee, as shown below: No. of Attendees External Training Courses No. 1 Critical Thinking Approach in Computer System Validation in Line with ISPE GAMP 5 2nd Edition & FDAs Computer Software Approach 27 Quality Risk Management 1 Introducing Smart Data Collection and Tools to Cut Energy Cost 1 Energy Efficiency Technologies and Waste Management 1 The Billing System and Income Tax 1 Principles of Pharmacovigilance & Advanced Pharmacovigilance 1 An introductory to the necessary requirements, application mechanism and eligibility conditions, to support industrial establishments in achieving benefit from the programs of the Social Development Fund 2 Dust Control System 24 Data Integrity 2 Cost Management 1 Increasing Sales And Building Marketing Plans Using Artificial Intelligence 2 Bioequivalence In Tech Transfer Products 2 Nitrosamine Impurities & Risk Assessment 2 Data Exclusivity in the Pharmaceutical Industry 1 Micro Instruments Devices 69 Total Attendees 48 Total Beneficiaries * No. of Attendees Internal Training Courses No. 20 Safety in production areas 21 Good Documentation Practices in Production 3 Methods of measuring temperature and humidity rates in the raw materials warehouse and the finished materials warehouse 24 Personal Hygiene in Production 8 Good Documentation Practices in Warehouse 21 Good Documentation Practices in Packaging 18 Personal Hygiene in Packaging 19 Cleaning the production and packaging areas and changing rooms 17 Standard working method for the products’ secondary packaging process 6 R&D Product Development cycle 5 Write daily formulation experiment in the personal note book 4 Validation/Verification of Analytical Method 4 Stability testing of new products 21 Maintenance Activity 7 The standard operations procedure for using Maintenance Module on ERP system 7 Comprehensive security and protection procedures 4 Change Control Procedures 5 Corrective and Preventive Actions (CAPA) Program 3 Deviation Management 5 Process Validation 5 Acceptance Sampling for Manufactured/Packaged Products 4 Calibration 3 Computer System Validation 9 Necessary procedures upon completion of work inside the laboratory 22 Public safety in laboratories 19 Micro/QCL laboratory waste disposal 2 84 Total Attendees 148 Total Beneficiaries * * The number of beneficiaries differs from the number of attendees because some workers attend more than one training course The employee turnover rate in 2023 was about 14%.",,,,,FALSE,screen_positive,365
INVB|2024-04-29|DisclosuresDirectorsReport|jsc_DisclosureOfIssuingCompanysOrganizationalChartNumberOfItsEmployeesAndTheirClassesOfQualificationAndItsPersonnelQualifyingAndTrainingPrograms|0|en|6,INVB,2024-04-29,DisclosuresDirectorsReport,jsc_DisclosureOfIssuingCompanysOrganizationalChartNumberOfItsEmployeesAndTheirClassesOfQualificationAndItsPersonnelQualifyingAndTrainingPrograms,en,"The distribution of these employees is as follows : - Management and Branches / The Investment Bank Statement No. General Management / Abdul Hamid Sharaf Street 296 Main Branch / General Management 18 PRIME Customer Service Center for VIP Customers / General Management 14 Mecca Street Branch / Mecca Street 8 Emaar Branch / Emaar Towers 7 Taj Mall Branch / Taj Mall 7 Sweifieh Branch / Agencies Street 7 Al-Wihdat Branch / Middle East Roundabout 7 Sahab Branch / Sahab Industrial City 5 Zarqa Branch / King Hussein Street 4 Irbid Branch / Wasfi al-Tal Street 6 Aqaba Branch / Al-Nahda Street 6 Abdoun Branch / Suleiman Al-Quda Street 6 Dabouq Branch / Mohammed Ahmed Tarif Street 4 Sales Department 168 Total 563 Affiliated Companies / Invest Bank Affiliated Companies Invest Bank Supply Chain Financing Company / Al-Qastal 36 Tamkeen Leasing Company / Mecca Street 23 Jordan Commercial Facilities Company (Subsidiary of Tamkeen Leasing Company) / Shmeisani 85 Bandar Trading and Investment Company (Subsidiary of Tamkeen Leasing Company) / Madina Munawara Street 78 Total 222 4. Employee Skill Development : Stemming from the bank’s commitment to enhancing the efficiency of its employees and developing their knowledge, skills, and abilities to enable them to perform their tasks efficiently and effectively, which contributes to improving the bank’s performance and productivity and providing the highest level of services, 85% of the bank’s employees participated in a number of specialized training courses and workshops, including : Program Name Number of Employees Management Diploma Human Resource 1 Persuasive Impact Amplify Your 1 Intelligence Integration for non-AI specialists - for Managers Artificial & Executives 1 ASP.NET 9 Business writing 7 money Laundering Specialist CAMS - Certified Anti 1 Analysis Cash Flow 4 Infrastructure CBJ Public Key 4 CCNA 2 Manager (CCM) Certified Compliance 3 Examiner Certified Fraud 2 Security Manager Certified Information 1 Chat GPT 2 international Financial Reporting Diploma In 1 Dot Cyber Summit 1 Of Work AI To Augment Human HR Experts The Future Generative Workshop 1 Initiative (GRI) training course Global Reporting 1 IFRS9 6 Fintech Introduction to 1 Management Investment 1 Relations Investors 1 ISO 2007 1 Fundamental’s IT RISK 1 ITIL Foundation v4 8 Management: Advanced Skills and Competencies Legal Affairs 1 Palo Alto Training 2 leaders People skills for 1 Power BI 1 Workshop Strategic Management 3 TOT 1 Recent Amendments to the Social Security, Labor, and Tax Law 1 Priority Management and Task Completion 27 Anger and Stress Management 5 Risk Management and Financial Derivatives 5 Regulatory Compliance for Managers 1 Comprehensive Training Program for Teller Employees 6 Banking Cards and Electronic Banking Services 5 Advanced Bank Selling 4 Banking Marketing and Customer Service 13 Accounts, Bank Checks, and Electronic Clearing 6 Professional Diploma in Documentary Credits 1 Professional Diploma in Banking Credit 1 Professional Diploma for Training New Bankers 5 Master's in Finance and Banking 7 Legal Aspects of Banking Operations 8 Compliance Awareness Program for All Bank Employees 294 Cybersecurity Awareness Program for All Bank Employees 480 Operational Risk Awareness Program for All Bank Employees 381 Professional Diploma Program in Financial Analysis 3 Leadership Skills Development Program 17 English Language Training 10 Corporate Risk Rating 2 Financial Technology Applications 9 Development of Supervisors and Front-Line Managers 17 Development of Communication Skills for Employees 4 Skill Development for Collection Staff in Following Up and Collecting Debts 4 International Trade Finance and Bank Guarantees 2 Linking Financial Analysis Results to Estimating Financing Needs for Companies 2 Banking Secrecy 7 Certified Internal Control Specialist (CICS) Credential 1 Incorporating Artificial Intelligence in Banking Services 2 Syndicated Loans 1 Detecting Banking Fraud and Forgery 2 International Professional in Human Resources (PHRI) 1 Creativity and Innovation Skills 31 Sales and Marketing Skills 2",,,,,FALSE,screen_positive,621
INVB|2024-04-29|DisclosuresDirectorsReport|jsc_DisclosureOfIssuingCompanysOrganizationalChartNumberOfItsEmployeesAndTheirClassesOfQualificationAndItsPersonnelQualifyingAndTrainingPrograms|0|ar|1,INVB,2024-04-29,DisclosuresDirectorsReport,jsc_DisclosureOfIssuingCompanysOrganizationalChartNumberOfItsEmployeesAndTheirClassesOfQualificationAndItsPersonnelQualifyingAndTrainingPrograms,ar,وفيما يلي استعراض لأعداد الموظفين تبعاً لمؤهلاتهم، وتوزيعهم بين الإدارة العامة والفروع والشركات التابعة : عدد موظفي البنك والشركات التابعة وفئات مؤهلاتهم : عدد موظفي البنك وفق مؤهلاتهم (بدون الشركات التابعة): البيان العدد دكتوراه 0 ماجستير 30 دبلوم عالي 0 بكالوريوس 458 دبلوم 37 ثانوية عامة 13 دون الثانوية العامة 25 الاجمالي 563 شركة بندار البيان العدد دكتوراه 0 ماجستير 2 دبلوم عالي 0 بكالوريوس 61 دبلوم 4 ثانوية عامة 10 دون الثانوية العامة 1 الاجمالي 78 ج- شركة التسهيلات البيان العدد دكتوراه 0 ماجستير 5 دبلوم عالي 0 بكالوريوس 67 دبلوم 6 ثانوية عامة 4 دون الثانوية العامة 3 الاجمالي 85 د- شركة تمكين البيان العدد دكتوراه 0 ماجستير 2 دبلوم عالي 0 بكالوريوس 18 دبلوم 1 ثانوية عامة 2 دون الثانوية العامة 0 الاجمالي 23 هـ - شركة امداد البيان العدد دكتوراه 0 ماجستير 1 دبلوم عالي 0 بكالوريوس 17 دبلوم 3 ثانوية عامة 0 دون الثانوية العامة 15 الاجمالي 36 المستقيلين من الادارة التنفيذية العليا: السيدة / روند زياد محمد الترك / مدير تنفيذي دائرة الامتثال استقالة منذ 13/09/2023 توزيع الموظفين بين الإدارة العامة وفروع البنك والشركات التابعة: يتوزع الموظفون على كل من الإدارة العامة والفروع وشركة الاستثماري لتمويل سلسلة الإمداد وشركة تمكين للتأجير التمويلي وشركة بندار للتجارة والاستثمار وشركة التسهيلات التجارية الأردنية وفق متطلبات العمل والحاجة وبما يكفل حسن القيام بالمهام المطلوبة من كل واحد منهم ويسمح بأعلى مستويات الأداء والإنتاجية، حيث يتوزع هؤلاء الموظفون كما يلي : - الادارة والفروع /البنك الاستثماري البيان العدد الادارة العامة / شارع عبدالحميد شرف 296 الفرع الرئيسي / الادارة العامة 18 PRIME مركز خدمة كبار العملاء / الادارة العامة 14 فرع مكة / شارع مكة 8 فرع اعمار / أبراج إعمار 7 فرع تاج مول / تاج مول 7 فرع الصويفية /شارع الوكالات 7 فرع الوحدات / دوار الشرق الأوسط 7 فرع سحاب / مدينة سحاب الصناعية 5 فرع الزرقاء / شارع الملك حسين 4 فرع اربد / شارع وصفي التل 6 فرع العقبة / شارع النهضة 6 فرع عبدون / شارع سليمان القضاة 6 فرع دابوق / شارع محمد احمد طريف 4 دائرة المبيعات 168 المجموع 563 - الشركات التابعة/ البنك الاستثماري: الشركات التابعة شركة الاستثماري لتمويل سلسلة الإمداد / القسطل 36 شركة تمكين للتأجير التمويلي / شارع مكة 23 شركة التسهيلات التجارية الأردنية (تابعة لشركة تمكين للتأجير التمويلي)/ الشميساني *تابعة لشركة تمكين للتأجير التمويلي 85 شركة بندار للتجارة والاستثمار (تابعة لشركة تمكين للتأجير التمويلي)/ شارع المدينة المنورة 78 المجموع 222 تطوير مهارات الموظفين: انطلاقا من حرص البنك على تعزيز كفاءة موظفيه وتطوير معارف ومهارات وقدرات موظفيه بما يمكنهم من القيام بأعمالهم بكفاءة وفعالية ويساهم في الارتقاء بمستوى أداء وإنتاجية البنك وتقديم أفضل مستوى من الخدمات، فقد شارك ما نسبته 85 % من موظفي البنك في عدد من الدورات التدريبية المتخصصة وورشات العمل ومنها : اسم البرنامج عدد الموظفين Human Resource Management Diploma 1 Amplify Your Persuasive Impact 1 Artificial Intelligence Integration for non-AI specialists - for Managers & Executives 1 ASP.NET 9 Business writing 7 CAMS - Certified Anti money Laundering Specialist 1 Cash Flow Analysis 4 CBJ Public Key Infrastructure 4 CCNA 2 Certified Compliance Manager (CCM) 3 Certified Fraud Examiner 2 Certified Information Security Manager 1 Chat GPT 2 Diploma In international Financial Reporting 1 Dot Cyber Summit 1 Generative AI To Augment Human HR Experts The Future Of Work Workshop 1 Global Reporting Initiative (GRI) training course 1 IFRS9 6 Introduction to Fintech 1 Investment Management 1 Investors Relations 1 ISO 2007 1 IT RISK Fundamental’s 1 ITIL Foundation v4 8 Legal Affairs Management: Advanced Skills and Competencies 1 Palo Alto Training 2 People skills for leaders 1 Power BI 1 Strategic Management Workshop 3 TOT 1 اخر التعديدلات على قانون الضمان والعمل والضريبة 1 ادارة الاولويات و انجاز المهام 27 ادارة الغضب و التوتر 5 ادارة المخاطر و المشتقات المالية 5 الامتثال الرقابي للمدراء 1 البرنامج التدريبي الشامل لموظفي التلر 6 البطاقات المصرفية والخدمات المصرفية الالكترونية 5 البيع المصرفي المتقدم 4 التسويق المصرفي و خدمة العملاء 13 الحسابات والشيكات المصرفية والمقاصة الالكترونية 6 الدبلوم المهني المتخصص في الاعتمادات المستندية 1 الدبلوم المهني المتخصص في الائتمان المصرفي 1 الدبلوم المهني المتخصص لتأهيل المصرفيين الجدد 5 الماجستير في التمويل والمصارف 7 النواحي القانونية للعمليات المصرفية 8 برنامج التوعية بالامتثال لجميع موظفي البنك 294 برنامج التوعيه بالامن السيبراني لجميع موظفي البنك 480 برنامج التوعيه بمخاطر التشغيل لجميع موظفي البنك 381 برنامج الدبلوم المهني المتخصص في التحليل المالي 3 برنامج تطوير المهارات القيادية 17 تدريب اللغه الانجليزية 10 تصنيف المخاطر للشركات 2 تطبيقات التكنولوجيا المالية 9 تطوير المشرفين و مدراء الخطوط الامامية 17 تطوير مهارات موظفي الاتصال 4 تطوير مهارات موظفي التحصيل في متابعة وتحصيل الديون 4 تمويل التجارة الخارجية والكفالات المصرفية 2 ربط نتائج التحليل المالي بتقدير الإحتياجات التمويلية للشركات 2 سرية الاعمال المصرفية 7 شهادة متخصص معتمد في الرقابة الداخلية CICS 1 غرس الذكاء الإصطناعي في الخدمات المصرفية 2 قروض التجمع البنكي 1 كشف التزوير و التزييف المصرفي 2 محترف الموارد البشرية الدولي PHRI 1 مهارات الابداع و الابتكار 31 مهارات البيع و التسويق 2,,,,,FALSE,screen_positive,810
JMRC|2025-03-02|DisclosuresDirectorsReport|jsc_DisclosureOfIssuingCompanysOrganizationalChartNumberOfItsEmployeesAndTheirClassesOfQualificationAndItsPersonnelQualifyingAndTrainingPrograms|0|en|2,JMRC,2025-03-02,DisclosuresDirectorsReport,jsc_DisclosureOfIssuingCompanysOrganizationalChartNumberOfItsEmployeesAndTheirClassesOfQualificationAndItsPersonnelQualifyingAndTrainingPrograms,en,The following list shows the training courses attended by staff members during 202 4 : - The number of participants Institute Number of sessions Course Name 1 Al-Wateen Electronic Systems Company 1 File Security Management Conference 2 Institute Of Banking Studies 1 AI and Machine Learning In Fintech Realm 1 Institute Of Banking Studies 1 Open Banking 1 Institute Of Banking Studies 1 Course Of Preparing and Presenting The internal auditors Report and Working Papers 1 Fintech Academy 1 ABCs Of Fintech,,,,,FALSE,screen_positive,82
JOEP|2021-04-25|CorporateGovernanceReport|jsc-rep_DisclosureOfNameOfChairmanAndMembersOfAuditCommitteeAndADescriptionOfTheirQualificationsAndExperienceInFinancialOrAccountingMatters|0|en|0,JOEP,2021-04-25,CorporateGovernanceReport,jsc-rep_DisclosureOfNameOfChairmanAndMembersOfAuditCommitteeAndADescriptionOfTheirQualificationsAndExperienceInFinancialOrAccountingMatters,en,"AUDITING COMMITTEE MR. ISSAM BDEIR REPRESENTATIVE OF (OPTIMAL DIMENSION CO. FOR INVESTMENT) DATE OF BIRTH: 1932 GRADUATED FROM (ISLAMIC EDUCATIONAL COLLEGE) , SECONDARY SCHOOL CERTIFICATE IN 1951 BACHELOR OF BUSINESS ADMINISTRATION & ACCOUNTING FROM (THE AMERICAN UNIVERSITY / BEIRUT) IN 1955 MASTER DEGREE IN BUSINESS ADMINISTRATION & ACCOUNTING FROM (UNIVERSITY OF MICHIGAN) U.S.A IN 1958 PRACTICAL EXPERIENCE PRIVATE BUSINESS AT THE BEGINNING OF 1958 & SUPERVISING THE (JORDANIAN BUILDING MATERIALS CO.) BOARD OF DIRECTORS' MEMBER OF (JORDAN KUWAIT BANK) UNTIL THE END OF OCT., 2017 CHAIRMAN OF THE BOARD OF DIRECTORS / ELICO CHAIRMAN / MEMBER OF BOARD OF DIRECTORS FOR MANY COMPANIES AND CHARITIES MEMBER OF THE ADMINISTRATIVE BOARD OF THE (JORDANIAN BUSINESSMEN ASSOCIATION) MEMBER OF THE NATIONAL COMMITTEE FOR DRAFTING (THE NATIONAL CHARTER) 1990 – 1991 FORMER BOARD OF DIRECTORS' MEMBER FOR (NATIONAL AID FUND) FORMER MEMBER OF (THE JORDANIAN SENATES) FORMER MEMBER OF THE BOARD OF TRUSTEES OF THE UNIVERSITY OF JORDAN FORMER BOARD OF DIRECTORS' MEMBER / CHAIRMAN OF (AMMAN CHAMBER OF INDUSTRY) FORMER BOARD OF DIRECTORS' MEMBER FOR (DEPOSITE INSURANCE CORPORATION) FORMER MEMBER OF CURRICULUM ADMINISTRATION / MINISTRY OF EDUCATION - MR. FARES AL-MUASHER DATE OF BIRTH: 1949 BACHELOR OF CIVIL ENGINEERING FROM (THE AMERICAN UNIVERSITY / BEIRUT) IN 1972 PRACTICAL EXPERIENCE BOARD OF DIRECTORS' MEMBER OF (FIBERTECH) BOARD OF DIRECTORS' VICE CHAIRMAN OF (LIGHTNING GATE FOR CLOUD SERVICES CO.) GENERAL MANAGER FOR (MUASHER BROS.",,,,,FALSE,screen_positive,230
JOEP|2021-04-25|DisclosuresDirectorsReport|jsc_TheMembersOfBoardOfDirectorsNamesAndNamesAndRanksOfSeniorExecutiveManagementWithBriefResumeOfEach|0|en|1,JOEP,2021-04-25,DisclosuresDirectorsReport,jsc_TheMembersOfBoardOfDirectorsNamesAndNamesAndRanksOfSeniorExecutiveManagementWithBriefResumeOfEach,en,MR. OTHMAN “MOH'D ALI” OTHMAN BDEIR / VICE CHAIRMAN DATE OF BIRTH: 1938 BACHELOR OF BUSINESS ADMINISTRATION FROM (THE UNIVERSITY OF TENNESSEE) U.S.A IN 1963 BACHELOR OF CIVIL ENGINEERING FROM (THE UNIVERSITY OF TENNESSEE) U.S.A IN 1966 PRACTICAL EXPERIENCE CHAIRMAN / MEMBER OF BOARD OF DIRECTORS FOR MANY PRIVATE AND PUBLIC COMPANIES FORMER HEAD OF THE JORDANIAN INSURANCE FEDERATION FORMER CHAIRMAN OF THE BOARD OF TRUSTEES OF THE GERMAN JORDANIAN UNIVERSITY BOARD OF DIRECTORS' CHAIRMAN OF (LIGHTNING GATE FOR CLOUD SERVICES CO.) BOARD OF DIRECTORS' CHAIRMAN OF (FIBERTECH) CHAIRMAN / MEMBER OF BOARD OF DIRECTORS FOR MANY CHARITIES MR. FARES ELIAS EISA AL-MUASHER / MEMBER DATE OF BIRTH: 1949 BACHELOR OF CIVIL ENGINEERING FROM (THE AMERICAN UNIVERSITY / BEIRUT) IN 1972 PRACTICAL EXPERIENCE BOARD OF DIRECTORS' MEMBER OF (FIBERTECH) BOARD OF DIRECTORS' VICE CHAIRMAN OF (LIGHTNING GATE FOR CLOUD SERVICES CO.) GENERAL MANAGER FOR (MUASHER BROS.,,,,,FALSE,screen_positive,146
JOEP|2021-04-25|DisclosuresDirectorsReport|jsc_TheMembersOfBoardOfDirectorsNamesAndNamesAndRanksOfSeniorExecutiveManagementWithBriefResumeOfEach|0|en|7,JOEP,2021-04-25,DisclosuresDirectorsReport,jsc_TheMembersOfBoardOfDirectorsNamesAndNamesAndRanksOfSeniorExecutiveManagementWithBriefResumeOfEach,en,"MR. BASSAM MARWAN MOHAMMAD MADI / MEMBER DATE OF BIRTH : 1967 BACHELOR OF COMPUTER ENGINEERING FROM (IOWA STATE UNIVERSITY ) U.S.A IN 1987 MASTER DEGREE IN COMPUTER SCIENCES FROM (IOWA STATE UNIVERSITY ) U.S.A IN 1990 MASTER DEGREE IN BUSINESS ADMINISTRATION FROM (SOUTHERN METHODIST / SMU UNIVERSITY ) U.S.A IN 1995 PRACTICAL EXPERIENCE TECHNICAL & MANAGEMENT POSITIONS AT ERICCSSON 1990 - 2001 MANAGEMENT POSITIONS AT INFORMATICS & COMMUNICATION COMPANIES / U.S.A AND JORDAN 2001 – 2005 GENERAL MANAGER OF EUROPE, AFRICA AND MIDDLE EAST REGION AT (MOBILIYUM) FROM 2005 MR. NAJIB BAKHIT NAJIB AL-BAKHIT / MEMBER AS OF 11 JUNE, 2020 DATE OF BIRTH: 1984 BACHELOR OF BUSINESS ADMINISTRATION WITH INFORMATION TECHNOLOGY FROM (UNIVERSITY OF LEEDS) / UNITED KINGDOM IN 2005 MASTER DEGREE IN PROJECT MANAGEMENT FROM ( LEEDS BECKETT UNIVERSITY ) / UNITED KINGDOM IN 2006 PRACTICAL EXPERIENCE SALES AND MARKETING DIRECTOR OF (MODERN FLOUR MILLS & MACARONI FACTORIES CO. LTD.) FROM 2007 - 2009 SALES AND MARKETING DIRECTOR OF (MODERN FLOUR MILLS & MACARONI FACTORIES CO. LTD.) FROM 2015 - PRESENT BOARD OF DIRECTORS' MEMBER / (MODERN FLOUR MILLS & MACARONI FACTORIES CO. LTD.) FROM 2019 - PRESENT SALES DIRECTOR OF (TRIAL TECHNICAL SERVICES CO. / ABU JABER GROUP) AMMAN – DUBAI 2009 - 2015 SOCIAL SECURITY CORPORATION / MEMBER REPRESENTED BY MR. ZAIDOUN MAMDOUH ABDULRAHMAN ABU HASSAN / MEMBER DATE OF BIRTH : 1968 BACHELOR OF FINANCIAL MANAGEMENT AND BUSINESS ADMINISTRATION FROM (UNIVERSITY OF SOUTHERN CALIFORNIA / USC) / IN 1988 TRAINING PROJECT AT BANK OF AMERICA PREFERRED BANKING PROGRAM PRACTICAL EXPERIENCE HEAD ASSISTANT OF BANK OF AMERICA – U.S.A / CALIFORNIA BANK OF AMERICA LOS ANGELES PREFERRED BANKING OFFICER 1989 – 1993 GENERAL MANAGER OF ORIENT ARTS FOUNDATION FOR ANTIQUES AND GIFTS / FREE BUSINESS IN THE MANUFACTURE OF CERAMICS, ORIENTAL ANTIQUES AND GIFTS/COMMERCIAL MANAGER FOR IMPORTING AND DISTRIBUTING ALL SEAFOOD 1993 – 2000 DIRECTOR OF THE FINANCE UNIT AT JAIDAH MOTORS / DOUHA- QATAR 2000 – 2001 CONTRACTS MANAGER AT UNITED MACHINERY COMPANY AGENT OF IBM (UBM UNITED BUSINESS MACHINES) ERP SOLUTIONS JD EDWARDS – JORDAN 2001 – 2002 SEVERAL POSITIONS AT SOCIAL SECURITY INVESTMENT FUND SINCE ITS ESTABLISHMENT IN 2002 TO THE PRESENT TIME, THE MOST RECENT IS A CONSULTANT OF THE HEAD OF SOCIAL SECURITY INVESTMENT FUND.",,,,,FALSE,screen_positive,375
JOEP|2021-04-25|DisclosuresDirectorsReport|jsc_TheMembersOfBoardOfDirectorsNamesAndNamesAndRanksOfSeniorExecutiveManagementWithBriefResumeOfEach|0|en|8,JOEP,2021-04-25,DisclosuresDirectorsReport,jsc_TheMembersOfBoardOfDirectorsNamesAndNamesAndRanksOfSeniorExecutiveManagementWithBriefResumeOfEach,en,"DIRECTOR OF THE FINANCIAL, ADMINISTRATIVE & HUMAN RESOURCES DEPARTMENT - STRATEGIC INVESTMENT CONSULTANT AND RESEARCHER TO THE GENERAL MANAGER OF SOCIAL SECURITY CORP. FROM 2008 – 2011 AND LATER DIRECTOR OF FINANCING PROJECTS AND SPECIAL CONTRIBUTIONS BOARD OF DIRECTORS' MEMBER / (LIGHTNING GATE FOR CLOUDSERVICES CO.) FROM 16 AUG., 2020 FORMER BOARD OF DIRECTORS' MEMBER / ARAB ALUMINIUM INDUSTRY CO. LTD. (ARAL) , ALRAI, GENERAL ELECTRICITY GENERATING CO. MEMBER AT JORDAN STRATEGY FORUM WRITER AND EDITOR OF SEVERAL COLUMNS, ARTICLES, ECONOMIC AND SOCIAL ARTICLES WHICH WERE PUBLISHED IN THE LOCAL NEWSPAPERS (ALRAI, AL GHAD AND JORDAN TIMES) SOCIAL SECURITY CORPORATION / MEMBER REPRESENTED BY MR. MOUSA ABDULLTAIF HUSSEIN AL-SUBEIHI / MEMBER UNTIL 15 AUG., 2020 DATE OF BIRTH : 1962 BACHELOR OF LAW / DIPLOMA IN INFORMATION TECHNOLOGY PRACTICAL EXPERIENCE JOURNALIST AND WRITER CULTURAL AND MEDIA AFFAIRS OFFICIAL – PRINCE ABDULRAHMAN AL- SUDAIRY FOUNDATION / KINGDOM OF SAUDI ARABIA AND SECRETARY EDITOR OF (ADUMATU JOURNAL) SPECIALIZES IN RESEARCHES RELATED TO THE ANTIQUITIES OF THE ARAB WORLD ( 1997 – 2000) HEAD OF MEDIA & PUBLIC RELATIONS – SOCIAL SECURITY CORP.( 2001-2003) GENERAL ADMINISTRATIVE & MEDIA COORDINATOR / GENERAL RETIREMENT AND SOCIAL INSURANCE AUTHORITY / QATAR (2004 – 2008) MEDIA CENTER DIRECTOR & OFFICIAL SPOKSMAN OF SOCIAL SECURITY CORP. 2008 – 15 SEPT., 2020 GENERAL MANAGER OF FOR SOCIAL SECURITY CORP. / NORTH AMMAN FROM 16 SEPT., 2020 – PRESENT BOARD OF DIRECTORS' MEMBER – ADDUSTOUR NEWSPAPER (2009 – 2017) AND FOR SEVERAL CYCLES MEMBER AT ARAB ORGANIZATION FOR HUMAN RIGHTS MEMBER AT JORDANIAN WRITERS ASSOCIATION MEMBER OF THE CONSTITUENT BODY AND BOARD OF DIRECTORS' MEMBER OF THE ETTIDAL FORUM FOR THOUGHT AND CULTURE BOARD OF DIRECTORS' MEMBER / (LIGHTNING GATE FOR CLOUD SERVICES CO.) UNTIL 15 AUG., 2020 BOARD OF DIRECTORS' MEMBER / JRCD AS FROM 16 AUG., 2020 SOCIAL SECURITY CORPORATION / MEMBER REPRESENTED BY MR. NATHEER MOH'D SALEM AL-SMADI / MEMBER AS OF 16 AUG., 2020 DATE OF BIRTH : 1962 BACHELOR OF PUBLIC RELATIONS / JOURNALISM & MEDIA IN 1985 PRACTICAL EXPERIENCE ASSISTANT GENERAL MANAGER / SOCIAL SECURITY CORP. FOR SOUTH AFFAIRS BOARD OF DIRECTORS' MEMBER / MOTRABETAH INVESTMENT CO. (P.S.C) BOARD OF DIRECTORS' MEMBER / SHERCO (SHBC) BOARD OF DIRECTORS' MEMBER / ARAB EAST INVESTMENT CO. SENIOR EXECUTIVE MANAGEMENT ENG.",,,,,FALSE,screen_positive,374
JOEP|2021-04-25|DisclosuresDirectorsReport|jsc_TheMembersOfBoardOfDirectorsNamesAndNamesAndRanksOfSeniorExecutiveManagementWithBriefResumeOfEach|0|en|10,JOEP,2021-04-25,DisclosuresDirectorsReport,jsc_TheMembersOfBoardOfDirectorsNamesAndNamesAndRanksOfSeniorExecutiveManagementWithBriefResumeOfEach,en,"MR. HASSAN MAHMOUD HASSAN ABDULLAH GENERAL MANAGER AS OF 7 JAN., 2020 DATE OF BIRTH : 1969 DATE OF APPOINTMENT : 1993 BACHELOR OF ELECTRICAL ENGINEERING FROM (UNIVERSITY OF JORDAN) IN 1992 BOARD OF DIRECTORS' MEMBER & SECRETARY OF (LIGHTNING GATE FOR CLOUD SERVICES CO.) BOARD OF DIRECTORS' MEMBER OF (FIBERTECH) BOARD OF DIRECTORS' MEMBER OF (MIYAHUNA) VICE PRESIDENT OF THE JORDANIAN SEGRI ASSOCIATION PRACTICAL EXPERIENCE THE JORDANIAN ELECTRIC POWER CO. LTD. (JEPCO) / ELECTRICAL ENGINEER AT PACKAGE SUBSTATIONS DEPARTMENT ENGINEER / CONSTRUCTION & EXECUTION DEPARTMENT ENGINEER / PLANNING & STUDIES DIVISION HEAD OF TECHNICAL SYSTEMS DEPARTMENT / HE UNDERTOOK THE PROJECTS OF REPLACING AND DEVELOPING SCADA SYSTEM, GIS SYSTEM, CALL CENTER SYSTEM, OPTICAL FIBER SYSTEM AND SUBSTATIONS AUTOMATION PROJECT HEAD OF TECHNICAL SYSTEMS DIVISION HEAD OF TECHNICAL SYSTEMS AND BILLING DIVISION MANGER OF ELECTRICAL NETWORK AND STRATEGIC PLANNING GENERAL MANAGER OF JEPCO AS OF 7 JAN., 2020 MR. AYMAN KHALIL OTHMAN ABU SHANAB DEPUTY GENERAL MANAGER / FINANCIAL MANAGER DATE OF BIRTH : 1963 DATE OF APPOINTMENT : 1985 BACHELOR OF ACCOUNTING & BUSINESS ADMINISTRATION FROM (UNIVERSITY OF JORDAN) IN 1983 MASTER DEGREE IN FINANCIAL MANAGEMENT AND FINANCE FROM THE ARAB ACADEMY FOR BANKING & FINANCIAL SCIENCES IN 2002 CCFC , CHMC , CCS CERTIFICATES PRACTICAL EXPERIENCE FORMER ACCOUNTANT AT THE MINISTRY OF DEFENSE / THE SPECIAL COMMUNICATIONS COMMISSION / AMMAN ACCOUNTANT AT JEPCO IN 1985 ASSISTANT HEAD OF ACCOUNTING DEPT.",,,,,FALSE,screen_positive,232
JOEP|2025-04-30|DisclosuresDirectorsReport|jsc_TheMembersOfBoardOfDirectorsNamesAndNamesAndRanksOfSeniorExecutiveManagementWithBriefResumeOfEach|0|en|68,JOEP,2025-04-30,DisclosuresDirectorsReport,jsc_TheMembersOfBoardOfDirectorsNamesAndNamesAndRanksOfSeniorExecutiveManagementWithBriefResumeOfEach,en,Member and Secretary of the board of directors of lightening gate for cloud computing co. Deputy General Manager for financial affairs Mr. Ayman Khalil Othman Abu Shanab Date of birth: 1963 Bachelor of accounting & business administration from university of Jordan in 1983.,,,,,FALSE,screen_positive,43
JTEL|2025-04-24|DisclosuresDirectorsReport|jsc_TheMembersOfBoardOfDirectorsNamesAndNamesAndRanksOfSeniorExecutiveManagementWithBriefResumeOfEach|0|en|151,JTEL,2025-04-24,DisclosuresDirectorsReport,jsc_TheMembersOfBoardOfDirectorsNamesAndNamesAndRanksOfSeniorExecutiveManagementWithBriefResumeOfEach,en,"He served as Director of Data & AI at Orange Belgium from 2022 to 2024, where he led a major cloud migration project.",,,,,FALSE,screen_positive,23
JTEL|2025-04-24|DisclosuresDirectorsReport|jsc_TheMembersOfBoardOfDirectorsNamesAndNamesAndRanksOfSeniorExecutiveManagementWithBriefResumeOfEach|0|ar|115,JTEL,2025-04-24,DisclosuresDirectorsReport,jsc_TheMembersOfBoardOfDirectorsNamesAndNamesAndRanksOfSeniorExecutiveManagementWithBriefResumeOfEach,ar,فقد شغل منصب مدير البيانات والذكاء الاصطناعي في أورنج بلجيكا من 2022 إلى 2024، حيث قاد مشروعاً كبيراً للتّحول إلى الحوسبة السحابيّة.,,,,,FALSE,screen_positive,22
PROF|2025-04-27|DisclosuresDirectorsReport|jsc_TheMembersOfBoardOfDirectorsNamesAndNamesAndRanksOfSeniorExecutiveManagementWithBriefResumeOfEach|0|en|4,PROF,2025-04-27,DisclosuresDirectorsReport,jsc_TheMembersOfBoardOfDirectorsNamesAndNamesAndRanksOfSeniorExecutiveManagementWithBriefResumeOfEach,en,"Name of Representative Member of the Board of Directors: Engineer Ahmed Qasim Muhammad Al-Samara - Born in 1958 Position: Chairman of the Board of Directors, effective April 12, 2023 Academic Qualifications: Bachelor's Degree in Architecture (1981) Membership on the Boards of Directors of Other Companies and Professional Experience: 2018-Present: President of the Jordanian Engineers Association 2024-Present: Member of the Board of Directors of the Jordan Petroleum Refinery Company 2023-Present: Member of the Development Zones Council 2023-Present: Member of the Economic and Social Council 2022-Present: Member of the Board of Directors of the Jordan Petroleum Refinery Company 2022-Present: Chairman of the Board of Directors of the Arab Center for Engineering Arbitration 2022-2024: Member of the Board of Directors of the Jordan Oil Industries Company 2021-2022: President of the Federation of Arab Engineers 2018-Present: Member of the Jordanian National Building Council 2018-Present: Member of the Supreme Population Council 2018-Present Member of the Board of Directors of the General Corporation for Housing and Urban Development 2018-Present Chairman of the Higher Council for Professional Qualification and Accreditation 2018-Present Chairman of the Board of Trustees of the Center for Engineering Studies and Research 2016-Present Member of the Board of Trustees of the University of Science and Technology 1992-Present Founder and CEO of Mada Engineering Consulting Courses Total Quality Management - Jordan Engineers Association in cooperation with Lloyds Contracts and Claims - Arab Engineering Consulting Offices and Institutions Arbitration and Dispute Resolution - Arab Arbitration Council Strategic Planning - Jordan Engineers Association Committee Memberships Member of the Royal Commission to Investigate the Dead Sea Incident Member of the Political System Modernization Committee Member of the Local Administration Committee: Political System Conferences The Arab City and Contemporary Challenges - Jordan Engineers Association Energy Sector Policies and Climate Change - Jordan Society for Combating Desertification and Badia Safety in the Construction Sector - University of Jordan Housing and Financing Policies in Jordan - Jordan Engineers Association The Role of Arab Engineers in Development Plans - Federation of Arab Engineers Regional Planning and Local Administration - Governorate Damascus Towers and High-Rise Buildings - Greater Amman Municipality and the Jordanian Engineers Association Land and Resort Engineering - Jordanian Architects Association Numerous conferences on network security, cybersecurity, and artificial intelligence Numerous conferences on architectural, civil, chemical, and mechanical engineering # Board Member Profile 2 Arab East Company for Financial and Economic Investments As of April 11, 2023 - Public Shareholding Company - Registered under No. 268 - Date of Establishment: January 12, 1995 - Company Capital: 47,000,000 Jordanian Dinars - Company Principal Activity: Real Estate Investment and Development, and Financial Investments in Stocks and Companies. - Establishing various types of investment projects and participating and contributing with natural or legal persons in owning, managing, and investing in such projects.",,,,,FALSE,screen_positive,458
PROF|2025-04-27|DisclosuresDirectorsReport|jsc_TheMembersOfBoardOfDirectorsNamesAndNamesAndRanksOfSeniorExecutiveManagementWithBriefResumeOfEach|0|ar|1,PROF,2025-04-27,DisclosuresDirectorsReport,jsc_TheMembersOfBoardOfDirectorsNamesAndNamesAndRanksOfSeniorExecutiveManagementWithBriefResumeOfEach,ar,"إسم ممثل عضو مجلس الإدارة المهندس أحمد قاسم محمد السمارة - مواليد عام 1958م المنصـب رئيس مجلس الإدارة إعتباراً من 12/04/2023 الشهادات العلمية بكالوريوس هندسة معمارية (1981)م العضوية في مجالس إدارة الشركات الأخرى والخبرات العملية 2018-لتاريخه نقيب المهندسين الأردنيين 2024-لتاريخه عضو مجلس إدارة شركة مصفاة البترول الأردنية 2023-لتاريخه عضو مجلس المناطق التنموية 2023-لتاريخه عضو المجلس الإقتصادي والاجتماعي 2022-لتاريخه عضو مجلس إدارة شركة مصفاة البترول الأردنية 2022-لتاريخه رئيس مجلس إدارة المركز العربي للتحكيم الهندسي 2022-2024 عضو مجلس إدارة الشركة الأردنية لصناعة الزيوت 2021-2022 رئيس إتحاد المهندسين العرب 2018-لتاريخه عضو مجلس البناء الوطني الأردني 2018-لتاريخه عضو المجلس الأعلى للسكان 2018-لتاريخه عضو مجلس إدارة المؤسسة العامة لل إسكان والتطوير الحضري 2018-لتاريخه رئيس المجلس الأعلى للتأهيل و الاعتماد المهني 2018-لتاريخه رئيس مجلس الأمناء مركز الدراسات والبحوث الهندسية 2016-لتاريخه عضو مجلس أمناء جامعة العلوم والتكنولوجيا 1992-لتاريخه المؤسس والرئيس ال تنفيذي –مدى للاستشارات الهندسية الدورات إدارة الجودة الشاملة - نقابة المهندسين الأردنيين بالتعاون مع LLOYDS العقود والمطالبات - هيئة المكاتب والمؤسسات الهندسية الإستشارية العربية التحكيم وتسوية المنازعات – مجلس التحكيم العربي التخطيط الاستراتيجي – نقابة المهندسين الأردنيين عضويات اللجان عضو اللجنة الملكية للتحقيق في حادثة البحر الميت عضو لجنة تحديث النظام السياسي عضو لجنة الإدارة المحلية النظام السياسي المؤتمرات المدينة العربية والتحديات المعاصرة – نقابة المهندسين الأردنيين سياسات قطاع الطاقة وتغير المناخ - الجمعية الأردنية لمكافحة التصحر والبادية السلامة في قطاع البناء – الجامعة الأردنية سياسات الإسكان والتمويل في الأردن – نقابة المهندسين الأردنيين دور المهندسين العرب في خطط التنمية - اتحاد المهندسين العرب التخطيط الإقليمي والإدارة المحلية - محافظة دمشق الأبراج والمباني الشاهقة - أمانة عمان الكبرى ونقابة المهندسين الأردنيين هندسة الأراضي والمنتجعات السياحية - جمعية المعماريين الأردنيين العديد من المؤتمرات حول أمن شبكات، الأمن السيبراني، الذكاء الاصطناعي العديد من المؤتمرات حول الهندسة المعمارية والمدنية والكيميائية والميكانيكية # عضو مجلس الإدارة نبذة تعريفية 2 شركة الشرق العربي للاستثمارات المالية والاقتصادية إعتباراً من 11/04/2023 شركة مساهمة عامة مسجلة تحت رقم 268 تاريخ التاسيس 12/01/1995 راس مال الشركة 47,000,000 دينار نشاط الشركة الرئيسي : الإستثمار والتطوير العقاري والإستثمارات المالية في الأسهم والشركات .",,,,,FALSE,screen_positive,326
ZEIC|2023-02-07|DisclosuresDirectorsReport|jsc_DisclosureOfCompanysAccomplishmentsSupportedByQuantitativeIndicatorsAndDescriptionOfSignificantOccurrencesToCompanyDuringFiscalYear|0|en|6,ZEIC,2023-02-07,DisclosuresDirectorsReport,jsc_DisclosureOfCompanysAccomplishmentsSupportedByQuantitativeIndicatorsAndDescriptionOfSignificantOccurrencesToCompanyDuringFiscalYear,en,"Second: Activities Held at the University 1. The Faculty of Economics and Administrative Sciences at Zarqa University obtained full AACSB membership on 26/1/2022. 2. Congratulations on the occasion of the birthday of His Majesty the King on 29/1/2022. 3. The British Council honors Dr. Bushra Zalloum, Head of the Architecture Department at the Faculty of Technology Engineering at Zarqa University, on 3/2/2022, in honor of her qualification for the final stage of the British University Graduates Award. 4. Zarqa University renews allegiance to His Majesty the King on 7/2/2022. 5. Zarqa University organizes courses for Public Security employees on 7/2/2022. 6. Zarqa University obtained the British Accreditation Certificate (ASIC) on 17/2/2022. 7. Students of the Faculty of Information Technology at Zarqa University won two awards in artificial intelligence on 13/3/2022. 8. looking into cooperation between Zarqa University and the global QS Foundation on 26/3/2022. 9. The Faculty of Economics at Zarqa University obtained a quality assurance certificate on 25/4/2022. 10.",,,,,FALSE,screen_positive,160
ZEIC|2023-02-07|DisclosuresDirectorsReport|jsc_DisclosureOfDirectorsReport|0|ar|54,ZEIC,2023-02-07,DisclosuresDirectorsReport,jsc_DisclosureOfDirectorsReport,ar,المستشارون * الهيئة العامة مجلس الإدارة رئيس مجلس الإدارة مدير عام المدارس مدير عام الشركة المستشارون · قسم المساهمين قسم اللوازم والعطاءات قسم المحاسبة شؤون الموظفين الديوان التدقيق و الرقابة الداخلية أمانة سر المجلس 9-أ - الهيكل ا+لتنظيمي للشركة الزرقاء للتعليم والاستثمار المستشارون من خارج الشركة 9- د - الهيكل التنظيمي لجامعة الزرقاء مجلس الأمناء المستشارون وحدة الرقابة الداخلية رئيس الجامعة مجلس الجامعة مكتب الرئيس مجلس العمداء نواب الرئيس مستشارو الرئيس ديوان الرئاسة وأمانة سر المجالس العمادات الدوائر والمراكز عميد كلية الشريعة عميد كلية الآداب عميدالبحث العلمي مدير العلاقات الثقافية والعامة مدير المكتبة عميد كلية العلوم عميد كلية الاقتصاد والعلوم الإدارية عميد الدراسات المسائية مدير الشؤون المالية مدير وحدة التطوير وضمان الجودة عميد كلية العلوم التربوية عميد كلية الحقوق عميد شؤون الطلبة مدير الموارد البشرية مدير وحدة التعاون الدولي عميد كلية العلوم الطبية عميد كلية التمريض عميد القبول والتسجيل مدير الخدمات العامة مدير وحدة الترجمة عميد كلية الهندسة التكنولوجية عميد كلية الصيدلة مدير الخدمات الطبية والتأمين الصحي مدير وحدة التعليم المدمج عميد كلية الفنون والتصميمم عميد الدراسات العليا مدير اللوازم والمشتريات مدير وحدة الابداع وريادة الأعمال عميد كلية الإعلام عميد كلية تكنولوجيا المعلومات مدير المركز الثقافي الإسلامي مدير مركز الحاسوب عميد كلية طب الأسنان مدير مركز التعليم المستمر مدير مركز اللغات مدير مركز التعلم الإلكتروني مدير مركز أبحاث الطاقة مجلس الأمناء أمانة سر المجلس عميد الكليـة وحدة الرقابة والتدقيق 9-ج - الهيكل التنظيمي لكلية الزرقاء التقنية المتوسطة نائب العميد مجلس الكلية قسم صيانة المركبات الكهربائية وتكنولوجيا الطاقة المتجددة قسم هندسة العمارة والتصميم الداخلي قسم الميديا الرقيمة (الإعلام الرقمي) وفنون الرسوم المتحركة قسم الأمن السيبراني وهندسة الذكاء الاصطناعي الديوان الدائرة المالية تخصص صيانة المركبات الكهربائية تخصص تكنولوجيا الطاقة المتجددة تخصص الميديا الرقمية تخصص فنون الرسوم المتحركة تخصص الأمن السيبراني تخصص هندسة الذكاء الاصطناعي 9- د - الهيكل التنظيمي لرياض ومدارس جامعة الزرقاء رئيس مجلس الإدارة المدير العام نائب المدير العام وحدة الإشراف قسم الديوان السكرتاريا قسم الإشراف والتدريب قسم ضمان الجودة قسم التسجيل وشؤون الطلبة قسم المالية قسم الموارد البشرية قسم نظم المعلومات قسم السيطرة قسم الخدمات العامة قسم التصميم والإعلام قسم العيادة الطبية شعبة المحاسبة شعبة الصندوق شعبة اللوازم والمشتريات شعبة الأمن شعبة خدمة المكاتب شعبة الحركة شعبة الصيانة شعبة العيادة الطبية (ثانوية البنات) شعبة العيادة الطبية (ثانوية البنين) مدير الروضة مدير المدرسة الأساسية مدير المدرسة الثانوية / بنات مدير المدرسة الثانوية/ بنين السكرتاريا مشرفة الطابق منسقة المادة السكرتاريا السكرتاريا السكرتاريا الهيئة التدريسية المساعدة المساعدة المساعد مشرفة المختبر مشرفوا المختبر مشرفوا المختبر منسقة المادة منسقة المادة منسق المادة مشرفة الطابق مشرفة الطابق مشرف الطابق الهيئة التدريسية الهيئة التدريسية الهيئة التدريسية أمينة المكتبة أمينة المكتبة أمين المكتبة المرشدة المرشدة المرشد معلمة المصادر مشرفة الثانوية العامة مشرف الثانوية العامة هيئة المديرين رئيس هيئة المديرين نائب رئيس هيئة المديرين المدير الإداري المستشارون · مدير قناة الإذاعة مدير قناة التلفزيون مدير مصنع مياه زاركي مدير مسرح زاركي المدير المالي الديوان 9-هـ - الهيكل التنظيمي للشركة التابعة [ شركة الضوء الساطع للبث الفضائي والإذاعي (ذ.م.م) ] المستشارون من خارج الشركة 9 -ب- عدد موظفي الشركة وفئات مؤهلاتهم : المؤهل العلمي عدد موظفي الشركة واستثماراتها عدد موظفي الشركة التابعة دكتوراه 292 - ماجستير 90 - دبلوم عالي 12 - بكالوريس 426 5 دبلوم 71 3 ثانوية عامة 156 1 دون الثانوية العامة 156 - إجمالي عدد الموظفين 1597 9 9 -ج- برامج التأهيل والتدريب لموظفي الشركة : تواصل الشركة رفع كفاءة ومهارة العاملين لديها من خلال برامج التدريب والتأهيل داخل وخارج الجامعة.,,,,,FALSE,screen_positive,546
ZEIC|2023-02-07|DisclosuresDirectorsReport|jsc_DisclosureOfIssuingCompanysOrganizationalChartNumberOfItsEmployeesAndTheirClassesOfQualificationAndItsPersonnelQualifyingAndTrainingPrograms|0|ar|0,ZEIC,2023-02-07,DisclosuresDirectorsReport,jsc_DisclosureOfIssuingCompanysOrganizationalChartNumberOfItsEmployeesAndTheirClassesOfQualificationAndItsPersonnelQualifyingAndTrainingPrograms,ar,الهيئة العامة مجلس الإدارة رئيس مجلس الإدارة مدير عام المدارس مدير عام الشركة المستشارون · قسم المساهمين قسم اللوازم والعطاءات قسم المحاسبة شؤون الموظفين الديوان التدقيق و الرقابة الداخلية أمانة سر المجلس 9-أ - الهيكل ا+لتنظيمي للشركة الزرقاء للتعليم والاستثمار المستشارون من خارج الشركة 9- د - الهيكل التنظيمي لجامعة الزرقاء مجلس الأمناء المستشارون وحدة الرقابة الداخلية رئيس الجامعة مجلس الجامعة مكتب الرئيس مجلس العمداء نواب الرئيس مستشارو الرئيس ديوان الرئاسة وأمانة سر المجالس العمادات الدوائر والمراكز عميد كلية الشريعة عميد كلية الآداب عميدالبحث العلمي مدير العلاقات الثقافية والعامة مدير المكتبة عميد كلية العلوم عميد كلية الاقتصاد والعلوم الإدارية عميد الدراسات المسائية مدير الشؤون المالية مدير وحدة التطوير وضمان الجودة عميد كلية العلوم التربوية عميد كلية الحقوق عميد شؤون الطلبة مدير الموارد البشرية مدير وحدة التعاون الدولي عميد كلية العلوم الطبية عميد كلية التمريض عميد القبول والتسجيل مدير الخدمات العامة مدير وحدة الترجمة عميد كلية الهندسة التكنولوجية عميد كلية الصيدلة مدير الخدمات الطبية والتأمين الصحي مدير وحدة التعليم المدمج عميد كلية الفنون والتصميمم عميد الدراسات العليا مدير اللوازم والمشتريات مدير وحدة الابداع وريادة الأعمال عميد كلية الإعلام عميد كلية تكنولوجيا المعلومات مدير المركز الثقافي الإسلامي مدير مركز الحاسوب عميد كلية طب الأسنان مدير مركز التعليم المستمر مدير مركز اللغات مدير مركز التعلم الإلكتروني مدير مركز أبحاث الطاقة مجلس الأمناء أمانة سر المجلس عميد الكليـة وحدة الرقابة والتدقيق 9-ج - الهيكل التنظيمي لكلية الزرقاء التقنية المتوسطة نائب العميد مجلس الكلية قسم صيانة المركبات الكهربائية وتكنولوجيا الطاقة المتجددة قسم هندسة العمارة والتصميم الداخلي قسم الميديا الرقيمة (الإعلام الرقمي) وفنون الرسوم المتحركة قسم الأمن السيبراني وهندسة الذكاء الاصطناعي الديوان الدائرة المالية تخصص صيانة المركبات الكهربائية تخصص تكنولوجيا الطاقة المتجددة تخصص الميديا الرقمية تخصص فنون الرسوم المتحركة تخصص الأمن السيبراني تخصص هندسة الذكاء الاصطناعي 9- د - الهيكل التنظيمي لرياض ومدارس جامعة الزرقاء رئيس مجلس الإدارة المدير العام نائب المدير العام وحدة الإشراف قسم الديوان السكرتاريا قسم الإشراف والتدريب قسم ضمان الجودة قسم التسجيل وشؤون الطلبة قسم المالية قسم الموارد البشرية قسم نظم المعلومات قسم السيطرة قسم الخدمات العامة قسم التصميم والإعلام قسم العيادة الطبية شعبة المحاسبة شعبة الصندوق شعبة اللوازم والمشتريات شعبة الأمن شعبة خدمة المكاتب شعبة الحركة شعبة الصيانة شعبة العيادة الطبية (ثانوية البنات) شعبة العيادة الطبية (ثانوية البنين) مدير الروضة مدير المدرسة الأساسية مدير المدرسة الثانوية / بنات مدير المدرسة الثانوية/ بنين السكرتاريا مشرفة الطابق منسقة المادة السكرتاريا السكرتاريا السكرتاريا الهيئة التدريسية المساعدة المساعدة المساعد مشرفة المختبر مشرفوا المختبر مشرفوا المختبر منسقة المادة منسقة المادة منسق المادة مشرفة الطابق مشرفة الطابق مشرف الطابق الهيئة التدريسية الهيئة التدريسية الهيئة التدريسية أمينة المكتبة أمينة المكتبة أمين المكتبة المرشدة المرشدة المرشد معلمة المصادر مشرفة الثانوية العامة مشرف الثانوية العامة هيئة المديرين رئيس هيئة المديرين نائب رئيس هيئة المديرين المدير الإداري المستشارون · مدير قناة الإذاعة مدير قناة التلفزيون مدير مصنع مياه زاركي مدير مسرح زاركي المدير المالي الديوان 9-هـ - الهيكل التنظيمي للشركة التابعة [ شركة الضوء الساطع للبث الفضائي والإذاعي (ذ.م.م) ] المستشارون من خارج الشركة 9 -ب- عدد موظفي الشركة وفئات مؤهلاتهم : المؤهل العلمي عدد موظفي الشركة واستثماراتها عدد موظفي الشركة التابعة دكتوراه 292 - ماجستير 90 - دبلوم عالي 12 - بكالوريس 426 5 دبلوم 71 3 ثانوية عامة 156 1 دون الثانوية العامة 156 - إجمالي عدد الموظفين 1597 9 9 -ج- برامج التأهيل والتدريب لموظفي الشركة : تواصل الشركة رفع كفاءة ومهارة العاملين لديها من خلال برامج التدريب والتأهيل داخل وخارج الجامعة.,,,,,FALSE,screen_positive,544
