sent_id,symbol,pub_date,elr,concept,lang,text,label_binary,label_tech,label_commitment,label_realisation,amount_flag,stratum,n_words
ABCO|2025-08-14|DisclosuresDirectorsReport|jsc_DescriptionOfCompanysMainActivitiesWithTheirRespectiveGeographicalLocationsSizeOfCapitalInvestmentAndNumberOfEmployees|0|en|6,ABCO,2025-08-14,DisclosuresDirectorsReport,jsc_DescriptionOfCompanysMainActivitiesWithTheirRespectiveGeographicalLocationsSizeOfCapitalInvestmentAndNumberOfEmployees,en,The app is supported by Bank ABC in Jordan and utilizes artificial intelligence and data analysis in its design.,1,AI/ML,2,realised,FALSE,screen_positive,19
ABCO|2025-08-14|DisclosuresDirectorsReport|jsc_DisclosureOfCompanysAccomplishmentsSupportedByQuantitativeIndicatorsAndDescriptionOfSignificantOccurrencesToCompanyDuringFiscalYear|0|en|54,ABCO,2025-08-14,DisclosuresDirectorsReport,jsc_DisclosureOfCompanysAccomplishmentsSupportedByQuantitativeIndicatorsAndDescriptionOfSignificantOccurrencesToCompanyDuringFiscalYear,en,"As part of the Bank’s overall strategy, the IT Department focuses on enhancing its role in digital transformation, as the Bank strives to develop its digital services to meet the growing needs of customers, including investing in Artificial Intelligence (AI) and data analysis, in order to improve customers’ experience and increase operational efficiency and capacity.",1,AI/ML,2,forward,FALSE,screen_positive,55
APOT|2024-04-29|DisclosuresDirectorsReport|jsc_DisclosureOfImportantProspectiveDevelopmentsIncludingAnyNewExpansionsAndProjectsCompanysProposedPlanForAtLeastOneUpcomingYearAndBoardOfDirectorsForecastsForOutcomesOfCompanyActivities|0|en|33,APOT,2024-04-29,DisclosuresDirectorsReport,jsc_DisclosureOfImportantProspectiveDevelopmentsIncludingAnyNewExpansionsAndProjectsCompanysProposedPlanForAtLeastOneUpcomingYearAndBoardOfDirectorsForecastsForOutcomesOfCompanyActivities,en,"This project also includes the separation of storage operations for fertilizers of different types and colours, which works to ensure product quality and adherence to internationally required specifications, which enhances the Company’s competitiveness at the global level. 5. Digital transformation The Company is implementing a comprehensive plan for digital transformation and artificial intelligence applications.",1,AI/ML,2,forward,FALSE,screen_positive,54
APOT|2024-04-29|DisclosuresDirectorsReport|jsc_DisclosureOfImportantProspectiveDevelopmentsIncludingAnyNewExpansionsAndProjectsCompanysProposedPlanForAtLeastOneUpcomingYearAndBoardOfDirectorsForecastsForOutcomesOfCompanyActivities|0|en|34,APOT,2024-04-29,DisclosuresDirectorsReport,jsc_DisclosureOfImportantProspectiveDevelopmentsIncludingAnyNewExpansionsAndProjectsCompanysProposedPlanForAtLeastOneUpcomingYearAndBoardOfDirectorsForecastsForOutcomesOfCompanyActivities,en,"This plan focuses on developing the Company's technological infrastructure and applying digital transformation across all production and administrative operations through the integration of Internet of Things technology, sensors, measuring devices, as well as smart solutions and artificial intelligence applications.",1,multiple,2,forward,FALSE,screen_positive,39
ARBK|2025-04-06|DisclosuresChairmansStatement|jsc_DisclosureOfStatementOfBoardOfDirectorsChairman|0|en|33,ARBK,2025-04-06,DisclosuresChairmansStatement,jsc_DisclosureOfStatementOfBoardOfDirectorsChairman,en,"We continued to develop our range of services and implement the latest digital solutions, supported by artificial intelligence, to deliver comprehensive and innovative banking and financing solutions tailored to the diverse needs of our corporate, institutional, and individual clients across various sectors.",1,AI/ML,2,realised,FALSE,screen_positive,42
ARBK|2025-04-06|DisclosuresChairmansStatement|jsc_DisclosureOfStatementOfBoardOfDirectorsChairman|0|en|41,ARBK,2025-04-06,DisclosuresChairmansStatement,jsc_DisclosureOfStatementOfBoardOfDirectorsChairman,en,"Alongside this, we will enhance operational efficiency by adopting the latest FinTech solutions and artificial intelligence technologies.",1,AI/ML,2,forward,FALSE,screen_positive,17
ARBK|2025-04-06|DisclosuresDirectorsReport|jsc_DescriptionOfCompanysMainActivitiesWithTheirRespectiveGeographicalLocationsSizeOfCapitalInvestmentAndNumberOfEmployees|0|en|7,ARBK,2025-04-06,DisclosuresDirectorsReport,jsc_DescriptionOfCompanysMainActivitiesWithTheirRespectiveGeographicalLocationsSizeOfCapitalInvestmentAndNumberOfEmployees,en,The division provides advanced digital channels and effectively uses data analytics to optimise decision-making and strengthen the bank’s competitive position.,1,Big Data,2,realised,FALSE,screen_positive,20
ARBK|2025-04-06|DisclosuresDirectorsReport|jsc_DescriptionOfCompanysMainActivitiesWithTheirRespectiveGeographicalLocationsSizeOfCapitalInvestmentAndNumberOfEmployees|0|en|11,ARBK,2025-04-06,DisclosuresDirectorsReport,jsc_DescriptionOfCompanysMainActivitiesWithTheirRespectiveGeographicalLocationsSizeOfCapitalInvestmentAndNumberOfEmployees,en,"Furthermore, Arab Bank prioritises enhancing customer engagement by leveraging cutting-edge technologies, advanced data analytics, and proactive communication to provide clients with valuable content and personalised recommendations that meet their aspirations and simplify their banking experience.",1,Big Data,2,realised,FALSE,screen_positive,35
ARBK|2025-04-06|DisclosuresDirectorsReport|jsc_DescriptionOfCompanysMainActivitiesWithTheirRespectiveGeographicalLocationsSizeOfCapitalInvestmentAndNumberOfEmployees|0|en|26,ARBK,2025-04-06,DisclosuresDirectorsReport,jsc_DescriptionOfCompanysMainActivitiesWithTheirRespectiveGeographicalLocationsSizeOfCapitalInvestmentAndNumberOfEmployees,en,"In addition to the above, Arab Bank continues to evolve its digital strategy, driven by innovation and advanced technological capabilities, with a particular focus on artificial intelligence and predictive analytics.",1,AI/ML,2,realised,FALSE,screen_positive,30
ARBK|2025-04-06|DisclosuresDirectorsReport|jsc_DescriptionOfCompanysMainActivitiesWithTheirRespectiveGeographicalLocationsSizeOfCapitalInvestmentAndNumberOfEmployees|0|en|39,ARBK,2025-04-06,DisclosuresDirectorsReport,jsc_DescriptionOfCompanysMainActivitiesWithTheirRespectiveGeographicalLocationsSizeOfCapitalInvestmentAndNumberOfEmployees,en,Advanced data analytics and proactive communications aim to ensure customers receive useful content that meets their aspirations and facilitate their banking transactions.,1,Big Data,2,realised,FALSE,screen_positive,22
ARBK|2025-04-06|DisclosuresDirectorsReport|jsc_DisclosureOfCompanysAccomplishmentsSupportedByQuantitativeIndicatorsAndDescriptionOfSignificantOccurrencesToCompanyDuringFiscalYear|0|en|10,ARBK,2025-04-06,DisclosuresDirectorsReport,jsc_DisclosureOfCompanysAccomplishmentsSupportedByQuantitativeIndicatorsAndDescriptionOfSignificantOccurrencesToCompanyDuringFiscalYear,en,"The Group continues to enhance operational efficiency by deploying digital technologies and artificial intelligence tools within an institutional framework across all business units, while continuing to implement its digital strategy to provide digital banking services that meet the aspirations and financial needs of its customers.",1,AI/ML,2,realised,FALSE,screen_positive,45
ARBK|2025-04-06|DisclosuresDirectorsReport|jsc_DisclosureOfCompanysAccomplishmentsSupportedByQuantitativeIndicatorsAndDescriptionOfSignificantOccurrencesToCompanyDuringFiscalYear|0|en|46,ARBK,2025-04-06,DisclosuresDirectorsReport,jsc_DisclosureOfCompanysAccomplishmentsSupportedByQuantitativeIndicatorsAndDescriptionOfSignificantOccurrencesToCompanyDuringFiscalYear,en,"For loan products, Consumer Banking and Wealth Management focused on digitisation and the extensive use of artificial intelligence solutions.",1,AI/ML,2,realised,FALSE,screen_positive,19
ARBK|2025-04-06|DisclosuresDirectorsReport|jsc_DisclosureOfCompanysAccomplishmentsSupportedByQuantitativeIndicatorsAndDescriptionOfSignificantOccurrencesToCompanyDuringFiscalYear|0|en|47,ARBK,2025-04-06,DisclosuresDirectorsReport,jsc_DisclosureOfCompanysAccomplishmentsSupportedByQuantitativeIndicatorsAndDescriptionOfSignificantOccurrencesToCompanyDuringFiscalYear,en,The bank developed credit behaviour assessment models using machine learning algorithms and statistical logic to accurately identify creditworthy customers and make sound credit decisions regarding suitable facilities.,1,AI/ML,2,realised,FALSE,screen_positive,27
ARBK|2025-04-06|DisclosuresDirectorsReport|jsc_DisclosureOfCompanysAccomplishmentsSupportedByQuantitativeIndicatorsAndDescriptionOfSignificantOccurrencesToCompanyDuringFiscalYear|0|en|51,ARBK,2025-04-06,DisclosuresDirectorsReport,jsc_DisclosureOfCompanysAccomplishmentsSupportedByQuantitativeIndicatorsAndDescriptionOfSignificantOccurrencesToCompanyDuringFiscalYear,en,"The bank also developed its interactive personal assistant, (Al Arabi), using artificial intelligence technologies to enable customer service staff to process customer voice notes and provide more personalised and seamless support services.",1,AI/ML,2,realised,FALSE,screen_positive,32
ARBK|2025-04-06|DisclosuresDirectorsReport|jsc_DisclosureOfCompanysContributionToEnvironmentalProtectionAndLocalCommunityService|0|en|13,ARBK,2025-04-06,DisclosuresDirectorsReport,jsc_DisclosureOfCompanysContributionToEnvironmentalProtectionAndLocalCommunityService,en,"In addition, the Operations Department launched a project to review and update the lists of archives and retention periods for various bank documents while continuing to implement the electronic archiving system, which enhances the bank’s goal of transitioning to a paperless work environment.",1,SAR,2,realised,FALSE,screen_positive,43
ARBK|2025-04-06|DisclosuresDirectorsReport|jsc_DisclosureOfCompanysRiskExposure|0|en|120,ARBK,2025-04-06,DisclosuresDirectorsReport,jsc_DisclosureOfCompanysRiskExposure,en,Advanced fraud prevention and detection systems using AI and machine learning have been implemented with real-time monitoring enhancing prevention and detection capabilities.,1,AI/ML,2,realised,FALSE,screen_positive,22
ARBK|2025-04-06|DisclosuresDirectorsReport|jsc_DisclosureOfCompanysRiskExposure|0|en|149,ARBK,2025-04-06,DisclosuresDirectorsReport,jsc_DisclosureOfCompanysRiskExposure,en,"Artificial Intelligence and BCRM Partnership: This partnership represents a long-term, ongoing effort to integrate advanced technologies into BCRM operations, ensuring that the bank remains resilient in the face of emerging risks.",1,AI/ML,2,forward,FALSE,screen_positive,31
ARBK|2025-04-06|DisclosuresDirectorsReport|jsc_DisclosureOfCompanysRiskExposure|0|en|150,ARBK,2025-04-06,DisclosuresDirectorsReport,jsc_DisclosureOfCompanysRiskExposure,en,"As a result of this collaboration an advanced playbooks for incident response, leveraging AI and machine learning to predict and response to emerging risks that could impact the bank’s operations or disrupt services.",1,AI/ML,2,realised,FALSE,screen_positive,33
ARBK|2025-04-06|DisclosuresDirectorsReport|jsc_DisclosureOfImportantProspectiveDevelopmentsIncludingAnyNewExpansionsAndProjectsCompanysProposedPlanForAtLeastOneUpcomingYearAndBoardOfDirectorsForecastsForOutcomesOfCompanyActivities|0|en|8,ARBK,2025-04-06,DisclosuresDirectorsReport,jsc_DisclosureOfImportantProspectiveDevelopmentsIncludingAnyNewExpansionsAndProjectsCompanysProposedPlanForAtLeastOneUpcomingYearAndBoardOfDirectorsForecastsForOutcomesOfCompanyActivities,en,"The bank places significant importance on artificial intelligence applications, particularly generative AI.",1,AI/ML,1,forward,FALSE,screen_positive,12
ARBK|2025-04-06|DisclosuresDirectorsReport|jsc_DisclosureOfImportantProspectiveDevelopmentsIncludingAnyNewExpansionsAndProjectsCompanysProposedPlanForAtLeastOneUpcomingYearAndBoardOfDirectorsForecastsForOutcomesOfCompanyActivities|0|en|20,ARBK,2025-04-06,DisclosuresDirectorsReport,jsc_DisclosureOfImportantProspectiveDevelopmentsIncludingAnyNewExpansionsAndProjectsCompanysProposedPlanForAtLeastOneUpcomingYearAndBoardOfDirectorsForecastsForOutcomesOfCompanyActivities,en,"Corporate and Institutional Banking The Corporate and Institutional Banking division aims to expand its market share and strengthen client relationships through various strategic initiatives, most notably by enhancing its data analytics capabilities.",1,Big Data,2,forward,FALSE,screen_positive,32
ARBK|2025-04-06|DisclosuresDirectorsReport|jsc_DisclosureOfImportantProspectiveDevelopmentsIncludingAnyNewExpansionsAndProjectsCompanysProposedPlanForAtLeastOneUpcomingYearAndBoardOfDirectorsForecastsForOutcomesOfCompanyActivities|0|en|21,ARBK,2025-04-06,DisclosuresDirectorsReport,jsc_DisclosureOfImportantProspectiveDevelopmentsIncludingAnyNewExpansionsAndProjectsCompanysProposedPlanForAtLeastOneUpcomingYearAndBoardOfDirectorsForecastsForOutcomesOfCompanyActivities,en,"By leveraging artificial intelligence and machine learning technologies, the Group aims to achieve further growth in existing and new business sectors and refine decision-making processes for greater efficacy.",1,AI/ML,2,forward,FALSE,screen_positive,28
ARBK|2025-04-06|DisclosuresDirectorsReport|jsc_DisclosureOfImportantProspectiveDevelopmentsIncludingAnyNewExpansionsAndProjectsCompanysProposedPlanForAtLeastOneUpcomingYearAndBoardOfDirectorsForecastsForOutcomesOfCompanyActivities|0|en|28,ARBK,2025-04-06,DisclosuresDirectorsReport,jsc_DisclosureOfImportantProspectiveDevelopmentsIncludingAnyNewExpansionsAndProjectsCompanysProposedPlanForAtLeastOneUpcomingYearAndBoardOfDirectorsForecastsForOutcomesOfCompanyActivities,en,"It leverages emerging technologies and innovative solutions based on artificial intelligence and machine learning to personalise banking services, proactively anticipate and meet customer needs, recommend suitable products and services, and provide instant transaction capabilities.",1,AI/ML,2,realised,FALSE,screen_positive,34
ARBK|2025-04-06|DisclosuresDirectorsReport|jsc_DisclosureOfImportantProspectiveDevelopmentsIncludingAnyNewExpansionsAndProjectsCompanysProposedPlanForAtLeastOneUpcomingYearAndBoardOfDirectorsForecastsForOutcomesOfCompanyActivities|0|en|30,ARBK,2025-04-06,DisclosuresDirectorsReport,jsc_DisclosureOfImportantProspectiveDevelopmentsIncludingAnyNewExpansionsAndProjectsCompanysProposedPlanForAtLeastOneUpcomingYearAndBoardOfDirectorsForecastsForOutcomesOfCompanyActivities,en,Arab Bank is also developing customer-centric solutions using generative AI to provide seamless services and exceptional experiences across its various banking channels and digital platforms.,1,AI/ML,2,forward,FALSE,screen_positive,25
ARBK|2025-04-06|DisclosuresDirectorsReport|jsc_DisclosureOfImportantProspectiveDevelopmentsIncludingAnyNewExpansionsAndProjectsCompanysProposedPlanForAtLeastOneUpcomingYearAndBoardOfDirectorsForecastsForOutcomesOfCompanyActivities|0|en|40,ARBK,2025-04-06,DisclosuresDirectorsReport,jsc_DisclosureOfImportantProspectiveDevelopmentsIncludingAnyNewExpansionsAndProjectsCompanysProposedPlanForAtLeastOneUpcomingYearAndBoardOfDirectorsForecastsForOutcomesOfCompanyActivities,en,"This vision is complemented by digital data analytics, artificial intelligence, and machine learning, which form the foundation for the future of consumer banking.",1,multiple,1,forward,FALSE,screen_positive,23
GIGJ|2023-03-31|DisclosuresChairmansStatement|jsc_DisclosureOfStatementOfBoardOfDirectorsChairman|0|en|22,GIGJ,2023-03-31,DisclosuresChairmansStatement,jsc_DisclosureOfStatementOfBoardOfDirectorsChairman,en,"To accomplish this, it partnered with tech firms that specialize in building custom software and integrating it with pre-made platforms, products, and technical solutions such as Telematics, Chatbot, and Sanad.",1,AI/ML,2,realised,FALSE,screen_positive,30
GIGJ|2023-03-31|DisclosuresChairmansStatement|jsc_DisclosureOfStatementOfBoardOfDirectorsChairman|0|en|23,GIGJ,2023-03-31,DisclosuresChairmansStatement,jsc_DisclosureOfStatementOfBoardOfDirectorsChairman,en,The company has also used robotic process automation (RPA) for a number of processes that were previously handled manually.,1,AI/ML,2,realised,FALSE,screen_positive,19
ICAG|2024-04-03|DisclosuresChairmansStatement|jsc_DisclosureOfStatementOfBoardOfDirectorsChairman|0|en|6,ICAG,2024-04-03,DisclosuresChairmansStatement,jsc_DisclosureOfStatementOfBoardOfDirectorsChairman,en,"We will also move forward in artificial intelligence, research, expansion of our industry, and confront economic challenges and competition for the benefit of our valued partners .",1,AI/ML,2,forward,FALSE,screen_positive,27
JOPT|2022-04-21|DisclosuresDirectorsReport|jsc_CompanysCompetitivePositionWithinItsSectorAndMainMarketSegmentsAsWellAsItsShareOfLocalMarketAndInternationalMarketIfPossible|0|en|136,JOPT,2022-04-21,DisclosuresDirectorsReport,jsc_CompanysCompetitivePositionWithinItsSectorAndMainMarketSegmentsAsWellAsItsShareOfLocalMarketAndInternationalMarketIfPossible,en,"Lube oil products comply with the Jordanian specifications, the American Petroleum Institute (API- American Petroleum Institute) standards, the Society of Automobiles Engineers (SAE Society of Automotive Engineers) standards, European standards (ACEA), Original Equipment manufacturers (OEM) specifications and the American Army Military standards (Military Standard), The products are subjected to the most stringent quality control tests carried out in modern specialized laboratories.",0,none,0,NA,FALSE,screen_positive,61
JOPT|2022-04-21|DisclosuresDirectorsReport|jsc_DisclosureOfDirectorsReport|0|en|236,JOPT,2022-04-21,DisclosuresDirectorsReport,jsc_DisclosureOfDirectorsReport,en,"The plan also includes the production of new types of lube oils with higher performance levels, such as gasoline engine oil with performance level (API SP) and diesel engine oil with performance level (CJ).",0,none,0,NA,FALSE,screen_positive,34
JOPT|2022-04-21|DisclosuresDirectorsReport|jsc_DisclosureOfDirectorsReport|0|en|630,JOPT,2022-04-21,DisclosuresDirectorsReport,jsc_DisclosureOfDirectorsReport,en,Purchase of new (3) water circulation pumps for API separator at a cost of (70) thousands JOD.,0,none,0,NA,FALSE,screen_positive,17
JOPT|2022-04-21|NotesListOfNotes|jsc-rep_DisclosureOfFuturePlan|0|en|27,JOPT,2022-04-21,NotesListOfNotes,jsc-rep_DisclosureOfFuturePlan,en,The plan also includes producing new type of lube oils with higher performance levels such as API SP performance grade gasoline engine oil and CJ performance grade diesel engine oil.,0,none,0,NA,FALSE,screen_positive,30
JOPT|2022-04-21|NotesListOfNotes|jsc-rep_DisclosureOfSectorialAndGeographicalDistribution|0|en|0,JOPT,2022-04-21,NotesListOfNotes,jsc-rep_DisclosureOfSectorialAndGeographicalDistribution,en,"Sectorial and Geographical Distribution The information regarding the disclosed sectors of the Company is explained below in accordance with IFRS 8 where IFRS 8 requires the identification of reportable sectors on the basis of internal reports that are regularly reviewed by the main operating decision maker in the Company, and are used to allocate Resources for sectors and assess their performance.",0,none,0,NA,FALSE,screen_positive,61
JTEL|2022-04-27|DisclosuresDirectorsReport|jsc_DisclosureOfAnalysisOfCompanysFinancialStatusAndOfResultsOfItsActivitiesForFiscalYear|0|en|7,JTEL,2022-04-27,DisclosuresDirectorsReport,jsc_DisclosureOfAnalysisOfCompanysFinancialStatusAndOfResultsOfItsActivitiesForFiscalYear,en,"This new technology will accelerate digital transformation, and provide more space for IoT, smart cities, and Industrial solutions. in terms of finance although the pandemic brought long-term exceptional changes, we succeeded in increasing the group’s revenues and profit.",0,none,0,NA,FALSE,screen_positive,38
JTEL|2022-04-27|DisclosuresDirectorsReport|jsc_DisclosureOfCompanysContributionToEnvironmentalProtectionAndLocalCommunityService|0|en|5,JTEL,2022-04-27,DisclosuresDirectorsReport,jsc_DisclosureOfCompanysContributionToEnvironmentalProtectionAndLocalCommunityService,en,"Supporting Events and Initiatives ■ Sponsoring the Artificial Intelligence in Defense Technology and Cyber Security Exhibition and Conference (AIDTSEC 2021). ■ Telecom sponsor of “Towards Universal Health Coverage in Jordan 2021” conference. ■ Telecom sponsor of the seventh edition of HORECA Jordan. ■ Sponsoring the Ministry of Education’s honorary ceremony for teachers in appreciation of their efforts and impact on the lives of students and society. ■ Continuing to support the Goodwill campaign implemented by the Jordanian Hashemite Fund for Human Development (JOHUD), including the mobile clinic, to raise medical awareness and provide healthcare to the underprivileged across the Kingdom. ■ Supporting breast cancer awareness campaigns throughout October, including sponsoring the Solidarity March, organized by the Telecommunications Regulatory Commission in cooperation with King Hussein Cancer Foundation, Mediterranean Basin Association for Cancer Patients and Circles Center. ■ Honoring the Kingdom’s Tawjihi top achievers for the year 2021. ■ Signing an agreement to provide exclusive telecom sponsorship to the leagues of Jordan Basketball Federation. ■ Sponsoring the fourth Youth MUN Conference, organized by the Youth Model United Nations Club, in cooperation with Abdul Hameed Shoman Foundation. ■ Offering the grand prize for the “Tabbakh Afandi” program on Roya TV, as a donation to the Jordan Hashemite Charity Organization, to support its charitable efforts in the Gaza Strip.",1,AI/ML,2,realised,FALSE,screen_positive,215
JTEL|2022-04-27|DisclosuresDirectorsReport|jsc_DisclosureOfCompanysContributionToEnvironmentalProtectionAndLocalCommunityService|0|en|6,JTEL,2022-04-27,DisclosuresDirectorsReport,jsc_DisclosureOfCompanysContributionToEnvironmentalProtectionAndLocalCommunityService,en,"Supporting Entrepreneurship and Innovation Orange Jordan supports companies, pioneering ideas and innovation by giving youth the assistance they need to enhance the growth of their startups and enable them to contribute to serving local communities. ■ Sponsoring SHERO conference, held under the patronage of HRH Princess Sumaya bint El Hassan as part of the Global Entrepreneurship Week activities, aimed to shed light on Jordanian female entrepreneurs’ contributions. ■ Announcing the results of the “Jordanian Startups Landscape” study, supported by the European Union, which was launched by Int@j and the StartupsJo Council on behalf of the “Innovation Space” project. ■ The fifth local edition of Orange Social Venture Prize (OSVP) to encourage entrepreneurs and tech-based social impact projects. ■ The telecom sponsor of the Internet of Things and Artificial Intelligence challenge. ■ Launching “Orange AI Startup Incubator” in partnership with the Innovative Startups and SMEs Fund and Princess Sumaya University for Technology. ■ The graduation of five startups from season 8 of Orange Program for Business Innovation Startups’ Growth (BIG by Orange).",1,AI/ML,2,realised,FALSE,screen_positive,171
JVOI|2025-03-12|DisclosuresChairmansStatement|jsc_DisclosureOfStatementOfBoardOfDirectorsChairman|0|en|10,JVOI,2025-03-12,DisclosuresChairmansStatement,jsc_DisclosureOfStatementOfBoardOfDirectorsChairman,en,"The company completed the implementation and adoption of the latest version of the Enterprise Resource Planning (ERP) system from Microsoft, which is the Microsoft Dynamics 365 Finance & Operations system.",1,ERP,2,realised,FALSE,screen_positive,30
JVOI|2025-03-12|DisclosuresDirectorsReport|jsc_DisclosureOfCompanysAccomplishmentsSupportedByQuantitativeIndicatorsAndDescriptionOfSignificantOccurrencesToCompanyDuringFiscalYear|0|en|4,JVOI,2025-03-12,DisclosuresDirectorsReport,jsc_DisclosureOfCompanysAccomplishmentsSupportedByQuantitativeIndicatorsAndDescriptionOfSignificantOccurrencesToCompanyDuringFiscalYear,en,Implementing Microsoft Dynamics 365 Finance & Operations for resource management.,0,none,0,NA,FALSE,screen_positive,10
NAST|2021-03-16|DisclosuresChairmansStatement|jsc_DisclosureOfStatementOfBoardOfDirectorsChairman|0|en|0,NAST,2021-03-16,DisclosuresChairmansStatement,jsc_DisclosureOfStatementOfBoardOfDirectorsChairman,en,"Gentlemen, shareholders of the National Company for Steel Industry We are pleased to present to you our annual report for the year 2020 through the application of XBRL, as our report includes the results of the company's activities and business, the financial position, the income statement and the report of the Board of Directors for the fiscal year ending on December 31, 2020.",1,XBRL,2,realised,FALSE,screen_positive,63
NDAR|2022-03-31|NotesListOfNotes|ifrs-full_DisclosureOfSummaryOfSignificantAccountingPoliciesExplanatory|0|en|116,NDAR,2022-03-31,NotesListOfNotes,ifrs-full_DisclosureOfSummaryOfSignificantAccountingPoliciesExplanatory,en,The defined benefit obligation is calculated annually by management using the projected unit credit method. 2.18 Segment reporting Operating segments are reported in a manner consistent with the internal reporting provided to the Group’s chief operating decision maker.,0,none,0,NA,FALSE,screen_positive,38
THBK|2024-03-31|DisclosuresDirectorsReport|jsc_DisclosureOfStatementThatIndicatesDonationsAndGrantsMadeByCompanyDuringFiscalYear|0|en|0,THBK,2024-03-31,DisclosuresDirectorsReport,jsc_DisclosureOfStatementThatIndicatesDonationsAndGrantsMadeByCompanyDuringFiscalYear,en,"Donations and Grants for 2023 Monetary Donations The bank's monetary donations in 2023 amounted to JOD 2,599,149; the following table shows beneficiaries with the amount donated: Beneficiary Donation Amount (JOD) King Hussein Cancer Foundation 1 70 ,000 Ministry of Social Development 1 6 0,000 Jordan River Foundation 1 50 ,000 Housing Bank Abdoun Park 120,000 Himmetna Association 100,000 Tkiyet Um Ali 50,000 Jordan Hashemite Fund for Human Development 50,000 Princess Taghrid Institute 50,000 Middle East University 35,000 Al-Aman Fund for the Future of Orphans 30,000 Waqf Thareed 25,000 Health Care Accrediation Council 25,000 Princess Alia Foundation 20,575 Al-Awn Humanitarian Club 20,000 Ministry of culture/ Jerash Festival 20,000 Young Muslim Women's Association/ Bunayat Centre for Special Education 16,500 Jordan Media Institute 15,000 Income and Sales Tax Department/ E-Invoicing System 15,000 Public Security Directorate 15,000 Jordanian Children's Villages Association - SOS 15,000 Dar Abu Abdullah Association for Philanthropy and Development 14,400 Promise Welfare Society 10 ,025 Mutah University 10,000 Jordan Basketball Federation 10,000 Arab Group for the Protection of Nature Society 10,000 Jordan Association for Medical Insurance 10,000 Al-Faisaly Sports Club 15,000 Jordan Chamber of Commerce 10,000 Al Hussein Technical University 9,399 Jordan Taekwondo Federation 8,500 Royal Marine Conservation Society 6,000 Jordan Press Association 6,000 Jordan Hashemite Charity Organization 5,250 The Royal Institute for Inter-Faith Studies 5,000 Diwan Alkarak 5,000 Sana for special individual 5,000 El-Hassan Youth Award 5,000 Alshabab Sport Club - Homenetmen 5,000 Elia Nuqul Foundation 3,700 Jordan Forum for Business and Professional Women 3,000 Mabarrat Um Al-Hussein 3,000 Jazeerah Sport Club 3,000 Social Security Corporation 3,000 Salt Municipality 4,500 Darat Samir Shamma for Eldery 2,500 Association of Retired Servicemen and Veterans 2,500 Jubilee School 2,300 Princess Sumaya University for Technology 2,000 Royal Higher Committee for the Development of Salt Secondary School for Boys 2,000 Jordanian Iraqi Amity Assembly 2,000 Hashemite Committee for Disabled Soldiers 2,000 Al-Amal Society 2,000 General Federation of Jordanian Women 2,000 White Beds Society 1,500 Labayk ya watan Society 1,500 National Orthodox School Society 1,500 Al-Salt Charity Society 1,000 National Association for People with Special Needs 1,000 Al-Salt Municipality Friends Cultural Association 1,000 Ahl Alazm Blind Society 500 Total 1,299,149 JOD The bank also provided 1.3 JOD million in support of donations campaigns organized by a number of the Bank's strategic partners, namely King Hussein Cancer Foundation, Tkiyet Um Ali, and Jordan Hashemite Charity Organizationin in support of the people of Gaza in line with the current circumstances . 2- In-Kind Donations The book value of the in-kind materials donated during 2023 was about JD 886.966, with a nominal value of about JD 156283.274, and the donated non-monetary materials are computers, furniture and machines.",0,none,0,NA,FALSE,screen_positive,438
ABCO|2022-03-30|DisclosuresChairmansStatement|jsc_DisclosureOfStatementOfBoardOfDirectorsChairman|0|en|31,ABCO,2022-03-30,DisclosuresChairmansStatement,jsc_DisclosureOfStatementOfBoardOfDirectorsChairman,en,"With the support of Bank ABC in Jordan, this customer-centric mobile-only offering, aided by cutting-edge Artificial Intelligence and sophisticated Data Analytics, is expected to appeal to all consumer generations, from millennials to older age groups, and segments of society.",1,multiple,2,realised,FALSE,screen_positive,39
ABCO|2022-03-30|DisclosuresDirectorsReport|jsc_DisclosureOfCompanysAccomplishmentsSupportedByQuantitativeIndicatorsAndDescriptionOfSignificantOccurrencesToCompanyDuringFiscalYear|0|en|22,ABCO,2022-03-30,DisclosuresDirectorsReport,jsc_DisclosureOfCompanysAccomplishmentsSupportedByQuantitativeIndicatorsAndDescriptionOfSignificantOccurrencesToCompanyDuringFiscalYear,en,"To keep pace with the rapid technological and digital development and for a better customer service, the Bank is planning to launch “ila” application, which is a digital application that will be available using smart phones only, and that will be launched in 2022 using artificial intelligence and data analysis technologies, which makes it user-friendly and helps the bank to attract and serve a wider customer base; starting with millennials, and ending with all segments of the Jordanian society.",1,multiple,2,forward,FALSE,screen_positive,79
AMAL|2024-04-29|DisclosuresChairmansStatement|jsc_DisclosureOfStatementOfBoardOfDirectorsChairman|0|en|1,AMAL,2024-04-29,DisclosuresChairmansStatement,jsc_DisclosureOfStatementOfBoardOfDirectorsChairman,en,"Irrespective of the prevailing regional political turmoil, the Jordanian Financial and Economic indicators showed improvement in 2023, this improvement helped the company to achieve acceptable results through prudent planning, thorough follow up and implementation of adaptable and cautious business practices. 2023 was the administrative turnaround, the Company completed the digitization of all processes, including compliance processes, implementation of an electronic local shares trading system, digital risk systems to prevent accidental clients’ overdraft and financing of undesirable shares, digital invoice issuing and archiving processes, digital clients signature request and verification, advanced digital information security and firewalls, cloud based systems high availability and disaster recovery, digitizing fixed assets register, digitizing human resource operations, as well as digitizing settlements of bank accounts, digital control of company’s expenses to totally align with the budget.",1,Cloud,2,realised,FALSE,screen_positive,130
AMAL|2024-04-29|DisclosuresDirectorsReport|jsc_DisclosureOfCompanysAccomplishmentsSupportedByQuantitativeIndicatorsAndDescriptionOfSignificantOccurrencesToCompanyDuringFiscalYear|0|en|3,AMAL,2024-04-29,DisclosuresDirectorsReport,jsc_DisclosureOfCompanysAccomplishmentsSupportedByQuantitativeIndicatorsAndDescriptionOfSignificantOccurrencesToCompanyDuringFiscalYear,en,Implement cloud-based systems high availability and disaster recovery .,1,Cloud,2,realised,FALSE,screen_positive,9
APOT|2025-04-21|DisclosuresDirectorsReport|jsc_DisclosureOfImportantProspectiveDevelopmentsIncludingAnyNewExpansionsAndProjectsCompanysProposedPlanForAtLeastOneUpcomingYearAndBoardOfDirectorsForecastsForOutcomesOfCompanyActivities|0|en|1,APOT,2025-04-21,DisclosuresDirectorsReport,jsc_DisclosureOfImportantProspectiveDevelopmentsIncludingAnyNewExpansionsAndProjectsCompanysProposedPlanForAtLeastOneUpcomingYearAndBoardOfDirectorsForecastsForOutcomesOfCompanyActivities,en,The Company’s future projects also include digital transformation and the expansion of artificial intelligence applications in its various operational processes.,1,AI/ML,2,forward,FALSE,screen_positive,20
APOT|2025-04-21|DisclosuresDirectorsReport|jsc_DisclosureOfImportantProspectiveDevelopmentsIncludingAnyNewExpansionsAndProjectsCompanysProposedPlanForAtLeastOneUpcomingYearAndBoardOfDirectorsForecastsForOutcomesOfCompanyActivities|0|en|43,APOT,2025-04-21,DisclosuresDirectorsReport,jsc_DisclosureOfImportantProspectiveDevelopmentsIncludingAnyNewExpansionsAndProjectsCompanysProposedPlanForAtLeastOneUpcomingYearAndBoardOfDirectorsForecastsForOutcomesOfCompanyActivities,en,"Digital Transformation The Company is implementing a comprehensive digital transformation strategy that leverages artificial intelligence, Internet of Things (IoT) technologies, advanced sensors, and smart solutions to enhance the efficiency of both production and administrative operations.",1,AI/ML,2,realised,FALSE,screen_positive,35
APOT|2025-04-21|NotesListOfNotes|ifrs-full_DisclosureOfEntitysReportableSegmentsExplanatory|0|en|9,APOT,2025-04-21,NotesListOfNotes,ifrs-full_DisclosureOfEntitysReportableSegmentsExplanatory,en,"Management therefore applied the core principle of IFRS 8, Operating Segments and marketing strategy in determining which of the overlapping financial information sets should form the basis of operating segments.",0,none,0,NA,FALSE,screen_positive,30
APOT|2025-04-21|NotesListOfNotes|ifrs-full_DisclosureOfSummaryOfSignificantAccountingPoliciesExplanatory|0|en|115,APOT,2025-04-21,NotesListOfNotes,ifrs-full_DisclosureOfSummaryOfSignificantAccountingPoliciesExplanatory,en,VAT related to sales and purchases is recognised in the consolidated statement of financial position on a gross basis and disclosed separately as an asset and a liability. 2.18 Segment reporting Operating segments are reported in a manner consistent with the internal reporting provided to the Group’s chief operating decision maker.,0,none,0,NA,FALSE,screen_positive,51
JOPT|2023-04-30|DisclosuresDirectorsReport|jsc_CompanysCompetitivePositionWithinItsSectorAndMainMarketSegmentsAsWellAsItsShareOfLocalMarketAndInternationalMarketIfPossible|0|en|142,JOPT,2023-04-30,DisclosuresDirectorsReport,jsc_CompanysCompetitivePositionWithinItsSectorAndMainMarketSegmentsAsWellAsItsShareOfLocalMarketAndInternationalMarketIfPossible,en,"Lube oil products comply with the Jordanian specifications, American Petroleum Institute (API) standards, the Society of Automobiles Engineers (SAE) standards, European standards (ACEA), Original Equipment manufacturers (OEM) specifications and the American Army Military standards (Military Standard), the products are subjected to the most stringent quality control tests carried out in modern specialized laboratories.",0,none,0,NA,FALSE,screen_positive,53
JOPT|2023-04-30|DisclosuresDirectorsReport|jsc_DisclosureOfCompanysAccomplishmentsSupportedByQuantitativeIndicatorsAndDescriptionOfSignificantOccurrencesToCompanyDuringFiscalYear|0|en|20,JOPT,2023-04-30,DisclosuresDirectorsReport,jsc_DisclosureOfCompanysAccomplishmentsSupportedByQuantitativeIndicatorsAndDescriptionOfSignificantOccurrencesToCompanyDuringFiscalYear,en,"Lube oil products are based on Jordanian specifications, American Petroleum Institute (API) standards, the Society of Automobiles Engineers (SAE) standards, European standards (ACEA), Original Equipment manufacturers (OEM) specifications and the American Army Military standards (Military Standard), The products are subjected to the most stringent quality control tests carried out in modern specialized laboratories.",0,none,0,NA,FALSE,screen_positive,53
JOPT|2023-04-30|DisclosuresDirectorsReport|jsc_DisclosureOfDirectorsReport|0|en|244,JOPT,2023-04-30,DisclosuresDirectorsReport,jsc_DisclosureOfDirectorsReport,en,"The plan also includes continuing to modernize the lube-oil laboratory by purchasing new and modern testing devices in order to raise the level of reliability and qualify it to examine used lube-oil to raise the level of after-sales service, and expand the scope of accreditation obtained by the laboratory (ISO 17025) from the accreditation unit of the Standards and Metrology Institution and the international ILAC organization, the plan also includes the production of new types of lube-oil with higher performance levels, such as gasoline engine oil with a performance level (API SP) and diesel engine oil with a performance level (CK4 and CJ4), where additives have been purchased for their production, and their production is expected to start during the second quarter of 2023.",0,none,0,NA,FALSE,screen_positive,124
JOPT|2023-04-30|NotesListOfNotes|jsc-rep_DisclosureOfSectorialAndGeographicalDistribution|0|en|0,JOPT,2023-04-30,NotesListOfNotes,jsc-rep_DisclosureOfSectorialAndGeographicalDistribution,en,Distribution of assets liabilities and operations results by sector The information regarding the disclosed sectors of the Company is explained below in accordance with IFRS 8 where IFRS 8 requires the identification of reportable sectors on the basis of internal reports that are regularly reviewed by the main operating decision maker in the Company and are used to allocate Resources for sectors and assess their performance.,0,none,0,NA,FALSE,screen_positive,66
JTEL|2023-04-27|CorporateGovernanceReport|jsc-rep_DisclosureOfInformationAndDetailsRegardingApplicationOfProvisionsOfTheseInstructionsAndCorporateGovernanceRulesInCompany|0|en|1,JTEL,2023-04-27,CorporateGovernanceReport,jsc-rep_DisclosureOfInformationAndDetailsRegardingApplicationOfProvisionsOfTheseInstructionsAndCorporateGovernanceRulesInCompany,en,"The Company works to ensure full compliance with all laws, regulations and instructions issued by the official authorities (Ministry of Industry and Trade / Companies Controller Department, the Securities Commission and the Amman Stock Exchange), including all provisions of the governance directive and corporate governance codes, as well as full compliance with the disclosure requirements and publication of its business outcomes through the Company's website, which includes the annual report, the resolutions of the general assembly meetings and ensures disclosure to the Jordan Securities Commission and Amman Stock Exchange through the XBRL disclosure system.",1,XBRL,2,realised,FALSE,screen_positive,94
JTEL|2023-04-27|DisclosuresDirectorsReport|jsc_DisclosureOfAnalysisOfCompanysFinancialStatusAndOfResultsOfItsActivitiesForFiscalYear|0|en|6,JTEL,2023-04-27,DisclosuresDirectorsReport,jsc_DisclosureOfAnalysisOfCompanysFinancialStatusAndOfResultsOfItsActivitiesForFiscalYear,en,"This new technology will accelerate digital transformation and provide more opportunities for IoT, smart cities, and industrial solutions .",0,none,0,NA,FALSE,screen_positive,19
NATA|2022-03-21|DisclosuresAuditorsReport|jsc_DisclosureOfAuditorsReportTextBlock|0|en|120,NATA,2022-03-21,DisclosuresAuditorsReport,jsc_DisclosureOfAuditorsReportTextBlock,en,"Segment reporting All Company’s sales are a result of selling aluminum in all shapes and forms, the following is the geographic distribution of the sales: 2021 2020 Local sales 10,006,075 5,607,354 Export sales 2,065,226 37,386 12,071,301 5,644,740 13 .",0,none,0,NA,FALSE,screen_positive,39
NDAR|2023-03-30|DisclosuresDirectorsReport|jsc_DisclosureOfCompanysAccomplishmentsSupportedByQuantitativeIndicatorsAndDescriptionOfSignificantOccurrencesToCompanyDuringFiscalYear|0|en|1,NDAR,2023-03-30,DisclosuresDirectorsReport,jsc_DisclosureOfCompanysAccomplishmentsSupportedByQuantitativeIndicatorsAndDescriptionOfSignificantOccurrencesToCompanyDuringFiscalYear,en,Nutridar IT Department accomplished upgrading Oracle E-Business Suite to the latest release 12.2.11 and its Database to latest 19c release .,0,none,0,NA,FALSE,screen_positive,21
NDAR|2023-03-30|NotesListOfNotes|ifrs-full_DisclosureOfSummaryOfSignificantAccountingPoliciesExplanatory|0|en|118,NDAR,2023-03-30,NotesListOfNotes,ifrs-full_DisclosureOfSummaryOfSignificantAccountingPoliciesExplanatory,en,The defined benefit obligation is calculated annually by management using the projected unit credit method. 2.16 Segment reporting Operating segments are reported in a manner consistent with the internal reporting provided to the Company’s chief operating decision maker.,0,none,0,NA,FALSE,screen_positive,38
ABCO|2023-04-05|DisclosuresDirectorsReport|jsc_DescriptionOfCompanysMainActivitiesWithTheirRespectiveGeographicalLocationsSizeOfCapitalInvestmentAndNumberOfEmployees|0|en|6,ABCO,2023-04-05,DisclosuresDirectorsReport,jsc_DescriptionOfCompanysMainActivitiesWithTheirRespectiveGeographicalLocationsSizeOfCapitalInvestmentAndNumberOfEmployees,en,The application is supported by Bank ABC Jordan and utilizes artificial intelligence and data analysis in its design.,1,multiple,2,realised,FALSE,screen_positive,18
ABCO|2023-04-05|DisclosuresDirectorsReport|jsc_DisclosureOfCompanysAccomplishmentsSupportedByQuantitativeIndicatorsAndDescriptionOfSignificantOccurrencesToCompanyDuringFiscalYear|0|en|22,ABCO,2023-04-05,DisclosuresDirectorsReport,jsc_DisclosureOfCompanysAccomplishmentsSupportedByQuantitativeIndicatorsAndDescriptionOfSignificantOccurrencesToCompanyDuringFiscalYear,en,"The application utilizes artificial intelligence and data analysis in its design, which makes it user-friendly and achieves its purpose of attracting and serving a wider group of users, including millennials, and other age groups of the Jordanian society.",1,multiple,2,realised,FALSE,screen_positive,38
AIFE|2024-03-14|DisclosuresDirectorsReport|jsc_DisclosureOfImportantProspectiveDevelopmentsIncludingAnyNewExpansionsAndProjectsCompanysProposedPlanForAtLeastOneUpcomingYearAndBoardOfDirectorsForecastsForOutcomesOfCompanyActivities|0|en|5,AIFE,2024-03-14,DisclosuresDirectorsReport,jsc_DisclosureOfImportantProspectiveDevelopmentsIncludingAnyNewExpansionsAndProjectsCompanysProposedPlanForAtLeastOneUpcomingYearAndBoardOfDirectorsForecastsForOutcomesOfCompanyActivities,en,Supporting the rehabilitation of artificial intelligence laboratories with the latest equipment.,1,AI/ML,2,realised,FALSE,screen_positive,11
AMAL|2025-04-24|DisclosuresDirectorsReport|jsc_DisclosureOfCompanysAccomplishmentsSupportedByQuantitativeIndicatorsAndDescriptionOfSignificantOccurrencesToCompanyDuringFiscalYear|0|en|3,AMAL,2025-04-24,DisclosuresDirectorsReport,jsc_DisclosureOfCompanysAccomplishmentsSupportedByQuantitativeIndicatorsAndDescriptionOfSignificantOccurrencesToCompanyDuringFiscalYear,en,Enhancement of cloud-based systems high availability and disaster recovery.,1,Cloud,2,realised,FALSE,screen_positive,9
APOT|2022-04-27|DisclosuresChairmansStatement|jsc_DisclosureOfStatementOfBoardOfDirectorsChairman|0|en|55,APOT,2022-04-27,DisclosuresChairmansStatement,jsc_DisclosureOfStatementOfBoardOfDirectorsChairman,en,"To realize the aspects of this strategic pillar, the Company’s plans in 2022 include applying the digital transformation strategy and artificial intelligence applications with the aim of digitizing the APC’s administrative and operating processes.",1,AI/ML,2,forward,FALSE,screen_positive,34
APOT|2022-04-27|DisclosuresDirectorsReport|jsc_DisclosureOfDirectorsReport|0|en|68,APOT,2022-04-27,DisclosuresDirectorsReport,jsc_DisclosureOfDirectorsReport,en,"The Executive Management has also commenced the application of digital reporting methods that were made available to decision makers, in addition to evaluating and studying the application of artificial intelligence in sites where such solutions could be relevant.",1,AI/ML,2,realised,FALSE,screen_positive,38
APOT|2022-04-27|NotesListOfNotes|ifrs-full_DisclosureOfEntitysReportableSegmentsExplanatory|0|en|10,APOT,2022-04-27,NotesListOfNotes,ifrs-full_DisclosureOfEntitysReportableSegmentsExplanatory,en,"Management therefore applied the core principle of IFRS 8, Operating Segments , in determining which of the overlapping financial information sets should form the basis of operating segments.",0,none,0,NA,FALSE,screen_positive,28
JOKB|2025-04-17|DisclosuresChairmansStatement|jsc_DisclosureOfStatementOfBoardOfDirectorsChairman|0|en|38,JOKB,2025-04-17,DisclosuresChairmansStatement,jsc_DisclosureOfStatementOfBoardOfDirectorsChairman,en,"Furthermore, we upgraded the technological infrastructure of our Cyprus branch and enhanced operation efficiency with Robotic Process Automation (RPA) technologies .",1,AI/ML,2,realised,FALSE,screen_positive,21
JOKB|2025-04-17|DisclosuresChairmansStatement|jsc_DisclosureOfStatementOfBoardOfDirectorsChairman|0|en|56,JOKB,2025-04-17,DisclosuresChairmansStatement,jsc_DisclosureOfStatementOfBoardOfDirectorsChairman,en,"These efforts were recognized with several prestigious international awards in 2024, including “Jordan’s Best Domestic Private Bank” and “Best Local Bank in Jordan for Environmental, Social, and Governance (ESG) Practices” from Euromoney , “Best Corporate Social Responsibility Bank” and “Best SME Bank” in Jordan from Global Banking & Finance Review , the “Award for Excellence in Artificial Intelligence and Machine Learning” from Asian Banking and Finance , and the “ Best Straight-Through Processing (STP) Rate Award” from Citibank , further affirming the bank’s leadership and innovation in providing cutting-edge banking solutions.",1,AI/ML,2,realised,FALSE,screen_positive,91
JOKB|2025-04-17|DisclosuresDirectorsReport|jsc_DisclosureOfCompanysAccomplishmentsSupportedByQuantitativeIndicatorsAndDescriptionOfSignificantOccurrencesToCompanyDuringFiscalYear|0|en|30,JOKB,2025-04-17,DisclosuresDirectorsReport,jsc_DisclosureOfCompanysAccomplishmentsSupportedByQuantitativeIndicatorsAndDescriptionOfSignificantOccurrencesToCompanyDuringFiscalYear,en,"The implementation of Robotic Process Automation (RPA), allowed an additional 60 internal banking processes to be automated during the year, reducing manual work and increasing accuracy.",1,AI/ML,2,realised,FALSE,screen_positive,26
JOKB|2025-04-17|DisclosuresDirectorsReport|jsc_DisclosureOfCompanysAccomplishmentsSupportedByQuantitativeIndicatorsAndDescriptionOfSignificantOccurrencesToCompanyDuringFiscalYear|0|en|31,JOKB,2025-04-17,DisclosuresDirectorsReport,jsc_DisclosureOfCompanysAccomplishmentsSupportedByQuantitativeIndicatorsAndDescriptionOfSignificantOccurrencesToCompanyDuringFiscalYear,en,"Additionally, Oracle Vault was deployed to enhance database security, reinforcing the bank’s cybersecurity framework.",0,none,0,NA,FALSE,screen_positive,14
JOKB|2025-04-17|DisclosuresDirectorsReport|jsc_DisclosureOfCompanysAccomplishmentsSupportedByQuantitativeIndicatorsAndDescriptionOfSignificantOccurrencesToCompanyDuringFiscalYear|0|en|33,JOKB,2025-04-17,DisclosuresDirectorsReport,jsc_DisclosureOfCompanysAccomplishmentsSupportedByQuantitativeIndicatorsAndDescriptionOfSignificantOccurrencesToCompanyDuringFiscalYear,en,"Recognizing the importance of data in enhancing efficiency, The Business Intelligence an Analytics Department introduced 60+ interactive dashboards during the year.",1,Big Data,2,realised,FALSE,screen_positive,21
JOKB|2025-04-17|DisclosuresDirectorsReport|jsc_DisclosureOfCompanysAccomplishmentsSupportedByQuantitativeIndicatorsAndDescriptionOfSignificantOccurrencesToCompanyDuringFiscalYear|0|en|38,JOKB,2025-04-17,DisclosuresDirectorsReport,jsc_DisclosureOfCompanysAccomplishmentsSupportedByQuantitativeIndicatorsAndDescriptionOfSignificantOccurrencesToCompanyDuringFiscalYear,en,"Further highlighting its commitment to technological advancement, Asian Banking and Finance awarded Jordan Kuwait Bank the “Artificial Intelligence and Machine Learning Award” for its launch of MASA, an AI-powered personal financial assistant integrated into the Jordan Kuwait Bank Mobile banking app, enhancing customers’ banking experiences through smart technology.",1,AI/ML,2,realised,FALSE,screen_positive,48
JOKB|2025-04-17|DisclosuresDirectorsReport|jsc_DisclosureOfCompanysAccomplishmentsSupportedByQuantitativeIndicatorsAndDescriptionOfSignificantOccurrencesToCompanyDuringFiscalYear|0|en|67,JOKB,2025-04-17,DisclosuresDirectorsReport,jsc_DisclosureOfCompanysAccomplishmentsSupportedByQuantitativeIndicatorsAndDescriptionOfSignificantOccurrencesToCompanyDuringFiscalYear,en,"In the area of Compliance, the bank deployed the AI-powered ISP anti-fraud System, designed to detect and prevent fraudulent activities in real time, leveraging machine learning and predictive analytics.",1,AI/ML,2,realised,FALSE,screen_positive,29
JOKB|2025-04-17|DisclosuresDirectorsReport|jsc_DisclosureOfImportantProspectiveDevelopmentsIncludingAnyNewExpansionsAndProjectsCompanysProposedPlanForAtLeastOneUpcomingYearAndBoardOfDirectorsForecastsForOutcomesOfCompanyActivities|0|en|5,JOKB,2025-04-17,DisclosuresDirectorsReport,jsc_DisclosureOfImportantProspectiveDevelopmentsIncludingAnyNewExpansionsAndProjectsCompanysProposedPlanForAtLeastOneUpcomingYearAndBoardOfDirectorsForecastsForOutcomesOfCompanyActivities,en,"As part of this effort, the bank will also enhance its data governance and analytics strategy by leveraging artificial intelligence and advanced data technologies to optimize operations, strengthen data infrastructure, and enable more informed, data-driven decision-making.",1,AI/ML,2,forward,FALSE,screen_positive,36
JOPT|2024-04-30|DisclosuresDirectorsReport|jsc_CompanysCompetitivePositionWithinItsSectorAndMainMarketSegmentsAsWellAsItsShareOfLocalMarketAndInternationalMarketIfPossible|0|en|117,JOPT,2024-04-30,DisclosuresDirectorsReport,jsc_CompanysCompetitivePositionWithinItsSectorAndMainMarketSegmentsAsWellAsItsShareOfLocalMarketAndInternationalMarketIfPossible,en,"The company produces more than (100) types of different lube oils to meet the needs of the local and foreign markets with a high degree of quality based on the Jordanian standard specifications, the specifications of the American Petroleum Institute (API, American Petroleum Institute), and the specifications of the Society of Automotive Engineers (SAE, Society of Automotive Engineers), European specifications (ACEA), OEM specifications, and US Army specifications (Military Standards).",0,none,0,NA,FALSE,screen_positive,69
JOPT|2024-04-30|DisclosuresDirectorsReport|jsc_DisclosureOfCompanysAccomplishmentsSupportedByQuantitativeIndicatorsAndDescriptionOfSignificantOccurrencesToCompanyDuringFiscalYear|0|en|19,JOPT,2024-04-30,DisclosuresDirectorsReport,jsc_DisclosureOfCompanysAccomplishmentsSupportedByQuantitativeIndicatorsAndDescriptionOfSignificantOccurrencesToCompanyDuringFiscalYear,en,"Lubricating Oils (Jopetrol): Jordan Lube Oil Manufacturing Company (a wholly owned subsidiary) is manufacturing, production and filling more than (100) different multiuse grades of lube oils to cover most local and foreign markets requirements, lube oil products are based on Jordanian specifications, American Petroleum Institute (API) standards, the Society of Automobiles Engineers (SAE) standards, European standards (ACEA), Original Equipment manufacturers (OEM) specifications and the American Army Military standards (Military Standard).",0,none,0,NA,FALSE,screen_positive,70
JOPT|2024-04-30|DisclosuresDirectorsReport|jsc_DisclosureOfImportantProspectiveDevelopmentsIncludingAnyNewExpansionsAndProjectsCompanysProposedPlanForAtLeastOneUpcomingYearAndBoardOfDirectorsForecastsForOutcomesOfCompanyActivities|0|en|73,JOPT,2024-04-30,DisclosuresDirectorsReport,jsc_DisclosureOfImportantProspectiveDevelopmentsIncludingAnyNewExpansionsAndProjectsCompanysProposedPlanForAtLeastOneUpcomingYearAndBoardOfDirectorsForecastsForOutcomesOfCompanyActivities,en,"In order to expand the company's share in the local market, the company will renovate, develop and produce new types of lube oils according to needs of the market and global trends, as the company is currently heading to develop its products by improving performance levels of oils and producing new types such as gasoline engine oil with a performance level (API SP) and diesel engine oils with performance levels (CK4 and CJ4), where the related improvers have been purchased.",0,none,0,NA,FALSE,screen_positive,80
JOPT|2024-04-30|DisclosuresDirectorsReport|jsc_DisclosureOfImportantProspectiveDevelopmentsIncludingAnyNewExpansionsAndProjectsCompanysProposedPlanForAtLeastOneUpcomingYearAndBoardOfDirectorsForecastsForOutcomesOfCompanyActivities|0|en|76,JOPT,2024-04-30,DisclosuresDirectorsReport,jsc_DisclosureOfImportantProspectiveDevelopmentsIncludingAnyNewExpansionsAndProjectsCompanysProposedPlanForAtLeastOneUpcomingYearAndBoardOfDirectorsForecastsForOutcomesOfCompanyActivities,en,"There is a follow up to obtain international accreditations for Jopetrol oils (such as Mercedes-Benz, API and others) to support the marketing campaigns and keeping both the ISO 9001 certificate and the Jordanian Quality Mark.",0,none,0,NA,FALSE,screen_positive,35
JOPT|2024-04-30|NotesListOfNotes|jsc-rep_DisclosureOfFuturePlan|0|en|32,JOPT,2024-04-30,NotesListOfNotes,jsc-rep_DisclosureOfFuturePlan,en,"There is a follow up on obtaining international accreditations for Jopetrol oils (such as Mercedes-Benz, API and others) to support the marketing campaigns and keeping both the ISO 9001 certificate and the Jordanian Quality Mark.",0,none,0,NA,FALSE,screen_positive,35
JOPT|2024-04-30|NotesListOfNotes|jsc-rep_DisclosureOfSectorialAndGeographicalDistribution|0|en|0,JOPT,2024-04-30,NotesListOfNotes,jsc-rep_DisclosureOfSectorialAndGeographicalDistribution,en,Distribution of assets liabilities and operations results by sector The information regarding the disclosed sectors of the Company is explained below in accordance with IFRS 8 where IFRS 8 requires the identification of reportable sectors on the basis of internal reports that are regularly reviewed by the main operating decision maker in the Company and are used to allocate Resources for sectors and assess their performance.,0,none,0,NA,FALSE,screen_positive,66
JTEL|2024-04-25|CorporateGovernanceReport|jsc-rep_DisclosureOfInformationAndDetailsRegardingApplicationOfProvisionsOfTheseInstructionsAndCorporateGovernanceRulesInCompany|0|en|1,JTEL,2024-04-25,CorporateGovernanceReport,jsc-rep_DisclosureOfInformationAndDetailsRegardingApplicationOfProvisionsOfTheseInstructionsAndCorporateGovernanceRulesInCompany,en,"The Company works to ensure full compliance with all laws, regulations and instructions issued by the official authorities (Ministry of Industry and Trade/ Companies Controller Department, the Securities Commission and Amman Stook Exchange), including all provisions of the governance directive and corporate governance codes, as well as full compliance with the disclosure requirements and publication of its business outcomes through the Company’s website, which includes the annual report and the resolutions of the general assembly meetings and ensures disclosure to the Jordan Securities Commission and Amman Stook Exchange through the XBRL disclosure system.",1,XBRL,2,realised,FALSE,screen_positive,93
JTEL|2024-04-25|DisclosuresDirectorsReport|jsc_DisclosureOfAnalysisOfCompanysFinancialStatusAndOfResultsOfItsActivitiesForFiscalYear|0|en|2,JTEL,2024-04-25,DisclosuresDirectorsReport,jsc_DisclosureOfAnalysisOfCompanysFinancialStatusAndOfResultsOfItsActivitiesForFiscalYear,en,"In July 2023, we launched 5G services, bringing advanced connectivity to our customers and opening up new possibilities for IoT, smart cities, and industrial solutions.",0,none,0,NA,FALSE,screen_positive,25
JTEL|2024-04-25|DisclosuresDirectorsReport|jsc_DisclosureOfCompanysContributionToEnvironmentalProtectionAndLocalCommunityService|0|en|14,JTEL,2024-04-25,DisclosuresDirectorsReport,jsc_DisclosureOfCompanysContributionToEnvironmentalProtectionAndLocalCommunityService,en,Sponsoring the Artificial Intelligence in Defense Technologies and Cyber Security Exhibition and Conference - AIDTSEC 2023 for the second consecutive time.,1,AI/ML,2,realised,FALSE,screen_positive,21
JTEL|2024-04-25|DisclosuresDirectorsReport|jsc_DisclosureOfCompanysContributionToEnvironmentalProtectionAndLocalCommunityService|0|en|20,JTEL,2024-04-25,DisclosuresDirectorsReport,jsc_DisclosureOfCompanysContributionToEnvironmentalProtectionAndLocalCommunityService,en,Launching the second cohort of the Artificial Intelligence Incubator in partnership with the Innovative Startups and SMEs Fund in partnership with Princess Sumaya University for Technology .,1,AI/ML,2,realised,FALSE,screen_positive,27
JTEL|2024-04-25|DisclosuresDirectorsReport|jsc_DisclosureOfImportantProspectiveDevelopmentsIncludingAnyNewExpansionsAndProjectsCompanysProposedPlanForAtLeastOneUpcomingYearAndBoardOfDirectorsForecastsForOutcomesOfCompanyActivities|0|en|9,JTEL,2024-04-25,DisclosuresDirectorsReport,jsc_DisclosureOfImportantProspectiveDevelopmentsIncludingAnyNewExpansionsAndProjectsCompanysProposedPlanForAtLeastOneUpcomingYearAndBoardOfDirectorsForecastsForOutcomesOfCompanyActivities,en,"The objective is to be aligned with the latest trends that shape the global technological landscape such as Cloud Computing, Artificial Intelligence, and more.",1,multiple,2,realised,FALSE,screen_positive,24
NDAR|2024-03-31|DisclosuresDirectorsReport|jsc_DisclosureOfCompanysAccomplishmentsSupportedByQuantitativeIndicatorsAndDescriptionOfSignificantOccurrencesToCompanyDuringFiscalYear|0|en|1,NDAR,2024-03-31,DisclosuresDirectorsReport,jsc_DisclosureOfCompanysAccomplishmentsSupportedByQuantitativeIndicatorsAndDescriptionOfSignificantOccurrencesToCompanyDuringFiscalYear,en,Nutridar IT Department accomplished upgrading Oracle E-Business Suite to the latest release 12.2.11 and its Database to latest 19c release .,0,none,0,NA,FALSE,screen_positive,21
VFED|2024-02-29|CorporateGovernanceReport|jsc-rep_DisclosureOfInformationAndDetailsRegardingApplicationOfProvisionsOfTheseInstructionsAndCorporateGovernanceRulesInCompany|0|en|0,VFED,2024-02-29,CorporateGovernanceReport,jsc-rep_DisclosureOfInformationAndDetailsRegardingApplicationOfProvisionsOfTheseInstructionsAndCorporateGovernanceRulesInCompany,en,"Governance report for the year 2023 The Board of Directors of Al Shamkha Real Estate and Financial Investments Company is committed to implementing all provisions of the Governance Instructions for Listed Joint Stock Companies for the year 2017, and this report was prepared to clarify information and details related to the extent of our compliance with these instructions, which are as follows: Firstly: Board of Directors : 1 The new Board of Directors was elected in accordance with Article 132/A of the Companies Law on 04/27/2023, and the disclosure was made via an electronic disclosure via XBRL on 04/27/2023.",1,XBRL,2,forward,FALSE,screen_positive,99
ABCO|2024-03-30|DisclosuresDirectorsReport|jsc_DescriptionOfCompanysMainActivitiesWithTheirRespectiveGeographicalLocationsSizeOfCapitalInvestmentAndNumberOfEmployees|0|en|6,ABCO,2024-03-30,DisclosuresDirectorsReport,jsc_DescriptionOfCompanysMainActivitiesWithTheirRespectiveGeographicalLocationsSizeOfCapitalInvestmentAndNumberOfEmployees,en,The application is supported by Bank ABC in Jordan and utilizes artificial intelligence and data analysis in its design.,1,multiple,2,realised,FALSE,screen_positive,19
ARBK|2024-04-28|DisclosuresDirectorsReport|jsc_DescriptionOfCompanysMainActivitiesWithTheirRespectiveGeographicalLocationsSizeOfCapitalInvestmentAndNumberOfEmployees|0|en|10,ARBK,2024-04-28,DisclosuresDirectorsReport,jsc_DescriptionOfCompanysMainActivitiesWithTheirRespectiveGeographicalLocationsSizeOfCapitalInvestmentAndNumberOfEmployees,en,"Data analytics contributed to the decision-making process, maintaining competitiveness, and keeping pace with developments within the corporate business and digital banking landscape.",1,Big Data,2,realised,FALSE,screen_positive,22
ARBK|2024-04-28|DisclosuresDirectorsReport|jsc_DescriptionOfCompanysMainActivitiesWithTheirRespectiveGeographicalLocationsSizeOfCapitalInvestmentAndNumberOfEmployees|0|en|26,ARBK,2024-04-28,DisclosuresDirectorsReport,jsc_DescriptionOfCompanysMainActivitiesWithTheirRespectiveGeographicalLocationsSizeOfCapitalInvestmentAndNumberOfEmployees,en,"The bank remains focused on the strategic pillars that drive its digital strategy, including a focus on innovation and information technology, most importantly artificial intelligence and predictive analytics.",1,AI/ML,2,realised,FALSE,screen_positive,28
ARBK|2024-04-28|DisclosuresDirectorsReport|jsc_DisclosureOfCompanysAccomplishmentsSupportedByQuantitativeIndicatorsAndDescriptionOfSignificantOccurrencesToCompanyDuringFiscalYear|0|en|66,ARBK,2024-04-28,DisclosuresDirectorsReport,jsc_DisclosureOfCompanysAccomplishmentsSupportedByQuantitativeIndicatorsAndDescriptionOfSignificantOccurrencesToCompanyDuringFiscalYear,en,"During the year, the Al-Arabi chatbot for automated smart conversations was enhanced to answer a wide range of customer inquiries.",1,AI/ML,2,realised,FALSE,screen_positive,20
ARBK|2024-04-28|DisclosuresDirectorsReport|jsc_DisclosureOfCompanysAccomplishmentsSupportedByQuantitativeIndicatorsAndDescriptionOfSignificantOccurrencesToCompanyDuringFiscalYear|0|en|67,ARBK,2024-04-28,DisclosuresDirectorsReport,jsc_DisclosureOfCompanysAccomplishmentsSupportedByQuantitativeIndicatorsAndDescriptionOfSignificantOccurrencesToCompanyDuringFiscalYear,en,"This involved expanding the chatbot’s knowledge base and adding new features, such as voice interactions, image display, and tutorial videos to help customers use the chatbot.",1,AI/ML,2,realised,FALSE,screen_positive,26
ARBK|2024-04-28|DisclosuresDirectorsReport|jsc_DisclosureOfCompanysContributionToEnvironmentalProtectionAndLocalCommunityService|0|en|18,ARBK,2024-04-28,DisclosuresDirectorsReport,jsc_DisclosureOfCompanysContributionToEnvironmentalProtectionAndLocalCommunityService,en,"The operations department also started a project to review and update the record matrix and retention periods for the bank’s documents, while continuing to implement the electronic archiving system.",1,SAR,2,realised,FALSE,screen_positive,29
ARBK|2024-04-28|DisclosuresDirectorsReport|jsc_DisclosureOfImportantProspectiveDevelopmentsIncludingAnyNewExpansionsAndProjectsCompanysProposedPlanForAtLeastOneUpcomingYearAndBoardOfDirectorsForecastsForOutcomesOfCompanyActivities|0|en|28,ARBK,2024-04-28,DisclosuresDirectorsReport,jsc_DisclosureOfImportantProspectiveDevelopmentsIncludingAnyNewExpansionsAndProjectsCompanysProposedPlanForAtLeastOneUpcomingYearAndBoardOfDirectorsForecastsForOutcomesOfCompanyActivities,en,"Data analysis solutions, including artificial intelligence and machine learning, are part of the future foundation of Consumer Banking’s personalized customer engagement plans.",1,multiple,2,forward,FALSE,screen_positive,22
ARBK|2024-04-28|DisclosuresDirectorsReport|jsc_DisclosureOfImportantProspectiveDevelopmentsIncludingAnyNewExpansionsAndProjectsCompanysProposedPlanForAtLeastOneUpcomingYearAndBoardOfDirectorsForecastsForOutcomesOfCompanyActivities|0|en|33,ARBK,2024-04-28,DisclosuresDirectorsReport,jsc_DisclosureOfImportantProspectiveDevelopmentsIncludingAnyNewExpansionsAndProjectsCompanysProposedPlanForAtLeastOneUpcomingYearAndBoardOfDirectorsForecastsForOutcomesOfCompanyActivities,en,"Treasury’s growing use of technology will help ensure that the bank remains relevant and retains its competitive advantage in decision support information, data analytics, and customer service.",1,Big Data,2,forward,FALSE,screen_positive,27
ARBK|2024-04-28|NotesListOfNotes|ifrs-full_DisclosureOfEntitysReportableSegmentsExplanatory|0|en|25,ARBK,2024-04-28,NotesListOfNotes,ifrs-full_DisclosureOfEntitysReportableSegmentsExplanatory,en,"In addition to the above, the bank is working on pillars according to which it leads its digital and innovation strategies, the most important of which are artificial intelligence and proactive analysis.",1,AI/ML,2,realised,FALSE,screen_positive,32
JOPT|2021-06-16|DisclosuresDirectorsReport|jsc_DescriptionOfSubsidiaryCompaniesNatureOfTheirBusinessAndTheirAreasOfActivity|0|en|25,JOPT,2021-06-16,DisclosuresDirectorsReport,jsc_DescriptionOfSubsidiaryCompaniesNatureOfTheirBusinessAndTheirAreasOfActivity,en,"Lube oil products comply with the Jordanian specifications, the American Petroleum Institute (API- American Petroleum Institute) standards, the Society of Automobiles Engineers (SAE Society of Automotive Engineers) standards, European standards (ACEA), Original Equipment manufacturers (OEM) specifications and the American Army Military standards (Military Standard), The products are subjected to the most stringent quality control tests carried out in modern specialized laboratories.",0,none,0,NA,FALSE,screen_positive,61
JOPT|2021-06-16|DisclosuresDirectorsReport|jsc_DisclosureOfCompanysAccomplishmentsSupportedByQuantitativeIndicatorsAndDescriptionOfSignificantOccurrencesToCompanyDuringFiscalYear|0|en|9,JOPT,2021-06-16,DisclosuresDirectorsReport,jsc_DisclosureOfCompanysAccomplishmentsSupportedByQuantitativeIndicatorsAndDescriptionOfSignificantOccurrencesToCompanyDuringFiscalYear,en,"Lube oil products comply with the Jordanian specifications, the American Petroleum Institute (API) standards, the Society of Automobiles Engineers (SAE Society of Automotive Engineers) standards, European standards (ACEA), Original Equipment manufacturers (OEM) specifications and the American Army Military standards (Military Standard), and these lube oils are subjected to the most stringent quality control tests carried out in modern specialized laboratories.",0,none,0,NA,FALSE,screen_positive,60
JOPT|2021-06-16|DisclosuresDirectorsReport|jsc_DisclosureOfImportantProspectiveDevelopmentsIncludingAnyNewExpansionsAndProjectsCompanysProposedPlanForAtLeastOneUpcomingYearAndBoardOfDirectorsForecastsForOutcomesOfCompanyActivities|0|en|22,JOPT,2021-06-16,DisclosuresDirectorsReport,jsc_DisclosureOfImportantProspectiveDevelopmentsIncludingAnyNewExpansionsAndProjectsCompanysProposedPlanForAtLeastOneUpcomingYearAndBoardOfDirectorsForecastsForOutcomesOfCompanyActivities,en,"Purchase of (3) water circulation pumps for API separator at an estimated cost of (70,000) JOD.",0,none,0,NA,FALSE,screen_positive,16
JOPT|2025-04-30|DisclosuresDirectorsReport|jsc_CompanysCompetitivePositionWithinItsSectorAndMainMarketSegmentsAsWellAsItsShareOfLocalMarketAndInternationalMarketIfPossible|0|en|124,JOPT,2025-04-30,DisclosuresDirectorsReport,jsc_CompanysCompetitivePositionWithinItsSectorAndMainMarketSegmentsAsWellAsItsShareOfLocalMarketAndInternationalMarketIfPossible,en,"The company produces more than (100) types of different lube oils to meet the needs of the local and foreign markets with a high degree of quality based on the Jordanian standard specifications, the specifications of the American Petroleum Institute (API, American Petroleum Institute), and the specifications of the Society of Automotive Engineers (SAE, Society of Automotive Engineers), European specifications (ACEA), OEM specifications, and US Army specifications (Military Standards).",0,none,0,NA,FALSE,screen_positive,69
JOPT|2025-04-30|DisclosuresDirectorsReport|jsc_CompanysCompetitivePositionWithinItsSectorAndMainMarketSegmentsAsWellAsItsShareOfLocalMarketAndInternationalMarketIfPossible|0|en|136,JOPT,2025-04-30,DisclosuresDirectorsReport,jsc_CompanysCompetitivePositionWithinItsSectorAndMainMarketSegmentsAsWellAsItsShareOfLocalMarketAndInternationalMarketIfPossible,en,"Jopetrol oils are distinguished by obtaining (6) approvals from the American Petroleum Institute (API) for oils: Jopetrol Super Diesel 16-15W/40, CI4 performance level, Jopetrol Super Diesel Synthetic- 10W/40, Jopetrol Perfect 10W/40 and 20W/50, Jopetrol Extra 5W/30, and Jopetrol Hyper 5W/20.",0,none,0,NA,FALSE,screen_positive,40
JOPT|2025-04-30|DisclosuresDirectorsReport|jsc_DisclosureOfCompanysAccomplishmentsSupportedByQuantitativeIndicatorsAndDescriptionOfSignificantOccurrencesToCompanyDuringFiscalYear|0|en|20,JOPT,2025-04-30,DisclosuresDirectorsReport,jsc_DisclosureOfCompanysAccomplishmentsSupportedByQuantitativeIndicatorsAndDescriptionOfSignificantOccurrencesToCompanyDuringFiscalYear,en,"Lubricating Oils (Jopetrol): Jordan Lube Oil Manufacturing Company (a wholly owned subsidiary) is manufacturing, production and filling more than (100) different multiuse grades of lube oils to cover most local and foreign markets requirements, lube oil products are based on Jordanian specifications, American Petroleum Institute (API) standards, the Society of Automobiles Engineers (SAE) standards, European standards (ACEA), Original Equipment manufacturers (OEM) specifications and the American Army Military standards (Military Standard).",0,none,0,NA,FALSE,screen_positive,70
JOPT|2025-04-30|DisclosuresDirectorsReport|jsc_DisclosureOfImportantProspectiveDevelopmentsIncludingAnyNewExpansionsAndProjectsCompanysProposedPlanForAtLeastOneUpcomingYearAndBoardOfDirectorsForecastsForOutcomesOfCompanyActivities|0|en|35,JOPT,2025-04-30,DisclosuresDirectorsReport,jsc_DisclosureOfImportantProspectiveDevelopmentsIncludingAnyNewExpansionsAndProjectsCompanysProposedPlanForAtLeastOneUpcomingYearAndBoardOfDirectorsForecastsForOutcomesOfCompanyActivities,en,"Work is also underway to implement an energy consumption audit system using artificial intelligence, which monitors load behavior and generation sources.",1,AI/ML,2,realised,FALSE,screen_positive,21
JOPT|2025-04-30|NotesListOfNotes|jsc-rep_DisclosureOfSectorialAndGeographicalDistribution|0|en|0,JOPT,2025-04-30,NotesListOfNotes,jsc-rep_DisclosureOfSectorialAndGeographicalDistribution,en,Distribution of assets liabilities and operations results by sector The information regarding the disclosed sectors of the Company is explained below in accordance with IFRS (8) where IFRS (8) requires the identification of reportable sectors on the basis of internal reports that are regularly reviewed by the main operating decision maker in the Company and are used to allocate Resources for sectors and assess their performance.,0,none,0,NA,FALSE,screen_positive,66
JTEL|2021-04-29|DisclosuresChairmansStatement|jsc_DisclosureOfStatementOfBoardOfDirectorsChairman|0|en|45,JTEL,2021-04-29,DisclosuresChairmansStatement,jsc_DisclosureOfStatementOfBoardOfDirectorsChairman,en,New technologies like 5G and the Internet of Things cannot be attained in Jordan with the current pricing of frequencies.,0,none,0,NA,FALSE,screen_positive,20
JTEL|2025-04-24|DisclosuresDirectorsReport|jsc_DisclosureOfImportantProspectiveDevelopmentsIncludingAnyNewExpansionsAndProjectsCompanysProposedPlanForAtLeastOneUpcomingYearAndBoardOfDirectorsForecastsForOutcomesOfCompanyActivities|0|en|5,JTEL,2025-04-24,DisclosuresDirectorsReport,jsc_DisclosureOfImportantProspectiveDevelopmentsIncludingAnyNewExpansionsAndProjectsCompanysProposedPlanForAtLeastOneUpcomingYearAndBoardOfDirectorsForecastsForOutcomesOfCompanyActivities,en,"Meanwhile, we will expand our Orange Business Solutions to align with global technological advancements, including cloud computing, artificial intelligence, and more.",1,multiple,2,forward,FALSE,screen_positive,21
JVOI|2024-03-21|DisclosuresChairmansStatement|jsc_DisclosureOfStatementOfBoardOfDirectorsChairman|0|en|7,JVOI,2024-03-21,DisclosuresChairmansStatement,jsc_DisclosureOfStatementOfBoardOfDirectorsChairman,en,"The latest versions of ERP systems were purchased from Microsoft, which is a system Microsoft Dynamics 365 Finance & Operations expect to be fully implemented in 2024.",1,ERP,2,realised,FALSE,screen_positive,27
JVOI|2024-03-21|DisclosuresDirectorsReport|jsc_DisclosureOfCompanysAccomplishmentsSupportedByQuantitativeIndicatorsAndDescriptionOfSignificantOccurrencesToCompanyDuringFiscalYear|0|en|7,JVOI,2024-03-21,DisclosuresDirectorsReport,jsc_DisclosureOfCompanysAccomplishmentsSupportedByQuantitativeIndicatorsAndDescriptionOfSignificantOccurrencesToCompanyDuringFiscalYear,en,"The company has purchased the latest versions of ERP systems from Microsoft, a system Microsoft Dynamics 365 Finance & Operations expect to be completed and implemented in mid-2024.",1,ERP,2,realised,FALSE,screen_positive,28
JVOI|2024-03-21|DisclosuresDirectorsReport|jsc_DisclosureOfImportantProspectiveDevelopmentsIncludingAnyNewExpansionsAndProjectsCompanysProposedPlanForAtLeastOneUpcomingYearAndBoardOfDirectorsForecastsForOutcomesOfCompanyActivities|0|en|3,JVOI,2024-03-21,DisclosuresDirectorsReport,jsc_DisclosureOfImportantProspectiveDevelopmentsIncludingAnyNewExpansionsAndProjectsCompanysProposedPlanForAtLeastOneUpcomingYearAndBoardOfDirectorsForecastsForOutcomesOfCompanyActivities,en,Activate Microsoft ERP systems.,1,ERP,2,realised,FALSE,screen_positive,4
NDAR|2021-04-15|NotesListOfNotes|ifrs-full_DisclosureOfSummaryOfSignificantAccountingPoliciesExplanatory|0|en|115,NDAR,2021-04-15,NotesListOfNotes,ifrs-full_DisclosureOfSummaryOfSignificantAccountingPoliciesExplanatory,en,The defined benefit obligation is calculated annually by management using the projected unit credit method. 2.18 Segment reporting Operating segments are reported in a manner consistent with the internal reporting provided to the Group’s chief operating decision maker.,0,none,0,NA,FALSE,screen_positive,38
NDAR|2025-04-28|DisclosuresDirectorsReport|jsc_DisclosureOfCompanysAccomplishmentsSupportedByQuantitativeIndicatorsAndDescriptionOfSignificantOccurrencesToCompanyDuringFiscalYear|0|en|1,NDAR,2025-04-28,DisclosuresDirectorsReport,jsc_DisclosureOfCompanysAccomplishmentsSupportedByQuantitativeIndicatorsAndDescriptionOfSignificantOccurrencesToCompanyDuringFiscalYear,en,The Company's IT Department has completed the upgrade of the Oracle E-Business Suite system and its Oracle Database 19c database to the latest available version.,0,none,0,NA,FALSE,screen_positive,25
NDAR|2025-04-28|DisclosuresDirectorsReport|jsc_DisclosureOfCompanysAccomplishmentsSupportedByQuantitativeIndicatorsAndDescriptionOfSignificantOccurrencesToCompanyDuringFiscalYear|0|en|2,NDAR,2025-04-28,DisclosuresDirectorsReport,jsc_DisclosureOfCompanysAccomplishmentsSupportedByQuantitativeIndicatorsAndDescriptionOfSignificantOccurrencesToCompanyDuringFiscalYear,en,Completion of the Computer System Validation requirements for Oracle EBS 12.2.,0,none,0,NA,FALSE,screen_positive,11
VFED|2025-03-13|CorporateGovernanceReport|jsc-rep_DisclosureOfInformationAndDetailsRegardingApplicationOfProvisionsOfTheseInstructionsAndCorporateGovernanceRulesInCompany|0|en|0,VFED,2025-03-13,CorporateGovernanceReport,jsc-rep_DisclosureOfInformationAndDetailsRegardingApplicationOfProvisionsOfTheseInstructionsAndCorporateGovernanceRulesInCompany,en,"Governance report for the year 2024 The Board of Directors of Al Shamkha Real Estate and Financial Investments Company is committed to implementing all provisions of the Governance Instructions for Listed Joint Stock Companies for the year 2017, and this report was prepared to clarify information and details related to the extent of our compliance with these instructions, which are as follows: Firstly: A. Board of Directors: 1. The new Board of Directors was elected in accordance with Article 132/A of the Companies Law on 04/27/2023, and the disclosure was made via an electronic disclosure via XBRL on 04/27/2023. 2. The members of the new council fulfilled all membership conditions in accordance with Articles 133-136 of the Companies Law. 3. The Chairman of the Board of Directors and his deputy were elected and the members authorized to sign were determined in accordance with Article 137/A of the Companies Law, and the Companies Controller was provided with copies of the data in accordance with Article 137/B of the Companies Law. 4. The Companies Controller shall be provided with a written acknowledgment from the Chairman of the Board, his deputy, the members, and the financial director of the shares they, their wives, and their minor children (if any) own in the company, and the names of other companies in which they have shares or shares (if any).",1,XBRL,2,forward,FALSE,screen_positive,225
ARBK|2025-04-06|DisclosuresDirectorsReport|jsc_DisclosureOfCompanysAccomplishmentsSupportedByQuantitativeIndicatorsAndDescriptionOfSignificantOccurrencesToCompanyDuringFiscalYear|0|en|52,ARBK,2025-04-06,DisclosuresDirectorsReport,jsc_DisclosureOfCompanysAccomplishmentsSupportedByQuantitativeIndicatorsAndDescriptionOfSignificantOccurrencesToCompanyDuringFiscalYear,en,"As for the area of payments and cards, Arab Bank launched American Express cards in Jordan to keep pace with the evolving needs of its customers and enable them to benefit from a wide range of rewards and premium global services.",0,none,0,NA,FALSE,uniform_negative,41
ZARA|2022-04-27|NotesListOfNotes|ifrs-full_DisclosureOfBorrowingsExplanatory|0|en|43,ZARA,2022-04-27,NotesListOfNotes,ifrs-full_DisclosureOfBorrowingsExplanatory,en,"The unutilized portion of the loans amounted to JD 1,956,992 as at 31 December 2021 (31 December 2020: JD 1,956,992). - Cairo Amman Bank - Red Sea Hotels Company -2- JD On 5 July 2020, the Red Sea Hotels Company signed a loan agreement in the amount of JD 1,000,000 backed by the Central Bank of Jordan to reinforce tourism.",0,none,0,NA,FALSE,uniform_negative,60
JOPT|2025-04-30|DisclosuresAuditorsReport|jsc_AuditorsReportOnFinancialStatements|0|en|56,JOPT,2025-04-30,DisclosuresAuditorsReport,jsc_AuditorsReportOnFinancialStatements,en,We remain solely responsible for our audit opinion.,0,none,0,NA,FALSE,uniform_negative,8
ZARA|2023-04-30|NotesListOfNotes|ifrs-full_DisclosureOfLiquidityRiskExplanatory|0|en|2,ZARA,2023-04-30,NotesListOfNotes,ifrs-full_DisclosureOfLiquidityRiskExplanatory,en,The Group limits its liquidity risk by ensuring bank facilities are available .,0,none,0,NA,FALSE,uniform_negative,13
ARBK|2024-04-28|NotesListOfNotes|ifrs-full_DisclosureOfAccountingJudgementsAndEstimatesExplanatory|0|en|24,ARBK,2024-04-28,NotesListOfNotes,ifrs-full_DisclosureOfAccountingJudgementsAndEstimatesExplanatory,en,"The difference between Level 2 and Level 3 fair value measurements represents whether inputs are observable and whether the unobservable inputs are significant, which may require judgment and a careful analysis of the inputs used to measure fair value, including consideration of factors specific to the asset or liability.",0,none,0,NA,FALSE,uniform_negative,49
ZARA|2025-04-30|NotesListOfNotes|ifrs-full_DisclosureOfBasisOfConsolidationExplanatory|0|en|19,ZARA,2025-04-30,NotesListOfNotes,ifrs-full_DisclosureOfBasisOfConsolidationExplanatory,en,Recognizes the fair value of any investment retained.,0,none,0,NA,FALSE,uniform_negative,8
ARBK|2023-04-30|NotesListOfNotes|ifrs-full_DisclosureOfSummaryOfSignificantAccountingPoliciesExplanatory|0|en|113,ARBK,2023-04-30,NotesListOfNotes,ifrs-full_DisclosureOfSummaryOfSignificantAccountingPoliciesExplanatory,en,"Impairment of financial assets Overview of the ECL principles The Group records the allowance for expected credit loss for all loans and other debt financial assets not held at FVTPL, together with loan commitments and financial guarantee contracts, in this section all referred to as ‘financial instruments’.",0,none,0,NA,FALSE,uniform_negative,47
AMAL|2021-04-30|NotesListOfNotes|ifrs-full_DisclosureOfPropertyPlantAndEquipmentExplanatory|0|en|4,AMAL,2021-04-30,NotesListOfNotes,ifrs-full_DisclosureOfPropertyPlantAndEquipmentExplanatory,en,"When assets are sold or retired, their cost and accumulated depreciation are eliminated from the accounts and any gain or loss resulting from their disposal is included in the statement of income.",0,none,0,NA,FALSE,uniform_negative,32
JOPT|2024-04-30|NotesListOfNotes|ifrs-full_DisclosureOfServiceConcessionArrangementsExplanatory|0|en|29,JOPT,2024-04-30,NotesListOfNotes,ifrs-full_DisclosureOfServiceConcessionArrangementsExplanatory,en,"As a result of the agreement between the Company and the Government, the Ministry of Finance issued Letter No. (4/18/28669), dated August 29, 2019, which included its approval for the Company to clean its tanks from sediments and water as the Government bears this cost , and the company must write off the materials, spare parts and supplies no longer needed, and transfer the surplus balance of the slow-moving and obsolete inventory and sediments and water provision to the Ministry of Finance.",0,none,0,NA,FALSE,uniform_negative,82
JOPT|2023-04-30|Declarations|jsc-rep_DisclosureOfOtherDeclarations|0|en|25,JOPT,2023-04-30,Declarations,jsc-rep_DisclosureOfOtherDeclarations,en,"As a result of the Government's failure to comply with the above decision, and based on the agreement between the Company and the Government, the Council of Ministers' issued Decision No. (6399) that was adopted at its meeting held on September 9, 2019.",0,none,0,NA,FALSE,uniform_negative,43
ABCO|2022-03-30|DisclosuresDirectorsReport|jsc_DisclosureOfCompanysAccomplishmentsSupportedByQuantitativeIndicatorsAndDescriptionOfSignificantOccurrencesToCompanyDuringFiscalYear|0|en|0,ABCO,2022-03-30,DisclosuresDirectorsReport,jsc_DisclosureOfCompanysAccomplishmentsSupportedByQuantitativeIndicatorsAndDescriptionOfSignificantOccurrencesToCompanyDuringFiscalYear,en,"Review of Operations Bank’s Achievements in the Fiscal Year Directors’ Report on the Bank’s Business Results in 2021 The Board of Directors of Bank ABC in Jordan is pleased to extend its thanks and appreciation to the Bank’s shareholders and present to you its report on the financial statement for 2021, Bank’s achievements and the activities, services and products offered during the previous year.",0,none,0,NA,FALSE,uniform_negative,64
ARBK|2025-04-06|DisclosuresDirectorsReport|jsc_DisclosureOfImportantProspectiveDevelopmentsIncludingAnyNewExpansionsAndProjectsCompanysProposedPlanForAtLeastOneUpcomingYearAndBoardOfDirectorsForecastsForOutcomesOfCompanyActivities|0|en|31,ARBK,2025-04-06,DisclosuresDirectorsReport,jsc_DisclosureOfImportantProspectiveDevelopmentsIncludingAnyNewExpansionsAndProjectsCompanysProposedPlanForAtLeastOneUpcomingYearAndBoardOfDirectorsForecastsForOutcomesOfCompanyActivities,en,"Consumer Banking will continue to promote its cards as the preferred choice for customers, supported by a diverse range of benefits, a rewarding loyalty programme, and special offers tailored to customers’ lifestyles, all provided through an extensive network of business partners.",0,none,0,NA,FALSE,uniform_negative,41
AMAL|2021-04-30|DisclosuresDirectorsReport|jsc_DisclosureOfStatementThatIndicatesNumberOfSecuritiesIssuedByCompanyWhichAreOwnedByAnyMemberOfItsBoardOfDirectorsAnyMemberOfItsSeniorExecutiveManagementOrAnyOfTheirRelativesAListOfCompaniesControlledByAnyOfSuchProvidedAllOfTheAboveIsBenchmarkedAgainstThePrecedingYear|0|en|1,AMAL,2021-04-30,DisclosuresDirectorsReport,jsc_DisclosureOfStatementThatIndicatesNumberOfSecuritiesIssuedByCompanyWhichAreOwnedByAnyMemberOfItsBoardOfDirectorsAnyMemberOfItsSeniorExecutiveManagementOrAnyOfTheirRelativesAListOfCompaniesControlledByAnyOfSuchProvidedAllOfTheAboveIsBenchmarkedAgainstThePrecedingYear,en,"Number of shares owned by senior executive management as at December 31, 2020 compared to the previous year : The number of securities owned by relatives of members of the Board of Directors and relatives of persons of higher executive management: There are no shares owned by relatives of board members.",0,none,0,NA,FALSE,uniform_negative,51
ABCO|2025-08-14|DisclosuresDirectorsReport|jsc_TheMembersOfBoardOfDirectorsNamesAndNamesAndRanksOfSeniorExecutiveManagementWithBriefResumeOfEach|0|en|112,ABCO,2025-08-14,DisclosuresDirectorsReport,jsc_TheMembersOfBoardOfDirectorsNamesAndNamesAndRanksOfSeniorExecutiveManagementWithBriefResumeOfEach,en,"Mr. Khaldoun Naim Ibrahim Ziadat SVP/ Head of Internal Audit B. Sc. in Economics, University of Jordan, 1998.",0,none,0,NA,FALSE,uniform_negative,18
LEAS|2024-04-22|DisclosuresDirectorsReport|jsc_TheMembersOfBoardOfDirectorsNamesAndNamesAndRanksOfSeniorExecutiveManagementWithBriefResumeOfEach|0|en|12,LEAS,2024-04-22,DisclosuresDirectorsReport,jsc_TheMembersOfBoardOfDirectorsNamesAndNamesAndRanksOfSeniorExecutiveManagementWithBriefResumeOfEach,en,Vice President of the Jordanian Association of the Leasing Companies.,0,none,0,NA,FALSE,uniform_negative,10
JOPT|2022-04-21|NotesListOfNotes|jsc-rep_DisclosureOfTradeAndOtherCurrentReceivables|0|en|6,JOPT,2022-04-21,NotesListOfNotes,jsc-rep_DisclosureOfTradeAndOtherCurrentReceivables,en,"The Company has committed to reducing the debt of departments, institutions, and government and security agencies by JD 317,601,186 during the year 2019, according to the Company's borrowing agreement with banks of JD 455,505,000, on behalf of the Government to pay part of the debt owed by the Government in exchange for the issuance of pledges by the Ministry of Finance to pay the loan amount and interest thereon.",0,none,0,NA,FALSE,uniform_negative,69
AMAL|2025-04-24|DisclosuresDirectorsReport|jsc_TheMembersOfBoardOfDirectorsNamesAndNamesAndRanksOfSeniorExecutiveManagementWithBriefResumeOfEach|0|en|30,AMAL,2025-04-24,DisclosuresDirectorsReport,jsc_TheMembersOfBoardOfDirectorsNamesAndNamesAndRanksOfSeniorExecutiveManagementWithBriefResumeOfEach,en,Academic Qualifications Minister of Interior from 30/3/2013 to 18/5/2015 .,0,none,0,NA,FALSE,uniform_negative,10
RICS|2025-03-20|DisclosuresAuditorsReport|jsc_AuditorsReportOnFinancialStatements|0|en|31,RICS,2025-03-20,DisclosuresAuditorsReport,jsc_AuditorsReportOnFinancialStatements,en,"However, future events or conditions may cause the Company to cease to continue as a going concern.",0,none,0,NA,FALSE,uniform_negative,17
ZARA|2025-04-30|NotesListOfNotes|jsc-rep_DisclosureOfCapitalManagement|0|en|4,ZARA,2025-04-30,NotesListOfNotes,jsc-rep_DisclosureOfCapitalManagement,en,"Capital comprises of paid-in capital, statutory reserve, cumulative change in fair value and retained earnings and is measured at JD 145,791,119 as at 31 December 2024 (2023: JD 149,413,058).",0,none,0,NA,FALSE,uniform_negative,29
ABCO|2025-08-14|NotesListOfNotes|ifrs-full_DisclosureOfIncomeTaxExplanatory|0|en|2,ABCO,2025-08-14,NotesListOfNotes,ifrs-full_DisclosureOfIncomeTaxExplanatory,en,"The Bank has submitted its tax returns for the years 2021, 2022 and 2023 which has not yet been reviewed yet by the Income and Sales Tax Department until the date of the consolidated financial statements.",0,none,0,NA,FALSE,uniform_negative,36
JOPT|2024-04-30|NotesListOfNotes|ifrs-full_DisclosureOfCommitmentsAndContingentLiabilitiesExplanatory|0|en|6,JOPT,2024-04-30,NotesListOfNotes,ifrs-full_DisclosureOfCommitmentsAndContingentLiabilitiesExplanatory,en,"Meanwhile, Jordan Petroleum Refinery Company is objecting to this amount since these quantities of inventory are deposits booked by the Company and will be refunded as quantities in case the relationship with the Government is terminated.",0,none,0,NA,FALSE,uniform_negative,36
APOT|2023-04-27|DisclosuresAuditorsReport|jsc_OtherInformationIncludedInBanksAnnualReportExplanatory|0|en|1,APOT,2023-04-27,DisclosuresAuditorsReport,jsc_OtherInformationIncludedInBanksAnnualReportExplanatory,en,The other information comprises the Management’s annual report (but does not include the consolidated financial statements and our auditor’s report thereon) which we obtained prior to the date of this auditor’s report.,0,none,0,NA,FALSE,uniform_negative,32
APOT|2021-04-27|DisclosuresAuditorsReport|jsc_ReportOnOtherLegalAndRegulatoryRequirementsExplanatory|0|en|1,APOT,2021-04-27,DisclosuresAuditorsReport,jsc_ReportOnOtherLegalAndRegulatoryRequirementsExplanatory,en,We recommend the General Assembly to approve them.,0,none,0,NA,FALSE,uniform_negative,8
JTEL|2022-04-27|NotesListOfNotes|jsc-rep_DisclosureOfNewAndRevisedStandardsNote|0|en|18,JTEL,2022-04-27,NotesListOfNotes,jsc-rep_DisclosureOfNewAndRevisedStandardsNote,en,"The amendments defer the date of initial application of IFRS 17 (incorporating the amendments) to annual reporting periods beginning on or after January 1, 2023.",0,none,0,NA,FALSE,uniform_negative,25
ABCO|2022-03-30|NotesListOfNotes|ifrs-full_DisclosureOfSummaryOfSignificantAccountingPoliciesExplanatory|0|en|635,ABCO,2022-03-30,NotesListOfNotes,ifrs-full_DisclosureOfSummaryOfSignificantAccountingPoliciesExplanatory,en,Hedges of foreign exchange risk on firm commitments are accounted for as cash flow hedges.,0,none,0,NA,FALSE,uniform_negative,15
JOPT|2021-06-16|NotesListOfNotes|ifrs-full_DisclosureOfGeneralInformationAboutFinancialStatementsExplanatory|0|en|39,JOPT,2021-06-16,NotesListOfNotes,ifrs-full_DisclosureOfGeneralInformationAboutFinancialStatementsExplanatory,en,"The resolution also mandated the Ministry of Finance to follow up on the implementation of procedures concerning the below points, and submit any related observations to the Council of Ministers: The Ministry of Finance shall calculate the amounts due to Jordan Petroleum Refinery Company until April 30, 2018, and such amounts shall be paid in installments during the years 2018, 2019 and 2020 with interest thereon of (30%, 40% and 30%).",0,none,0,NA,FALSE,uniform_negative,71
THBK|2023-03-31|DisclosuresAuditorsReport|jsc_KeyAuditMattersExplanatory|0|en|17,THBK,2023-03-31,DisclosuresAuditorsReport,jsc_KeyAuditMattersExplanatory,en,"In calculating expected credit losses, the Bank considered credit quality indicators for each loan and portfolios, stratifies loans and advances by risk grades and estimates losses for each loan based upon their nature and risk profile.",0,none,0,NA,FALSE,uniform_negative,36
JVOI|2024-03-21|DisclosuresDirectorsReport|jsc_DisclosureOfBenefitsAndRemunerationsOfChairmanMembersOfBoardOfDirectorsAndSeniorExecutiveManagementDuringTheFiscalYearIncludingPaymentsReceivedByAnyOfThemSuchAsFeesSalariesBonusesAndOtherwiseAndTheirTravelAndTransportExpensesWithinKingdomAndAbroad|0|en|0,JVOI,2024-03-21,DisclosuresDirectorsReport,jsc_DisclosureOfBenefitsAndRemunerationsOfChairmanMembersOfBoardOfDirectorsAndSeniorExecutiveManagementDuringTheFiscalYearIncludingPaymentsReceivedByAnyOfThemSuchAsFeesSalariesBonusesAndOtherwiseAndTheirTravelAndTransportExpensesWithinKingdomAndAbroad,en,"18. a) Benefits and entitlements received by Board Chairman and members 2023: Name Position Total Annual Salary-Jds Annual Transportation Allowance-Jds Annual Honorarium-Jds Annual Travel Expense-Jds Total Annual Benefits-Jds Nicola Shnoudi Chairman N/A 4,200 5,000 N/A 9,200 "" Ahmad Sami "" Al-Bitar Vice-Chairman N/A 4,200 5,000 N/A 9,200 Mohammad Annab Member N/A 4,200 5,000 N/A 9,200 Ahmad Al-Tijani Member N/A 4,200 5,000 N/A 9,200 Nizar S. Shoukeh Member N/A 4,200 5,000 N/A 9,200 Haidar K. Al-Zubaidi Member N/A 4,200 5,000 N/A 9,200 Ahmad A. Al-Sallakh Member N/A 4,200 5,000 N/A 9,200 18.b) Benefits and entitlements received by staff of Executive Management 2023: Name Position Salary Allowances Honorarium Total Fahmi Saifi Managing Director 54,175 - 18,000 72,175 Bilal Al-Hajji Production Manager 28,741 2,889 2,500 34,130 Mohammad Momneh Financial Controller Deputy For Financial Affairs 48,897 2,889 10,000 61,786 Hamza Alrefai Admin & H.R Manager 20,425 2,889 2,000 25,314 Ghassan Al-Ahmad Sales & Marketing Manager 21,654 3,303 7,238 32,195 Zaid Al Kilani Warehouse Manager 19,750 2,889 2,000 24,639 Mohamed Foudeh Legal Counsel - Secretary Of The Board Of Directors 12,096 2,025 1,500 15,621 Dar Al-Hamad Khaldoun Shukri Internal Auditor 6,000 - - 6,000 Total 211,737 16,884 43,238 271,859 - Job benefits for each of the Managing director, production manager, financial controller, and sales and marketing manager, which is a car owned by the company.",0,none,0,NA,FALSE,uniform_negative,220
JOPT|2022-04-21|DisclosuresAuditorsReport|jsc_AuditorsResponsibilitiesForAuditOfFinancialStatementsExplanatory|0|en|17,JOPT,2022-04-21,DisclosuresAuditorsReport,jsc_AuditorsResponsibilitiesForAuditOfFinancialStatementsExplanatory,en,"We also provide those charged with governance with a statement that we have complied with relevant ethical requirements regarding independence, and to communicate with them all relationships and other matters that may reasonably be thought to bear on our independence, and where applicable, related safeguards procedures.",0,none,0,NA,FALSE,uniform_negative,46
APOT|2025-04-21|NotesListOfNotes|ifrs-full_DisclosureOfBasisOfConsolidationExplanatory|0|en|7,APOT,2025-04-21,NotesListOfNotes,ifrs-full_DisclosureOfBasisOfConsolidationExplanatory,en,Included in consolidated statement of income: income and expenses of a subsidiary acquired or disposed of during the year are included in the consolidated statement of income from the date the Group gains control until the date the Group ceases to control the subsidiary.,0,none,0,NA,FALSE,uniform_negative,44
LEAS|2025-04-06|DisclosuresDirectorsReport|jsc_DisclosureOfFinancialImpactOfNonRecurrentTransactionsDuringFiscalYearWhichAreNotPartOfCompanysMainActivities|0|en|1,LEAS,2025-04-06,DisclosuresDirectorsReport,jsc_DisclosureOfFinancialImpactOfNonRecurrentTransactionsDuringFiscalYearWhichAreNotPartOfCompanysMainActivities,en,There is no financial impact from any extraordinary operations occurred during the fiscal year and not included in the Company’s main activities.,0,none,0,NA,FALSE,uniform_negative,22
APOT|2023-04-27|DisclosuresDirectorsReport|jsc_DisclosureOfCompanysContributionToEnvironmentalProtectionAndLocalCommunityService|0|en|20,APOT,2023-04-27,DisclosuresDirectorsReport,jsc_DisclosureOfCompanysContributionToEnvironmentalProtectionAndLocalCommunityService,en,"The transformation to the use of clean energy is one of the priorities of the Company, for that it’s looking forward to diversifying energy sources using renewable energy such as photovoltaic systems, and on the other hand, there are initiatives on the Company’s agenda such as replacing the fleet of vehicles with electric or hybrid vehicles.",0,none,0,NA,FALSE,uniform_negative,56
APOT|2022-04-27|NotesListOfNotes|ifrs-full_DisclosureOfEntitysReportableSegmentsExplanatory|0|en|14,APOT,2022-04-27,NotesListOfNotes,ifrs-full_DisclosureOfEntitysReportableSegmentsExplanatory,en,The group’s borrowings and derivative financial instruments are not considered to be segment liabilities but are managed by the treasury function.,0,none,0,NA,FALSE,uniform_negative,21
NAST|2023-02-21|CorporateGovernanceReport|jsc-rep_DisclosureOfNameOfChairmanAndMembersOfNominationAndRemunerationCommitteeCorporateGovernanceCommitteeAndRiskManagementCommittee|0|en|2,NAST,2023-02-21,CorporateGovernanceReport,jsc-rep_DisclosureOfNameOfChairmanAndMembersOfNominationAndRemunerationCommitteeCorporateGovernanceCommitteeAndRiskManagementCommittee,en,Risk Management Committee Member Position الوصف Amr Nizar Al-Halabi Committee president independent Saeed Jamal Al Mufleh member not independent Hisham Jamal Al Mufleh member not independent Ayman Deif Allah Abdel-Rahman member independent Ahmed Abdel Hafeez Ghaith member independent Committee meetings: The meetings of the Risk Management Committee during the year amounted to (2) meetings.,0,none,0,NA,FALSE,uniform_negative,54
ARBK|2023-04-30|NotesListOfNotes|ifrs-full_DisclosureOfSummaryOfSignificantAccountingPoliciesExplanatory|0|en|151,ARBK,2023-04-30,NotesListOfNotes,ifrs-full_DisclosureOfSummaryOfSignificantAccountingPoliciesExplanatory,en,The expected cash shortfalls are discounted by an approximation to the original EIR.,0,none,0,NA,FALSE,uniform_negative,13
THBK|2025-04-05|DisclosuresDirectorsReport|jsc_TheMembersOfBoardOfDirectorsNamesAndNamesAndRanksOfSeniorExecutiveManagementWithBriefResumeOfEach|0|en|159,THBK,2025-04-05,DisclosuresDirectorsReport,jsc_TheMembersOfBoardOfDirectorsNamesAndNamesAndRanksOfSeniorExecutiveManagementWithBriefResumeOfEach,en,"Teller/ANZ Grindlays Bank, (1996-1997) Trainee / ANZ Grindlays Bank, (1995-1996).",0,none,0,NA,FALSE,uniform_negative,10
ICAG|2022-04-26|DisclosuresDirectorsReport|jsc_DisclosureOfAnalysisOfCompanysFinancialStatusAndOfResultsOfItsActivitiesForFiscalYear|0|en|0,ICAG,2022-04-26,DisclosuresDirectorsReport,jsc_DisclosureOfAnalysisOfCompanysFinancialStatusAndOfResultsOfItsActivitiesForFiscalYear,en,Liquidity Ratio 1.6:1 Working capital 6423569 debt ratio 69% ownership percentage 41% Operating Profit Margin Ratio 11% profitability ratio 5%,0,none,0,NA,FALSE,uniform_negative,20
LEIN|2024-03-06|DisclosuresDirectorsReport|jsc_DisclosureOfAmountOfAuditingFeesForCompanyAndItsSubsidiariesAndAnyOtherFeesReceivedOrReceivableByAuditor|0|en|0,LEIN,2024-03-06,DisclosuresDirectorsReport,jsc_DisclosureOfAmountOfAuditingFeesForCompanyAndItsSubsidiariesAndAnyOtherFeesReceivedOrReceivableByAuditor,en,"Sixteenth: Auditor Fees: The auditors’ fees amounted to 5800 dinars, including sales tax.",0,none,0,NA,FALSE,uniform_negative,13
AMAL|2025-04-24|NotesListOfNotes|jsc-rep_DisclosureOfProjectsInProgress|0|en|2,AMAL,2025-04-24,NotesListOfNotes,jsc-rep_DisclosureOfProjectsInProgress,en,Projects in progress are not depreciated until they are completed or substantially completed and become ready for use after which they are transferred to property and equipment or investment properties.,0,none,0,NA,FALSE,uniform_negative,30
NAAI|2023-03-31|DisclosuresAuditorsReport|jsc_ResponsibilitiesOfManagementAndThoseChargedWithGovernanceForFinancialStatementsExplanatory|0|en|58,NAAI,2023-03-31,DisclosuresAuditorsReport,jsc_ResponsibilitiesOfManagementAndThoseChargedWithGovernanceForFinancialStatementsExplanatory,en,Report on Other Legal and Regulatory Requirements The Company maintains proper books of accounts which are in agreement with the consolidated financial statements.,0,none,0,NA,FALSE,uniform_negative,23
JTEL|2025-04-24|DisclosuresAuditorsReport|jsc_AuditorsReportOnFinancialStatements|0|en|16,JTEL,2025-04-24,DisclosuresAuditorsReport,jsc_AuditorsReportOnFinancialStatements,en,"Consequently, we considered this to be a key audit matter.",0,none,0,NA,FALSE,uniform_negative,10
NDAR|2025-04-28|NotesListOfNotes|ifrs-full_DisclosureOfEntitysReportableSegmentsExplanatory|0|en|0,NDAR,2025-04-28,NotesListOfNotes,ifrs-full_DisclosureOfEntitysReportableSegmentsExplanatory,en,"(20) Segment Information The Company is organized for administrative purposes, whereby sectors are measured according to the reports used by the CEO and the primary decision-maker of the Company, through the geographical distribution of sales.",0,none,0,NA,FALSE,uniform_negative,35
ZARA|2023-04-30|CorporateGovernanceReport|jsc-rep_DisclosureOfInformationAndDetailsRegardingApplicationOfProvisionsOfTheseInstructionsAndCorporateGovernanceRulesInCompany|0|en|1,ZARA,2023-04-30,CorporateGovernanceReport,jsc-rep_DisclosureOfInformationAndDetailsRegardingApplicationOfProvisionsOfTheseInstructionsAndCorporateGovernanceRulesInCompany,en,"The Company maintains the following systems, policies and procedures: Rules of Procedures as approved by the Ministry of Labor.",0,none,0,NA,FALSE,uniform_negative,19
ZARA|2023-04-30|DisclosuresAuditorsReport|jsc_DisclosureOfAuditorsReportTextBlock|0|en|21,ZARA,2023-04-30,DisclosuresAuditorsReport,jsc_DisclosureOfAuditorsReportTextBlock,en,"We performed detailed analytical procedures for the gross margin on a monthly basis for all types of revenue (rooms, food and beverage, and other departments).",0,none,0,NA,FALSE,uniform_negative,25
LEAS|2022-03-30|NotesListOfNotes|ifrs-full_DisclosureOfBasisOfConsolidationExplanatory|0|en|10,LEAS,2022-03-30,NotesListOfNotes,ifrs-full_DisclosureOfBasisOfConsolidationExplanatory,en,Inter-company balances and transactions shall be eliminated upon consolidation of the financial statements.,0,none,0,NA,FALSE,uniform_negative,13
RUMI|2021-04-29|DisclosuresAuditorsReport|jsc_KeyAuditMattersExplanatory|0|en|1,RUMI,2021-04-29,DisclosuresAuditorsReport,jsc_KeyAuditMattersExplanatory,en,"These matters were addressed in the context of our audit of the financial statements as a whole, and in forming our opinion thereon, and we do not provide a separate opinion on these matters. 1 - Brokerages Client / Accounts Receivable: Description for the important audit matters How the important audit matter are handled in our audit Reference to Note No. ( 3 ) of the financial statements, the brokerages client / accounts receivable were "" 3 , 086 , 612 "" JD before allocating the provision for accounts receivable which total "" 796 , 000 "" JD, so that the net value of brokerage client account receivable totaled "" 2 , 290 , 612 "" JD, compared to"" 2 , 314 , 063 "" JD in 2019 .",0,none,0,NA,FALSE,uniform_negative,129
NDAR|2024-03-31|NotesListOfNotes|ifrs-full_DisclosureOfSummaryOfSignificantAccountingPoliciesExplanatory|0|en|31,NDAR,2024-03-31,NotesListOfNotes,ifrs-full_DisclosureOfSummaryOfSignificantAccountingPoliciesExplanatory,en,Research and Development Research and development expenses are charged to the statement of comprehensive income.,0,none,0,NA,FALSE,uniform_negative,15
VFED|2022-03-24|NotesListOfNotes|jsc-rep_DisclosureOfChangesInAccountingPoliciesAccountingEstimatesAndErrors|0|en|4,VFED,2022-03-24,NotesListOfNotes,jsc-rep_DisclosureOfChangesInAccountingPoliciesAccountingEstimatesAndErrors,en,Covid-19-Related Rent Concessions beyond 30 June 2021 Amendments to IFRS 16 These amendments have no impact on the financial statements of the Company.,0,none,0,NA,FALSE,uniform_negative,23
ABCO|2025-08-14|NotesListOfNotes|ifrs-full_DisclosureOfBasisOfConsolidationExplanatory|0|en|149,ABCO,2025-08-14,NotesListOfNotes,ifrs-full_DisclosureOfBasisOfConsolidationExplanatory,en,The fees and commissions on such accounts are shown in the consolidated statement of Income.,0,none,0,NA,FALSE,uniform_negative,15
JTEL|2025-04-24|DisclosuresDirectorsReport|jsc_TheMembersOfBoardOfDirectorsNamesAndNamesAndRanksOfSeniorExecutiveManagementWithBriefResumeOfEach|0|en|6,JTEL,2025-04-24,DisclosuresDirectorsReport,jsc_TheMembersOfBoardOfDirectorsNamesAndNamesAndRanksOfSeniorExecutiveManagementWithBriefResumeOfEach,en,He has previously represented the Social Security Corporation on the Board of Directors of Jordan Press Foundation (Al-Rai Newspaper) and the Board of Jordan Steel Company.,0,none,0,NA,FALSE,uniform_negative,26
JVOI|2022-03-15|DisclosuresDirectorsReport|jsc_TheMembersOfBoardOfDirectorsNamesAndNamesAndRanksOfSeniorExecutiveManagementWithBriefResumeOfEach|0|en|27,JVOI,2022-03-15,DisclosuresDirectorsReport,jsc_TheMembersOfBoardOfDirectorsNamesAndNamesAndRanksOfSeniorExecutiveManagementWithBriefResumeOfEach,en,Full name: Mr. Ghassan Ahmad Nimr Al-Ahmad Position: Sales and Marketing Manager Employment Date: 16 Nov. 2019 Date of Birth: 26 Sep. 1960 Education: B.Sc.,0,none,0,NA,FALSE,uniform_negative,25
MSFT|2024-03-31|DisclosuresDirectorsReport|jsc_DisclosureOfIssuingCompanysOrganizationalChartNumberOfItsEmployeesAndTheirClassesOfQualificationAndItsPersonnelQualifyingAndTrainingPrograms|0|en|0,MSFT,2024-03-31,DisclosuresDirectorsReport,jsc_DisclosureOfIssuingCompanysOrganizationalChartNumberOfItsEmployeesAndTheirClassesOfQualificationAndItsPersonnelQualifyingAndTrainingPrograms,en,9-A-Organizational Chart 9-B- Number of employees and categories of their qualifications: Qualifications The number Bachelors 32 Diploma 21 Guideline and below 412 Total 465 9-C-Qualification and training programs for company employees: Course name The number Somulelert 86 Total 86,0,none,0,NA,FALSE,uniform_negative,39
JOPT|2022-04-21|NotesListOfNotes|ifrs-full_DisclosureOfReservesAndOtherEquityInterestExplanatory|0|en|1,JOPT,2022-04-21,NotesListOfNotes,ifrs-full_DisclosureOfReservesAndOtherEquityInterestExplanatory,en,"In its ordinary meeting held on April 30, 2018, the General Assembly decided to allocate an amount of JD 7,836,292 from retained earnings to the Fourth Expansion Project reserve.",0,none,0,NA,FALSE,uniform_negative,29
VFED|2022-03-24|DisclosuresAuditorsReport|jsc_AuditorsReportOnFinancialStatements|0|en|18,VFED,2022-03-24,DisclosuresAuditorsReport,jsc_AuditorsReportOnFinancialStatements,en,The other information comprises of the information stated in the Annual Report and does not include the consolidated financial statements and our auditor's report thereon.,0,none,0,NA,FALSE,uniform_negative,25
ARBK|2022-04-03|NotesListOfNotes|ifrs-full_DisclosureOfSummaryOfSignificantAccountingPoliciesExplanatory|0|en|11,ARBK,2022-04-03,NotesListOfNotes,ifrs-full_DisclosureOfSummaryOfSignificantAccountingPoliciesExplanatory,en,"If the reassessment still results in an excess of the fair value of net assets acquired over the aggregate consideration transferred, then the gain is recognised in profit or loss.",0,none,0,NA,FALSE,uniform_negative,30
ZARA|2024-04-29|DisclosuresChairmansStatement|jsc_DisclosureOfStatementOfBoardOfDirectorsChairman|0|en|2,ZARA,2024-04-29,DisclosuresChairmansStatement,jsc_DisclosureOfStatementOfBoardOfDirectorsChairman,en,The drop in operating revenues for the fourth quarter amounted to about JD 8.3 million.,0,none,0,NA,FALSE,uniform_negative,15
JOPT|2025-04-30|NotesListOfNotes|jsc-rep_AdoptionOfNewAndRevisedInternationalFinancialReportingStandards|0|en|9,JOPT,2025-04-30,NotesListOfNotes,jsc-rep_AdoptionOfNewAndRevisedInternationalFinancialReportingStandards,en,"New and revised IFRS Accounting Standards Effective for annual periods beginning on or after Amendments to the Sustainability Accounting Standards Board “SASB” standards to enhance their international applicability January 1, 2025 Amendments to IAS 21 - Lack of Exchangeability January 1, 2025 Amendments to IFRS 9 and IFRS 7 - Amendments to the Classification and Measurement of Financial Instruments January 1, 2026 Annual Improvements to IFRS Accounting Standards — Volume 11 January 1, 2026 IFRS - 18 Presentation and Disclosures in Financial Statements January 1, 2027 IFRS - 19 Subsidiaries without Public Accountability January 1, 2027 The management anticipates adopting these new standards, interpretations, and amendments in the Company's financial statements during the initial application period.",0,none,0,NA,FALSE,uniform_negative,116
ARBK|2024-04-28|DisclosuresDirectorsReport|jsc_DisclosureOfCompanysContributionToEnvironmentalProtectionAndLocalCommunityService|0|en|226,ARBK,2024-04-28,DisclosuresDirectorsReport,jsc_DisclosureOfCompanysContributionToEnvironmentalProtectionAndLocalCommunityService,en,"Following the evaluation of completed applications, selected contestants participated in specialized training workshops.",0,none,0,NA,FALSE,uniform_negative,13
ARBK|2021-05-20|NotesListOfNotes|ifrs-full_DisclosureOfSummaryOfSignificantAccountingPoliciesExplanatory|0|en|255,ARBK,2021-05-20,NotesListOfNotes,ifrs-full_DisclosureOfSummaryOfSignificantAccountingPoliciesExplanatory,en,"For assets and liabilities that are recognised in the financial statements on a recurring basis, the Bank determines whether transfers have occurred between Levels in the hierarchy by re-assessing categorization (based on the lowest level input that is significant to the fair value measurement as a whole) at the end of each reporting period.",0,none,0,NA,FALSE,uniform_negative,54
APOT|2024-04-29|DisclosuresAuditorsReport|jsc_ReportOnOtherLegalAndRegulatoryRequirementsExplanatory|0|en|1,APOT,2024-04-29,DisclosuresAuditorsReport,jsc_ReportOnOtherLegalAndRegulatoryRequirementsExplanatory,en,We recommend the General Assembly to approve them.,0,none,0,NA,FALSE,uniform_negative,8
NAST|2024-03-10|DisclosuresAuditorsReport|jsc_AuditorsResponsibilitiesForAuditOfFinancialStatementsExplanatory|0|en|4,NAST,2024-03-10,DisclosuresAuditorsReport,jsc_AuditorsResponsibilitiesForAuditOfFinancialStatementsExplanatory,en,"We also: Identify and assess the risks of material misstatement of the financial statements, whether due to fraud or error, design and perform audit procedures responsive to those risks, and obtain audit evidence that is sufficient and appropriate to provide a basis for our opinion.",0,none,0,NA,FALSE,uniform_negative,45
JOPT|2024-04-30|NotesListOfNotes|jsc-rep_DisclosureOfTradeAndOtherCurrentPayables|0|en|29,JOPT,2024-04-30,NotesListOfNotes,jsc-rep_DisclosureOfTradeAndOtherCurrentPayables,en,"Accordingly, a reconciliation was presented to the Income and Sales Tax Department, including the company's payment of 50% of the value of the special sales tax differences in return for exempting the company from the fines represented by a fine that doubles the tax amount, penal fines, and late payment fines, and after that, a decision was made by the Prime Ministry in it’s letter No. (13/4/5/55372), dated October 8, 2023 for the full exemption of any fines which are represented by the delay fine, penal fine, double tax fine and any other fines and that is for the period starting from October 10, 2016 up to November 12, 2022, and accordingly the provision was reversed throughout the year 2023.",0,none,0,NA,FALSE,uniform_negative,120
ARBK|2025-04-06|NotesListOfNotes|ifrs-full_DisclosureOfSummaryOfSignificantAccountingPoliciesExplanatory|0|en|226,ARBK,2025-04-06,NotesListOfNotes,ifrs-full_DisclosureOfSummaryOfSignificantAccountingPoliciesExplanatory,en,The gain or loss arising on the disposal of an item (the difference between the net realizable value and the carrying amount of the asset) is recognized in the consolidated statement of income in the year that the assets were disposed.,0,none,0,NA,FALSE,uniform_negative,41
JTEL|2023-04-27|NotesListOfNotes|jsc-rep_DisclosureTradeAndOtherCurrentPayables|0|en|13,JTEL,2023-04-27,NotesListOfNotes,jsc-rep_DisclosureTradeAndOtherCurrentPayables,en,This program aims to foster the women’s economic empowerment through digital skills training.,0,none,0,NA,FALSE,uniform_negative,13
AMAL|2022-06-30|NotesListOfNotes|ifrs-full_DisclosureOfSummaryOfSignificantAccountingPoliciesExplanatory|0|en|13,AMAL,2022-06-30,NotesListOfNotes,ifrs-full_DisclosureOfSummaryOfSignificantAccountingPoliciesExplanatory,en,"Revenue Recognition The Company conducts brokerage activities and financial services, where the revenue is generated at the date of trading, which reflects the required revenue recognition criteria in accordance with IFRS 15.",0,none,0,NA,FALSE,uniform_negative,32
JOKB|2025-04-17|CorporateGovernanceReport|jsc-rep_DisclosureOfNameOfChairmanAndMembersOfAuditCommitteeAndADescriptionOfTheirQualificationsAndExperienceInFinancialOrAccountingMatters|0|en|1,JOKB,2025-04-17,CorporateGovernanceReport,jsc-rep_DisclosureOfNameOfChairmanAndMembersOfAuditCommitteeAndADescriptionOfTheirQualificationsAndExperienceInFinancialOrAccountingMatters,en,"Current Position: Chairman of the Board of Trustees, Mediterranean Industries Chairman of the Board of Trustees, Mediterranean Energy Co . Previous Positions: Chairman, National Ammonia and Chemical Industries (1991- 2009) Managing Director, Jordan Kuwait Company for Agriculture and Food Products (1986-1992) Project General Manager, Jordan Management and Consultancy Corp. (1984-1986) Financial and Administrative Manager, Jordan Securities Corp. (1982-1984) Auditor, Touch Ross & Co. (1980-1982) Project Senior Accountant, Consolidated Contractor Company (1976-1978) Accountant, Safwan Trading & Contracting Co. (1973-1974) H.E.",0,none,0,NA,FALSE,uniform_negative,79
SURA|2025-04-06|FilingInformation|ifrs-full_NameOfReportingEntityOrOtherMeansOfIdentification|0|en|0,SURA,2025-04-06,FilingInformation,ifrs-full_NameOfReportingEntityOrOtherMeansOfIdentification,en,Sura Development & Investment,0,none,0,NA,FALSE,uniform_negative,4
THBK|2025-04-05|DisclosuresDirectorsReport|jsc_DisclosureOfBenefitsAndRemunerationsOfChairmanMembersOfBoardOfDirectorsAndSeniorExecutiveManagementDuringTheFiscalYearIncludingPaymentsReceivedByAnyOfThemSuchAsFeesSalariesBonusesAndOtherwiseAndTheirTravelAndTransportExpensesWithinKingdomAndAbroad|0|en|2,THBK,2025-04-05,DisclosuresDirectorsReport,jsc_DisclosureOfBenefitsAndRemunerationsOfChairmanMembersOfBoardOfDirectorsAndSeniorExecutiveManagementDuringTheFiscalYearIncludingPaymentsReceivedByAnyOfThemSuchAsFeesSalariesBonusesAndOtherwiseAndTheirTravelAndTransportExpensesWithinKingdomAndAbroad,en,In-Kind Benefits received by any resigned Board Member: None.,0,none,0,NA,FALSE,uniform_negative,9
JOKB|2025-04-17|NotesListOfNotes|ifrs-full_DisclosureOfSummaryOfSignificantAccountingPoliciesExplanatory|0|en|242,JOKB,2025-04-17,NotesListOfNotes,ifrs-full_DisclosureOfSummaryOfSignificantAccountingPoliciesExplanatory,en,The difference between this revised carrying amount and the fair value of the new financial asset with the new terms will lead to a gain or loss on de-recognition.,0,none,0,NA,FALSE,uniform_negative,29
ABCO|2024-03-30|NotesListOfNotes|ifrs-full_DisclosureOfSummaryOfSignificantAccountingPoliciesExplanatory|0|en|322,ABCO,2024-03-30,NotesListOfNotes,ifrs-full_DisclosureOfSummaryOfSignificantAccountingPoliciesExplanatory,en,Repurchase and Resale Agreements Assets sold with a simultaneous commitment to repurchase at a specified future date (repos) will continue to be recognized in the Bank’s consolidated financial statements.,0,none,0,NA,FALSE,uniform_negative,29
MSFT|2024-03-31|DisclosuresChairmansStatement|jsc_DisclosureOfStatementOfBoardOfDirectorsChairman|0|en|5,MSFT,2024-03-31,DisclosuresChairmansStatement,jsc_DisclosureOfStatementOfBoardOfDirectorsChairman,en,"Dr. Marwan Al-Mu'asher Chairman, Board of Directors",0,none,0,NA,FALSE,uniform_negative,7
THBK|2024-03-31|NotesListOfNotes|jsc-rep_DisclosureOfRetainedEarningsAndNoncontrollingInterests|0|en|1,THBK,2024-03-31,NotesListOfNotes,jsc-rep_DisclosureOfRetainedEarningsAndNoncontrollingInterests,en,"This amount may not be used except for the amounts actually realized from sale. - The Bank cannot use a restricted amount of JD 125,044,861 from retained earing which represents deferred tax assets which are restricted against capitalization or distribution only to the extent if actually recognized in accordance with the instructions of the Central Bank of Jordan and the Jordan Securities Commission. - Retained earnings includes a restricted amount of JD 482,849 which represents the gain from the valuation of foreign currencies at the International Bank for Trade and Finance /Syria for the current year and the prior years. * The distributed cash dividends during 2023 were 25% of the authorized and paid-up capital (equivalent to JD 78.750 million).",0,none,0,NA,FALSE,uniform_negative,120
JOPT|2025-04-30|CorporateGovernanceReport|jsc-rep_DisclosureOfAllMembershipsOfBoardsOfDirectorsHeldByAMemberOfBoardOfDirectorsInPublicShareholdingCompaniesIfAny|0|en|15,JOPT,2025-04-30,CorporateGovernanceReport,jsc-rep_DisclosureOfAllMembershipsOfBoardsOfDirectorsHeldByAMemberOfBoardOfDirectorsInPublicShareholdingCompaniesIfAny,en,"Alaa Arif Saad Batayneh , who resigned from the Board of Directors of the company following the issuance of the Royal Decree appointing him as Director of His Majesty the King Abdullah II Bin Al Hussein’ Office. ** Pursuant to Board of Directors Resolution No. (58) taken in its session held on 18/9/2024, Eng.",0,none,0,NA,FALSE,uniform_negative,54
JTEL|2025-04-24|DisclosuresAuditorsReport|jsc_KeyAuditMattersExplanatory|0|en|4,JTEL,2025-04-24,DisclosuresAuditorsReport,jsc_KeyAuditMattersExplanatory,en,Due to the complexities and dependencies on different IT systems in the revenue recognition process and presumed fraud risk around the occurrence of revenue recorded we have considered this as a key audit matter.,0,none,0,NA,FALSE,uniform_negative,34
LEIN|2023-03-27|DisclosuresAuditorsReport|jsc_ResponsibilitiesOfManagementAndThoseChargedWithGovernanceForFinancialStatementsExplanatory|0|en|2,LEIN,2023-03-27,DisclosuresAuditorsReport,jsc_ResponsibilitiesOfManagementAndThoseChargedWithGovernanceForFinancialStatementsExplanatory,en,"In preparing the Financial Statements, the Management is responsible for assessing the Company’s ability to continue as a Going Concern, disclosing, as applicable, matters related to Going Concern and using the Going Concern basis of accounting .",0,none,0,NA,FALSE,uniform_negative,37
JTEL|2024-04-25|NotesListOfNotes|ifrs-full_DisclosureOfChangesInAccountingPoliciesExplanatory|0|en|17,JTEL,2024-04-25,NotesListOfNotes,ifrs-full_DisclosureOfChangesInAccountingPoliciesExplanatory,en,"Following the amendments to IAS 12, an entity is required to recognise the related deferred tax asset and liability, with the recognition of any deferred tax asset being subject to the recoverability criteria in IAS 12.",0,none,0,NA,FALSE,uniform_negative,36
JTEL|2024-04-25|DisclosuresAuditorsReport|jsc_AuditorsReportOnFinancialStatements|0|en|2,JTEL,2024-04-25,DisclosuresAuditorsReport,jsc_AuditorsReportOnFinancialStatements,en,Basis for Opinion We conducted our audit in accordance with International Standards on Auditing (“ISAs”).,0,none,0,NA,FALSE,uniform_negative,15
ARBK|2021-05-20|NotesListOfNotes|ifrs-full_DisclosureOfSummaryOfSignificantAccountingPoliciesExplanatory|0|en|199,ARBK,2021-05-20,NotesListOfNotes,ifrs-full_DisclosureOfSummaryOfSignificantAccountingPoliciesExplanatory,en,Impairment of non-financial assets - The Bank assesses at each reporting date whether there is an indication that an asset may be impaired.,0,none,0,NA,FALSE,uniform_negative,23
ARBK|2024-04-28|CorporateGovernanceReport|jsc-rep_DisclosureOfInformationAndDetailsRegardingApplicationOfProvisionsOfTheseInstructionsAndCorporateGovernanceRulesInCompany|0|en|231,ARBK,2024-04-28,CorporateGovernanceReport,jsc-rep_DisclosureOfInformationAndDetailsRegardingApplicationOfProvisionsOfTheseInstructionsAndCorporateGovernanceRulesInCompany,en,"In addition to what is stated in the relevant legislation, the committee undertakes the following roles: CORPORATE GOVERNANCE CODE Ensuring the availability of the Bank’s compliance policy and procedures issued pursuant thereto, in order to guarantee the establishment of a compliance function capable of performing its tasks effectively.",0,none,0,NA,FALSE,uniform_negative,48
AMAL|2022-06-30|CorporateGovernanceReport|jsc-rep_DisclosureOfNameOfChairmanAndMembersOfAuditCommitteeAndADescriptionOfTheirQualificationsAndExperienceInFinancialOrAccountingMatters|0|en|0,AMAL,2022-06-30,CorporateGovernanceReport,jsc-rep_DisclosureOfNameOfChairmanAndMembersOfAuditCommitteeAndADescriptionOfTheirQualificationsAndExperienceInFinancialOrAccountingMatters,en,Chairman and members of the Audit Committee and summary of their qualifications.,0,none,0,NA,FALSE,uniform_negative,12
JOPT|2022-04-21|CorporateGovernanceReport|jsc-rep_DisclosureOfNumberOfMeetingsOfCommitteesDuringYearWithStatementOfMembersPresent|0|en|3,JOPT,2022-04-21,CorporateGovernanceReport,jsc-rep_DisclosureOfNumberOfMeetingsOfCommitteesDuringYearWithStatementOfMembersPresent,en,Khair Abdullah Abu Saalik Member 9 9 4 Mr. Bassam Rashad Sinokrot Member 9 7 5 Eng.,0,none,0,NA,FALSE,uniform_negative,17
NCMD|2023-03-26|NotesListOfNotes|ifrs-full_DisclosureOfIncomeTaxExplanatory|0|en|0,NCMD,2023-03-26,NotesListOfNotes,ifrs-full_DisclosureOfIncomeTaxExplanatory,en,"The company has calculated the income tax due on business results for the years ending on December 31, 2022 and 2021 in accordance with Income Tax Law No. (34) of 2014 and its amendments.",0,none,0,NA,FALSE,uniform_negative,34
JVOI|2023-02-21|DisclosuresAuditorsReport|jsc_OtherInformationIncludedInBanksAnnualReportExplanatory|0|en|4,JVOI,2023-02-21,DisclosuresAuditorsReport,jsc_OtherInformationIncludedInBanksAnnualReportExplanatory,en,Our opinion on the financial statements does not cover the other information and we will not express any form of assurance conclusion thereon.,0,none,0,NA,FALSE,uniform_negative,23
JOPT|2023-04-30|NotesListOfNotes|jsc-rep_DisclosureOfTradeAndOtherCurrentReceivables|0|en|63,JOPT,2023-04-30,NotesListOfNotes,jsc-rep_DisclosureOfTradeAndOtherCurrentReceivables,en,Note that the Iraqi oil supply agreement has been extended till the end of 2022 and It was extended to the end of March 2023 and it is subject to extension.,0,none,0,NA,FALSE,uniform_negative,31
THBK|2024-03-31|NotesListOfNotes|ifrs-full_DisclosureOfLiquidityRiskExplanatory|0|en|3,THBK,2024-03-31,NotesListOfNotes,ifrs-full_DisclosureOfLiquidityRiskExplanatory,en,Evaluating and monitoring concentration and fluctuation in financing sources.,0,none,0,NA,FALSE,uniform_negative,9
JOPT|2022-04-21|NotesListOfNotes|ifrs-full_DisclosureOfSummaryOfSignificantAccountingPoliciesExplanatory|0|en|46,JOPT,2022-04-21,NotesListOfNotes,ifrs-full_DisclosureOfSummaryOfSignificantAccountingPoliciesExplanatory,en,Amortized Cost and Effective Interest Method An effective interest method is a method of calculating the amortized cost of a debt instrument and allocating interest income over a particular period.,0,none,0,NA,FALSE,uniform_negative,30
JTEL|2024-04-25|DisclosuresDirectorsReport|jsc_DisclosureOfCompanysAccomplishmentsSupportedByQuantitativeIndicatorsAndDescriptionOfSignificantOccurrencesToCompanyDuringFiscalYear|0|en|6,JTEL,2024-04-25,DisclosuresDirectorsReport,jsc_DisclosureOfCompanysAccomplishmentsSupportedByQuantitativeIndicatorsAndDescriptionOfSignificantOccurrencesToCompanyDuringFiscalYear,en,"The launching of 5G services, coupled with the steady revenue growth, positions Orange Jordan as a leading force in the telecommunications sector.",0,none,0,NA,FALSE,uniform_negative,22
JTEL|2023-04-27|DisclosuresAuditorsReport|jsc_KeyAuditMattersExplanatory|0|en|7,JTEL,2023-04-27,DisclosuresAuditorsReport,jsc_KeyAuditMattersExplanatory,en,"Capitalisation and useful economic life of property and equipment and intangible assets The Group has property, and equipment and intangible assets with a carrying amount of JD 478 million (2021: JD 442 million) with total additions of JD 107 Million during 2022 (2021: JD 67 Million).",0,none,0,NA,FALSE,uniform_negative,46
JTEL|2025-04-24|NotesListOfNotes|jsc-rep_DisclosureOfChangesInAccountingPoliciesAccountingEstimatesAndErrors|0|en|9,JTEL,2025-04-24,NotesListOfNotes,jsc-rep_DisclosureOfChangesInAccountingPoliciesAccountingEstimatesAndErrors,en,"The Company considers all relevant facts and circumstances in assessing whether or not the Company’s voting rights in an investee are sufficient to give it power, including: The size of the Company’s holding of voting rights relative to the size and dispersion of holdings of the other vote holders Potential voting rights held by the Company, other vote holders or other parties Rights arising from other contractual arrangements Any additional facts and circumstances that indicate that the Company has, or does not have, the current ability to direct the relevant activities at the time that decisions need to be made, including voting patterns at previous shareholders’ meetings Consolidation of a subsidiary begins when the Company obtains control over the subsidiary and ceases when the Company loses control of the subsidiary.",0,none,0,NA,FALSE,uniform_negative,130
VFED|2022-03-24|DisclosuresDirectorsReport|jsc_DescriptionOfCompanysMainActivitiesWithTheirRespectiveGeographicalLocationsSizeOfCapitalInvestmentAndNumberOfEmployees|0|en|1,VFED,2022-03-24,DisclosuresDirectorsReport,jsc_DescriptionOfCompanysMainActivitiesWithTheirRespectiveGeographicalLocationsSizeOfCapitalInvestmentAndNumberOfEmployees,en,Working in the financial investment activity (local shares).,0,none,0,NA,FALSE,uniform_negative,8
SPTI|2021-03-25|DisclosuresDirectorsReport|jsc_DescriptionOfSubsidiaryCompaniesNatureOfTheirBusinessAndTheirAreasOfActivity|0|en|0,SPTI,2021-03-25,DisclosuresDirectorsReport,jsc_DescriptionOfSubsidiaryCompaniesNatureOfTheirBusinessAndTheirAreasOfActivity,en,Subsidiaries: There are no subsidiaries for the company.,0,none,0,NA,FALSE,uniform_negative,8
ARBK|2025-04-06|CorporateGovernanceReport|jsc-rep_DisclosureOfInformationAndDetailsRegardingApplicationOfProvisionsOfTheseInstructionsAndCorporateGovernanceRulesInCompany|0|en|104,ARBK,2025-04-06,CorporateGovernanceReport,jsc-rep_DisclosureOfInformationAndDetailsRegardingApplicationOfProvisionsOfTheseInstructionsAndCorporateGovernanceRulesInCompany,en,"In addition, he/she shall not use the Bank’s commercial business opportunities for his/her own personal gain, and shall avoid conflict of interest and disclose to the Board in detail any conflict of interest, if any, the board member shall abstain from attending the meeting or participate in the decision taken therein, where such a matter is discussed, and to record this disclosure in the minutes of the meeting of the board or its committees. 5. Examples of cases resulting in conflict of interests shall be, provided including conflicts that may arise between the interest of the board member and the interest of the Bank, or between the interest of the member of the executive management and the interest of the Bank, or between the interest of any of the companies within the Group, subsidiaries or affiliates and the interest of the Bank. 6. Identify the Bank’s related counterparties in accordance with the legislations in force and determine the conditions of transactions with those parties in a manner that ensures that the Bank’s related counterparty does not get better conditions than the conditions applied by the Bank to another customer who does not have a relationship with the Bank, and this includes all the Bank’s transactions with any of the companies within the Group. 7. Determine the nature of transactions with the related counterparties to include all types of transactions without being limited to credit facilities only. 8. The procedures followed by the Bank when identifying cases of non-compliance with the above policy. b) The board should approve a Code of Conduct that ensures that the Bank conducts its business with high integrity.",0,none,0,NA,FALSE,uniform_negative,272
APOT|2022-04-27|DisclosuresDirectorsReport|jsc_DisclosureOfImportantProspectiveDevelopmentsIncludingAnyNewExpansionsAndProjectsCompanysProposedPlanForAtLeastOneUpcomingYearAndBoardOfDirectorsForecastsForOutcomesOfCompanyActivities|0|en|24,APOT,2022-04-27,DisclosuresDirectorsReport,jsc_DisclosureOfImportantProspectiveDevelopmentsIncludingAnyNewExpansionsAndProjectsCompanysProposedPlanForAtLeastOneUpcomingYearAndBoardOfDirectorsForecastsForOutcomesOfCompanyActivities,en,"In regards to salt excavation operations, which are considered among the company’s primary operations, to ensure the flow of water in the company’s pools, by preventing the formation of salt lumps inside the company’s solar and salt evaporation ponds, due to the nature of the region where these ponds are located, the company has seen it best to set up a detailed plan that includes the method of excavation works, through the company’s internal teams, and through the investment in excavators with world class specifications.",0,none,0,NA,FALSE,uniform_negative,85
ARBK|2022-04-03|NotesListOfNotes|ifrs-full_DisclosureOfSummaryOfSignificantAccountingPoliciesExplanatory|0|en|313,ARBK,2022-04-03,NotesListOfNotes,ifrs-full_DisclosureOfSummaryOfSignificantAccountingPoliciesExplanatory,en,"Offsetting Financial assets and financial liabilities are offset, and the net amount is presented in the consolidated statement of financial position only when there is a legal right to offset the recognized amounts, and the Group intends to either settle them on a net basis or to realize the assets and settle the liabilities simultaneously Cash and cash equivalents Cash and cash equivalents comprise cash and balances with central banks and balances with banks and financial institutions maturing within three months, less restricted funds and balances owing to banks and financial institutions maturing within three months.",0,none,0,NA,FALSE,uniform_negative,96
AIFE|2025-03-05|DisclosuresDirectorsReport|jsc_DisclosureOfImportantProspectiveDevelopmentsIncludingAnyNewExpansionsAndProjectsCompanysProposedPlanForAtLeastOneUpcomingYearAndBoardOfDirectorsForecastsForOutcomesOfCompanyActivities|0|en|2,AIFE,2025-03-05,DisclosuresDirectorsReport,jsc_DisclosureOfImportantProspectiveDevelopmentsIncludingAnyNewExpansionsAndProjectsCompanysProposedPlanForAtLeastOneUpcomingYearAndBoardOfDirectorsForecastsForOutcomesOfCompanyActivities,en,Execution of the university campus rehabilitation plan.,0,none,0,NA,FALSE,uniform_negative,7
JOPT|2022-04-21|DisclosuresDirectorsReport|jsc_DisclosureOfDirectorsReport|0|en|544,JOPT,2022-04-21,DisclosuresDirectorsReport,jsc_DisclosureOfDirectorsReport,en,"The Chairman of the Board and his Deputy are elected from the members, The Board of directors sets strategies, policies, plans, procedures and objectives that will achieve the company interests and maximize company profits and maintain the strength of its financial position and the rights of shareholders and community service and take all necessary measures to ensure compliance with the provisions of the legislation in force. • Following is a list of the names of the current and resigned Board members of the Jordan Petroleum Refinery Company, as well as the legal and natural entities and their administrative positions, and the number of times attending board meetings during 2021 (number of meetings is 9): No. Member name Position Number of meeting Number of Attendances Attendance Percentage 1 Eng.",0,none,0,NA,FALSE,uniform_negative,128
JOPT|2025-04-30|DisclosuresDirectorsReport|jsc_DisclosureOfImportantProspectiveDevelopmentsIncludingAnyNewExpansionsAndProjectsCompanysProposedPlanForAtLeastOneUpcomingYearAndBoardOfDirectorsForecastsForOutcomesOfCompanyActivities|0|en|8,JOPT,2025-04-30,DisclosuresDirectorsReport,jsc_DisclosureOfImportantProspectiveDevelopmentsIncludingAnyNewExpansionsAndProjectsCompanysProposedPlanForAtLeastOneUpcomingYearAndBoardOfDirectorsForecastsForOutcomesOfCompanyActivities,en,"All major production units were licensed by UOP, both for the upgrade project and those currently operating in the existing refinery.",0,none,0,NA,FALSE,uniform_negative,21
THBK|2022-03-31|NotesListOfNotes|ifrs-full_DisclosureOfCreditRiskExplanatory|0|en|3,THBK,2022-03-31,NotesListOfNotes,ifrs-full_DisclosureOfCreditRiskExplanatory,en,"Default and default tackling mechanism : Default definition: Default is the existence of payment dues on customer facilities of more than 90 days and a marked increase in risk ratings (8,9,10), in addition to any indications of the existence of customer's probability of default (PD), requiring the inclusion of some customers within the concept of “Credit Deterioration Factors”, including, but not limited to : Significant financial difficulties faced by the debtor such as a severe weakness in the financial statements .",0,none,0,NA,FALSE,uniform_negative,81
JOPT|2024-04-30|NotesListOfNotes|ifrs-full_DisclosureOfSummaryOfSignificantAccountingPoliciesExplanatory|0|en|57,JOPT,2024-04-30,NotesListOfNotes,ifrs-full_DisclosureOfSummaryOfSignificantAccountingPoliciesExplanatory,en,"The effective interest rate is the rate that exactly discounts the expected future cash payments (including all fees and points paid or received that are an integral part of the effective interest rate, transaction costs and other premiums, or other discounts), except for expected credit losses, over the expected life of the debt instrument or, if appropriate, over a shorter period, to net book value at initial recognition.",0,none,0,NA,FALSE,uniform_negative,68
ZARA|2024-04-29|DisclosuresDirectorsReport|jsc_DisclosureOfImportantProspectiveDevelopmentsIncludingAnyNewExpansionsAndProjectsCompanysProposedPlanForAtLeastOneUpcomingYearAndBoardOfDirectorsForecastsForOutcomesOfCompanyActivities|0|en|5,ZARA,2024-04-29,DisclosuresDirectorsReport,jsc_DisclosureOfImportantProspectiveDevelopmentsIncludingAnyNewExpansionsAndProjectsCompanysProposedPlanForAtLeastOneUpcomingYearAndBoardOfDirectorsForecastsForOutcomesOfCompanyActivities,en,"The Company starts a plan to protect profits in the 4th quarter of 2023, focusing mainly on reducing salary expenses, reducing energy expenses, and reducing maintenance contracts by 50% until the situations getting better.",0,none,0,NA,FALSE,uniform_negative,34
JOPT|2021-06-16|DisclosuresDirectorsReport|jsc_DisclosureOfDirectorsReport|0|en|18,JOPT,2021-06-16,DisclosuresDirectorsReport,jsc_DisclosureOfDirectorsReport,en,The item of liabilities that resulted from owning a subsidiary company decreased by about JOD (9) million.,0,none,0,NA,FALSE,uniform_negative,17
JTEL|2025-04-24|NotesListOfNotes|ifrs-full_DisclosureOfGeneralInformationAboutFinancialStatementsExplanatory|0|en|8,JTEL,2025-04-24,NotesListOfNotes,ifrs-full_DisclosureOfGeneralInformationAboutFinancialStatementsExplanatory,en,The consolidated financial statements were approved by the Board of Directors on 30 January 2025.,0,none,0,NA,FALSE,uniform_negative,15
RICS|2022-03-13|NotesListOfNotes|ifrs-full_DisclosureOfTradeAndOtherReceivablesExplanatory|0|en|9,RICS,2022-03-13,NotesListOfNotes,ifrs-full_DisclosureOfTradeAndOtherReceivablesExplanatory,en,"Impairment of financial assets At each reporting date, the Company assesses whether financial assets carried at amortized cost and debt securities at FVTOCI are credit – impaired.",0,none,0,NA,FALSE,uniform_negative,27
JOPT|2022-04-21|NotesListOfNotes|jsc-rep_DisclosureOfTradeAndOtherCurrentReceivables|0|en|1,JOPT,2022-04-21,NotesListOfNotes,jsc-rep_DisclosureOfTradeAndOtherCurrentReceivables,en,"The aging of receivables is as follows: December 31, 2021 2020 JD JD 1 day – 119 days 84,901,361 81,740,961 120 days – 179 days 2,811,009 14,801,750 180 days – 365 days 12,461,519 43,828,868 More than a year * 103,554,422 161,560,753 Total 203,728,311 301,932,332 The Company reviews the aging of the receivables and the adequacy of the provisions to be booked at the end of each financial period. * This item includes receivables of JD 83,628,624 due from Governmental agencies or guaranteed by the Government whose maturity exceeded one year.",0,none,0,NA,FALSE,uniform_negative,90
SURA|2023-03-31|DisclosuresAuditorsReport|jsc_AuditorsReportOnFinancialStatements|0|en|1,SURA,2023-03-31,DisclosuresAuditorsReport,jsc_AuditorsReportOnFinancialStatements,en,"In our opinion, the consolidated financial statements present fairly, in all material respects, the consolidated statement of financial position of Comprehensive Sura Development and Investment Company (P.L.C)as of December 31, 2022, and its consolidated financial performance and consolidated cash flows for the year then ended are in accordance with International Financial Reporting Standards.",0,none,0,NA,FALSE,uniform_negative,53
ARBK|2024-04-28|DisclosuresDirectorsReport|jsc_DescriptionOfSubsidiaryCompaniesNatureOfTheirBusinessAndTheirAreasOfActivity|0|en|37,ARBK,2024-04-28,DisclosuresDirectorsReport,jsc_DescriptionOfSubsidiaryCompaniesNatureOfTheirBusinessAndTheirAreasOfActivity,en,The Company’s paid up capital is JOD 14 million and is wholly owned by Arab Bank plc.,0,none,0,NA,FALSE,uniform_negative,17
ZARA|2023-04-30|NotesListOfNotes|ifrs-full_DisclosureOfOtherCurrentLiabilitiesExplanatory|0|en|1,ZARA,2023-04-30,NotesListOfNotes,ifrs-full_DisclosureOfOtherCurrentLiabilitiesExplanatory,en,"An agreement for repayment was signed with the Social Security Corporation, the amount is repayable in 35 equal monthly instalments of JD 183,777 each commencing on 1 June 2023 and ending on 1 April 2026. ** This item represents the discounted balance of deposits from Social Security Corporation and loan facilities backed by the Central Bank of Jordan to reinforce tourism sector that was impacted by COVID-19 pandemic of an amount of JD 920,332 and 2,681,106 respectively.",0,none,0,NA,FALSE,uniform_negative,77
JTEL|2024-04-25|DisclosuresDirectorsReport|jsc_TheMembersOfBoardOfDirectorsNamesAndNamesAndRanksOfSeniorExecutiveManagementWithBriefResumeOfEach|0|en|72,JTEL,2024-04-25,DisclosuresDirectorsReport,jsc_TheMembersOfBoardOfDirectorsNamesAndNamesAndRanksOfSeniorExecutiveManagementWithBriefResumeOfEach,en,"He retains these same functions with Christel Heydemann, Group Chief Executive Officer since April 2022.",0,none,0,NA,FALSE,uniform_negative,15
JTEL|2024-04-25|NotesListOfNotes|ifrs-full_DisclosureOfChangesInAccountingPoliciesExplanatory|0|en|19,JTEL,2024-04-25,NotesListOfNotes,ifrs-full_DisclosureOfChangesInAccountingPoliciesExplanatory,en,"The amendments introduce a temporary exception to the accounting requirements for deferred taxes in IAS 12, so that an entity would neither recognise nor disclose information about deferred tax assets and liabilities related to Pillar Two income taxes.",0,none,0,NA,FALSE,uniform_negative,38
JOKB|2025-04-17|DisclosuresDirectorsReport|jsc_DescriptionOfCompanysMainActivitiesWithTheirRespectiveGeographicalLocationsSizeOfCapitalInvestmentAndNumberOfEmployees|0|en|1,JOKB,2025-04-17,DisclosuresDirectorsReport,jsc_DescriptionOfCompanysMainActivitiesWithTheirRespectiveGeographicalLocationsSizeOfCapitalInvestmentAndNumberOfEmployees,en,The number of bank employees reached 1534.,0,none,0,NA,FALSE,uniform_negative,7
JOPT|2022-04-21|DisclosuresDirectorsReport|jsc_CompanysCompetitivePositionWithinItsSectorAndMainMarketSegmentsAsWellAsItsShareOfLocalMarketAndInternationalMarketIfPossible|0|en|103,JOPT,2022-04-21,DisclosuresDirectorsReport,jsc_CompanysCompetitivePositionWithinItsSectorAndMainMarketSegmentsAsWellAsItsShareOfLocalMarketAndInternationalMarketIfPossible,en,"Three licenses for the activity of central distribution of LOG for the three LPG filling stations owned by the company located in Amman, Zarqa and Irbid for 3 years.",0,none,0,NA,FALSE,uniform_negative,29
LEIN|2023-03-27|DisclosuresDirectorsReport|jsc_DisclosureOfDirectorsReport|0|en|37,LEIN,2023-03-27,DisclosuresDirectorsReport,jsc_DisclosureOfDirectorsReport,en,"Eighth: There is no decisions passed by the government, or international organization or other parties that have a material effect on the company operations, products or competitiveness (International quality standards do not apply for the company).",0,none,0,NA,FALSE,uniform_negative,36
JOPT|2025-04-30|NotesListOfNotes|ifrs-full_DisclosureOfSummaryOfSignificantAccountingPoliciesExplanatory|0|en|153,JOPT,2025-04-30,NotesListOfNotes,ifrs-full_DisclosureOfSummaryOfSignificantAccountingPoliciesExplanatory,en,"Amendments to IAS 1 Presentation of Financial Statements - Non-current Liabilities with Covenants Amendments to IAS 7 Statement of Cash Flows and IFRS 7 Financial Instruments: Disclosures - Supplier Finance Arrangements IFRS S1 - General Requirements for Disclosure of Sustainability – related financial information* IFRS S2 - Climate Related Disclosures* * Provided that the regulatory authorities in the countries in which the Company operates approve its application, noting that no instructions have been issued regarding it until the date of the financial statement.",0,none,0,NA,FALSE,uniform_negative,83
JOPT|2025-04-30|DisclosuresAuditorsReport|jsc_OtherMattersExplanatory|0|en|3,JOPT,2025-04-30,DisclosuresAuditorsReport,jsc_OtherMattersExplanatory,en,Our opinion on the consolidated financial statements does not cover the other information and we do not express any form of assurance or conclusion thereon.,0,none,0,NA,FALSE,uniform_negative,25
APOT|2022-04-27|DisclosuresDirectorsReport|jsc_DisclosureOfAnyGovernmentProtectionOrAnyConcessionGrantedToCompanyOrToAnyOfItsProductsPursuantToLawsRegulationsOrOtherwiseWithSpecificationOfEffectivePeriodThereofAsWellAsDescriptionOfAnyPatentsOrLicensingRightsObtainedByCompany|0|en|9,APOT,2022-04-27,DisclosuresDirectorsReport,jsc_DisclosureOfAnyGovernmentProtectionOrAnyConcessionGrantedToCompanyOrToAnyOfItsProductsPursuantToLawsRegulationsOrOtherwiseWithSpecificationOfEffectivePeriodThereofAsWellAsDescriptionOfAnyPatentsOrLicensingRightsObtainedByCompany,en,"In addition, APC is exempted from import and customs fees and all additional fees and other fees imposed on the above-mentioned imported goods, provided they are used for the Company, but if the Company sells any fee-exempted goods, said goods would be subject to taxation according to the customs law.",0,none,0,NA,FALSE,uniform_negative,50
JOPT|2023-04-30|NotesListOfNotes|jsc-rep_DisclosureOfTradeAndOtherCurrentReceivables|0|en|0,JOPT,2023-04-30,NotesListOfNotes,jsc-rep_DisclosureOfTradeAndOtherCurrentReceivables,en,"Receivables and Other Debit Balances This item consists of the following: December 31 2022 2021 JD JD Ministries, government authorities, Security authorities, and the Electricity Companies – fuel (a) 134,240,544 116,315,168 Fuel clients and others (b) 56,837,560 52,776,801 Alia Company - Royal Jordanian Airlines (c) 4,067,080 3,273,849 Checks under collection (d) 32,862,332 31,362,493 Total receivables 228,007,516 203,728,311 Ministry of Finance – the relationship (e) 328,281,832 200,097,159 General sales tax deposits (f) 132,980,013 128,128,815 Other debit balances (g) 3,371,057 4,391,160 Employees receivable 1,938,144 1,851,333 Payments, letters of credit deposits and purchase orders –Subsidiary Company 1,789,186 1,000,076 Prepaid expenses (h) 9,618,631 6,965,406 Contract acquisition expenses – Subsidiary Company (i) 13,001,121 15,686,895 718,987,500 561,849,155 Less : Expected credit losses provision (j) (24,223,875) (23,205,635) 694,763,625 538,643,520 The Group adopts a policy of dealing with creditworthy counterparties in order to mitigate the risk of financial losses arising from non-fulfillment of obligations.",0,none,0,NA,FALSE,uniform_negative,146
MSFT|2023-03-30|NotesListOfNotes|jsc-rep_DisclosureOfFinancialAssetsAtFairValueThroughOtherComprehensiveIncome|0|en|13,MSFT,2023-03-30,NotesListOfNotes,jsc-rep_DisclosureOfFinancialAssetsAtFairValueThroughOtherComprehensiveIncome,en,Amortized cost is reduced by impairment losses.,0,none,0,NA,FALSE,uniform_negative,7
APOT|2021-04-27|CorporateGovernanceReport|jsc-rep_DisclosureOfInformationAndDetailsRegardingApplicationOfProvisionsOfTheseInstructionsAndCorporateGovernanceRulesInCompany|0|en|8,APOT,2021-04-27,CorporateGovernanceReport,jsc-rep_DisclosureOfInformationAndDetailsRegardingApplicationOfProvisionsOfTheseInstructionsAndCorporateGovernanceRulesInCompany,en,The report also outlines the meetings of the General Assembly as well from the Board’s committees during 2020.,0,none,0,NA,FALSE,uniform_negative,18
MSFT|2024-03-31|CorporateGovernanceReport|jsc-rep_DisclosureOfInformationAndDetailsRegardingApplicationOfProvisionsOfTheseInstructionsAndCorporateGovernanceRulesInCompany|0|en|1,MSFT,2024-03-31,CorporateGovernanceReport,jsc-rep_DisclosureOfInformationAndDetailsRegardingApplicationOfProvisionsOfTheseInstructionsAndCorporateGovernanceRulesInCompany,en,"Governance Report Information and details related to the application of the provisions and rules of corporate governance: The commitment to implement the corporate governance instructions for the listed companies, as the company has approved internal governance system from the Board of Directors and according to the corporate governance rules, as follows: Formation of the Boards of Directors: The Board of Directors consists of ten members who are elected according to the cumulative voting method by the general assembly is by secret ballot, the term of the council is four years and all members of the council are persons whom are qualified and have sufficient experience and knowledge of financial and legislative matters.",0,none,0,NA,FALSE,uniform_negative,112
JTEL|2024-04-25|NotesListOfNotes|ifrs-full_DisclosureOfPrepaymentsAndOtherAssetsExplanatory|0|en|0,JTEL,2024-04-25,NotesListOfNotes,ifrs-full_DisclosureOfPrepaymentsAndOtherAssetsExplanatory,en,The Group does not obtain collateral over trade receivables except for some distributors’ trade receivables where guarantees are obtained.,0,none,0,NA,FALSE,uniform_negative,19
ICAG|2024-04-03|NotesListOfNotes|ifrs-full_DisclosureOfRelatedPartyExplanatory|0|en|0,ICAG,2024-04-03,NotesListOfNotes,ifrs-full_DisclosureOfRelatedPartyExplanatory,en,"Related parties’ transactions Related parties represent major shareholders, directors and key management personnel of the company, and entities controlled or significantly influenced by such parties.",0,none,0,NA,FALSE,uniform_negative,25
ABCO|2025-08-14|NotesListOfNotes|ifrs-full_DisclosureOfBasisOfConsolidationExplanatory|0|en|111,ABCO,2025-08-14,NotesListOfNotes,ifrs-full_DisclosureOfBasisOfConsolidationExplanatory,en,"Unless the Bank is reasonably certain to obtain ownership of the leased asset at the end of the lease term, the recognized right-of-use assets are depreciated on a straight-line basis over the shorter of its estimated useful life or the lease term.",0,none,0,NA,FALSE,uniform_negative,42
ARBK|2024-04-28|CorporateGovernanceReport|jsc-rep_DisclosureOfInformationAndDetailsRegardingApplicationOfProvisionsOfTheseInstructionsAndCorporateGovernanceRulesInCompany|0|en|418,ARBK,2024-04-28,CorporateGovernanceReport,jsc-rep_DisclosureOfInformationAndDetailsRegardingApplicationOfProvisionsOfTheseInstructionsAndCorporateGovernanceRulesInCompany,en,"The external auditor cannot own, deal with or speculation in the shares of the Bank or any of the bank’s subsidiaries, whether directly or indirectly.",0,none,0,NA,FALSE,uniform_negative,25
NCMD|2023-03-26|NotesListOfNotes|jsc-rep_DisclosureOfIssuanceDiscount|0|en|0,NCMD,2023-03-26,NotesListOfNotes,jsc-rep_DisclosureOfIssuanceDiscount,en,"Noor Capital Markets for Diversified Investments was established as a public shareholding company on December 14, 2005 (formerly the Middle East Multiple Investments Company) under registration number 377 and with an authorized, subscribed and paid-up capital of 550,000 dinars divided into 550,000 shares with a nominal value of 1 dinar per share.",0,none,0,NA,FALSE,uniform_negative,52
JOPT|2021-06-16|NotesListOfNotes|jsc-rep_DisclosureOfTradeAndOtherCurrentPayables|0|en|25,JOPT,2021-06-16,NotesListOfNotes,jsc-rep_DisclosureOfTradeAndOtherCurrentPayables,en,"The letter states that the Social Security Corporation has decided to stop the reduction in the subscription rate of (1%) granted by the Social Security Corporation to the Company on the gross salaries, as compensation for the treatment of work injuries, effective from January 1, 2020.",0,none,0,NA,FALSE,uniform_negative,46
JOPT|2021-06-16|DisclosuresDirectorsReport|jsc_DisclosureOfAnyGovernmentProtectionOrAnyConcessionGrantedToCompanyOrToAnyOfItsProductsPursuantToLawsRegulationsOrOtherwiseWithSpecificationOfEffectivePeriodThereofAsWellAsDescriptionOfAnyPatentsOrLicensingRightsObtainedByCompany|0|en|41,JOPT,2021-06-16,DisclosuresDirectorsReport,jsc_DisclosureOfAnyGovernmentProtectionOrAnyConcessionGrantedToCompanyOrToAnyOfItsProductsPursuantToLawsRegulationsOrOtherwiseWithSpecificationOfEffectivePeriodThereofAsWellAsDescriptionOfAnyPatentsOrLicensingRightsObtainedByCompany,en,"As a result of the agreement between the Company and the Government, the Ministry of Finance issued Letter No. 4/18/28669, dated August 29, 2019, granting approval to the Company to clean its tanks from sediments and water at the Government’s expense, and write off materials, spare parts, and supplies no longer needed, and transfer the surplus balance of the provision for slow-moving, obsolete, and sediments inventory to the Ministry of Finance.",0,none,0,NA,FALSE,uniform_negative,71
NATA|2024-04-28|NotesListOfNotes|ifrs-full_DisclosureOfInvestmentsAccountedForUsingEquityMethodExplanatory|0|en|1,NATA,2024-04-28,NotesListOfNotes,ifrs-full_DisclosureOfInvestmentsAccountedForUsingEquityMethodExplanatory,en,Cost is determined by the weighted average method.,0,none,0,NA,FALSE,uniform_negative,8
SPTI|2025-03-19|DisclosuresDirectorsReport|jsc_TheExtentOfDependenceUponSpecificSuppliersAndOrMajorClientsLocalAndInternationalWhereThisConstitutesTenPercentOrMoreOfTotalPurchasesAndOrSalesOrRevenues|0|en|0,SPTI,2025-03-19,DisclosuresDirectorsReport,jsc_TheExtentOfDependenceUponSpecificSuppliersAndOrMajorClientsLocalAndInternationalWhereThisConstitutesTenPercentOrMoreOfTotalPurchasesAndOrSalesOrRevenues,en,"Extent of Dependence on Specific Suppliers or Key Clients, Locally or Externally: The Import process is done from several sources depending on the product’s availability, the types requested by the company, and the suppliers’ best prices and quality.",0,none,0,NA,FALSE,uniform_negative,38
NDAR|2025-04-28|NotesListOfNotes|ifrs-full_DisclosureOfFairValueOfFinancialInstrumentsExplanatory|0|en|1,NDAR,2025-04-28,NotesListOfNotes,ifrs-full_DisclosureOfFairValueOfFinancialInstrumentsExplanatory,en,"Financial assets consist of cash and bank balances, accounts receivable, and some other current assets.",0,none,0,NA,FALSE,uniform_negative,15
JVOI|2021-03-28|DisclosuresDirectorsReport|jsc_DescriptionOfCompanysMainActivitiesWithTheirRespectiveGeographicalLocationsSizeOfCapitalInvestmentAndNumberOfEmployees|0|en|7,JVOI,2021-03-28,DisclosuresDirectorsReport,jsc_DescriptionOfCompanysMainActivitiesWithTheirRespectiveGeographicalLocationsSizeOfCapitalInvestmentAndNumberOfEmployees,en,The company's buildings and facilities are situated inside the premises of King Abdullah II Ibn Al-Hussein Industrial Estate in Sahab city.,0,none,0,NA,FALSE,uniform_negative,21
APOT|2023-04-27|NotesListOfNotes|jsc-rep_DisclosureOfFinancialAssetsAtAmortizedCost|0|en|2,APOT,2023-04-27,NotesListOfNotes,jsc-rep_DisclosureOfFinancialAssetsAtAmortizedCost,en,All investments held at amortised cost are denominated in USD currency.,0,none,0,NA,FALSE,uniform_negative,11
THBK|2023-03-31|DisclosuresDirectorsReport|jsc_DisclosureOfAnalysisOfCompanysFinancialStatusAndOfResultsOfItsActivitiesForFiscalYear|0|en|4,THBK,2023-03-31,DisclosuresDirectorsReport,jsc_DisclosureOfAnalysisOfCompanysFinancialStatusAndOfResultsOfItsActivitiesForFiscalYear,en,"Legal Liquidity and capital adequacy ratio The performance indicators achieved by the Housing Bank Group reflect the strength and soundness of its financial position, as the capital adequacy ratio stood at 18.7%, while the liquidity ratio reached 121%, both well above the minimum regulatory requirements of the Central Bank of Jordan and Basel committee.",0,none,0,NA,FALSE,uniform_negative,54
GIGJ|2023-03-31|NotesListOfNotes|jsc-rep_DisclosureOfStandardsIssuedButNotYetEffective|0|en|18,GIGJ,2023-03-31,NotesListOfNotes,jsc-rep_DisclosureOfStandardsIssuedButNotYetEffective,en,The amendments clarify the distinction between changes in accounting estimates and changes in accounting policies and the correction of errors.,0,none,0,NA,FALSE,uniform_negative,20
NCMD|2023-03-26|NotesListOfNotes|ifrs-full_DisclosureOfIssuedCapitalExplanatory|0|en|4,NCMD,2023-03-26,NotesListOfNotes,ifrs-full_DisclosureOfIssuedCapitalExplanatory,en,"Until the date of issuance of these financial statements, the merger procedures have not been completed in accordance with the legal requirements.",0,none,0,NA,FALSE,uniform_negative,22
ARBK|2025-04-06|DisclosuresDirectorsReport|jsc_DisclosureOfAnalysisOfCompanysFinancialStatusAndOfResultsOfItsActivitiesForFiscalYear|0|en|7,ARBK,2025-04-06,DisclosuresDirectorsReport,jsc_DisclosureOfAnalysisOfCompanysFinancialStatusAndOfResultsOfItsActivitiesForFiscalYear,en,"Total revenues of the Group stood at USD 3,395 million compared to USD 3,150.3 million in 2023 recording an increase of 8%, expected credit losses for financial assets amounted to USD 490.7 million.",0,none,0,NA,FALSE,uniform_negative,33
MSFT|2024-03-31|DisclosuresDirectorsReport|jsc_DisclosureOfBenefitsAndRemunerationsOfChairmanMembersOfBoardOfDirectorsAndSeniorExecutiveManagementDuringTheFiscalYearIncludingPaymentsReceivedByAnyOfThemSuchAsFeesSalariesBonusesAndOtherwiseAndTheirTravelAndTransportExpensesWithinKingdomAndAbroad|0|en|2,MSFT,2024-03-31,DisclosuresDirectorsReport,jsc_DisclosureOfBenefitsAndRemunerationsOfChairmanMembersOfBoardOfDirectorsAndSeniorExecutiveManagementDuringTheFiscalYearIncludingPaymentsReceivedByAnyOfThemSuchAsFeesSalariesBonusesAndOtherwiseAndTheirTravelAndTransportExpensesWithinKingdomAndAbroad,en,"Makram Khalil Ibrahim Al-Alami Member 6,000 5,000 18-B-The Benefits and Bonuses obtained by people of higher management: Name Job Salaries Bonuses Eng .",0,none,0,NA,FALSE,uniform_negative,23
JOPT|2024-04-30|NotesListOfNotes|jsc-rep_DisclosureOfIncomeTaxProvision|0|en|9,JOPT,2024-04-30,NotesListOfNotes,jsc-rep_DisclosureOfIncomeTaxProvision,en,"The income tax rate for the refining activity and the Jordan Lube Oil Manufacturing Company and the Jordan Liquefied Petroleum Gas Manufacturing and Filling Company is 19% plus a national contribution of 1%, and income tax rate for Jordan Petroleum Products Marketing Company and its subsidiaries is 20% plus a national contribution of 1%.",0,none,0,NA,FALSE,uniform_negative,54
JTEL|2022-04-27|NotesListOfNotes|ifrs-full_DisclosureOfSummaryOfSignificantAccountingPoliciesExplanatory|0|en|149,JTEL,2022-04-27,NotesListOfNotes,ifrs-full_DisclosureOfSummaryOfSignificantAccountingPoliciesExplanatory,en,The assessment of whether lifetime ECL should be recognised is based on significant increases in the likelihood or risk of a default occurring since initial recognition instead of on evidence of a financial asset being credit-impaired at the reporting date.,0,none,0,NA,FALSE,uniform_negative,40
SPTI|2025-03-19|DisclosuresAuditorsReport|jsc_KeyAuditMattersExplanatory|0|en|0,SPTI,2025-03-19,DisclosuresAuditorsReport,jsc_KeyAuditMattersExplanatory,en,"Key Audit Matters Key audit matters are those matters that, in our professional judgment, were of most significance during the audit of the financial statements for the current year.",0,none,0,NA,FALSE,uniform_negative,29
SITT|2025-04-27|DisclosuresAuditorsReport|jsc_DisclosureOfAuditorsReportTextBlock|0|en|35,SITT,2025-04-27,DisclosuresAuditorsReport,jsc_DisclosureOfAuditorsReportTextBlock,en,"In connection with our audit of the consolidated financial statements, our responsibility is to read the other information when it becomes available and, in doing so, consider whether the other information is materially inconsistent with the financial statements or our knowledge obtained in the audit, or otherwise appears to be materially misstated.",0,none,0,NA,FALSE,uniform_negative,52
LEAS|2025-04-06|CorporateGovernanceReport|jsc-rep_DisclosureOfNameOfChairmanAndMembersOfNominationAndRemunerationCommitteeCorporateGovernanceCommitteeAndRiskManagementCommittee|0|en|35,LEAS,2025-04-06,CorporateGovernanceReport,jsc-rep_DisclosureOfNameOfChairmanAndMembersOfNominationAndRemunerationCommitteeCorporateGovernanceCommitteeAndRiskManagementCommittee,en,Board member and treasurer of the Jordanian Economic Forum.,0,none,0,NA,FALSE,uniform_negative,9
MSFT|2023-03-30|DisclosuresAuditorsReport|jsc_DisclosureOfAuditorsReportTextBlock|0|en|36,MSFT,2023-03-30,DisclosuresAuditorsReport,jsc_DisclosureOfAuditorsReportTextBlock,en,"We also provide those charged with governance with a statement that we have complied with relevant ethical requirements regarding independence, and communicate with them all relationships and other matters that may reasonably be thought to bear on our independence, and where applicable, related safeguards.",0,none,0,NA,FALSE,uniform_negative,44
JVOI|2024-03-21|NotesListOfNotes|ifrs-full_DisclosureOfSummaryOfSignificantAccountingPoliciesExplanatory|0|en|15,JVOI,2024-03-21,NotesListOfNotes,ifrs-full_DisclosureOfSummaryOfSignificantAccountingPoliciesExplanatory,en,The amendments are not expected to have a material impact on the Company.,0,none,0,NA,FALSE,uniform_negative,13
JTEL|2025-04-24|DisclosuresChairmansStatement|jsc_DisclosureOfStatementOfBoardOfDirectorsChairman|0|en|6,JTEL,2025-04-24,DisclosuresChairmansStatement,jsc_DisclosureOfStatementOfBoardOfDirectorsChairman,en,"We continued investing in our digital infrastructure, and we are determined to enhance our position and vital role in the national economy.",0,none,0,NA,FALSE,uniform_negative,22
JTEL|2021-04-29|NotesListOfNotes|jsc-rep_DisclosureOfFinanceLeaseObligation|0|en|10,JTEL,2021-04-29,NotesListOfNotes,jsc-rep_DisclosureOfFinanceLeaseObligation,en,"Accordingly, the Group finance lease was capitalized at the commencement of the lease at the present value of the minimum lease payments amounted to JD 42,246,856 in accordance with the requirements of IFRS 16 “Leases”, using the incremental borrowing rate of 7.56%.",0,none,0,NA,FALSE,uniform_negative,42
JOPT|2023-04-30|DisclosuresDirectorsReport|jsc_DisclosureOfDirectorsReport|0|en|453,JOPT,2023-04-30,DisclosuresDirectorsReport,jsc_DisclosureOfDirectorsReport,en,Annual Evaluation form for the company's internal control system according to the concept of COSO. 2 A statement clarifying the role of the Audit Committee and other relevant committees and the Internal Audit Department to assess the internal control/oversight system on an annual basis.,0,none,0,NA,FALSE,uniform_negative,44
JTEL|2025-04-24|DisclosuresAuditorsReport|jsc_AuditorsReportOnFinancialStatements|0|en|24,JTEL,2025-04-24,DisclosuresAuditorsReport,jsc_AuditorsReportOnFinancialStatements,en,Other Information Management is responsible for the other information.,0,none,0,NA,FALSE,uniform_negative,9
PROF|2022-04-05|DisclosuresDirectorsReport|jsc_DisclosureOfStatementThatIndicatesNumberOfSecuritiesIssuedByCompanyWhichAreOwnedByAnyMemberOfItsBoardOfDirectorsAnyMemberOfItsSeniorExecutiveManagementOrAnyOfTheirRelativesAListOfCompaniesControlledByAnyOfSuchProvidedAllOfTheAboveIsBenchmarkedAgainstThePrecedingYear|0|en|1,PROF,2022-04-05,DisclosuresDirectorsReport,jsc_DisclosureOfStatementThatIndicatesNumberOfSecuritiesIssuedByCompanyWhichAreOwnedByAnyMemberOfItsBoardOfDirectorsAnyMemberOfItsSeniorExecutiveManagementOrAnyOfTheirRelativesAListOfCompaniesControlledByAnyOfSuchProvidedAllOfTheAboveIsBenchmarkedAgainstThePrecedingYear,en,"Ahmed Qassem Mohammed Al Samara - - 2 Arab Orient for Financial and Economic Investments, Vice President Jordanian Board of Directors 2,493,276 2,493,276 Represented by Mr. Maan Ali Muhammad Al-Suhaimat - - 3 Social Insurance Fund for Jordanian Engineers Association Members Jordanian Member 1,609,040 1,609,040 Represented by Dr. Bashar Khaled Diab Al-Tarawneh - - 4 Health Insurance Fund for Jordanian Engineers Association Members Jordanian Member 209,803 209,803 Represented by Eng.",0,none,0,NA,FALSE,uniform_negative,70
JOPT|2024-04-30|DisclosuresDirectorsReport|jsc_DisclosureOfImportantProspectiveDevelopmentsIncludingAnyNewExpansionsAndProjectsCompanysProposedPlanForAtLeastOneUpcomingYearAndBoardOfDirectorsForecastsForOutcomesOfCompanyActivities|0|en|7,JOPT,2024-04-30,DisclosuresDirectorsReport,jsc_DisclosureOfImportantProspectiveDevelopmentsIncludingAnyNewExpansionsAndProjectsCompanysProposedPlanForAtLeastOneUpcomingYearAndBoardOfDirectorsForecastsForOutcomesOfCompanyActivities,en,Rehabilitate the drainage networks in the refinery units to accommodate firefighting water and replace damaged concrete slabs (third phase) in the chemical treatment unit at a cost of JD (180) thousand.,0,none,0,NA,FALSE,uniform_negative,31
ABCO|2023-04-05|NotesListOfNotes|jsc-rep_AdoptionOfNewAndRevisedInternationalFinancialReportingStandards|0|en|31,ABCO,2023-04-05,NotesListOfNotes,jsc-rep_AdoptionOfNewAndRevisedInternationalFinancialReportingStandards,en,"The amendments are applied retrospectively for annual periods beginning on or after January 1, 2023, unless impracticable, in which case the modified retrospective approach or the fair value approach is applied.",0,none,0,NA,FALSE,uniform_negative,31
JTEL|2024-04-25|NotesListOfNotes|ifrs-full_DisclosureOfSummaryOfSignificantAccountingPoliciesExplanatory|0|en|286,JTEL,2024-04-25,NotesListOfNotes,ifrs-full_DisclosureOfSummaryOfSignificantAccountingPoliciesExplanatory,en,Service obligations transferred to the customer at the same pace are treated as a single obligation.,0,none,0,NA,FALSE,uniform_negative,16
VFED|2024-02-29|NotesListOfNotes|ifrs-full_DisclosureOfSummaryOfSignificantAccountingPoliciesExplanatory|0|en|47,VFED,2024-02-29,NotesListOfNotes,ifrs-full_DisclosureOfSummaryOfSignificantAccountingPoliciesExplanatory,en,"The Company accounting policy for each category is as follows: Other financial liabilitie s : Trade and other credit balances Trade payables and other short-term monetary liabilities, which are initially recognized at fair value and subsequently carried at amortized cost using the effective interest method.",0,none,0,NA,FALSE,uniform_negative,45
JTEL|2024-04-25|DisclosuresAuditorsReport|jsc_AuditorsOpinionBasisExplanatory|0|en|11,JTEL,2024-04-25,DisclosuresAuditorsReport,jsc_AuditorsOpinionBasisExplanatory,en,"In making its assessment of the asset’s useful life, management has assessed the useful life of the PPE and intangible assets considering various factors such as utilisation period, maintenance programs and normal wear and tear.",0,none,0,NA,FALSE,uniform_negative,35
ZARA|2021-04-30|NotesListOfNotes|ifrs-full_DisclosureOfPrepaymentsAndOtherAssetsExplanatory|0|en|0,ZARA,2021-04-30,NotesListOfNotes,ifrs-full_DisclosureOfPrepaymentsAndOtherAssetsExplanatory,en,"Other Current Assets 2020 2019 JD JD Aqaba Special Economic Zone Authority * 1,333,375 1,333,375 Refundable deposits 691,182 692,024 Advance payments to suppliers and contractors 570,020 1,607,231 Prepaid expenses 359,573 518,613 Others 405,440 884,975 3,359,590 5,036,218 Non-current portion 1,333,375 1,333,375 Current portion 2,026,215 3,702,843 3,359,590 5,036,218 * In 2015, the two subsidiaries (South Coast Real Estate Development Company and South Coast Hotels Company) collectively signed an agreement with Aqaba Special Economic Zone Authority (“ASEZA”) to cancel the sale and development agreement made in 2007 with ASEZA for the purchase of a number of land lots.",0,none,0,NA,FALSE,uniform_negative,95
JTEL|2025-04-24|DisclosuresDirectorsReport|jsc_DisclosureOfCompanysContributionToEnvironmentalProtectionAndLocalCommunityService|0|en|62,JTEL,2025-04-24,DisclosuresDirectorsReport,jsc_DisclosureOfCompanysContributionToEnvironmentalProtectionAndLocalCommunityService,en,Organized a mobile application hackathon for girls coinciding with the International Day of Girls in ICT.,0,none,0,NA,FALSE,uniform_negative,16
THBK|2024-03-31|NotesListOfNotes|ifrs-full_DisclosureOfCreditRiskExplanatory|0|en|41,THBK,2024-03-31,NotesListOfNotes,ifrs-full_DisclosureOfCreditRiskExplanatory,en,Probability of default (PD ( : Definition of default is summarized by the existence of payment dues on customer facilities for more than 90 days or a marked increase in customer’s risk ratings in addition to any indications of the existence of a customer’s probability of default (PD) including but not limited to : Significant financial difficulties faced by the debtor such as a sever weakness in the financial statements.,0,none,0,NA,FALSE,uniform_negative,70
ABCO|2021-04-25|NotesListOfNotes|ifrs-full_DisclosureOfSummaryOfSignificantAccountingPoliciesExplanatory|0|en|234,ABCO,2021-04-25,NotesListOfNotes,ifrs-full_DisclosureOfSummaryOfSignificantAccountingPoliciesExplanatory,en,The Bank has not designated any financial guarantee contracts as at fair value through profit or loss.,0,none,0,NA,FALSE,uniform_negative,17
ARBK|2023-04-30|NotesListOfNotes|ifrs-full_DisclosureOfSummaryOfSignificantAccountingPoliciesExplanatory|0|en|67,ARBK,2023-04-30,NotesListOfNotes,ifrs-full_DisclosureOfSummaryOfSignificantAccountingPoliciesExplanatory,en,It is settled at a future date .,0,none,0,NA,FALSE,uniform_negative,8
ARBK|2025-04-06|DisclosuresDirectorsReport|jsc_DisclosureOfCompanysContributionToEnvironmentalProtectionAndLocalCommunityService|0|en|248,ARBK,2025-04-06,DisclosuresDirectorsReport,jsc_DisclosureOfCompanysContributionToEnvironmentalProtectionAndLocalCommunityService,en,Cultural Forum The Abdul Hameed Shoman Cultural Forum continued its activities in 2024.,0,none,0,NA,FALSE,uniform_negative,13
ABCO|2021-04-25|NotesListOfNotes|jsc-rep_DisclosureOfRiskManagement|0|en|23,ABCO,2021-04-25,NotesListOfNotes,jsc-rep_DisclosureOfRiskManagement,en,The stress testing program must include both quantitative and qualitative methods to improve the comprehensiveness of these tests and make them supportive and complementary to the patterns and approaches of risk management used in the bank.,0,none,0,NA,FALSE,uniform_negative,36
JOPT|2022-04-21|DisclosuresDirectorsReport|jsc_DescriptionOfSubsidiaryCompaniesNatureOfTheirBusinessAndTheirAreasOfActivity|0|en|17,JOPT,2022-04-21,DisclosuresDirectorsReport,jsc_DescriptionOfSubsidiaryCompaniesNatureOfTheirBusinessAndTheirAreasOfActivity,en,"The Lube Oil is manufactured under the brand name (Jopetrol), where it produces more than (100) varieties of lube oils for various purposes to cover most of the Kingdom's needs of this material of various kinds based on a high quality.",0,none,0,NA,FALSE,uniform_negative,41
PROF|2022-04-05|DisclosuresDirectorsReport|jsc_DisclosureOfDirectorsReport|0|en|0,PROF,2022-04-05,DisclosuresDirectorsReport,jsc_DisclosureOfDirectorsReport,en,"B. Board of Directors Report: The Board of Directors of the Professional Company for Real Estate and Housing Investments is pleased to welcome you to the fifteenth regular annual meeting and to present to you its fourteenth annual report and the consolidated annual financial statements as on December 31, 2021.",0,none,0,NA,FALSE,uniform_negative,50
NCMD|2024-03-10|DisclosuresAuditorsReport|jsc_DisclosureOfAuditorsReportTextBlock|0|en|17,NCMD,2024-03-10,DisclosuresAuditorsReport,jsc_DisclosureOfAuditorsReportTextBlock,en,"In addition, since the company's revenues are from one party (the parent company), we obtained the agreement, studied the supporting documents and evidence, and ensured the validity of the registration and recognition of revenues.",0,none,0,NA,FALSE,uniform_negative,34
ABCO|2023-04-05|NotesListOfNotes|ifrs-full_DisclosureOfBasisOfConsolidationExplanatory|0|en|319,ABCO,2023-04-05,NotesListOfNotes,ifrs-full_DisclosureOfBasisOfConsolidationExplanatory,en,"If these prices are not available, the assessment method should be mentioned, and the amount of changes in fair value should be recognized in the consolidated statement of Profit or Loss.",0,none,0,NA,FALSE,uniform_negative,31
PROF|2022-04-05|DisclosuresAuditorsReport|jsc_DisclosureOfAuditorsReportTextBlock|0|en|25,PROF,2022-04-05,DisclosuresAuditorsReport,jsc_DisclosureOfAuditorsReportTextBlock,en,"As part of an audit in accordance with ISAs, we exercise professional judgment and maintain professional skepticism throughout the audit.",0,none,0,NA,FALSE,uniform_negative,20
APOT|2022-04-27|NotesListOfNotes|jsc-rep_DisclosureOfNonCurrentBorrowings|0|en|3,APOT,2022-04-27,NotesListOfNotes,jsc-rep_DisclosureOfNonCurrentBorrowings,en,"Bank loan The Company obtained a credit facility on 7 November 2017 from local bank with a ceiling of USD 34,000 thousand, with annual interest rate of LIBOR for three months plus 2%, to finance the installation of natural gas turbine.",0,none,0,NA,FALSE,uniform_negative,41
NATA|2022-03-21|CorporateGovernanceReport|jsc-rep_DisclosureOfInformationAndDetailsRegardingApplicationOfProvisionsOfTheseInstructionsAndCorporateGovernanceRulesInCompany|0|en|7,NATA,2022-03-21,CorporateGovernanceReport,jsc-rep_DisclosureOfInformationAndDetailsRegardingApplicationOfProvisionsOfTheseInstructionsAndCorporateGovernanceRulesInCompany,en,"(Attendees Mr. Musa Awni Musa Al-Saket - Chair of the session / Mr. Hussein Osama Subhi Al-Hajj Hassan / Mrs. Taroub Hani Ibrahim Al-Haj Hassan). • The fourth meeting on December 21, 2021.",0,none,0,NA,FALSE,uniform_negative,33
ICAG|2024-04-03|DisclosuresAuditorsReport|jsc_DisclosureOfAuditorsReportTextBlock|0|en|5,ICAG,2024-04-03,DisclosuresAuditorsReport,jsc_DisclosureOfAuditorsReportTextBlock,en,We believe that the audit evidence we have obtained is sufficient and appropriate to provide a basis for our opinion.,0,none,0,NA,FALSE,uniform_negative,20
APOT|2021-04-27|DisclosuresDirectorsReport|jsc_DisclosureOfImportantProspectiveDevelopmentsIncludingAnyNewExpansionsAndProjectsCompanysProposedPlanForAtLeastOneUpcomingYearAndBoardOfDirectorsForecastsForOutcomesOfCompanyActivities|0|en|0,APOT,2021-04-27,DisclosuresDirectorsReport,jsc_DisclosureOfImportantProspectiveDevelopmentsIncludingAnyNewExpansionsAndProjectsCompanysProposedPlanForAtLeastOneUpcomingYearAndBoardOfDirectorsForecastsForOutcomesOfCompanyActivities,en,"Future Plan and Key Future Developments for 2021 The Arab Potash Company (APC) has set a five-year comprehensive strategy including several initiatives aimed at realizing the Company’s objectives, mainly manifested in upgrading the Company’s services and boosting its competitiveness at the global level.",0,none,0,NA,FALSE,uniform_negative,43
JVOI|2024-03-21|DisclosuresAuditorsReport|jsc_KeyAuditMattersExplanatory|0|en|4,JVOI,2024-03-21,DisclosuresAuditorsReport,jsc_KeyAuditMattersExplanatory,en,"Accordingly, our audit included the performance of procedures designed to respond to our assessment of the risks of material misstatement of the financial statements.",0,none,0,NA,FALSE,uniform_negative,24
APOT|2023-04-27|DisclosuresDirectorsReport|jsc_DisclosureOfImportantProspectiveDevelopmentsIncludingAnyNewExpansionsAndProjectsCompanysProposedPlanForAtLeastOneUpcomingYearAndBoardOfDirectorsForecastsForOutcomesOfCompanyActivities|0|en|10,APOT,2023-04-27,DisclosuresDirectorsReport,jsc_DisclosureOfImportantProspectiveDevelopmentsIncludingAnyNewExpansionsAndProjectsCompanysProposedPlanForAtLeastOneUpcomingYearAndBoardOfDirectorsForecastsForOutcomesOfCompanyActivities,en,"Dike projects (reinforcing perimeter dikes) Within the framework of the first item of the Company’s strategy, which is to work on reinforcing APC’s infrastructure, the Executive Management carried out a comprehensive study of the Perimeter dikes surrounding the Company’s solar and salt evaporation ponds , which are considered the backbone of the production operation at the Company, in order to identify the necessary investment in the dikes, to ensure their stability, and therefore the sustainability of the Company’s business on the long run.",0,none,0,NA,FALSE,uniform_negative,83
AMAL|2023-04-30|DisclosuresChairmansStatement|jsc_DisclosureOfStatementOfBoardOfDirectorsChairman|0|en|7,AMAL,2023-04-30,DisclosuresChairmansStatement,jsc_DisclosureOfStatementOfBoardOfDirectorsChairman,en,I also thank the Companies Controller for their continuous efforts.,0,none,0,NA,FALSE,uniform_negative,10
JVOI|2022-03-15|DisclosuresAuditorsReport|jsc_AuditorsReportOnFinancialStatements|0|en|0,JVOI,2022-03-15,DisclosuresAuditorsReport,jsc_AuditorsReportOnFinancialStatements,en,"INDEPENDENT AUDITOR’S REPORT To the Shareholders of Jordan Vegetable Oils Industries Company Amman – Jordan Report on the Audit of the Financial Statements Opinion We have audited the financial statements of Jordan Vegetable Oils Industries Company (the Company), which comprise the statement of financial position as at 31 December 2021, and the statement of income, statement of comprehensive income, statement of changes in equity and statement of cash flows for the year then ended, and notes to the financial statements, including a summary of significant accounting policies.",0,none,0,NA,FALSE,uniform_negative,87
NATA|2022-03-21|DisclosuresAuditorsReport|jsc_DisclosureOfAuditorsReportTextBlock|0|en|79,NATA,2022-03-21,DisclosuresAuditorsReport,jsc_DisclosureOfAuditorsReportTextBlock,en,Unrealized gains and losses on transactions between the company and its associates are eliminated to the extent of the company’s interest in those entities.,0,none,0,NA,FALSE,uniform_negative,24
THBK|2023-03-31|CorporateGovernanceReport|jsc-rep_DisclosureOfInformationAndDetailsRegardingApplicationOfProvisionsOfTheseInstructionsAndCorporateGovernanceRulesInCompany|0|en|2,THBK,2023-03-31,CorporateGovernanceReport,jsc-rep_DisclosureOfInformationAndDetailsRegardingApplicationOfProvisionsOfTheseInstructionsAndCorporateGovernanceRulesInCompany,en,A copy of this Manual can be found at the following link: https://hbtf.com/uploads/2021/09/final-item0301-it-governance-manual.pdf,0,none,0,NA,FALSE,uniform_negative,13
ZARA|2025-04-30|NotesListOfNotes|jsc-rep_DisclosureOfNewAndRevisedStandardsNote|0|en|1,ZARA,2025-04-30,NotesListOfNotes,jsc-rep_DisclosureOfNewAndRevisedStandardsNote,en,"The Group intends to adopt these standards, if applicable, when they become effective.",0,none,0,NA,FALSE,uniform_negative,13
ARBK|2025-04-06|CorporateGovernanceReport|jsc-rep_DisclosureOfInformationAndDetailsRegardingApplicationOfProvisionsOfTheseInstructionsAndCorporateGovernanceRulesInCompany|0|en|72,ARBK,2025-04-06,CorporateGovernanceReport,jsc-rep_DisclosureOfInformationAndDetailsRegardingApplicationOfProvisionsOfTheseInstructionsAndCorporateGovernanceRulesInCompany,en,"The Central Bank of Jordan shall be provided with any updates on the independence of any of the independent members. e) Annually assessing the performance of the board as whole, and of its individual committees and members, while following the committee’s defined and approved assessment basis that is built on an objective assessment standard.",0,none,0,NA,FALSE,uniform_negative,54
JOKB|2025-04-17|DisclosuresDirectorsReport|jsc_DisclosureOfCompanysAccomplishmentsSupportedByQuantitativeIndicatorsAndDescriptionOfSignificantOccurrencesToCompanyDuringFiscalYear|0|en|58,JOKB,2025-04-17,DisclosuresDirectorsReport,jsc_DisclosureOfCompanysAccomplishmentsSupportedByQuantitativeIndicatorsAndDescriptionOfSignificantOccurrencesToCompanyDuringFiscalYear,en,"To ensure sustainability in talent development, the bank signed agreements with several distinguished local universities in technology related fields.",0,none,0,NA,FALSE,uniform_negative,19
JOPT|2024-04-30|NotesListOfNotes|jsc-rep_DisclosureOfTradeAndOtherCurrentReceivables|0|en|89,JOPT,2024-04-30,NotesListOfNotes,jsc-rep_DisclosureOfTradeAndOtherCurrentReceivables,en,"Noting that Jordan Lube Oil Manufacturing Company has been activated as of April 1, 2022, and the different lube oil activities an the lube oil factory were annexed to it and the provision was calculated after taking into consideration the receivables guaranteed by Jordanian Government. * The amount released in favor of the Ministry of Finance was recorded in the Ministry of Finance’s account - the relationship, according to what was agreed upon with the Ministry of Finance to record any amount released from the provision for receivables that a provision was taken for before April 30, 2018 to the Ministry’s account, in exchange for the company maintaining the balance of this provision.",0,none,0,NA,FALSE,uniform_negative,113
APOT|2022-04-27|DisclosuresDirectorsReport|jsc_TheMembersOfBoardOfDirectorsNamesAndNamesAndRanksOfSeniorExecutiveManagementWithBriefResumeOfEach|0|en|134,APOT,2022-04-27,DisclosuresDirectorsReport,jsc_TheMembersOfBoardOfDirectorsNamesAndNamesAndRanksOfSeniorExecutiveManagementWithBriefResumeOfEach,en,He assumed charges as Maintenance Director in addition to his post as Production Director from 2014 until 2016.,0,none,0,NA,FALSE,uniform_negative,18
NDAR|2023-03-30|CorporateGovernanceReport|jsc-rep_DisclosureOfExecutivePositionsInCompanyAndNamesOfThePersonsWhoOccupyThem|0|en|1,NDAR,2023-03-30,CorporateGovernanceReport,jsc-rep_DisclosureOfExecutivePositionsInCompanyAndNamesOfThePersonsWhoOccupyThem,en,Executive positions Post holder Managing Director Engineer Haidar Fuad Kazem Zubaidi,0,none,0,NA,FALSE,uniform_negative,11
PROF|2024-04-18|CorporateGovernanceReport|jsc-rep_DisclosureOfNumberOfMeetingsOfCommitteesDuringYearWithStatementOfMembersPresent|0|en|0,PROF,2024-04-18,CorporateGovernanceReport,jsc-rep_DisclosureOfNumberOfMeetingsOfCommitteesDuringYearWithStatementOfMembersPresent,en,"Y. The number of meetings of each of the committees (the Audit Committee, the Nominations and Remuneration Committee, the Governance Committee, and the Risk Management Committee) during the year 2023 and the statement of the members present: The Audit Committee # Name, position, number of meetings, number of meeting attendees for each member 1 Mr. Maan Ali Muhammad Al-Suhaimat, Chairman of the Committee 7 7/7 2 Dr. Bashar Khaled Dhiab Al-Tarawneh, Member 6/7 3 Mr. Fahd Othman Abdo Tawila, Member 7/7 4 Mr. Yahya Salem Muhammad Abu Aboud As of 4/18/2023 Member 1/5 Nominations and Remuneration Committee # Name, position, number of meetings, number of meeting attendees for each member 1 Mr. Maan Ali Muhammad Al-Suhaimat, Chairman of the Committee 5 5/5 2 Mr. Fahd Othman Abdo Tawila, Member 5/5 3 Mr. Ibrahim Mohamed Mohamed Awad, Member 4/5 Governance Committee # Name, position, number of meetings, number of meeting attendees for each member 1 a. Yahya Salem Muhammad Abu Aboud as of 4/18/2023 Chairman of the Committee 2 1/1 Engineer Ahmed Salim Muhammad Al-Ghazou until 4/10/2023 1/1 2 Dr. Bashar Khaled Dhiab Al-Tarawneh, Member 2/2 3 Mr. Ibrahim Mohamed Mohamed Awad, Member 2/2 Risk Management Committee # Name, position, number of meetings, number of meeting attendees for each member 1 Mr. Fahd Othman Abdo Tawila as of 4/18/2023 Chairman of the Committee 2 2/2 2 Engineer Nayef Ahmed Bakhit Al-Dheeb, Member 2/2 3 Mr. Hassan Abdel Jalil Al-Qatawneh, Member 2/2",0,none,0,NA,FALSE,uniform_negative,240
THBK|2024-03-31|NotesListOfNotes|jsc-rep_DisclosureOfRiskManagement|0|en|10,THBK,2024-03-31,NotesListOfNotes,jsc-rep_DisclosureOfRiskManagement,en,The management is diligently monitoring the situation and proactively addressing anticipated effects in compliance with best practices and regulatory standards.,0,none,0,NA,FALSE,uniform_negative,20
AMAL|2025-04-24|DisclosuresChairmansStatement|jsc_DisclosureOfStatementOfBoardOfDirectorsChairman|0|en|10,AMAL,2025-04-24,DisclosuresChairmansStatement,jsc_DisclosureOfStatementOfBoardOfDirectorsChairman,en,"However, due to the non-compliance of some receivables’ settlement agreements, the company had to take additional provisions of approximately one million Jordanian Dinars as a precautionary measure, which resulted in a loss for the year 2024.",0,none,0,NA,FALSE,uniform_negative,36
LEAS|2022-03-30|NotesListOfNotes|jsc-rep_DisclosureOfTradeAndOtherNonCurrentReceivables|0|en|4,LEAS,2022-03-30,NotesListOfNotes,jsc-rep_DisclosureOfTradeAndOtherNonCurrentReceivables,en,All instalment sale receivables are granted in the Jordanian Dinar and U.S. Dollar.,0,none,0,NA,FALSE,uniform_negative,13
APOT|2021-04-27|DisclosuresDirectorsReport|jsc_TheMembersOfBoardOfDirectorsNamesAndNamesAndRanksOfSeniorExecutiveManagementWithBriefResumeOfEach|0|en|78,APOT,2021-04-27,DisclosuresDirectorsReport,jsc_TheMembersOfBoardOfDirectorsNamesAndNamesAndRanksOfSeniorExecutiveManagementWithBriefResumeOfEach,en,Mr. Zhou Weiliang completed his BA degree in Journalism from Xinjiang University.,0,none,0,NA,FALSE,uniform_negative,12
NCMD|2025-02-24|DisclosuresDirectorsReport|jsc_DisclosureOfDirectorsReport|0|en|2,NCMD,2025-02-24,DisclosuresDirectorsReport,jsc_DisclosureOfDirectorsReport,en,The seventh item of the meeting was that a new board of directors was elected for the next four years in accordance with the provisions of Article (132/B) of the Companies Law.,0,none,0,NA,FALSE,uniform_negative,32
LEAS|2022-03-30|NotesListOfNotes|ifrs-full_DisclosureOfImpairmentOfAssetsExplanatory|0|en|1,LEAS,2022-03-30,NotesListOfNotes,ifrs-full_DisclosureOfImpairmentOfAssetsExplanatory,en,"If such indications exist, recoverable amount is estimated to determine impairment.",0,none,0,NA,FALSE,uniform_negative,11
ABCO|2025-08-14|DisclosuresDirectorsReport|jsc_TheMembersOfBoardOfDirectorsNamesAndNamesAndRanksOfSeniorExecutiveManagementWithBriefResumeOfEach|0|en|163,ABCO,2025-08-14,DisclosuresDirectorsReport,jsc_TheMembersOfBoardOfDirectorsNamesAndNamesAndRanksOfSeniorExecutiveManagementWithBriefResumeOfEach,en,"After that, Mr. Al-Rabadi joined the Arab Bank Group as the Head of Financial Planning and Budgeting from February 2012 till May 2015.",0,none,0,NA,FALSE,uniform_negative,23
ZARA|2021-04-30|NotesListOfNotes|ifrs-full_DisclosureOfBorrowingsExplanatory|0|en|12,ZARA,2021-04-30,NotesListOfNotes,ifrs-full_DisclosureOfBorrowingsExplanatory,en,The loan was granted to finance renovation projects at Movenpick Resort Petra and Movenpick Nabatean Castle Hotel.,0,none,0,NA,FALSE,uniform_negative,17
THBK|2024-03-31|DisclosuresAuditorsReport|jsc_KeyAuditMattersExplanatory|0|en|2,THBK,2024-03-31,DisclosuresAuditorsReport,jsc_KeyAuditMattersExplanatory,en,"We have fulfilled the responsibilities described in the Auditor’s responsibilities for the audit of the consolidated financial statements section of our report, including in relation to these matters.",0,none,0,NA,FALSE,uniform_negative,28
NCMD|2024-03-10|NotesListOfNotes|ifrs-full_DisclosureOfAccountingJudgementsAndEstimatesExplanatory|0|en|6,NCMD,2024-03-10,NotesListOfNotes,ifrs-full_DisclosureOfAccountingJudgementsAndEstimatesExplanatory,en,Limited exceptions apply to the scope of application.,0,none,0,NA,FALSE,uniform_negative,8
SURA|2024-04-23|DisclosuresChairmansStatement|jsc_DisclosureOfStatementOfBoardOfDirectorsChairman|0|en|4,SURA,2024-04-23,DisclosuresChairmansStatement,jsc_DisclosureOfStatementOfBoardOfDirectorsChairman,en,We have also reduced expenses in general as much as possible because the company does not have sufficient sources of income to cover its expenses.,0,none,0,NA,FALSE,uniform_negative,25
SITT|2021-04-30|Declarations|jsc-rep_DeclarationAffirmingCorrectnessAccuracyAndCompletenessOfInformationAndDataStatedInReportSignedByChairmanOfBoardOfDirectorsCompanysChiefExecutiveOfficerAndChiefFinancialOfficer|0|en|0,SITT,2021-04-30,Declarations,jsc-rep_DeclarationAffirmingCorrectnessAccuracyAndCompletenessOfInformationAndDataStatedInReportSignedByChairmanOfBoardOfDirectorsCompanysChiefExecutiveOfficerAndChiefFinancialOfficer,en,D- Declaration of Management: 1- The Board of Directors of the company declares that there are no material matters that may affect the continuation of the company during the next fiscal year. 2- The Board of Directors acknowledges its responsibility for preparing the financial statements and for providing an effective control system in the company.,0,none,0,NA,FALSE,uniform_negative,55
ABCO|2023-04-05|DisclosuresDirectorsReport|jsc_DescriptionOfSubsidiaryCompaniesNatureOfTheirBusinessAndTheirAreasOfActivity|0|en|14,ABCO,2023-04-05,DisclosuresDirectorsReport,jsc_DescriptionOfSubsidiaryCompaniesNatureOfTheirBusinessAndTheirAreasOfActivity,en,Mr . Adnan Saleh Mohammad Al Shoubky – Member as of 3/11/2019.,0,none,0,NA,FALSE,uniform_negative,12
SURA|2022-05-08|DisclosuresAuditorsReport|jsc_AuditorsResponsibilitiesForAuditOfFinancialStatementsExplanatory|0|en|4,SURA,2022-05-08,DisclosuresAuditorsReport,jsc_AuditorsResponsibilitiesForAuditOfFinancialStatementsExplanatory,en,"In making those risk assessments, the auditor considers internal control relevant to the entity’s preparation and fair presentation of the consolidated financial statements in order to design audit procedures that are appropriate in the circumstances, but not for the purpose of expressing an opinion on the effectiveness of the entity’s internal control.",0,none,0,NA,FALSE,uniform_negative,52
APOT|2022-04-27|CorporateGovernanceReport|jsc-rep_DisclosureOfNamesOfCurrentAndResigningBoardMembersDuringYearAndDeterminingWhetherMemberIsExecutiveNonExecutiveIndependentOrNonIndependent|0|en|0,APOT,2022-04-27,CorporateGovernanceReport,jsc-rep_DisclosureOfNamesOfCurrentAndResigningBoardMembersDuringYearAndDeterminingWhetherMemberIsExecutiveNonExecutiveIndependentOrNonIndependent,en,Names of Current and Resigned Board Members (Legal and Natural) The following table lists current and resigned (Legal & Natural) members of the APC Board and their executive/ non-executive and independent/ non-independent status.,0,none,0,NA,FALSE,uniform_negative,33
JOPT|2022-04-21|DisclosuresDirectorsReport|jsc_DisclosureOfDirectorsReport|0|en|712,JOPT,2022-04-21,DisclosuresDirectorsReport,jsc_DisclosureOfDirectorsReport,en,"The Company also received a letter from the Ministry of Finance and the Ministry of Energy and Mineral Resources that includes to sale the crude oil owned by the Government to the Company as of the beginning of March 2021 on the basis of crude oil prices issued by Aramco for March 2021, and the company purchased these quantities during March 2021, in implementation of Cabinet Resolution No. (1150) taken in its meeting held on February 3, 2021.",0,none,0,NA,FALSE,uniform_negative,78
JTEL|2022-04-27|DisclosuresDirectorsReport|jsc_TheMembersOfBoardOfDirectorsNamesAndNamesAndRanksOfSeniorExecutiveManagementWithBriefResumeOfEach|0|en|72,JTEL,2022-04-27,DisclosuresDirectorsReport,jsc_TheMembersOfBoardOfDirectorsNamesAndNamesAndRanksOfSeniorExecutiveManagementWithBriefResumeOfEach,en,"Mr. Deiranieh holds a bachelor’s degree in Accounting and Computer Science with honors from Al-Yarmouk University (1985) as well as the award of Scientific Excellence from the same university, and the Distinguished Graduates award.",0,none,0,NA,FALSE,uniform_negative,34
JOPT|2022-04-21|DisclosuresDirectorsReport|jsc_DisclosureOfDirectorsReport|0|en|685,JOPT,2022-04-21,DisclosuresDirectorsReport,jsc_DisclosureOfDirectorsReport,en,"Accordingly, the Ministry informed the company of the commission’s value.",0,none,0,NA,FALSE,uniform_negative,10
ABCO|2022-03-30|NotesListOfNotes|ifrs-full_DisclosureOfSummaryOfSignificantAccountingPoliciesExplanatory|0|en|104,ABCO,2022-03-30,NotesListOfNotes,ifrs-full_DisclosureOfSummaryOfSignificantAccountingPoliciesExplanatory,en,"For all other financial instruments, ECLs are measured at an amount equal to the 12-month ECL ECLs are a probability-weighted estimate of the present value of credit losses.",0,none,0,NA,FALSE,uniform_negative,28
LEAS|2024-04-22|DisclosuresAuditorsReport|jsc_DisclosureOfAuditorsReportTextBlock|0|en|28,LEAS,2024-04-22,DisclosuresAuditorsReport,jsc_DisclosureOfAuditorsReportTextBlock,en,Our opinion on the consolidated financial statements does not cover the other information and we do not express any form of assurance conclusion thereon.,0,none,0,NA,FALSE,uniform_negative,24
ARBK|2025-04-06|DisclosuresAuditorsReport|jsc_DisclosureOfAuditorsReportTextBlock|0|en|49,ARBK,2025-04-06,DisclosuresAuditorsReport,jsc_DisclosureOfAuditorsReportTextBlock,en,"We are responsible for the direction, supervision and review of the audit work performed for purposes of the group audit.",0,none,0,NA,FALSE,uniform_negative,20
JOPT|2025-04-30|DisclosuresDirectorsReport|jsc_DisclosureOfCompanysRiskExposure|0|en|43,JOPT,2025-04-30,DisclosuresDirectorsReport,jsc_DisclosureOfCompanysRiskExposure,en,"The Company continuously manages its exposure to interest rate risk and considers the various scenarios such as refinancing, renewal of the present positions, and alternative financing.",0,none,0,NA,FALSE,uniform_negative,26
ARBK|2022-04-03|NotesListOfNotes|ifrs-full_DisclosureOfSummaryOfSignificantAccountingPoliciesExplanatory|0|en|152,ARBK,2022-04-03,NotesListOfNotes,ifrs-full_DisclosureOfSummaryOfSignificantAccountingPoliciesExplanatory,en,"The ECL is then based on the present value of the expected shortfalls in cash flows if the loan is drawn down, based on a probability-weighting of the four scenarios.",0,none,0,NA,FALSE,uniform_negative,30
APOT|2022-04-27|NotesListOfNotes|ifrs-full_DisclosureOfLeasesExplanatory|0|en|6,APOT,2022-04-27,NotesListOfNotes,ifrs-full_DisclosureOfLeasesExplanatory,en,The agreement follows the same terms and conditions as the original contract; the duration of the contract and the interest rate used is the same as the original contract.,0,none,0,NA,FALSE,uniform_negative,29
LEIN|2025-03-09|DisclosuresDirectorsReport|jsc_DisclosureOfDirectorsReport|0|en|40,LEIN,2025-03-09,DisclosuresDirectorsReport,jsc_DisclosureOfDirectorsReport,en,"Seventeenth: Number of Securities Owned by Board Members and Relatives as at 31/12/2024: No. Members position Nationality No. Shares 2024 NO.of shares owns by relatives2024 No. shares 2023 NO. of shares owns by relatives2023 1 AL-TAJAMOUAT FOR CATERING AND HOUSING CO PLC represented by Muhammad Ahmad al Alrifaei Muhammad Al-Rifai in a personal capacity chairman Jordanian 58,767 500 -- 36,665 500 ----- 2 Specialized Investment Compounds Co. Plc. represented by Iyad Adnan Muhammad Ali Al-Kharouf Vice chairman Jordanian 1,057,301 --- 1,057,301 ----- 3 •Al Tajamouat for facility services It is represented by Haitham Muhammad Tawfiq Irsheidat Member of the Board of Directors member Jordanian 136,000 ------ 136 , 000 ----- 4 •Al Tajamouat for support service.",0,none,0,NA,FALSE,uniform_negative,116
AMAL|2024-04-29|NotesListOfNotes|jsc-rep_DisclosureOfFinancialAssetsAtFairValueThroughOtherComprehensiveIncome|0|en|1,AMAL,2024-04-29,NotesListOfNotes,jsc-rep_DisclosureOfFinancialAssetsAtFairValueThroughOtherComprehensiveIncome,en,These financial assets are initially recognized at fair value plus attributable transaction costs and subsequently measured at fair value.,0,none,0,NA,FALSE,uniform_negative,19
APOT|2021-04-27|DisclosuresDirectorsReport|jsc_TheMembersOfBoardOfDirectorsNamesAndNamesAndRanksOfSeniorExecutiveManagementWithBriefResumeOfEach|0|en|68,APOT,2021-04-27,DisclosuresDirectorsReport,jsc_TheMembersOfBoardOfDirectorsNamesAndNamesAndRanksOfSeniorExecutiveManagementWithBriefResumeOfEach,en,"Al Qudah he has been active as a practicing lawyer since 1995 in the fields of commercial, corporate law, banking and international construction contracts in addition to being an accredited international business arbitrator in different jurisdictions.",0,none,0,NA,FALSE,uniform_negative,36
ZARA|2024-04-29|CorporateGovernanceReport|jsc-rep_DisclosureOfAllMembershipsOfBoardsOfDirectorsHeldByAMemberOfBoardOfDirectorsInPublicShareholdingCompaniesIfAny|0|en|3,ZARA,2024-04-29,CorporateGovernanceReport,jsc-rep_DisclosureOfAllMembershipsOfBoardsOfDirectorsHeldByAMemberOfBoardOfDirectorsInPublicShareholdingCompaniesIfAny,en,Cairo Amman Bank. 10 Isam Halim Jeries Salfiti Chairman of the Board of Directors / Jordan Hotels and Tourism Company.,0,none,0,NA,FALSE,uniform_negative,20
ABCO|2023-04-05|CorporateGovernanceReport|jsc-rep_DisclosureOfNameOfChairmanAndMembersOfAuditCommitteeAndADescriptionOfTheirQualificationsAndExperienceInFinancialOrAccountingMatters|0|en|69,ABCO,2023-04-05,CorporateGovernanceReport,jsc-rep_DisclosureOfNameOfChairmanAndMembersOfAuditCommitteeAndADescriptionOfTheirQualificationsAndExperienceInFinancialOrAccountingMatters,en,"During the period from 1997 to 2012, he worked at United Iron & Steel Mfg.",0,none,0,NA,FALSE,uniform_negative,15
NAST|2024-03-10|NotesListOfNotes|ifrs-full_DisclosureOfAccountingJudgementsAndEstimatesExplanatory|0|en|11,NAST,2024-03-10,NotesListOfNotes,ifrs-full_DisclosureOfAccountingJudgementsAndEstimatesExplanatory,en,The company identifies income tax liability based on wither tax assessment process will produce extra taxes.,0,none,0,NA,FALSE,uniform_negative,16
ZARA|2023-04-30|NotesListOfNotes|jsc-rep_DisclosureOfRisksOfChangeInStockPrices|0|en|1,ZARA,2023-04-30,NotesListOfNotes,jsc-rep_DisclosureOfRisksOfChangeInStockPrices,en,The Group believes that it is not significantly exposed to equity price risk.,0,none,0,NA,FALSE,uniform_negative,13
ABCO|2022-03-30|NotesListOfNotes|ifrs-full_DisclosureOfSummaryOfSignificantAccountingPoliciesExplanatory|0|en|426,ABCO,2022-03-30,NotesListOfNotes,ifrs-full_DisclosureOfSummaryOfSignificantAccountingPoliciesExplanatory,en,The subsidiaries’ financial statements are prepared under the same accounting policies adopted by the Bank.,0,none,0,NA,FALSE,uniform_negative,15
JOPT|2021-06-16|NotesListOfNotes|ifrs-full_DisclosureOfGeneralInformationAboutFinancialStatementsExplanatory|0|en|85,JOPT,2021-06-16,NotesListOfNotes,ifrs-full_DisclosureOfGeneralInformationAboutFinancialStatementsExplanatory,en,"If any debt that arises during the relationship with the Government is written off, the Ministry of Finance shall commit to paying it to Jordan Petroleum Refinery Company.",0,none,0,NA,FALSE,uniform_negative,28
ICAG|2024-04-03|DisclosuresAuditorsReport|jsc_DisclosureOfAuditorsReportTextBlock|0|en|17,ICAG,2024-04-03,DisclosuresAuditorsReport,jsc_DisclosureOfAuditorsReportTextBlock,en,The procedures also included reviewing the internal control procedures relating to calculating the expected credit loss for accounts receivable.,0,none,0,NA,FALSE,uniform_negative,19
NCMD|2025-02-24|CorporateGovernanceReport|jsc-rep_DisclosureOfInformationAndDetailsRegardingApplicationOfProvisionsOfTheseInstructionsAndCorporateGovernanceRulesInCompany|0|en|2,NCMD,2025-02-24,CorporateGovernanceReport,jsc-rep_DisclosureOfInformationAndDetailsRegardingApplicationOfProvisionsOfTheseInstructionsAndCorporateGovernanceRulesInCompany,en,"Accordingly, the committees began their meetings during the year to carry out their responsibilities required by the regulatory instructions.",0,none,0,NA,FALSE,uniform_negative,19
DERA|2024-04-30|NotesListOfNotes|ifrs-full_DisclosureOfAccountingJudgementsAndEstimatesExplanatory|0|en|0,DERA,2024-04-30,NotesListOfNotes,ifrs-full_DisclosureOfAccountingJudgementsAndEstimatesExplanatory,en,Segment reporting Business segments represent distinguishable components of the Group that are engaged in providing products or services which are subject to risks and rewards that are different from those of other segments and are measured based on the reports sent to the chief operating decision maker.,0,none,0,NA,FALSE,screen_positive,47
JOFR|2023-04-27|NotesListOfNotes|ifrs-full_DisclosureOfSummaryOfSignificantAccountingPoliciesExplanatory|0|en|24,JOFR,2023-04-27,NotesListOfNotes,ifrs-full_DisclosureOfSummaryOfSignificantAccountingPoliciesExplanatory,en,(2-3) Summary of significant accounting policies Segment reporting The business segment represents a set of assets and operations that jointly provide products and service subject to risks and returns different from those of other business sector which in measured based on the reports used by the chief operating decision maker.,0,none,0,NA,FALSE,screen_positive,50
JOFR|2023-04-27|NotesListOfNotes|jsc-rep_DisclosureOfAnalysisOfMainSectors|0|en|1,JOFR,2023-04-27,NotesListOfNotes,jsc-rep_DisclosureOfAnalysisOfMainSectors,en,These two key segments that are used by the Company to show information related to segment reporting.,0,none,0,NA,FALSE,screen_positive,17
HPIC|2023-03-29|NotesListOfNotes|jsc-rep_DisclosureOfRiskManagement|0|en|19,HPIC,2023-03-29,NotesListOfNotes,jsc-rep_DisclosureOfRiskManagement,en,"SEGMENT REPORTING The Company works in the following segments of the producing human and veterinary medicines in all its forms and medical stickers and stockings in addition to the production of medical supplies, body care lotions, cosmetics, sutures and initiating marketing campgains as well as import and export operations business operating within one geographic sector which is the Hashemite Kingdom of Jordan.",0,none,0,NA,FALSE,screen_positive,62
DERA|2022-04-25|NotesListOfNotes|ifrs-full_DisclosureOfEntitysReportableSegmentsExplanatory|0|en|0,DERA,2022-04-25,NotesListOfNotes,ifrs-full_DisclosureOfEntitysReportableSegmentsExplanatory,en,Segment reporting Business segments represent distinguishable components of the Group that are engaged in providing products or services which are subject to risks and rewards that are different from those of other segments and are measured based on the reports sent to the chief operating decision maker.,0,none,0,NA,FALSE,screen_positive,47
DERA|2023-04-30|NotesListOfNotes|ifrs-full_DisclosureOfEntitysReportableSegmentsExplanatory|0|en|0,DERA,2023-04-30,NotesListOfNotes,ifrs-full_DisclosureOfEntitysReportableSegmentsExplanatory,en,Segment reporting Business segments represent distinguishable components of the Group that are engaged in providing products or services which are subject to risks and rewards that are different from those of other segments and are measured based on the reports sent to the chief operating decision maker.,0,none,0,NA,FALSE,screen_positive,47
JDFS|2022-03-27|NotesListOfNotes|ifrs-full_DisclosureOfSummaryOfSignificantAccountingPoliciesExplanatory|0|en|0,JDFS,2022-03-27,NotesListOfNotes,ifrs-full_DisclosureOfSummaryOfSignificantAccountingPoliciesExplanatory,en,(2-4) Significant Accounting Policies Segment reporting A business segment is a group of assets and operations engaged in providing products or services that are subject to risks and returns that are different from those of other business segments which are measured based on the reporting to executive manager and the decision maker in the Group.,0,none,0,NA,FALSE,screen_positive,55
AIHO|2023-03-06|DisclosuresAuditorsReport|jsc_OtherInformationIncludedInBanksAnnualReportExplanatory|0|en|12,AIHO,2023-03-06,DisclosuresAuditorsReport,jsc_OtherInformationIncludedInBanksAnnualReportExplanatory,en,Key Audit Matter: Revenue Recognition How was the critical audit matter addressed?,0,none,0,NA,FALSE,uniform_negative,12
DERA|2024-04-30|NotesListOfNotes|ifrs-full_DisclosureOfFairValueMeasurementExplanatory|0|en|2,DERA,2024-04-30,NotesListOfNotes,ifrs-full_DisclosureOfFairValueMeasurementExplanatory,en,"Financial liabilities consist of bank overdraft, postdated checks, accounts payable, and advance payments in assets held for sale, other credit balances, provision for income tax, due to related parties, capital lease obligations, and murabaha financing facility.",0,none,0,NA,FALSE,uniform_negative,36
ENTK|2024-04-17|DisclosuresAuditorsReport|jsc_AuditorsReportOnFinancialStatements|0|en|16,ENTK,2024-04-17,DisclosuresAuditorsReport,jsc_AuditorsReportOnFinancialStatements,en,"Management and individuals responsible of governance about the consolidated financial statements Management is responsible for the preparation and fair presentation of these consolidated financial statements Entkaeya for Investment and Real Estate Development Company as of December 31, 2023 in accordance with International Financial Reporting Standards.",0,none,0,NA,FALSE,uniform_negative,45
AEIN|2021-04-28|DisclosuresDirectorsReport|jsc_DisclosureOfCompanysRiskExposure|0|en|0,AEIN,2021-04-28,DisclosuresDirectorsReport,jsc_DisclosureOfCompanysRiskExposure,en,"Description of the risks the company is exposed to: The company's activities make it vulnerable to multiple financial risks, including changes in foreign exchange rates, interest rates, and credit, and the management strives to reduce the potential negative effects on the company's financial performance.",0,none,0,NA,FALSE,uniform_negative,44
JOTF|2024-03-21|NotesListOfNotes|jsc-rep_DisclosureOfFairValueHierarchy|0|en|3,JOTF,2024-03-21,NotesListOfNotes,jsc-rep_DisclosureOfFairValueHierarchy,en,"Level 1 Level 2 Level 3 Total JD JD JD JD 31 December 2023 Financial assets at fair value through other comprehensive income - - 219,590 219,590 31 December 2022 Financial assets at fair value through other comprehensive income - - 214,158 214,158 (a) Financial assets and liabilities that are not measured at fair value on a recurring basis: Fair Value Book Value Level 3 Level 2 Level 1 JD JD JD JD 31 December 2023 Assets - - 2,283,955 2,283,955 Cash on hand and at banks - 109,130,502 - 109,130,502 Financial assets at amortised cost - 366,812 - 366,812 Other debit balances - 362,072 - 362,072 Right of use of leased assets - 79,108 - 79,108 Property and equipment - 51,844 - 51,844 Intangible assets - 3,571,511 - 3,571,511 Deferred tax assets Liabilities - 9,210,050 - 9,210,050 Bank overdrafts - 58,585,957 - 58,585,957 Loans - 364,628 - 364,628 Lease liabilities - 1,083,509 - 1,083,509 Other liabilities - 360,514 - 360,514 Other provisions - 2,400,300 - 2,400,300 Income tax provision 31 December 2022 Assets - - 2,288,464 2,288,464 Cash on hand and at banks - 86,872,357 - 86,872,357 Financial assets at amortised cost - 296,241 - 296,241 Other debit balances - 277,411 - 277,411 Right of use of leased assets - 86,649 - 86,649 Property and equipment - 49,745 - 49,745 Intangible assets - 3,091,718 - 3,091,718 Deferred tax assets Liabilities - 4,905,297 - 4,905,297 Bank overdrafts - 40,916,622 - 40,916,622 Loans 6,460,000 6,460,000 Bonds - 274,155 - 274,155 Lease liabilities - 782,057 - 782,057 Other liabilities - 301,357 - 301,357 Other provisions - 1,759,204 - 1,759,204 Income tax provision Management believes that the carrying amount of financial assets and liabilities is close to their fair value.",0,none,0,NA,FALSE,uniform_negative,287
INVB|2024-04-29|NotesListOfNotes|ifrs-full_DisclosureOfNoncurrentAssetsHeldForSaleAndDiscontinuedOperationsExplanatory|0|en|2,INVB,2024-04-29,NotesListOfNotes,ifrs-full_DisclosureOfNoncurrentAssetsHeldForSaleAndDiscontinuedOperationsExplanatory,en,"The details of each of the company's assets and liabilities are as follows: Bindar for Financial Leasing (under liquidation subsidiary) During the last quarter of the year 2022, the Board of Director of Bindar trading and investment company (a subsidiary) decided to liquidate Bindar financial leasing company (a subsidiary), accordingly each of the company’s assets and liabilities classified under separate item in accordance with requirements of (IFRS5) .",0,none,0,NA,FALSE,uniform_negative,68
JOFR|2023-04-27|NotesListOfNotes|jsc-rep_DisclosureOfStandardsIssuedButNotYetEffective|0|en|57,JOFR,2023-04-27,NotesListOfNotes,jsc-rep_DisclosureOfStandardsIssuedButNotYetEffective,en,A fair value approach that uses the fair value of the contracts at the date of transition to determine a value for the contractual service margin (‘CSM’).,0,none,0,NA,FALSE,uniform_negative,27
JOTF|2022-03-27|DisclosuresDirectorsReport|jsc_DisclosureOfDirectorsReport|0|en|26,JOTF,2022-03-27,DisclosuresDirectorsReport,jsc_DisclosureOfDirectorsReport,en,"Experience Mrs. Hanadi Khalil Hamam Human Resource and Training Manager Educational Qualification Nationality Date of Birth Appointment Date B.A., Business Administration 2001 Jordanian 28/2/1979 16/5/2009 2009 – Present : Human Resource and Training Manager at Jordan Trade Facilities Company . 2004 - 2009: Human Resource Manpower Planning Manager at Arab Bank Experience Mr. Amer AbedulQader Beidas Compliance Control Manager Educational Qualification Nationality Date of Birth Appointment Date Bachelor’s Degree in accounting 2013 Jordanian 15/6/1987 25/6/2014 2014 – Present : Compliance Control Manager at Jordan Trade Facilities Company . 2010 - 2014: Accountant at Jordan Modern Company for Ready Mix Concrete / Manaseer Experience Mr. Hazem Ghassan Haddad Legal Manager Educational Qualification Nationality Date of Birth Appointment Date Bachelor of Laws 2005 Jordanian 11/6/1982 1/12/2016 2016 – Present : Legal Manager at Jordan Trade Facilities Company . 2010 - 2016: Lawyer at Bank Audi 2008-2010: Lawyer at Al-Najdawi Law Firm Experience Mr.Gaith Adel Almobaideen Branch and sales Manager Educational Qualification Nationality Date of Birth Appointment Date Bachelor of Financial and Banking Sciences 2003 Jordanian 14/6/1981 3/5/2021 2009 – Present : Branch and sales Manager at Jordan Trade Facilities Company . 2015 - 2021: Relationship Manager/Operations at Invest Bank 2012-2014: Head of the Recruitment and Training Unit at Al-Nisr Al-Arabi Insurance Company 2010 -2012: Key Accounts Manager at Orange 2005-2009 Senior Sales Officer at Standard Chartered Bank Experience 4. Statement of Major Owners of Issued Shares by the Company, Number of Shares Owned by Each and Ownership Percentage Comparing to the Previous Year (Who Own 5% and Above): Name 31/12/2020 31/12/2021 Number of Stocks Share % Number of Stocks Share % Tamkeen Leasing Com. 16,080,239 97,4 % 16,130,264 97,8 % 5. Company’s Competitive standing within the Sector of its Business Activities, Main Markets and its Share in the Local and International Markets: - The company provides its services through the commercial financing in addition to financing in accordance with Islamic Sharia. -The company financed the purchase of vehicles, and the financing of individuals as well as real estate and small and medium enterprises (SMEs ( . - The company provides its services through Jordan Facilities Company of leasing, Its owned by the Jordan Trade Facilities Company. -The sector of finance companies in Jordan is one of the important sectors as it is complementary to the activity of banks by providing financing solutions to their customers taking into account their privacy and requirements. 6. The Degree of the Company’s Reliance in conducting its operations on specific providers and/or clients (locally and internationally).",0,none,0,NA,FALSE,uniform_negative,419
JOTF|2025-03-16|NotesListOfNotes|ifrs-full_DisclosureOfIncomeTaxExplanatory|0|en|2,JOTF,2025-03-16,NotesListOfNotes,ifrs-full_DisclosureOfIncomeTaxExplanatory,en,"Taxes are calculated as per the tax rates established by the laws, regulations and instructions.",0,none,0,NA,FALSE,uniform_negative,15
JDFS|2021-06-24|DisclosuresAuditorsReport|jsc_AuditorsResponsibilitiesForAuditOfFinancialStatementsExplanatory|0|en|18,JDFS,2021-06-24,DisclosuresAuditorsReport,jsc_AuditorsResponsibilitiesForAuditOfFinancialStatementsExplanatory,en,"From the matters communicated with those charged with governance, we determine those matters that were of most significance in the audit of the consolidated financial statements of the current period, and are therefore the key audit matters.",0,none,0,NA,FALSE,uniform_negative,37
AEIV|2021-05-04|DisclosuresDirectorsReport|jsc_DescriptionOfSubsidiaryCompaniesNatureOfTheirBusinessAndTheirAreasOfActivity|0|en|3,AEIV,2021-05-04,DisclosuresDirectorsReport,jsc_DescriptionOfSubsidiaryCompaniesNatureOfTheirBusinessAndTheirAreasOfActivity,en,"It owns a stock portfolio. * Al Badyia Real Estate Towers LLC A limited liability company registered under No. (12135) on 05/17/2006 with a capital of (10,000) Dinars.",0,none,0,NA,FALSE,uniform_negative,28
JOTF|2023-03-27|NotesListOfNotes|ifrs-full_DisclosureOfSummaryOfSignificantAccountingPoliciesExplanatory|0|en|37,JOTF,2023-03-27,NotesListOfNotes,ifrs-full_DisclosureOfSummaryOfSignificantAccountingPoliciesExplanatory,en,Other financial liabilities are subsequently measured at amortized cost using the effective interest method.,0,none,0,NA,FALSE,uniform_negative,14
JMRC|2021-02-25|CorporateGovernanceReport|jsc-rep_DisclosureOfNamesOfRepresentativesOfLegalDirectorsAndDetermineWhetherRepresentativeIsExecutiveNonExecutiveIndependentOrNonIndependent|0|en|10,JMRC,2021-02-25,CorporateGovernanceReport,jsc-rep_DisclosureOfNamesOfRepresentativesOfLegalDirectorsAndDetermineWhetherRepresentativeIsExecutiveNonExecutiveIndependentOrNonIndependent,en,Non-executive Member independent,0,none,0,NA,FALSE,uniform_negative,3
JOFR|2023-04-27|NotesListOfNotes|jsc-rep_DisclosureOfStandardsIssuedButNotYetEffective|0|en|5,JOFR,2023-04-27,NotesListOfNotes,jsc-rep_DisclosureOfStandardsIssuedButNotYetEffective,en,A few scope exceptions will apply.,0,none,0,NA,FALSE,uniform_negative,6
INVB|2023-04-27|DisclosuresDirectorsReport|jsc_DisclosureOfCompanysAccomplishmentsSupportedByQuantitativeIndicatorsAndDescriptionOfSignificantOccurrencesToCompanyDuringFiscalYear|0|en|41,INVB,2023-04-27,DisclosuresDirectorsReport,jsc_DisclosureOfCompanysAccomplishmentsSupportedByQuantitativeIndicatorsAndDescriptionOfSignificantOccurrencesToCompanyDuringFiscalYear,en,Sama Gaza The organization’s vision is to support the stability and livelihood of refugees in Jerash camp.,0,none,0,NA,FALSE,uniform_negative,17
JOTF|2024-03-21|NotesListOfNotes|jsc-rep_DisclosureOfIncomeTaxProvision|0|en|0,JOTF,2024-03-21,NotesListOfNotes,jsc-rep_DisclosureOfIncomeTaxProvision,en,"C. Summary of reconciliation between accounting profit and taxable profit: 2023 2022 JD JD Accounting profit 8,664,004 5,642,517 Amendments 1,912,403 2,131,874 Taxable profit 10,576,407 7,774,391 Tax due on the profit for the year except for dividends from financial assets at fair value through other comprehensive income (Shares outside Jordan) 2,961,394 2,176,829 Tax due on dividends of financial assets at fair value through other comprehensive income (shares outside Jordan) at 14% 1,276 1,879 Tax due from profits for the year 2,962,670 2,178,708 Effective tax rate 34% 39% Statutory tax rate 28% 28% D. Tax Status Jordan Trade Facilities Company (Parent Company) The Company obtained a final clearance from the Income and Sales Tax Department until the end of the year 2014.",0,none,0,NA,FALSE,uniform_negative,120
HPIC|2023-03-29|NotesListOfNotes|ifrs-full_DisclosureOfSummaryOfSignificantAccountingPoliciesExplanatory|0|en|109,HPIC,2023-03-29,NotesListOfNotes,ifrs-full_DisclosureOfSummaryOfSignificantAccountingPoliciesExplanatory,en,Monetary assests and liabilities denominated in foreign currencies at the consolidated financial position are translated at the exchange rates prevailing at that date.,0,none,0,NA,FALSE,uniform_negative,23
AIHO|2023-03-06|DisclosuresAuditorsReport|jsc_AuditorsReportOnFinancialStatements|0|en|42,AIHO,2023-03-06,DisclosuresAuditorsReport,jsc_AuditorsReportOnFinancialStatements,en,"Report on legal requirements The company maintains duly organized accounting entries and records that are consistent with the financial statements, and we recommend their approval.",0,none,0,NA,FALSE,uniform_negative,25
AIHO|2022-03-20|DisclosuresChairmansStatement|jsc_DisclosureOfStatementOfBoardOfDirectorsChairman|0|en|9,AIHO,2022-03-20,DisclosuresChairmansStatement,jsc_DisclosureOfStatementOfBoardOfDirectorsChairman,en,"However, there was a non-recurring investment income resulting from the merger with the Beaches for Hotels & Spas , amounting to (1,764,116) JD, which led to profits amounting to (153,873) JD.",0,none,0,NA,FALSE,uniform_negative,31
JMRC|2021-02-25|DisclosuresDirectorsReport|jsc_TheMembersOfBoardOfDirectorsNamesAndNamesAndRanksOfSeniorExecutiveManagementWithBriefResumeOfEach|0|en|109,JMRC,2021-02-25,DisclosuresDirectorsReport,jsc_TheMembersOfBoardOfDirectorsNamesAndNamesAndRanksOfSeniorExecutiveManagementWithBriefResumeOfEach,en,Member of the JMRC’s Governance Committee.,0,none,0,NA,FALSE,uniform_negative,6
JOTF|2022-03-27|DisclosuresDirectorsReport|jsc_DisclosureOfDirectorsReport|0|en|8,JOTF,2022-03-27,DisclosuresDirectorsReport,jsc_DisclosureOfDirectorsReport,en,"Total assets reached JOD 78,162,161 in 2021 compared to JOD 61,434,218 in 2020 with a growth of 27,2 % . the net shareholders equity JOD 36,818,706 in 2021 compared to JOD 32,888,134 in 2020, with a growth of 12 % ، The return on capital at the end of 2021 was 24 % compared to 16% at the end of 2020.",0,none,0,NA,FALSE,uniform_negative,61
AIHO|2025-03-17|DisclosuresAuditorsReport|jsc_DisclosureOfAuditorsReportTextBlock|0|en|40,AIHO,2025-03-17,DisclosuresAuditorsReport,jsc_DisclosureOfAuditorsReportTextBlock,en,"We also provide those charged with governance with relevant information regarding the planned scope and timing of the audit and significant audit findings, including any significant deficiencies in internal control that we identify during our audit.",0,none,0,NA,FALSE,uniform_negative,36
INVB|2024-04-29|DisclosuresDirectorsReport|jsc_DisclosureOfCompanysContributionToEnvironmentalProtectionAndLocalCommunityService|0|en|29,INVB,2024-04-29,DisclosuresDirectorsReport,jsc_DisclosureOfCompanysContributionToEnvironmentalProtectionAndLocalCommunityService,en,"The bank funded the construction of an amphitheater in addition to providing paths suitable for people with special needs, including those with mobility difficulties and wheelchair users, to make the park accessible to all abilities and ages.",0,none,0,NA,FALSE,uniform_negative,37
JOTF|2023-03-27|NotesListOfNotes|ifrs-full_DisclosureOfLeasesExplanatory|0|en|17,JOTF,2023-03-27,NotesListOfNotes,ifrs-full_DisclosureOfLeasesExplanatory,en,"If this is the case, then the lease is a finance lease; if not, then it is an operating lease.",0,none,0,NA,FALSE,uniform_negative,20
ENTK|2024-04-17|DisclosuresDirectorsReport|jsc_TheMembersOfBoardOfDirectorsNamesAndNamesAndRanksOfSeniorExecutiveManagementWithBriefResumeOfEach|0|en|1,ENTK,2024-04-17,DisclosuresDirectorsReport,jsc_TheMembersOfBoardOfDirectorsNamesAndNamesAndRanksOfSeniorExecutiveManagementWithBriefResumeOfEach,en,Businessman and General Manager.,0,none,0,NA,FALSE,uniform_negative,4
JEDI|2022-03-17|NotesListOfNotes|ifrs-full_DisclosureOfSummaryOfSignificantAccountingPoliciesExplanatory|0|en|7,JEDI,2022-03-17,NotesListOfNotes,ifrs-full_DisclosureOfSummaryOfSignificantAccountingPoliciesExplanatory,en,"The company reassesses whether or not it controls any of the investee entities, if facts and circumstances indicate that there are changes to one or more of the elements of control referred to above.",0,none,0,NA,FALSE,uniform_negative,34
INVB|2021-04-28|NotesListOfNotes|ifrs-full_DisclosureOfInterestIncomeExplanatory|0|en|7,INVB,2021-04-28,NotesListOfNotes,ifrs-full_DisclosureOfInterestIncomeExplanatory,en,Interest income and expense in the Bank's consolidated statement of profit or loss also includes the effective portion of fair value changes for derivatives that are designated as hedging instruments in the cash flow hedges of interest rate risk.,0,none,0,NA,FALSE,uniform_negative,39
INVB|2021-03-31|NotesListOfNotes|ifrs-full_DisclosureOfObjectivesPoliciesAndProcessesForManagingCapitalExplanatory|0|en|2,INVB,2021-03-31,NotesListOfNotes,ifrs-full_DisclosureOfObjectivesPoliciesAndProcessesForManagingCapitalExplanatory,en,"B- Regulatory requirements for capital, and how to meet these requirements: Banks must meet the minimum capital requirements in relation to risk-weighted assets, and they should be as follows: 1- The minimum of (CET1) should not be less than (6%) of the risk weighted assets. 2- The minimum of (Tier 1) should not be less than (7.5%) of the risk weighted assets. 3- The minimum (CAR) should not be less than (12%) of the risk weighted assets.",0,none,0,NA,FALSE,uniform_negative,77
JDFS|2021-06-24|DisclosuresDirectorsReport|jsc_DisclosureOfStatementThatIndicatesNumberOfSecuritiesIssuedByCompanyWhichAreOwnedByAnyMemberOfItsBoardOfDirectorsAnyMemberOfItsSeniorExecutiveManagementOrAnyOfTheirRelativesAListOfCompaniesControlledByAnyOfSuchProvidedAllOfTheAboveIsBenchmarkedAgainstThePrecedingYear|0|en|0,JDFS,2021-06-24,DisclosuresDirectorsReport,jsc_DisclosureOfStatementThatIndicatesNumberOfSecuritiesIssuedByCompanyWhichAreOwnedByAnyMemberOfItsBoardOfDirectorsAnyMemberOfItsSeniorExecutiveManagementOrAnyOfTheirRelativesAListOfCompaniesControlledByAnyOfSuchProvidedAllOfTheAboveIsBenchmarkedAgainstThePrecedingYear,en,"السابع عشر : - أ - عدد الاسهم المملوكة من قبل رئيس وأعضاء مجلس الإدارة :- إسم المساهم 2020 2019 عدد الأسهم الممثلة في مجلس الإدارة النسبة المئوية عدد الأسهم الممثلة في مجلس الإدارة النسبة المئوية المؤسسة العامة للضمان الاجتماعي ويمثلها: 12,711,006 56.49% 12,711,006 56.49% معالي الدكتور عزالدين محي كناكرية / اعتبارا من 16/12/2020 عطوفة الدكتور هايل محمد عبيدات / لغاية 15/12/2020 معالي علي ظاهر الغزاوي / لغاية 28/2/2020 علي محمد محمود البلاونة / لغاية 15/1/2020 محمد شريف محمد الزعبي / اعتبارا من 16/1/2020 جمال نعيم سالم المساعدة عماد جمال احمد القضاة / لغاية 15/12/2020 احمد اسامه احمد ملكاوي / اعتبارا من 16/12/2020 طارق محمد جبر الحمود الشركة الأردنية للاستثمارات المشتركة 3,114,000 13.84% 3,114,000 13.84% ويمثلها السيد مذيب سمير مذيب حداد البنك الاستثماري ويمثله : 2,250,001 10.00% 2,250,001 10.00% - السيد مهند زهير أحمد بوكه السيد هيثم عبد المجيد مصلح المجالي 20,000 0.09% 20,000 0.09% شركة سعد أبو جابر وأولاده ويمثلها 79,821 0.35% 79,821 0.35% - السيد سعد أبو جابر 53,529 0.24% 53,529 0.24% الاجمالـــــي 18,228,357 81.01% 18,228,357 81.01% ب – اقرباء اعضاء مجلس الادارة . السيد الهيثم عبدالمجيد المجالي اسم المساهم صلة القرابة الجنسية 31/12/2020 31/12/2019 عدد الاسهم النسبة عدد الاسهم النسبة فارس الهيثم عبدالمجيد المجالي ابن الاردنية 2,500 0.0111% 2,500 0.0111% عمر الهيثم عبدالمجيد المجالي ابن الاردنية 3,000 0.0133% 3,076 0.0136% ج - الإدارة العليا : لا يملك اي عضو من الادارة العليا التنفيذية أو أقاربهم أية أسهم في الشركة . د - عدد الأوراق المالية المصدرة من قبل الشركة والمملوكة من قبل الشركات المسيطرة عليها من قبل أعضاء مجلس الإدارة. اسم عضو مجلس الإدارة المنصب اسم الشركة المسيطر عليها الصفة القانونية جنسية الشركة عدد الأسهم المملوكة 2020 عدد لأسهم المملوكة 2019 المؤسسة العامة للضمان الاجتماعي رئيس مجلس الإدارة شركة راما للاستثمار والادخار ذات مسؤولية محدودة أردنية 134,553 134,553 -لا يوجد شركات مسيطر عليها من قبل أشخاص الإدارة العليا وأقاربهم وأقارب أعضاء مجلس الإدارة.",0,none,0,NA,FALSE,uniform_negative,306
AQAR|2025-04-27|DisclosuresAuditorsReport|jsc_DisclosureOfAuditorsReportTextBlock|0|en|28,AQAR,2025-04-27,DisclosuresAuditorsReport,jsc_DisclosureOfAuditorsReportTextBlock,en,"If we conclude that a material uncertainty exists, we are required to draw attention in our auditor’s report to the related disclosures in the consolidated financial statements or, if such disclosure is inadequate, to modify our opinion.",0,none,0,NA,FALSE,uniform_negative,37
AIHO|2023-03-06|DisclosuresChairmansStatement|jsc_DisclosureOfStatementOfBoardOfDirectorsChairman|0|en|4,AIHO,2023-03-06,DisclosuresChairmansStatement,jsc_DisclosureOfStatementOfBoardOfDirectorsChairman,en,"The Affiliated hotel company, Al Dawliah for Hotels & Malls Com P.L.C, owner of Al-Nabil Sheraton Hotel Amman, and the Business Tourism Company, which owns the Dead Sea Marriott Hotel and Resort and the Petra Marriott Hotel, were also positively affected.",0,none,0,NA,FALSE,uniform_negative,41
FUTR|2025-04-30|NotesListOfNotes|ifrs-full_DisclosureOfCostOfSalesExplanatory|0|en|0,FUTR,2025-04-30,NotesListOfNotes,ifrs-full_DisclosureOfCostOfSalesExplanatory,en,"Cost of sales 2024 2023 JD JD Goods - beginning of year 3,297,603 4,407,412 Additions resulted from the acquisition of a new subsidiary company (*) 4,177,582 - Purchases 16,726,634 9,556,203 Goods - end of year (**) (5,638,195) (3,297,603) Cost of goods sold 18,563,624 10,666,012 Operating expenses (***) 260,471 221,640 Cost 18,824,095 10,887,652 (*) Goods – beginning of year – new subsidiary company includes recovery of provision for impairment on sold cars during the year 2024 amounting to JD 403,900.",0,none,0,NA,FALSE,uniform_negative,79
AQAR|2025-04-27|DisclosuresDirectorsReport|jsc_DescriptionOfCompanysMainActivitiesWithTheirRespectiveGeographicalLocationsSizeOfCapitalInvestmentAndNumberOfEmployees|0|en|2,AQAR,2025-04-27,DisclosuresDirectorsReport,jsc_DescriptionOfCompanysMainActivitiesWithTheirRespectiveGeographicalLocationsSizeOfCapitalInvestmentAndNumberOfEmployees,en,"B. The Company's Geographical Locations and Number of Employees in Each: The company's headquarters is located on Issam Al-Ajlouni Street - Shmeisani - Amman, with one employee.",0,none,0,NA,FALSE,uniform_negative,27
JMRC|2024-02-29|DisclosuresDirectorsReport|jsc_TheMembersOfBoardOfDirectorsNamesAndNamesAndRanksOfSeniorExecutiveManagementWithBriefResumeOfEach|0|en|279,JMRC,2024-02-29,DisclosuresDirectorsReport,jsc_TheMembersOfBoardOfDirectorsNamesAndNamesAndRanksOfSeniorExecutiveManagementWithBriefResumeOfEach,en,The entity representing - Cairo Amman Bank ( independent member ) as of 10/09/2008.,0,none,0,NA,FALSE,uniform_negative,14
HPIC|2021-04-01|NotesListOfNotes|ifrs-full_DisclosureOfAccountingJudgementsAndEstimatesExplanatory|0|en|74,HPIC,2021-04-01,NotesListOfNotes,ifrs-full_DisclosureOfAccountingJudgementsAndEstimatesExplanatory,en,Allocations between general and administrative expenses and cost of sales are made on a consistent basis when required.,0,none,0,NA,FALSE,uniform_negative,18
JOTF|2023-03-27|DisclosuresAuditorsReport|jsc_DisclosureOfAuditorsReportTextBlock|0|en|44,JOTF,2023-03-27,DisclosuresAuditorsReport,jsc_DisclosureOfAuditorsReportTextBlock,en,"We are responsible for the direction, supervision and performance of the Group audit.",0,none,0,NA,FALSE,uniform_negative,13
HPIC|2024-03-30|CorporateGovernanceReport|jsc-rep_DisclosureOfInformationAndDetailsRegardingApplicationOfProvisionsOfTheseInstructionsAndCorporateGovernanceRulesInCompany|0|en|10,HPIC,2024-03-30,CorporateGovernanceReport,jsc-rep_DisclosureOfInformationAndDetailsRegardingApplicationOfProvisionsOfTheseInstructionsAndCorporateGovernanceRulesInCompany,en,"It also presented to the board its recommendations related to incentives, bonuses and annual increases for Hayat’s employees.",0,none,0,NA,FALSE,uniform_negative,18
JMRC|2025-03-02|DisclosuresDirectorsReport|jsc_TheMembersOfBoardOfDirectorsNamesAndNamesAndRanksOfSeniorExecutiveManagementWithBriefResumeOfEach|0|en|55,JMRC,2025-03-02,DisclosuresDirectorsReport,jsc_TheMembersOfBoardOfDirectorsNamesAndNamesAndRanksOfSeniorExecutiveManagementWithBriefResumeOfEach,en,Head of section – Madaba region social security directorate (2017-2020).,0,none,0,NA,FALSE,uniform_negative,10
JMRC|2023-02-22|DisclosuresAuditorsReport|jsc_OtherInformationIncludedInBanksAnnualReportExplanatory|0|en|5,JMRC,2023-02-22,DisclosuresAuditorsReport,jsc_OtherInformationIncludedInBanksAnnualReportExplanatory,en,We have nothing to report in this regard.,0,none,0,NA,FALSE,uniform_negative,8
JDFS|2021-06-24|NotesListOfNotes|jsc-rep_DisclosureOfFinancialAssetsAtFairValueThroughProfitOrLoss|0|en|1,JDFS,2021-06-24,NotesListOfNotes,jsc-rep_DisclosureOfFinancialAssetsAtFairValueThroughProfitOrLoss,en,The fair value represents the price that will be obtained upon selling the assets or that will be paid to transfer a liability in an orderly transaction between market participants at the measurement date.,0,none,0,NA,FALSE,uniform_negative,34
INVB|2024-04-29|NotesListOfNotes|ifrs-full_DisclosureOfSummaryOfSignificantAccountingPoliciesExplanatory|0|en|241,INVB,2024-04-29,NotesListOfNotes,ifrs-full_DisclosureOfSummaryOfSignificantAccountingPoliciesExplanatory,en,"The financial liability forms part of a group of financial assets or financial liabilities or both, which is managed and its performance is evaluated on a fair value basis, in accordance with the Group’s documented risk management or investment strategy, and information about the grouping is provided internally on that basis.",0,none,0,NA,FALSE,uniform_negative,51
INVB|2025-08-18|DisclosuresDirectorsReport|jsc_DisclosureOfChronologyOfRealizedProfitsOrLossesDividendsShareholdersNetEquityAndPricesOfSecuritiesIssuedByCompanyForMinimumPeriodOfFiveYearsOrForPeriodSinceEstablishmentOfCompanyWhicheverIsLessTogetherWithGraphicRepresentationThereofWherePossible|0|en|5,INVB,2025-08-18,DisclosuresDirectorsReport,jsc_DisclosureOfChronologyOfRealizedProfitsOrLossesDividendsShareholdersNetEquityAndPricesOfSecuritiesIssuedByCompanyForMinimumPeriodOfFiveYearsOrForPeriodSinceEstablishmentOfCompanyWhicheverIsLessTogetherWithGraphicRepresentationThereofWherePossible,en,It is subject to the approval of the General Assembly of Shareholders.,0,none,0,NA,FALSE,uniform_negative,12
DERA|2022-04-25|NotesListOfNotes|jsc-rep_DisclosureOfRisksOfChangingInterestRates|0|en|2,DERA,2022-04-25,NotesListOfNotes,jsc-rep_DisclosureOfRisksOfChangingInterestRates,en,The Group also manages its Interest rate risk regularly by evaluating the different alternatives such as funding and renewing current positions and alternative funding.,0,none,0,NA,FALSE,uniform_negative,24
JEDI|2022-03-17|NotesListOfNotes|jsc-rep_DisclosureOfTradeAndOtherNonCurrentReceivables|0|en|2,JEDI,2022-03-17,NotesListOfNotes,jsc-rep_DisclosureOfTradeAndOtherNonCurrentReceivables,en,"These assets are classified under current assets unless their maturities are more than 12 months after the balance sheet date, as they are classified as non-current assets.",0,none,0,NA,FALSE,uniform_negative,27
JDFS|2021-06-24|NotesListOfNotes|jsc-rep_DisclosureOfFinanceLeaseObligation|0|en|6,JDFS,2021-06-24,NotesListOfNotes,jsc-rep_DisclosureOfFinanceLeaseObligation,en,"In addition, the carrying amount of the lease liability is re-measured if there is any modification or change to the lease term, or when there is a change in the payments in the substance of which are fixed lease payments, or when there is a change in the valuation relating to the purchase of the asset.",0,none,0,NA,FALSE,uniform_negative,56
HPIC|2023-03-29|NotesListOfNotes|jsc-rep_DisclosureOfRiskManagement|0|en|10,HPIC,2023-03-29,NotesListOfNotes,jsc-rep_DisclosureOfRiskManagement,en,"The following table shows sensitivity of the consolidated statement of comprehensive income for possible reasonable changes in interest rates as of December 31 with all other impacting variables constant: Currency Increase in interest rate The impact on the profit of the year JD Percentage points 2022 2021 25 29,786 - - 29,786 Currency Decrease in interest rate The impact on the profit of the year JD Percentage points 2022 2021 25 29,786 + + 29,786 Credit risk management The credit risks represented if one part of the financial instruments contracts has not obligated to pay the contractual obligations and cause of that the Company is exposing financial losses, However, there are no any contracts with any other parts so the Company doesn't expose to different types of the credit risks, The significant credit exposed for any parts or group of parts that have a similar specification have been disclosed in note No.17.The Company classify the parts which have similar specifications as a related parties.",0,none,0,NA,FALSE,uniform_negative,164
INVB|2024-04-29|DisclosuresAuditorsReport|jsc_DisclosureOfAuditorsReportTextBlock|0|en|17,INVB,2024-04-29,DisclosuresAuditorsReport,jsc_DisclosureOfAuditorsReportTextBlock,en,"For a sample of exposures, we tested the appropriateness of the Group’s application of the staging criteria.",0,none,0,NA,FALSE,uniform_negative,17
JOTF|2022-03-27|NotesListOfNotes|ifrs-full_DisclosureOfImpairmentOfAssetsExplanatory|0|en|18,JOTF,2022-03-27,NotesListOfNotes,ifrs-full_DisclosureOfImpairmentOfAssetsExplanatory,en,Credit‐Impaired Financial Assets A financial asset is ‘credit-impaired’ when one or more events that have a detrimental impact on the estimated future cash flows of the financial asset has occurred.,0,none,0,NA,FALSE,uniform_negative,30
JDFS|2022-03-27|NotesListOfNotes|ifrs-full_DisclosureOfSummaryOfSignificantAccountingPoliciesExplanatory|0|en|44,JDFS,2022-03-27,NotesListOfNotes,ifrs-full_DisclosureOfSummaryOfSignificantAccountingPoliciesExplanatory,en,"Unless the Group is reasonably certain to obtain ownership of the leased asset at the end of the lease term, the recognized right-of-use assets are depreciated on a straight-line basis over the shorter of its estimated useful life and the lease term.",0,none,0,NA,FALSE,uniform_negative,42
ABCO|2021-04-25|NotesListOfNotes|ifrs-full_DisclosureOfAccountingJudgementsAndEstimatesExplanatory|0|ar|73,ABCO,2021-04-25,NotesListOfNotes,ifrs-full_DisclosureOfAccountingJudgementsAndEstimatesExplanatory,ar,تم تطوير العلاقات المتوقعة بين مؤشرات الاقتصاد الكلي الرئيسية ومعدلات التخلف عن السداد لمحافظ الموجودات المالية المعنية بناءً على تحليل البيانات التاريخية على مدى السنوات الخمسة الماضية.,0,none,0,NA,FALSE,screen_positive,27
ABCO|2025-08-14|DisclosuresDirectorsReport|jsc_DisclosureOfCompanysAccomplishmentsSupportedByQuantitativeIndicatorsAndDescriptionOfSignificantOccurrencesToCompanyDuringFiscalYear|0|ar|51,ABCO,2025-08-14,DisclosuresDirectorsReport,jsc_DisclosureOfCompanysAccomplishmentsSupportedByQuantitativeIndicatorsAndDescriptionOfSignificantOccurrencesToCompanyDuringFiscalYear,ar,وفي إطار تحقيق الاستراتيجية العامة للبنك، تركز الدائرة على تعزيز دورها في التحول الرقمي، حيث يسعى البنك إلى تطوير خدماته الرقمية لتلبية احتياجات العملاء المتزايدة، بما في ذلك الاستثمار في الذكاء الاصطناعي وتحليل البيانات لتحسين تجربة العملاء وزيادة الكفاءة والقدرة التشغيلية.,1,AI/ML,2,forward,FALSE,screen_positive,41
APOT|2024-04-29|DisclosuresDirectorsReport|jsc_DisclosureOfImportantProspectiveDevelopmentsIncludingAnyNewExpansionsAndProjectsCompanysProposedPlanForAtLeastOneUpcomingYearAndBoardOfDirectorsForecastsForOutcomesOfCompanyActivities|0|ar|33,APOT,2024-04-29,DisclosuresDirectorsReport,jsc_DisclosureOfImportantProspectiveDevelopmentsIncludingAnyNewExpansionsAndProjectsCompanysProposedPlanForAtLeastOneUpcomingYearAndBoardOfDirectorsForecastsForOutcomesOfCompanyActivities,ar,التحول الرقمي تقوم الشركة بعمل خطة متكاملة للتحول الرقمي وتطبيقات الذكاء الاصطناعي حيث تعنى هذه الخطة بتطوير البنية التكنولوجية للشركة وتطبيق التحول الرقمي في كافة عمليات الشركة الإنتاجية والإدارية عن طريق إدخال تقنية انترنت الأشياء وأجهزة الاستشعار وأجهزة القياس بالإضافة الى الحلول الذكية وتطبيقات الذكاء الاصطناعي.,1,multiple,2,forward,FALSE,screen_positive,46
ARBK|2025-04-06|DisclosuresChairmansStatement|jsc_DisclosureOfStatementOfBoardOfDirectorsChairman|0|ar|22,ARBK,2025-04-06,DisclosuresChairmansStatement,jsc_DisclosureOfStatementOfBoardOfDirectorsChairman,ar,وعلى مدار العام، واصل البنك العربي تعزيز مكانته كمؤسسة مالية رائدة محلياً وإقليمياً، مستفيداً من شبكة فروعه الواسعة، وخبراته المتجذرة في أسواق المنطقة، حيث استمر البنك في تطوير منظومة خدماته وتوظيف أحدث الحلول الرقمية المدعومة بتقنيات الذكاء الاصطناعي لتقديم حلول مصرفية وتمويلية متكاملة ومبتكرة تلبي احتياجات عملائه المتنوعة من الشركات والمؤسسات والأفراد عبر مختلف القطاعات.,1,AI/ML,2,realised,FALSE,screen_positive,55
ARBK|2025-04-06|DisclosuresChairmansStatement|jsc_DisclosureOfStatementOfBoardOfDirectorsChairman|0|ar|28,ARBK,2025-04-06,DisclosuresChairmansStatement,jsc_DisclosureOfStatementOfBoardOfDirectorsChairman,ar,نؤكد في مستهل عامٍ جديد من مسيرة مؤسستنا المالية الرائدة على المضي قدماً في تنفيذ استراتيجيتنا الشاملة المنبثقة عن رؤيتنا المستقبلية الطموحة كما نؤكد عزمنا على استكمال خططنا الهادفة للنمو، وتعزيز حضورنا في الأسواق الواعدة واستثمار الفرص التي تتيحها البيئة الاقتصادية المتغيرة، ومواصلة تطوير قطاعات أعمالنا الأساسية، إلى جانب تحسين الكفاءة التشغيلية عبر تبني أحدث حلول التكنولوجيا المالية وتقنيات الذكاء الاصطناعي.,1,AI/ML,2,forward,FALSE,screen_positive,61
ARBK|2025-04-06|DisclosuresDirectorsReport|jsc_DescriptionOfCompanysMainActivitiesWithTheirRespectiveGeographicalLocationsSizeOfCapitalInvestmentAndNumberOfEmployees|0|ar|6,ARBK,2025-04-06,DisclosuresDirectorsReport,jsc_DescriptionOfCompanysMainActivitiesWithTheirRespectiveGeographicalLocationsSizeOfCapitalInvestmentAndNumberOfEmployees,ar,ساهمت مجموعة الأعمال المصرفية للشركات والمؤسسات المالية أيضاً في تعزيز التحول الرقمي للبنك وتحسين تجربة عملاء الشركات والمؤسسات بما توفره من قنوات رقمية متطورة، إلى جانب توظيف تحليلات البيانات لتعزيز كفاءة عملية اتخاذ القرار وترسيخ مكانة البنك التنافسية.,1,Big Data,2,realised,FALSE,screen_positive,38
ARBK|2025-04-06|DisclosuresDirectorsReport|jsc_DescriptionOfCompanysMainActivitiesWithTheirRespectiveGeographicalLocationsSizeOfCapitalInvestmentAndNumberOfEmployees|0|ar|19,ARBK,2025-04-06,DisclosuresDirectorsReport,jsc_DescriptionOfCompanysMainActivitiesWithTheirRespectiveGeographicalLocationsSizeOfCapitalInvestmentAndNumberOfEmployees,ar,وإلى جانب ما سبق، يواصل البنك التزامه بتطوير استراتيجيته الرقمية المدعومة بالابتكار والقدرات التقنية المتقدمة، وعلى رأسها الذكاء الاصطناعي والتحليل الاستباقي.,1,AI/ML,2,realised,FALSE,screen_positive,21
ARBK|2025-04-06|DisclosuresDirectorsReport|jsc_DisclosureOfCompanysAccomplishmentsSupportedByQuantitativeIndicatorsAndDescriptionOfSignificantOccurrencesToCompanyDuringFiscalYear|0|ar|7,ARBK,2025-04-06,DisclosuresDirectorsReport,jsc_DisclosureOfCompanysAccomplishmentsSupportedByQuantitativeIndicatorsAndDescriptionOfSignificantOccurrencesToCompanyDuringFiscalYear,ar,وفي إطار تعزيز توجهات البنك على صعيد التحول الرقمي، واصلت المجموعة التركيز على تعزيز كفاءة عملياتها عبر توظيف التقنيات الرقمية وأدوات الذكاء الاصطناعي ضمن إطار عمل مؤسسي لبرنامج تحول رقمي منظم على مستوى كافة قطاعات الأعمال، كما وتواصل المجموعة تنفيذ استراتيجيتها الرقمية لتوفير خدمات مصرفية رقمية تلبي تطلعات عملائها واحتياجاتهم المالية.,1,AI/ML,2,realised,FALSE,screen_positive,51
ARBK|2025-04-06|DisclosuresDirectorsReport|jsc_DisclosureOfCompanysRiskExposure|0|ar|114,ARBK,2025-04-06,DisclosuresDirectorsReport,jsc_DisclosureOfCompanysRiskExposure,ar,كما طبق البنك أنظمة حديثة للكشف الفوري عن محاولات الاحتيال والوقاية منها، وذلك باستخدام تقنيات متطورة تشمل الذكاء الاصطناعي والتعلم الآلي ، بهدف تعزيز قدرات البنك في مجال مكافحة الاحتيال.,1,AI/ML,2,realised,FALSE,screen_positive,30
ARBK|2025-04-06|DisclosuresDirectorsReport|jsc_DisclosureOfCompanysRiskExposure|0|ar|138,ARBK,2025-04-06,DisclosuresDirectorsReport,jsc_DisclosureOfCompanysRiskExposure,ar,إدارة استمرارية ومرونة الأعمال والشراكة مع فريق الذكاء الاصطناعي: تمثل هذه الشراكة جهداً طويل الأمد ومستمراً لدمج التقنيات المتقدمة في عمليات إدارة استمرارية ومرونة الأعمال، مما يضمن بقاء البنك مرناً في مواجهة المخاطر الناشئة.,1,AI/ML,2,forward,FALSE,screen_positive,34
ARBK|2025-04-06|DisclosuresDirectorsReport|jsc_DisclosureOfCompanysRiskExposure|0|ar|139,ARBK,2025-04-06,DisclosuresDirectorsReport,jsc_DisclosureOfCompanysRiskExposure,ar,وقد أثمر هذا التعاون عن تطوير أدلة استجابة متقدمة للحوادث، تعتمد على تقنيات الذكاء الاصطناعي وتعلم الآلة، وذلك للتنبؤ بالمخاطر والاستجابة لها بشكل استباقي، والحد من تأثيرها على عمليات البنك أو تعطيل خدماته.,1,AI/ML,2,realised,FALSE,screen_positive,33
ARBK|2025-04-06|DisclosuresDirectorsReport|jsc_DisclosureOfImportantProspectiveDevelopmentsIncludingAnyNewExpansionsAndProjectsCompanysProposedPlanForAtLeastOneUpcomingYearAndBoardOfDirectorsForecastsForOutcomesOfCompanyActivities|0|ar|5,ARBK,2025-04-06,DisclosuresDirectorsReport,jsc_DisclosureOfImportantProspectiveDevelopmentsIncludingAnyNewExpansionsAndProjectsCompanysProposedPlanForAtLeastOneUpcomingYearAndBoardOfDirectorsForecastsForOutcomesOfCompanyActivities,ar,ويولي البنك أهمية كبيرة لتطبيقات الذكاء الاصطناعي، وخاصةً الذكاء الاصطناعي التوليدي ويعمل على تطويرها من خلال مبادرات مؤسسية شاملة، إلى جانب جهوده لتطوير نموذجه التشغيلي بهدف خفض التكاليف ورفع مستوى الإنتاجية وتحسين تجربة العملاء.,1,AI/ML,1,forward,FALSE,screen_positive,34
ARBK|2025-04-06|DisclosuresDirectorsReport|jsc_DisclosureOfImportantProspectiveDevelopmentsIncludingAnyNewExpansionsAndProjectsCompanysProposedPlanForAtLeastOneUpcomingYearAndBoardOfDirectorsForecastsForOutcomesOfCompanyActivities|0|ar|14,ARBK,2025-04-06,DisclosuresDirectorsReport,jsc_DisclosureOfImportantProspectiveDevelopmentsIncludingAnyNewExpansionsAndProjectsCompanysProposedPlanForAtLeastOneUpcomingYearAndBoardOfDirectorsForecastsForOutcomesOfCompanyActivities,ar,مجموعة الأعمال المصرفية للشركات والمؤسسات المالية: تتطلع مجموعة الأعمال المصرفية للشركات والمؤسسات المالية إلى توسيع حصتها السوقية وتعزيز علاقاتها مع العملاء من خلال مبادرات استراتيجية متعددة، من أبرزها تعزيز قدراتها في مجال تحليل البيانات.,1,Big Data,2,realised,FALSE,screen_positive,34
ARBK|2025-04-06|DisclosuresDirectorsReport|jsc_DisclosureOfImportantProspectiveDevelopmentsIncludingAnyNewExpansionsAndProjectsCompanysProposedPlanForAtLeastOneUpcomingYearAndBoardOfDirectorsForecastsForOutcomesOfCompanyActivities|0|ar|15,ARBK,2025-04-06,DisclosuresDirectorsReport,jsc_DisclosureOfImportantProspectiveDevelopmentsIncludingAnyNewExpansionsAndProjectsCompanysProposedPlanForAtLeastOneUpcomingYearAndBoardOfDirectorsForecastsForOutcomesOfCompanyActivities,ar,وتهدف المجموعة أيضاً إلى تحقيق مزيد من النمو في قطاعات الأعمال الحالية والجديدة وتحسين آليات صنع القرار بالاستفادة من تقنيات الذكاء الاصطناعي والتعلم الآلي.,1,AI/ML,2,realised,FALSE,screen_positive,24
ARBK|2025-04-06|DisclosuresDirectorsReport|jsc_DisclosureOfImportantProspectiveDevelopmentsIncludingAnyNewExpansionsAndProjectsCompanysProposedPlanForAtLeastOneUpcomingYearAndBoardOfDirectorsForecastsForOutcomesOfCompanyActivities|0|ar|19,ARBK,2025-04-06,DisclosuresDirectorsReport,jsc_DisclosureOfImportantProspectiveDevelopmentsIncludingAnyNewExpansionsAndProjectsCompanysProposedPlanForAtLeastOneUpcomingYearAndBoardOfDirectorsForecastsForOutcomesOfCompanyActivities,ar,تسعى إدارة الخدمات المصرفية للأفراد وإدارة الثروات للارتقاء بمستوى مشاركة العملاء وتقديم أفضل التجارب المصرفية كأحد أولوياتها الاستراتيجية مستفيدةً من التقنيات الناشئة والحلول المبتكرة المعتمدة على تقنيات الذكاء الاصطناعي وتعلم الآلة لتخصيص خدمات البنك وتلبية احتياجات العملاء بشكل استباقي والتوصية بمنتجات وخدمات مناسبة وتوفير إمكانية التنفيذ الفوري للمعاملات.,1,AI/ML,2,realised,FALSE,screen_positive,48
ARBK|2025-04-06|DisclosuresDirectorsReport|jsc_DisclosureOfImportantProspectiveDevelopmentsIncludingAnyNewExpansionsAndProjectsCompanysProposedPlanForAtLeastOneUpcomingYearAndBoardOfDirectorsForecastsForOutcomesOfCompanyActivities|0|ar|21,ARBK,2025-04-06,DisclosuresDirectorsReport,jsc_DisclosureOfImportantProspectiveDevelopmentsIncludingAnyNewExpansionsAndProjectsCompanysProposedPlanForAtLeastOneUpcomingYearAndBoardOfDirectorsForecastsForOutcomesOfCompanyActivities,ar,كما يعمل البنك على تطوير حلوله الموجهة للعملاء باستخدام الذكاء الاصطناعي التوليدي لتقديم خدمات سلسة للعملاء وتجارب متميزة في التعامل مع مختلف القنوات المصرفية عبر جميع المنصات الرقمية.,1,AI/ML,2,realised,FALSE,screen_positive,28
GIGJ|2023-03-31|NotesListOfNotes|jsc-rep_DisclosureOfReinsuranceRisk|0|ar|8,GIGJ,2023-03-31,NotesListOfNotes,jsc-rep_DisclosureOfReinsuranceRisk,ar,تقوم المجموعة بمتابعة تصنيف معيدي التامين الإختياري والإتفاقي شهريا للتاكد من عدم تغيير التصنيف إلى ما هو دون الدرجة الأولى أو الثانية.,0,none,0,NA,FALSE,screen_positive,22
INVB|2021-04-28|DisclosuresDirectorsReport|jsc_DisclosureOfCompanysRiskExposure|0|ar|36,INVB,2021-04-28,DisclosuresDirectorsReport,jsc_DisclosureOfCompanysRiskExposure,ar,- تحليل البيانات والقوائم المالية الخاصة بالعميل لإستخراج أهم النسب المالية والمؤشرات التي تساعد في اتخاذ القرارات الإئتمانية.,1,Big Data,2,realised,FALSE,screen_positive,18
INVB|2025-08-18|NotesListOfNotes|ifrs-full_DisclosureOfCreditRiskExplanatory|0|ar|4,INVB,2025-08-18,NotesListOfNotes,ifrs-full_DisclosureOfCreditRiskExplanatory,ar,- تحليل البيانات والقوائم المالية الخاصة بالعميل لإستخراج أهم النسب المالية والمؤشرات التي تساعد في اتخاذ القرارات الإئتمانية.,1,Big Data,2,realised,FALSE,screen_positive,18
JTEL|2022-04-27|DisclosuresDirectorsReport|jsc_DisclosureOfCompanysContributionToEnvironmentalProtectionAndLocalCommunityService|0|ar|10,JTEL,2022-04-27,DisclosuresDirectorsReport,jsc_DisclosureOfCompanysContributionToEnvironmentalProtectionAndLocalCommunityService,ar,دعم الفعاليات والمبادرات رعاية معرض ومؤتمر الذكاء الاصطناعي في تكنولوجيا الدفاع والأمن السيبراني 2021 .AIDTSEC رعاية الاتصالات لمؤتمر » نحو تغطية صحية شاملة في الأردن 2021».,1,AI/ML,2,realised,FALSE,screen_positive,26
JTEL|2022-04-27|DisclosuresDirectorsReport|jsc_DisclosureOfCompanysContributionToEnvironmentalProtectionAndLocalCommunityService|0|ar|23,JTEL,2022-04-27,DisclosuresDirectorsReport,jsc_DisclosureOfCompanysContributionToEnvironmentalProtectionAndLocalCommunityService,ar,إطلاق حاضنة الذكاء الاصطناعي Orange AI Startup Incubator» » بالتعاون مع الصندوق الأردني للريادة وجامعة الأميرة سمية للتكنولوجيا.,1,AI/ML,2,realised,FALSE,screen_positive,18
JTEL|2022-04-27|NotesListOfNotes|ifrs-full_DisclosureOfRestrictedCashAndCashEquivalentsExplanatory|0|ar|3,JTEL,2022-04-27,NotesListOfNotes,ifrs-full_DisclosureOfRestrictedCashAndCashEquivalentsExplanatory,ar,** حصلت المجموعة على 4 منح (منحتين خلال عام 2020 و منحتين خلال العام 2021) لتوفير التمويل لتعزيز مبادرات الابتكار الخاصة بشركة الاتصالات الأردنية، بما في ذلك أكاديمية الترميز التابعة للمجموعة والبرامج الأكاديمية الأخرى.,0,none,0,NA,FALSE,screen_positive,34
JTEL|2022-04-27|NotesListOfNotes|jsc-rep_DisclosureTradeAndOtherCurrentPayables|0|ar|0,JTEL,2022-04-27,NotesListOfNotes,jsc-rep_DisclosureTradeAndOtherCurrentPayables,ar,- ذمم وأرصدة دائنة أخرى يتكون هذا البند مما يلي : 2020 2021 دينار دينار 56.778.675 57.948.178 الدائنون التجاريون 40.916.584 48.524.479 مخصصات أخرى 18.815.651 19.684.918 مصاريف مستحقة 16.659.402 16.592.867 تأمينات المشتركين 4.116.342 4.592.106 حصة الحكومة من الإيرادات 8.028.536 8.267.021 مبالغ مستحقة لأطراف ذات علاقة (إيضاح 27) 1.578.294 1.325.161 أمانات المساهمين - ارباح موزعة 1.632.237 1.430.750 منح مقيدة* (ايضاح 14) 267.268 204.743 أمانات المساهمين - تخفيض رأس المال 148.792.989 158.570.223 * حصلت المجموعة على 4 منح (منحتين خلال عام 2020 و منحتين خلال العام 2021) لتوفير التمويل لتعزيز مبادرات الابتكار الخاصة بالاتصالات الأردنية ، بما في ذلك أكاديمية الترميز التابعة للمجموعة والبرامج الأكاديمية الأخرى.,0,none,0,NA,FALSE,screen_positive,103
JTEL|2022-04-27|NotesListOfNotes|jsc-rep_DisclosureTradeAndOtherCurrentPayables|0|ar|10,JTEL,2022-04-27,NotesListOfNotes,jsc-rep_DisclosureTradeAndOtherCurrentPayables,ar,منحة الصندوق الأردني للريادة خلال عام 2021 ، وقعت شركة الاتصالات الأردنية اتفاقية منحة مع الصندوق الأردني للريادة ( ISSF ) لتمويل حاضنة الذكاء الاصطناعي ، والتي تعزز دور الشركات الناشئة من خلال بناء المهارات وتطوير المنتجات والوصول إلى الفرص.,1,AI/ML,2,realised,FALSE,screen_positive,40
JVOI|2025-03-12|DisclosuresChairmansStatement|jsc_DisclosureOfStatementOfBoardOfDirectorsChairman|0|ar|8,JVOI,2025-03-12,DisclosuresChairmansStatement,jsc_DisclosureOfStatementOfBoardOfDirectorsChairman,ar,انتهت الشركة من تنفيذ تطبيق واعتماد أحدث إصدارات أنظمة تخطيط موارد المؤسسات من شركة مايكروسوفت وهو نظـــــــــــــام Microsoft Dynamics 365 Finance & Operations .,0,none,0,NA,FALSE,screen_positive,24
JVOI|2025-03-12|DisclosuresDirectorsReport|jsc_DisclosureOfCompanysAccomplishmentsSupportedByQuantitativeIndicatorsAndDescriptionOfSignificantOccurrencesToCompanyDuringFiscalYear|0|ar|4,JVOI,2025-03-12,DisclosuresDirectorsReport,jsc_DisclosureOfCompanysAccomplishmentsSupportedByQuantitativeIndicatorsAndDescriptionOfSignificantOccurrencesToCompanyDuringFiscalYear,ar,تنفيذ تطبيق نظام تخطيط موارد الشركة Microsoft Dynamics 365 Finance & Operations .,0,none,0,NA,FALSE,screen_positive,13
LEAS|2024-04-22|DisclosuresDirectorsReport|jsc_DisclosureOfCompanysAccomplishmentsSupportedByQuantitativeIndicatorsAndDescriptionOfSignificantOccurrencesToCompanyDuringFiscalYear|0|ar|3,LEAS,2024-04-22,DisclosuresDirectorsReport,jsc_DisclosureOfCompanysAccomplishmentsSupportedByQuantitativeIndicatorsAndDescriptionOfSignificantOccurrencesToCompanyDuringFiscalYear,ar,قامت الشركة خلال عام 2023 بتهيئة النظام البنكي لديها لتطبيق نظام الفوترة الوطني وسيتم تطبيقه خلال العام 2024.,0,none,0,NA,FALSE,screen_positive,18
SPTI|2021-03-25|NotesListOfNotes|ifrs-full_DisclosureOfPrepaymentsAndOtherAssetsExplanatory|0|ar|0,SPTI,2021-03-25,NotesListOfNotes,ifrs-full_DisclosureOfPrepaymentsAndOtherAssetsExplanatory,ar,"إيضاح ( 4) مصاريف مدفوعة مقدماً :- 2020 2019 دينــــــــار دينــــــــار تأمين صحي 1,168 1,412 تأمين مخاطر / حريق وسرقة 1,812 2,604 أرشفة الكترونية 0 150 المجموع 2,980 4,166",0,none,0,NA,FALSE,screen_positive,29
ABCO|2022-03-30|NotesListOfNotes|ifrs-full_DisclosureOfAccountingJudgementsAndEstimatesExplanatory|0|ar|72,ABCO,2022-03-30,NotesListOfNotes,ifrs-full_DisclosureOfAccountingJudgementsAndEstimatesExplanatory,ar,تم تطوير العلاقات المتوقعة بين مؤشرات الاقتصاد الكلي الرئيسية ومعدلات التخلف عن السداد لمحافظ الموجودات المالية المعنية بناءً على تحليل البيانات التاريخية على مدى السنوات الخمسة الماضية.,1,Big Data,2,realised,FALSE,screen_positive,27
APOT|2025-04-21|DisclosuresDirectorsReport|jsc_DisclosureOfImportantProspectiveDevelopmentsIncludingAnyNewExpansionsAndProjectsCompanysProposedPlanForAtLeastOneUpcomingYearAndBoardOfDirectorsForecastsForOutcomesOfCompanyActivities|0|ar|1,APOT,2025-04-21,DisclosuresDirectorsReport,jsc_DisclosureOfImportantProspectiveDevelopmentsIncludingAnyNewExpansionsAndProjectsCompanysProposedPlanForAtLeastOneUpcomingYearAndBoardOfDirectorsForecastsForOutcomesOfCompanyActivities,ar,كما تتضمن خطط الشركة المستقبلية مشاريع للتحول الرقمي والتوسع في استخدام تطبيقات الذكاء الاصطناعي في عملياتها التشغيلية المختلفة.,1,AI/ML,2,realised,FALSE,screen_positive,18
APOT|2025-04-21|DisclosuresDirectorsReport|jsc_DisclosureOfImportantProspectiveDevelopmentsIncludingAnyNewExpansionsAndProjectsCompanysProposedPlanForAtLeastOneUpcomingYearAndBoardOfDirectorsForecastsForOutcomesOfCompanyActivities|0|ar|35,APOT,2025-04-21,DisclosuresDirectorsReport,jsc_DisclosureOfImportantProspectiveDevelopmentsIncludingAnyNewExpansionsAndProjectsCompanysProposedPlanForAtLeastOneUpcomingYearAndBoardOfDirectorsForecastsForOutcomesOfCompanyActivities,ar,التحول الرقمي تطبق الشركة خطة متكاملة للتحول الرقمي واستخدام الذكاء الاصطناعي، بما يشمل إدخال تقنيات إنترنت الأشياء وأجهزة الاستشعار والقياس، إلى جانب الحلول الذكية لتحسين كفاءة العمليات الإنتاجية والإدارية.,1,AI/ML,2,forward,FALSE,screen_positive,29
ARBK|2022-04-03|DisclosuresDirectorsReport|jsc_DisclosureOfCompanysContributionToEnvironmentalProtectionAndLocalCommunityService|0|ar|97,ARBK,2022-04-03,DisclosuresDirectorsReport,jsc_DisclosureOfCompanysContributionToEnvironmentalProtectionAndLocalCommunityService,ar,"كما قدم البنك العربي الرعاية الفضية لمؤتمر ومعرض الذكاء الاصطناعي لتكنولوجيا الدفاع والأمن السيبراني الأول AIDTSEC 2021 والذي عقد تحت رعاية سمو الأمير الحسين بن عبدالله الثاني، ولي العهد، في مركز الملك الحسين بن طلال للمؤتمرات - البحر الميت في شهر تشرين الأول ٢٠٢١، بتنظيم من ""سوفكس"" الأردن.",1,AI/ML,2,forward,FALSE,screen_positive,48
INVB|2021-05-18|DisclosuresDirectorsReport|jsc_DisclosureOfCompanysRiskExposure|0|ar|36,INVB,2021-05-18,DisclosuresDirectorsReport,jsc_DisclosureOfCompanysRiskExposure,ar,- تحليل البيانات والقوائم المالية الخاصة بالعميل لإستخراج أهم النسب المالية والمؤشرات التي تساعد في اتخاذ القرارات الإئتمانية.,1,Big Data,2,realised,FALSE,screen_positive,18
JTEL|2023-04-27|DisclosuresDirectorsReport|jsc_DisclosureOfCompanysContributionToEnvironmentalProtectionAndLocalCommunityService|0|ar|14,JTEL,2023-04-27,DisclosuresDirectorsReport,jsc_DisclosureOfCompanysContributionToEnvironmentalProtectionAndLocalCommunityService,ar,"الشمول والتعليم الرقمي شارك آلاف الشباب والشابات في برامج Orange الرقمية المجانية وخاصة ضمن مشروع «مساحة الابتكار » المموّل بالشراكة مع الاتحاد الأوروبي، ومركز Orange الرقمي بالشراكة مع التعاون الدولي الألماني GIZ ، والجامعات الأردنية وغيرها : برنامج »BIG« وحاضنة الذكاء الاصطناعي ■ إطلاق الموسم التاسع من برنامج »BIG« لتسريع نمو الأعمال الريادية، بالشراكة مع "" أنتاج"".",1,AI/ML,2,realised,FALSE,screen_positive,57
JTEL|2023-04-27|NotesListOfNotes|ifrs-full_DisclosureOfRestrictedCashAndCashEquivalentsExplanatory|0|ar|4,JTEL,2023-04-27,NotesListOfNotes,ifrs-full_DisclosureOfRestrictedCashAndCashEquivalentsExplanatory,ar,** حصلت المجموعة على 4 منح (منحتين خلال عام 2020 و منحتين خلال العام 2021) لتوفير التمويل لتعزيز مبادرات الابتكار الخاصة بشركة الاتصالات الأردنية، بما في ذلك أكاديمية الترميز التابعة للمجموعة والبرامج الأكاديمية الأخرى.,0,none,0,NA,FALSE,screen_positive,34
JTEL|2023-04-27|NotesListOfNotes|jsc-rep_DisclosureTradeAndOtherCurrentPayables|0|ar|0,JTEL,2023-04-27,NotesListOfNotes,jsc-rep_DisclosureTradeAndOtherCurrentPayables,ar,ذمم وأرصدة دائنة أخرى 2021 2022 يتكون هذا البند مما يلي : دينار دينار 57.948.178 66.181.439 الدائنون التجاريون 48.524.479 5.541.600 مخصصات أخرى 19.684.918 19.947.220 مصاريف مستحقة 16.592.867 16.208.918 تأمينات المشتركين 4.592.106 6.449.952 حصة الحكومة من الإيرادات 8.267.021 8.243.724 مبالغ مستحقة لأطراف ذات علاقة (إيضاح 27) 1.325.161 1.288.795 أمانات المساهمين - ارباح موزعة 1.430.750 94.879 منح مقيدة* (ايضاح 14) 204.743 174.801 أمانات المساهمين - تخفيض رأس المال 158.570.223 124.131.328 * حصلت المجموعة على 4 منح (منحتين خلال عام 2021 و منحتين خلال العام 2022) لتوفير التمويل لتعزيز مبادرات الابتكار الخاصة بالاتصالات الأردنية ، بما في ذلك أكاديمية الترميز التابعة للمجموعة والبرامج الأكاديمية الأخرى.,0,none,0,NA,FALSE,screen_positive,102
JTEL|2023-04-27|NotesListOfNotes|jsc-rep_DisclosureTradeAndOtherCurrentPayables|0|ar|10,JTEL,2023-04-27,NotesListOfNotes,jsc-rep_DisclosureTradeAndOtherCurrentPayables,ar,منحة الصندوق الأردني للريادة خلال عام 2021 ، وقعت شركة الاتصالات الأردنية اتفاقية منحة مع الصندوق الأردني للريادة ( ISSF ) لتمويل حاضنة الذكاء الاصطناعي ، والتي تعزز دور الشركات الناشئة من خلال بناء المهارات وتطوير المنتجات والوصول إلى الفرص.,1,AI/ML,2,realised,FALSE,screen_positive,40
ABCO|2023-04-05|NotesListOfNotes|ifrs-full_DisclosureOfSummaryOfSignificantAccountingPoliciesExplanatory|0|ar|72,ABCO,2023-04-05,NotesListOfNotes,ifrs-full_DisclosureOfSummaryOfSignificantAccountingPoliciesExplanatory,ar,تم تطوير العلاقات المتوقعة بين مؤشرات الاقتصاد الكلي الرئيسية ومعدلات التخلف عن السداد لمحافظ الموجودات المالية المعنية بناءً على تحليل البيانات التاريخية على مدى السنوات الخمسة الماضية.,1,Big Data,2,realised,FALSE,screen_positive,27
AEIV|2021-05-04|CorporateGovernanceReport|jsc-rep_DisclosureOfNameOfChairmanAndMembersOfAuditCommitteeAndADescriptionOfTheirQualificationsAndExperienceInFinancialOrAccountingMatters|0|ar|1,AEIV,2021-05-04,CorporateGovernanceReport,jsc-rep_DisclosureOfNameOfChairmanAndMembersOfAuditCommitteeAndADescriptionOfTheirQualificationsAndExperienceInFinancialOrAccountingMatters,ar,وكان حضور أعضاء اللجنة كما يلي : الرقم اسماء الاعضاء الصفة حضور إجتماعات مؤهلاتهم و خبراتهم 1 السيد / بكر صديق عمر ابو سيدو بكالوريوس إدارة أعمال ( 1998 ) ماجستير إدارة أعمال 2011 رئيس اللجنة 4 عضو مجلس ادارة شركة جراسيا للتأمين نائب رئيس مجلس ادارة ومدير عام مجموعة تونيلي للدواجن / رومانيا عضو لجنة الاستثمار والتدقيق لمجموعة تونيلي (رومانيا) مدير عام شركة سيليكت نوثربكوم للانتاج الزراعي والاعلاف / رومانيا نائب رئيس مجلس ادارة سيدو يونيون للتطوير العقاري (رومانيا) مدير عام شركة اميال للمقاولات (دبي) 2 الدكتور / اسامه رستم عزيز ماضي دكتوراه هندسة إنشائية (1981) عضو 5 أستاذ مساعد وأستاذ مشارك كلية الهندسة الجامعة الاردنية رئيس هيئة مديرين / الإئتلاف للإستثمارات الهندسية (ماضي وشركاهم) رئيس هيئة مديرين شركة العقبة للتعليم رئيس هيئة مديرين شركة الهضاب للإستثمارات السياحية والعقارية 3 السيد / عمار وائل عزت السجدي ماجستير هندسة اتصالات (1990) عضو 5 مهندس في شركة فلسطين الهندسية للمصاعد مدير دائرة اوراكل في مكتب الهندسة والكمبيوتر عضو هيئة مديرين ومدير دائرة البرمجيات في شركة فلسطين الهندسية عضو مجلس إدارة / جمعية شركات تقنية المعلومات الاردنية int@j عضو هيئة ادارية – الجمعية الاردنية للحاسبات مدير عام شركة البرمجيات المتـقدمة مدير مشارك شركة مسار للحلول النقالة عضو هيئة مديرين شركة فلسطين لتطوير انظمة التحكم الالكتروني عضو هيئة مديرين في الشركة المتخصصة لتقنيات قواعد البيانات السيد / معن علي محمد السحيمات بكالوريوس رياضيات (1994) عضو في لجنة التدقيق إعتباراً من 27 / 10 / 2020 بعد إجتماع رقم 4 عضو 1 مسؤول إنتـاج / المصنع الأردني للبصريات مدير في شركة تجارية خاصة مساعد مدير عام شركة الشرق العربي للإستثمارات المالية والإقتصادية م.ع عضو مجلس إدارة ومدير عام شركة المجموعة الأولى للإتصالات م.ع مدير عام شركة الشرق العربي للإستثمارات المالية والإقتصادية م.ع سابقاً رئيس / عضو في مجلس إدارة عدد من المؤسسات والشركات - سابقاً اجتمعت لجنة التدقيق مع المدقق الخارجي مرة واحده خلال عام 2020 من غير حضور أي من أشخاص الإدارة التنفيذية العليا .,0,none,0,NA,FALSE,screen_positive,312
AEIV|2021-05-04|DisclosuresDirectorsReport|jsc_TheMembersOfBoardOfDirectorsNamesAndNamesAndRanksOfSeniorExecutiveManagementWithBriefResumeOfEach|0|ar|9,AEIV,2021-05-04,DisclosuresDirectorsReport,jsc_TheMembersOfBoardOfDirectorsNamesAndNamesAndRanksOfSeniorExecutiveManagementWithBriefResumeOfEach,ar,عضو اعتباراً من 17/04/1995 توفي بتاريخ 09/10/2020 نائب الرئيس سابقاً ماجستير سياسة واقتصاد ( 1958 ) الخبرات العملية لأعضاء مجلس الإدارة : رقم الاســــــــم الـخـبـرات الـعـمـلـيـة وأمـاكـن الـعـمـل 1 معالي / شحاده عبدالله الحمد ابو هديب 1996 - 1999 1993 - 1996 2000 - 2004 2000 - 2007 2005 - 2007 2008 - 2009 2011 حتى الان 2012 حتى الان 2012 حتى الان 2013 حتى الان 2013 - 2017 2014 – 2017 2019 حتى الان مساعد امين عمان الكبرى لشؤون التخطيط مدير دائرة العطاءات في امانة عمان الكبرى رئيس مجلس إدارة سلطة اقليم البتراء مدير عام سلطة اقليم البتراء مدير عام مؤسسة الاسكان والتطوير الحضري وزير للشؤون البلدية نائب رئيس مجلس امناء الصندوق الهاشمي لتنمية البادية عضو هيئة مديرين منطقة المفرق التنموية رئيس هيئة مديرين شركة العالم العربي للتعليم عضو مجلس امناء جامعة الشرق الاوسط عضو مجلس الاعيان عضو مجلس إدارة شركة دار الدواء م.ع رئيس هيئة مديرين في عدد من الشركات التابعة 2 المهندس / عمار وائل عزت السجدي 1985 – 1990 1990 – 1995 1995 – 2002 2011 – 2013 2015 - 2017 2002 حتى الان 2008 حتى الان 1995 حتى الان 2005 حتى الان 2019 حتى الان 2020 حتى الان مهندس في شركة فلسطين الهندسية للمصاعد مدير دائرة اوراكل في مكتب الهندسة والكمبيوتر عضو هيئة مديرين ومدير دائرة البرمجيات في شركة فلسطين الهندسية عضو مجلس إدارة / جمعية شركات تقنية المعلومات الاردنية int@j عضو هيئة ادارية – الجمعية الاردنية للحاسبات مدير عام شركة البرمجيات المتـقدمة مدير مشارك في شركة مسار للحلول النقالة عضو هيئة مديرين شركة فلسطين لتطوير انظمة التحكم الالكتروني عضو هيئة مديرين في الشركة المتخصصة لتقنيات قواعد البيانات عضو هيئة مديرين شركة السلام للاعلام المرئي والمسموع (حياة اف ام) عضو هيئة مديرين في عدد من الشركات التابعة 3 معالي المهندس/علي محمد عطوي السحيمات 1960 – 1964 1964 – 1969 1969 – 1971 1971 – 1973 1973 – 1976 1976 – 1979 1979 – 1984 1978 – 1985 1980 – 1994 1978 – 1984 1989 – 1991 1991 – 1991 1991 – 2001 2013 - 2016 2001 - 2017 مهندس في وزارة الاشغال العامة مدير مشاريع في السعودية مسؤول عن تخطيط الطرق والمطارات في المجلس القومي للتخطيط وكيل وزارة النقل اعمال خاصة / مكتب استشاري وإدارة مشاريع وزير النقل وزير دولة لشؤون رئاسة الوزراء و وزير النقل عضو اللجنة الملكية لجامعة اليرموك عضو اللجنة الملكية لجامعة مؤتة عضو المجلس الوطني الاستشاري امين عمان الكبرى نائب رئيس وزراء – وزير النقل والاتصالات عضو مجلس امناء جامعة البترا عضو في مجلس الاعيان رئيس مجلس امناء جامعة البترا عضو مجلس إدارة في عدد من الشركات - سابقـاً 4 السيد / معن علي محمد السحيمات 1989 - 1991 1991 – 1995 1995 – 1996 1996 – 2001 2001 - 2019 مسؤول إنتـاج / المصنع الأردني للبصريات مدير في شركة تجارية خاصة مساعد مدير عام / الشرق العربي للإستثمارات المالية والإقتصادية م.ع عضو مجلس إدارة ومدير عام شركة المجموعة الأولى للإتصالات م.ع مدير عام شركة الشرق العربي للإستثمارات المالية والإقتصادية م.ع رئيس / عضو في مجلس إدارة عدد من المؤسسات والشركات - سابقاً 5 السيد / اسامه رستم عزيز ماضي 1981 - 1996 1983 حتى الان 2008 حتى الان 2008 حتى الان أستاذ مساعد وأستاذ مشارك كلية الهندسة الجامعة الاردنية رئيس هيئة مديرين / الإئتلاف للإستثمارات الهندسية (ماضي وشركاهم) رئيس هيئة مديرين شركة العقبة للتعليم رئيس هيئة مديرين شركة الهضاب للإستثمارات السياحية والعقارية 6 السيد / خالد محمد فليح القضاه 2006 - 2011 2011 - 2017 2017 حتى الان رئيس قسم في المؤسسة العامة للضمان الاجتماعي مدير مديرية في المؤسسة العامة للضمان الاجتماعي مدير ادارة في المؤسسة العامة للضمان الاجتماعي 7 السيد / فايز سليمان اشتيان الضمور 2011 - 2015 1984 – 2010 1980 - 1983 1980 – 1993 2018 - 2019 نائب المدير العام / شركة ابعاد الاردن والامارات للاستثمارات التجارية نائب المدير العام ومدير الشؤون الإدارية / الاردنية السورية للنقل البري رئيس قسم الكفالات والتسهيلات لدى البنك التجاري الاردني رئيس قسم البعثات الخارجيه لدى شركة الاتصالات الاردنية (اورنج) عضو مجلس ادارة شركة داركم للاستثمار 8 السيد / بكر صديق عمر ابو سـيدو 1999 - 2009 2000 - 2008 2003 - 2009 2005 حتى الان 2010 حتى الان 2013 حتى الان عضو مجلس ادارة شركة جراسيا للتأمين نائب رئيس مجلس ادارة ومدير عام مجموعة تونيلي للدواجن (رومانيا) عضو لجنة الاستثمار والتدقيق لمجموعة تونيلي (رومانيا) مدير عام شركة سيليكت نوثربكوم للانتاج الزراعي والاعلاف (رومانيا) نائب رئيس مجلس ادارة سيدو يونيون للتطوير العقاري (رومانيا) مدير عام شركة اميال للمقاولات (دبي) 9 المرحوم / ولـيـد مثقـال داود عصفور 1960 - 2020 1962 – 1980 1977 – 1980 1977 – 1981 1970 – 1980 1980 - 1984 1993 - 1994 1994 – 1997 1995 – 1997 1997 – 2003 1970 - 2020 2007 – 2011 2011 - 2020 امين سر ثم رئيس نادي السيارات الملكي الاردني رئيس مجلس إدارة غرفة صناعة عمان نائب امين عاصمة عمان عضو في المجلس الوطني الاستشاري عضو المجلس التنفيذي لمنظمة العمل الدولية وزير الصناعة والتجارة وزير الطاقة والثروة المعدنية رئيس لجنة إدارة سوق عمان المالي نائب رئيس الاتحاد الاوروبي الاسيوي للاسواق المالية رئيس مجلس إدارة شركة الخطوط الجوية الملكية نائب سمو رئيس الصندوق الاردني الهاشمي للتنمية البشرية نائب رئيس مجلس إدارة شركة مصفاة البترول الاردنية رئيس مجلس إدارة شركة مصفاة البترول الاردنية ب- أسماء ورتب أشخاص الإدارة العليا ونبذه تعريفية عن كل منهم والخبرات العملية : رقم الاسم المنصب المؤهل العلمي الـخـبـرات الـعـمـلـيـة وأمـاكـن الـعـمـل 1 السيد / مازن مصباح احمد القديمات مواليد عام 1970 م تاريخ التعيين 05/03/2002 م المدير المالي وقائم بأعمال المدير العام بكالوريوس محاسبة وتمويل ( 1992 ) ACPA 1994 – 1998 1998 – 2001 2001 - 2001 2002 - 2010 2006 حتى الان 2007 - 2010 2008 حتى الان 2011 حتى الان 2020 حتى الان محاسب رئيسي شركة الاسد للكمبيوتر مدير حسابات شركة المجموعة الأولى للإتصالات مدير مالي الشركة التخصصية لتجارة اجهزة الاتصالات مدير حسابات / الشرق العربي للإستثمارات المالية والإقتصادية م.ع عضو هيئة مديرين شركة النخبة للخدمات المالية ذ.م.م عضو مجلس إدارة الشرق العربي للإستثمارات المالية والإقتصادية م.ع عضو مجلس إدارة / الشرق العربي للتطوير والإستثمارات م.ع مدير مــالي / الشرق العربي للإستثمارات المالية والإقتصادية م.ع نائب رئيس وعضو هيئة مديرين في عدد من الشركات التابعة 2 السيد / شادي عبدالقادر حسين برهومة مواليد عام 1979 م تاريخ التعيين 17 / 12 / 2005 مدير الحسابات بكالوريوس محاسبة ( 2002 ) ACPA 2002 – 2005 2005 – 2010 2011 حتى الان محاسب / شركة سوفت للورق الصحي محاسب رئيسي الشرق العربي للإستثمارات المالية والإقتصادية م.ع مــدير حســابات الشرق العربي للإستثمارات المالية والإقتصادية م.ع * أما في ما يخص باقي مدراء الإدارات العليا الأخرى فهي وظائف شاغرة .,0,none,0,NA,FALSE,screen_positive,1064
AIFE|2024-03-14|DisclosuresDirectorsReport|jsc_DisclosureOfCompanysContributionToEnvironmentalProtectionAndLocalCommunityService|0|ar|5,AIFE,2024-03-14,DisclosuresDirectorsReport,jsc_DisclosureOfCompanysContributionToEnvironmentalProtectionAndLocalCommunityService,ar,6)محاضرو بعنوان (الذكاء الاصطناعي Chat GPT الى اين ؟) بالتعاون مع كلية تكنولوجيا المعلومات.,1,AI/ML,2,realised,FALSE,screen_positive,14
AIFE|2024-03-14|DisclosuresDirectorsReport|jsc_DisclosureOfImportantProspectiveDevelopmentsIncludingAnyNewExpansionsAndProjectsCompanysProposedPlanForAtLeastOneUpcomingYearAndBoardOfDirectorsForecastsForOutcomesOfCompanyActivities|0|ar|5,AIFE,2024-03-14,DisclosuresDirectorsReport,jsc_DisclosureOfImportantProspectiveDevelopmentsIncludingAnyNewExpansionsAndProjectsCompanysProposedPlanForAtLeastOneUpcomingYearAndBoardOfDirectorsForecastsForOutcomesOfCompanyActivities,ar,دعم تأهيل مختبرات الذكاء الاصطناعي بأحدث المعدات.,1,AI/ML,2,realised,FALSE,screen_positive,7
APOT|2022-04-27|DisclosuresChairmansStatement|jsc_DisclosureOfStatementOfBoardOfDirectorsChairman|0|ar|33,APOT,2022-04-27,DisclosuresChairmansStatement,jsc_DisclosureOfStatementOfBoardOfDirectorsChairman,ar,أما الاستعداد للتغيير الحتمي، محور الاستراتيجية الثالث، الذي يهدف إلى تطوير إمكانيات الشركة من حيث القدرة على التعامل مع التغيرات المتقلبة والسريعة، وتوفير المرونة في استثمار الفرص أثناء تطبيق النموذج التشغيلي من خلال التركيز على الابتكار، وتبني أفكار خلّاقة لتحسين منتجات الشركة الحالية، وتطوير منتجات جديدة تقدم حلولاً لمشاكل المستهلكين، إلى جانب تفعيل الكفاءة والفاعلية في جميع خطوط الإنتاج، فستعمل الشركة خلال العام 2022 على تطبيق استراتيجية للتحول الرقمي وآليات الذكاء الاصطناعي تهدف إلى رقمنة كافة عمليات الشركة الإدارية والتشغيلية.,1,AI/ML,2,realised,FALSE,screen_positive,80
APOT|2022-04-27|DisclosuresDirectorsReport|jsc_DisclosureOfDirectorsReport|0|ar|33,APOT,2022-04-27,DisclosuresDirectorsReport,jsc_DisclosureOfDirectorsReport,ar,ومن أجل الاستعداد للتغير الحتمي، بدأت الإدارة التنفيذية بإعداد خطة للتحول الرقمي في العام 2021 تهدف إلى رقمنة جميع العمليات الإدارية والتشغيلية في الشركة؛ بحيث تمتد هذه الخطة من الأمور الإدارية لموظفي الشركة إلى المتعاملين الرئيسيين فيها كالموردين والزبائن، كما تشمل هذه الخطة الإدارة الرقمية، وأساليب الرقابة والتحكم عن بُعد في مصانع ومعدات الشركة، إضافة إلى المباشرة بتطبيق أساليب التقرير الرقمية وتوفيرها لصانعي القرار، إلى جانب عملها على تقييم ودراسة تطبيق الذكاء الاصطناعي في المواقع التي يمكن تطبيق تلك الحلول فيها، ومن المتوقع أن يتم الانتهاء من إجراءات التحول في العام 2022.,1,AI/ML,2,realised,FALSE,screen_positive,92
ARBK|2023-04-30|DisclosuresDirectorsReport|jsc_DescriptionOfCompanysMainActivitiesWithTheirRespectiveGeographicalLocationsSizeOfCapitalInvestmentAndNumberOfEmployees|0|ar|13,ARBK,2023-04-30,DisclosuresDirectorsReport,jsc_DescriptionOfCompanysMainActivitiesWithTheirRespectiveGeographicalLocationsSizeOfCapitalInvestmentAndNumberOfEmployees,ar,بالإضافة الى ما سبق يعمل البنك على ركائز يقود بموجبها استراتيجيته الرقمية وتلك الخاصة بالابتكار ومن أهمها الذكاء الاصطناعي والتحليل الاستباقي.,1,AI/ML,2,realised,FALSE,screen_positive,21
ARBK|2023-04-30|DisclosuresDirectorsReport|jsc_DisclosureOfCompanysContributionToEnvironmentalProtectionAndLocalCommunityService|0|ar|13,ARBK,2023-04-30,DisclosuresDirectorsReport,jsc_DisclosureOfCompanysContributionToEnvironmentalProtectionAndLocalCommunityService,ar,• تطبيق العديد من المبادرات التي تستهدف تقليل الطباعة واستخدام الورق ومن بينها: - أتمتة التقارير الداخلية في العديد من دوائر البنك.,0,none,0,NA,FALSE,screen_positive,22
INVB|2023-04-27|DisclosuresDirectorsReport|jsc_DisclosureOfCompanysRiskExposure|0|ar|33,INVB,2023-04-27,DisclosuresDirectorsReport,jsc_DisclosureOfCompanysRiskExposure,ar,- تحليل البيانات والقوائم المالية الخاصة بالعميل لإستخراج أهم النسب المالية والمؤشرات التي تساعد في اتخاذ القرارات الإئتمانية .,1,Big Data,2,realised,FALSE,screen_positive,19
INVB|2023-04-27|DisclosuresDirectorsReport|jsc_DisclosureOfCompanysRiskExposure|0|ar|79,INVB,2023-04-27,DisclosuresDirectorsReport,jsc_DisclosureOfCompanysRiskExposure,ar,-8 احتساب نسبة الخسارة بإفتراض التعثر ) LGD ( حيث قام البنك بعملية الاحتساب من خال تحليل البيانات التاريخية لمعدلات التحصيات للبنك ) Recovery Rates ( وذلك بعد الاخذ بعن الاعتبار مجموعة من العوامل أهمها طبيعة الضمانات والمنتجات وتصنيف العميل وبناءً عليه فقد تم تطوير نسب ) LGD ( على مستوى إفرادي للعماء المصنفن وغير المصنفين من خلال نظام التصنيف الإئتماني الداخلي .__,1,Big Data,2,realised,FALSE,screen_positive,63
INVB|2023-04-27|NotesListOfNotes|ifrs-full_DisclosureOfCreditRiskExplanatory|0|ar|4,INVB,2023-04-27,NotesListOfNotes,ifrs-full_DisclosureOfCreditRiskExplanatory,ar,تحليل البيانات والقوائم المالية الخاصة بالعميل لإستخراج أهم النسب المالية والمؤشرات التي تساعد في اتخاذ القرارات الإئتمانية.,1,Big Data,2,realised,FALSE,screen_positive,17
INVB|2023-04-27|NotesListOfNotes|ifrs-full_DisclosureOfCreditRiskExplanatory|0|ar|50,INVB,2023-04-27,NotesListOfNotes,ifrs-full_DisclosureOfCreditRiskExplanatory,ar,احتساب نسبة الخسارة بإفتراض التعثر ( LGD ) حيث قام البنك بعملية الاحتساب من خلال تحليل البيانات التاريخية لمعدلات التحصيلات للبنك ( Recovery Rates ) وذلك بعد الاخذ بعين الاعتبار مجموعة من العوامل أهمها طبيعة الضمانات والمنتجات وتصنيف العميل وبناءً عليه فقد تم تطوير نسب ( LGD ) على مستوى إفرادي للعملاء المصنفين وغير المصنفين من خلال نظام التصنيف الإئتماني الداخلي.,1,Big Data,2,realised,FALSE,screen_positive,61
JOKB|2025-04-17|DisclosuresChairmansStatement|jsc_DisclosureOfStatementOfBoardOfDirectorsChairman|0|ar|48,JOKB,2025-04-17,DisclosuresChairmansStatement,jsc_DisclosureOfStatementOfBoardOfDirectorsChairman,ar,كما نال البنك جائزة الذكاء الاصطناعي والتعلم الآلي من Asian Banking and Finance ، وجائزة أفضل نسبة حوالات صادرة ( STP ) لعام 2023 من سيتي بنك، تأكيداً على ريادته وابتكاره في تقديم حلول مصرفية متقدمة.,1,AI/ML,2,realised,FALSE,screen_positive,36
JOKB|2025-04-17|DisclosuresDirectorsReport|jsc_DisclosureOfCompanysAccomplishmentsSupportedByQuantitativeIndicatorsAndDescriptionOfSignificantOccurrencesToCompanyDuringFiscalYear|0|ar|15,JOKB,2025-04-17,DisclosuresDirectorsReport,jsc_DisclosureOfCompanysAccomplishmentsSupportedByQuantitativeIndicatorsAndDescriptionOfSignificantOccurrencesToCompanyDuringFiscalYear,ar,وانطلاقا ً من أهمية البيانات في زيادة كفاءة الأعمال المصرفية، استمرت دائرة تحليل ذكاء الأعمال بتطوير وتحسين لوحات القيادة التفاعلية لتصل إلى ما يزيد عن 60 لوحة قيادة تفاعلية محدثة آلياً، تقدم المعلومات المتعلقة بمؤشرات أداء الأعمال وقواعد العملاء والعمليات والخدمات والمنتجات المصرفية المختلفة، لتوفير ما يلزم لتعزيز بيئة اتخاذ القرار المبني على البيانات بشكل سريع وفعال، الأمر الذي نتج عنه تخفيض في كلف نقد الصرافات بنسبة 75 % من خلال استحداث تقرير آلي يومي لإدارة النقد داخل الصرافات الآلية التابعة لدائرة تنفيذ العمليات.,0,none,0,NA,FALSE,screen_positive,84
JOKB|2025-04-17|DisclosuresDirectorsReport|jsc_DisclosureOfCompanysAccomplishmentsSupportedByQuantitativeIndicatorsAndDescriptionOfSignificantOccurrencesToCompanyDuringFiscalYear|0|ar|16,JOKB,2025-04-17,DisclosuresDirectorsReport,jsc_DisclosureOfCompanysAccomplishmentsSupportedByQuantitativeIndicatorsAndDescriptionOfSignificantOccurrencesToCompanyDuringFiscalYear,ar,"كما استمر البنك بتعزيز شراكاته مع شركات التكنولوجيا المالية من خلال مختبر JOIN Fincubator وغيره، بصفته شريكاً لتقديم خدمات Banking-as-a-Service ، وتم خلال العام تكريم البنك بجائزة الذكاء الاصطناعي والتعلم الآلي من مجلة Asian Banking and Finance ، وذلك عن إطلاق المساعد الشخصي المالي ""ماسة "" (MASA) على تطبيق الموبايل البنكي JKBMobile ، والذي يتيح تجربة مصرفية متقدمة باستخدام تقنيات الذكاء الاصطناعي .",1,AI/ML,2,realised,FALSE,screen_positive,63
JOKB|2025-04-17|DisclosuresDirectorsReport|jsc_DisclosureOfCompanysAccomplishmentsSupportedByQuantitativeIndicatorsAndDescriptionOfSignificantOccurrencesToCompanyDuringFiscalYear|0|ar|34,JOKB,2025-04-17,DisclosuresDirectorsReport,jsc_DisclosureOfCompanysAccomplishmentsSupportedByQuantitativeIndicatorsAndDescriptionOfSignificantOccurrencesToCompanyDuringFiscalYear,ar,أما في مجال الامتثال، فقد تم تطبيق نظام مكافحة الاحتيال ISP الذي يتميز باعتماده على الذكاء الاصطناعي والتعلم الآلي، بالإضافة نظام آلي جديد ( Pelican ) لغايات مقارنة البيانات الواردة في رسائل السويفت الصادرة والواردة وأسماء العملاء مع الأسماء والكيانات المدرجة على قوائم العقوبات الدولية، بحيث يلبي هذا النظام جميع المتطلبات ويعالج جميع أوجه القصور وتحسين وتطوير عمليات فحص رسائل السويفت ( Fuzzy match & Logic ) بشكل أفضل عما هو مطبق حالياً.,1,AI/ML,2,realised,FALSE,screen_positive,73
JOKB|2025-04-17|DisclosuresDirectorsReport|jsc_DisclosureOfImportantProspectiveDevelopmentsIncludingAnyNewExpansionsAndProjectsCompanysProposedPlanForAtLeastOneUpcomingYearAndBoardOfDirectorsForecastsForOutcomesOfCompanyActivities|0|ar|2,JOKB,2025-04-17,DisclosuresDirectorsReport,jsc_DisclosureOfImportantProspectiveDevelopmentsIncludingAnyNewExpansionsAndProjectsCompanysProposedPlanForAtLeastOneUpcomingYearAndBoardOfDirectorsForecastsForOutcomesOfCompanyActivities,ar,تطوير استراتيجية حوكمة وتحليل البيانات، مع التركيــز علــى اســتخدام أحــدث التقنيــات فــي الــذكاء الاصطناعي والبيانــات، لتحســين العمليــات، ودعـم البنيـة التحتيـة للبيانـات، لتعزيـز اتخـاذ القـرارات المسـتندة إلـى البيانـات.,1,Big Data,2,realised,FALSE,screen_positive,27
JOPT|2024-04-30|NotesListOfNotes|jsc-rep_AdoptionOfNewAndRevisedInternationalFinancialReportingStandards|0|ar|20,JOPT,2024-04-30,NotesListOfNotes,jsc-rep_AdoptionOfNewAndRevisedInternationalFinancialReportingStandards,ar,تعديلات على معيار المحاسبة الدولي (7) قائمة التدفقات النقدية والمعيار الدولي لإعداد التقارير المالية (7) الأدوات المالية: الإفصاحات - ترتيبات تمويل الموردين تضيف التعديلات هدف إفصاح إلى معيار المحاسبة الدولي (7) ينص على أن الشركة مطالبة بالإفصاح عن معلومات حول ترتيبات تمويل الموردين الخاصة بها والتي تمكن مستخدمي القوائم المالية من تقييم آثار تلك الترتيبات على التزامات الشركة وتدفقاتها النقدية ، بالإضافة إلى ذلك تم تعديل المعيار الدولي لإعداد التقارير المالية رقم (7) لإضافة ترتيبات تمويل الموردين كمثال ضمن متطلبات الإفصاح عن المعلومات حول تعرض الشركة لمخاطر تركز مخاطر السيولة.,0,none,0,NA,FALSE,screen_positive,90
JOTF|2022-03-27|NotesListOfNotes|ifrs-full_DisclosureOfAllowanceForCreditLossesExplanatory|0|ar|32,JOTF,2022-03-27,NotesListOfNotes,ifrs-full_DisclosureOfAllowanceForCreditLossesExplanatory,ar,احتساب نسبة الخسارة بإفتراض التعثر ( LGD ) حيث قامت الشركة بعملية الاحتساب من خلال تحليل البيانات التاريخية لمعدلات التحصيلات للشركة ( Recovery Rates ) وذلك بعد الاخذ بعين الاعتبار مجموعة من العوامل أهمها طبيعة الضمانات والمنتجات وتصنيف العميل وبناءً عليه فقد تم تطوير نسب ( LGD ) إما على مستوى إفرادي للعملاء المصنفين وغير المصنفين من خلال نظام التصنيف الإئتماني الداخلي.,1,Big Data,2,realised,FALSE,screen_positive,62
JTEL|2024-04-25|DisclosuresDirectorsReport|jsc_DisclosureOfAnalysisOfCompanysFinancialStatusAndOfResultsOfItsActivitiesForFiscalYear|0|ar|1,JTEL,2024-04-25,DisclosuresDirectorsReport,jsc_DisclosureOfAnalysisOfCompanysFinancialStatusAndOfResultsOfItsActivitiesForFiscalYear,ar,أطلقنا في شهر تموز من ال عام 2023 خدمات الجيل الخامس (G5)، مما أتاح خدمات اتصال متقدمة وفتح آفاق جديدة مثل إنترنت الأشياء والمدن الذكية والحلول الصناعية.,0,none,0,NA,FALSE,screen_positive,27
JTEL|2024-04-25|DisclosuresDirectorsReport|jsc_DisclosureOfCompanysAccomplishmentsSupportedByQuantitativeIndicatorsAndDescriptionOfSignificantOccurrencesToCompanyDuringFiscalYear|0|ar|1,JTEL,2024-04-25,DisclosuresDirectorsReport,jsc_DisclosureOfCompanysAccomplishmentsSupportedByQuantitativeIndicatorsAndDescriptionOfSignificantOccurrencesToCompanyDuringFiscalYear,ar,أطلقنا في شهر تموز من ال عام 2023 خدمات الجيل الخامس ( G 5)، مما أتاح خدمات اتصال متقدمة وفتح آفاق جديدة مثل إنترنت الأشياء والمدن الذكية والحلول الصناعية.,0,none,0,NA,FALSE,screen_positive,29
JTEL|2024-04-25|DisclosuresDirectorsReport|jsc_DisclosureOfCompanysContributionToEnvironmentalProtectionAndLocalCommunityService|0|ar|13,JTEL,2024-04-25,DisclosuresDirectorsReport,jsc_DisclosureOfCompanysContributionToEnvironmentalProtectionAndLocalCommunityService,ar,عقد اتفاقية استراتيجية مع شركة كهرباء محافظة إربد تقدم من خلالها حلول العدادات الذكية .,0,none,0,NA,FALSE,screen_positive,15
JTEL|2024-04-25|DisclosuresDirectorsReport|jsc_DisclosureOfCompanysContributionToEnvironmentalProtectionAndLocalCommunityService|0|ar|14,JTEL,2024-04-25,DisclosuresDirectorsReport,jsc_DisclosureOfCompanysContributionToEnvironmentalProtectionAndLocalCommunityService,ar,رعاية معرض ومؤتمر الذكاء الاصطناعي في تكنولوجيا الدفاع والأمن السيبراني AIDTSEC 2023 للمرة الثانية على التوالي .,1,AI/ML,2,realised,FALSE,screen_positive,17
JTEL|2024-04-25|DisclosuresDirectorsReport|jsc_DisclosureOfImportantProspectiveDevelopmentsIncludingAnyNewExpansionsAndProjectsCompanysProposedPlanForAtLeastOneUpcomingYearAndBoardOfDirectorsForecastsForOutcomesOfCompanyActivities|0|ar|5,JTEL,2024-04-25,DisclosuresDirectorsReport,jsc_DisclosureOfImportantProspectiveDevelopmentsIncludingAnyNewExpansionsAndProjectsCompanysProposedPlanForAtLeastOneUpcomingYearAndBoardOfDirectorsForecastsForOutcomesOfCompanyActivities,ar,كما سنعمل على توسيع نطاق حلول الأعمال لتوظيف أحدث الاتجاهات التي ترسم المشهد التكنولوجي العالمي مثل الحوسبة السحابية والذكاء الاصطناعي وغيرها، فلن نتمكن من قيادة المستقبل إذا لم نستبق اتجاهاته ونعي التغيرات المتوقعة فيه.,1,multiple,2,realised,FALSE,screen_positive,34
JTEL|2024-04-25|NotesListOfNotes|ifrs-full_DisclosureOfRestrictedCashAndCashEquivalentsExplanatory|0|ar|3,JTEL,2024-04-25,NotesListOfNotes,ifrs-full_DisclosureOfRestrictedCashAndCashEquivalentsExplanatory,ar,** حصلت المجموعة على 4 منح (منحتين خلال عام 2020 و منحتين خلال العام 2021) لتوفير التمويل لتعزيز مبادرات الابتكار الخاصة بشركة الاتصالات الأردنية، بما في ذلك أكاديمية الترميز التابعة للمجموعة والبرامج الأكاديمية الأخرى.,0,none,0,NA,FALSE,screen_positive,34
JTEL|2024-04-25|NotesListOfNotes|jsc-rep_DisclosureOfAccruedExpenses|0|ar|0,JTEL,2024-04-25,NotesListOfNotes,jsc-rep_DisclosureOfAccruedExpenses,ar,"ذمم وأرصدة دائنة أخرى 2022 2023 يتكون هذا البند مما يلي : دينار دينار 66.181.439 75.486.338 الدائنون التجاريون 5.541.600 6.071.730 مخصصات أخرى 18,900,737 17.434.231 مصاريف مستحقة 16.208.918 15.547.316 تأمينات المشتركين 8.243.724 9.307.839 مبالغ مستحقة لأطراف ذات علاقة (إيضاح 27) 1.288.795 1.410.369 أمانات المساهمين - ارباح موزعة 94.879 983.449 منح مقيدة* (ايضاح 14) 174.801 161.068 أمانات المساهمين - تخفيض رأس المال 116,634,893 126.402.340 * حصلت المجموعة على 4 منح (منحتين خلال عام 2020 و منحتين خلال العام 2021) لتوفير التمويل لتعزيز مبادرات الابتكار الخاصة بالاتصالات الأردنية ، بما في ذلك أكاديمية الترميز التابعة للمجموعة والبرامج الأكاديمية الأخرى.",0,none,0,NA,FALSE,screen_positive,96
JTEL|2024-04-25|NotesListOfNotes|jsc-rep_DisclosureOfAccruedExpenses|0|ar|10,JTEL,2024-04-25,NotesListOfNotes,jsc-rep_DisclosureOfAccruedExpenses,ar,منحة الصندوق الأردني للريادة خلال عام 2021 ، وقعت شركة الاتصالات الأردنية اتفاقية منحة مع الصندوق الأردني للريادة ( ISSF ) لتمويل حاضنة الذكاء الاصطناعي ، والتي تعزز دور الشركات الناشئة من خلال بناء المهارات وتطوير المنتجات والوصول إلى الفرص.,1,AI/ML,2,realised,FALSE,screen_positive,40
VFED|2024-02-29|CorporateGovernanceReport|jsc-rep_DisclosureOfInformationAndDetailsRegardingApplicationOfProvisionsOfTheseInstructionsAndCorporateGovernanceRulesInCompany|0|ar|0,VFED,2024-02-29,CorporateGovernanceReport,jsc-rep_DisclosureOfInformationAndDetailsRegardingApplicationOfProvisionsOfTheseInstructionsAndCorporateGovernanceRulesInCompany,ar,"تقرير الحوكمة لسنه 2023 إن مجلس الإدارة في الشركة الشامخة للإستثمارات العقارية والمالية ملتزمون بتطبيق جميع بنود تعليمات حوكمة الشركات المساهمة المدرجة لسنة 2017, وتم إعداد هذا التقرير ليوضح المعلومات والتفاصيل المتعلقة بمدى امتثالنا لهذه التعليمات وهي كالتالي: أولاً: مجلس الإدارة : تم انتخاب مجلس الإدارة الجديد وحسب المادة 132/أ من قانون الشركات بتاريخ 27/04/2023, وتم الافصاح بموجب افصاح الكتروني عبر XBRL بتاريخ 27 /04/ 2023 .",1,XBRL,2,realised,FALSE,screen_positive,67
ABCO|2024-03-30|NotesListOfNotes|ifrs-full_DisclosureOfAccountingJudgementsAndEstimatesExplanatory|0|ar|70,ABCO,2024-03-30,NotesListOfNotes,ifrs-full_DisclosureOfAccountingJudgementsAndEstimatesExplanatory,ar,استخدم البنك بيانات وتوقعات الاقتصاد الكلي من نظام Moody’s macro-economic models كما استخدم البيانات التي نشرتها الهيئات الحكومية والسلطات النقدية مثل البنك المركزي الأردني وصندوق النقد الدولي والبنك الدولي لدمج معلومات النظرة المستقبلية في نموذج إحتمالية التعثر لكل سيناريو تم تطوير العلاقات المتوقعة بين مؤشرات الاقتصاد الكلي الرئيسية ومعدلات التخلف عن السداد لمحافظ الموجودات المالية المعنية بناءً على تحليل البيانات التاريخية على مدى السنوات الخمسة الماضية.,1,Big Data,2,realised,FALSE,screen_positive,66
ABCO|2024-03-30|NotesListOfNotes|jsc-rep_AdoptionOfNewAndRevisedInternationalFinancialReportingStandards|0|ar|36,ABCO,2024-03-30,NotesListOfNotes,jsc-rep_AdoptionOfNewAndRevisedInternationalFinancialReportingStandards,ar,تعديلات على معيار المحاسبة الدولي 7 قائمة التدفقات النقدية والمعيار الدولي لإعداد التقارير المالية 7 الأدوات المالية: الإفصاحات - ترتيبات تمويل الموردين تضيف التعديلات هدف إفصاح إلى معيار المحاسبة الدولي (7) ينص على أن المنشأة مطالبة بالإفصاح عن معلومات حول ترتيبات تمويل الموردين الخاصة بها والتي تمكن مستخدمي القوائم المالية من تقييم آثار تلك الترتيبات على التزامات المنشأة وتدفقاتها النقدية.,0,none,0,NA,FALSE,screen_positive,60
ARBK|2024-04-28|DisclosuresDirectorsReport|jsc_DescriptionOfCompanysMainActivitiesWithTheirRespectiveGeographicalLocationsSizeOfCapitalInvestmentAndNumberOfEmployees|0|ar|5,ARBK,2024-04-28,DisclosuresDirectorsReport,jsc_DescriptionOfCompanysMainActivitiesWithTheirRespectiveGeographicalLocationsSizeOfCapitalInvestmentAndNumberOfEmployees,ar,وساهمت تحليلات البيانات في عملية اتخاذ القرارات والحفاظ على القدرة التنافسية ومواكبة التطورات.,1,Big Data,2,realised,FALSE,screen_positive,13
ARBK|2024-04-28|DisclosuresDirectorsReport|jsc_DescriptionOfCompanysMainActivitiesWithTheirRespectiveGeographicalLocationsSizeOfCapitalInvestmentAndNumberOfEmployees|0|ar|15,ARBK,2024-04-28,DisclosuresDirectorsReport,jsc_DescriptionOfCompanysMainActivitiesWithTheirRespectiveGeographicalLocationsSizeOfCapitalInvestmentAndNumberOfEmployees,ar,بالإضافة الى ما سبق يعمل البنك على ركائز يقود بموجبها استراتيجيته الرقمية وتلك الخاصة بالابتكار وتكنولوجيا المعلومات ومن أهمها الذكاء الاصطناعي والتحليل الاستباقي.,1,AI/ML,2,realised,FALSE,screen_positive,23
ARBK|2024-04-28|DisclosuresDirectorsReport|jsc_DisclosureOfImportantProspectiveDevelopmentsIncludingAnyNewExpansionsAndProjectsCompanysProposedPlanForAtLeastOneUpcomingYearAndBoardOfDirectorsForecastsForOutcomesOfCompanyActivities|0|ar|18,ARBK,2024-04-28,DisclosuresDirectorsReport,jsc_DisclosureOfImportantProspectiveDevelopmentsIncludingAnyNewExpansionsAndProjectsCompanysProposedPlanForAtLeastOneUpcomingYearAndBoardOfDirectorsForecastsForOutcomesOfCompanyActivities,ar,كما سيتم مواصلة العمل على تحسين المزايا المتعلقة بمنتج القرض الرقمي والتمويل العقاري الرقمي ومختلف منتجات الإقراض وذلك بتطوير أنظمة إدارة الإقراض والتحصيل مما سينعكس إيجابا على مستوى المرونة والتنوع واستخدام تحليل البيانات في سياسات المنح الائتماني دون الاخلال بتعليمات الرقابة والتحكم.,1,Big Data,2,forward,FALSE,screen_positive,42
ARBK|2024-04-28|DisclosuresDirectorsReport|jsc_DisclosureOfImportantProspectiveDevelopmentsIncludingAnyNewExpansionsAndProjectsCompanysProposedPlanForAtLeastOneUpcomingYearAndBoardOfDirectorsForecastsForOutcomesOfCompanyActivities|0|ar|24,ARBK,2024-04-28,DisclosuresDirectorsReport,jsc_DisclosureOfImportantProspectiveDevelopmentsIncludingAnyNewExpansionsAndProjectsCompanysProposedPlanForAtLeastOneUpcomingYearAndBoardOfDirectorsForecastsForOutcomesOfCompanyActivities,ar,ستكون هذه الرؤية مدعمة بالتحليل الرقمي للبيانات لبناء خوارزميات شاملة تستخدم الذكاء الاصطناعي وتعلم الآلة ( Machine Learning ) كأسس يبنى عليها مستقبل الخدمات المصرفية للأفراد مما يمكّن البنك من الوصول الى مستويات عالية من التواصل الرقمي الموائم لكل عميل، الأمر الذي سيكون له الأثر الإيجابي بالمحافظة على قاعدة العملاء وتعزيز مستوى الرضا لديهم.,1,AI/ML,2,realised,FALSE,screen_positive,54
ARBK|2024-04-28|NotesListOfNotes|ifrs-full_DisclosureOfEntitysReportableSegmentsExplanatory|0|ar|29,ARBK,2024-04-28,NotesListOfNotes,ifrs-full_DisclosureOfEntitysReportableSegmentsExplanatory,ar,بالإضافة الى ما سبق يعمل البنك على ركائز يقود بموجبها استراتيجيته الرقمية وتلك الخاصة بالابتكار ومن أهمها الذكاء الاصطناعي والتحليل الاستباقي.,1,AI/ML,2,realised,FALSE,screen_positive,21
ARBK|2024-04-28|NotesListOfNotes|jsc-rep_AdoptionOfNewAndRevisedInternationalFinancialReportingStandards|0|ar|36,ARBK,2024-04-28,NotesListOfNotes,jsc-rep_AdoptionOfNewAndRevisedInternationalFinancialReportingStandards,ar,تعديلات على معيار المحاسبة الدولي 7 قائمة التدفقات النقدية والمعيار الدولي لإعداد التقارير المالية 7 الأدوات المالية: الإفصاحات - ترتيبات تمويل الموردين تضيف التعديلات هدف إفصاح إلى معيار المحاسبة الدولي (7) ينص على أن المنشأة مطالبة بالإفصاح عن معلومات حول ترتيبات تمويل الموردين الخاصة بها والتي تمكن مستخدمي القوائم المالية من تقييم آثار تلك الترتيبات على التزامات المنشأة وتدفقاتها النقدية.,0,none,0,NA,FALSE,screen_positive,60
INVB|2021-03-31|DisclosuresDirectorsReport|jsc_DisclosureOfCompanysRiskExposure|0|ar|36,INVB,2021-03-31,DisclosuresDirectorsReport,jsc_DisclosureOfCompanysRiskExposure,ar,- تحليل البيانات والقوائم المالية الخاصة بالعميل لإستخراج أهم النسب المالية والمؤشرات التي تساعد في اتخاذ القرارات الإئتمانية.,1,Big Data,2,realised,FALSE,screen_positive,18
JMRC|2025-03-02|DisclosuresDirectorsReport|jsc_DisclosureOfIssuingCompanysOrganizationalChartNumberOfItsEmployeesAndTheirClassesOfQualificationAndItsPersonnelQualifyingAndTrainingPrograms|0|ar|2,JMRC,2025-03-02,DisclosuresDirectorsReport,jsc_DisclosureOfIssuingCompanysOrganizationalChartNumberOfItsEmployeesAndTheirClassesOfQualificationAndItsPersonnelQualifyingAndTrainingPrograms,ar,وفيما يلي بيان بالدورات التي شارك بها موظفو الشركة خلال عام 2024: عدد المشاركين المعهد عدد الدورات الدورة 1 شركة الوتين للأنظمة الإلكترونية 1 ادارة أمن الملفات 2 معهد الدراسات المصرفية 1 الذكاء الاصطناعي والتعليم الآلي في عالم التكنولوجيا المالية 1 معهد الدراسات المصرفية 1 الخدمات المصرفية المفتوحة 1 معهد الدراسات المصرفية 1 اعداد وعرض تقرير المدقق الداخلي واوراق عمله 1 أكاديمية الفنتك الأردنية 1 أبجديات التكنولوجيا المالية,1,AI/ML,2,realised,FALSE,screen_positive,68
JOPT|2025-04-30|DisclosuresDirectorsReport|jsc_DisclosureOfImportantProspectiveDevelopmentsIncludingAnyNewExpansionsAndProjectsCompanysProposedPlanForAtLeastOneUpcomingYearAndBoardOfDirectorsForecastsForOutcomesOfCompanyActivities|0|ar|12,JOPT,2025-04-30,DisclosuresDirectorsReport,jsc_DisclosureOfImportantProspectiveDevelopmentsIncludingAnyNewExpansionsAndProjectsCompanysProposedPlanForAtLeastOneUpcomingYearAndBoardOfDirectorsForecastsForOutcomesOfCompanyActivities,ar,كما من المخطط له الاستمرار في زيادة محطات الشحن السريع للمركبات الكهربائية في محطات الشركة وخارجها من خلال تركيبها في مختلف محطات الشركة ومواقع العملاء كالمولات ومواقف المركبات، كما تعمل الشركة حالياً على أتمتة طلبات المحطات من المحروقات من خلال الربط إلكتروني بين الأنظمة، ويجري العمل حالياً على تطبيق نظام تدقيق استهلاك الطاقة باستخدام الذكاء الاصطناعي من خلال مراقبة سلوك الأحمال ومصادر التوليد.,1,AI/ML,2,realised,FALSE,screen_positive,63
JOTF|2023-03-27|NotesListOfNotes|ifrs-full_DisclosureOfAllowanceForCreditLossesExplanatory|0|ar|32,JOTF,2023-03-27,NotesListOfNotes,ifrs-full_DisclosureOfAllowanceForCreditLossesExplanatory,ar,احتساب نسبة الخسارة بإفتراض التعثر ( LGD ) حيث قامت الشركة بعملية الاحتساب من خلال تحليل البيانات التاريخية لمعدلات التحصيلات للشركة ( Recovery Rates ) وذلك بعد الاخذ بعين الاعتبار مجموعة من العوامل أهمها طبيعة الضمانات والمنتجات وتصنيف العميل وبناءً عليه فقد تم تطوير نسب ( LGD ) على مستوى إفرادي للعملاء المصنفين وغير المصنفين من خلال نظام التصنيف الإئتماني الداخلي.,1,Big Data,2,realised,FALSE,screen_positive,61
JTEL|2021-04-29|NotesListOfNotes|ifrs-full_DisclosureOfOtherCurrentLiabilitiesExplanatory|0|ar|0,JTEL,2021-04-29,NotesListOfNotes,ifrs-full_DisclosureOfOtherCurrentLiabilitiesExplanatory,ar,19- ذمم وأرصدة دائنة أخرى 2019 2020 دينـــــار أردني دينـــــار أردني 66.886.670 56.939.459 الدائنون التجاريون 36.870.765 40.916.584 مخصصات أخرى 18.439.918 18.815.651 مصاريف مستحقة 16.765.558 16.659.402 تأمينات المشتركين 8.622.343 9.792.533 مخصص ضريبة الدخل (إيضاح 7) 3.977.839 4.116.342 حصة الحكومة من الإيرادات 8.502.388 9.524.659 مبالغ مستحقة لأطراف ذات علاقة (إيضاح 24) 1.372.712 1.578.294 أمانات المساهمين - ارباح موزعة - 1.632.237 منح مقيدة* (ايضاح 11) 277.980 267.268 أمانات المساهمين - تخفيض رأس المال 161.716.173 160.242.429 * خلال عام 2020 ، حصلت المجموعة على منحتين لتوفير التمويل لتعزيز مبادرات الابتكار الخاصة بالاتصالات الأردنية ، بما في ذلك أكاديمية الترميز التابعة للمجموعة والبرامج الأكاديمية الأخرى.,0,none,0,NA,FALSE,screen_positive,100
JTEL|2021-04-29|NotesListOfNotes|ifrs-full_DisclosureOfRestrictedCashAndCashEquivalentsExplanatory|0|ar|3,JTEL,2021-04-29,NotesListOfNotes,ifrs-full_DisclosureOfRestrictedCashAndCashEquivalentsExplanatory,ar,11- النقد وما في حكمه (تتمة) ** خلال عام 2020، حصلت المجموعة على منحتين لتوفير التمويل لتعزيز مبادرات الابتكار الخاصة بشركة الاتصالات الأردنية، بما في ذلك أكاديمية الترميز التابعة للمجموعة والبرامج الأكاديمية الأخرى.,0,none,0,NA,FALSE,screen_positive,33
JTEL|2025-04-24|DisclosuresDirectorsReport|jsc_DisclosureOfCompanysContributionToEnvironmentalProtectionAndLocalCommunityService|0|ar|32,JTEL,2025-04-24,DisclosuresDirectorsReport,jsc_DisclosureOfCompanysContributionToEnvironmentalProtectionAndLocalCommunityService,ar,دعم هاكاثون الذكاء الاصطناعي الذي استقطب أكثر من 200 مبدع ومبتكر كشريك الاتصالات الحصري.,1,AI/ML,2,realised,FALSE,screen_positive,14
JTEL|2025-04-24|DisclosuresDirectorsReport|jsc_DisclosureOfCompanysContributionToEnvironmentalProtectionAndLocalCommunityService|0|ar|47,JTEL,2025-04-24,DisclosuresDirectorsReport,jsc_DisclosureOfCompanysContributionToEnvironmentalProtectionAndLocalCommunityService,ar,تعزيز معارف الطلاب حول الذكاء الاصطناعي والحوسبة الكمية في عدد من الجامعات الأردنية.,1,AI/ML,2,realised,FALSE,screen_positive,13
JTEL|2025-04-24|DisclosuresDirectorsReport|jsc_DisclosureOfCompanysContributionToEnvironmentalProtectionAndLocalCommunityService|0|ar|89,JTEL,2025-04-24,DisclosuresDirectorsReport,jsc_DisclosureOfCompanysContributionToEnvironmentalProtectionAndLocalCommunityService,ar,مراكز أورنج المجتمعية الرقمية عقد سلسلة من الدورات التدريبية الوجاهية أو الإلكترونية في مراكز أورنج المجتمعية الرقمية حول مهارات الذكاء الاصطناعي وغيرها من المعارف الهامة في العالم الرقمي، مستهدفة 14900 مشاركة ومشارك بالإضافة إلى 7900 على أورنج Coursat .,1,AI/ML,2,realised,FALSE,screen_positive,39
JTEL|2025-04-24|DisclosuresDirectorsReport|jsc_DisclosureOfImportantProspectiveDevelopmentsIncludingAnyNewExpansionsAndProjectsCompanysProposedPlanForAtLeastOneUpcomingYearAndBoardOfDirectorsForecastsForOutcomesOfCompanyActivities|0|ar|7,JTEL,2025-04-24,DisclosuresDirectorsReport,jsc_DisclosureOfImportantProspectiveDevelopmentsIncludingAnyNewExpansionsAndProjectsCompanysProposedPlanForAtLeastOneUpcomingYearAndBoardOfDirectorsForecastsForOutcomesOfCompanyActivities,ar,ولأننا دايماً مع جميع زبائننا أفراداً وشركات، يعد توسيع نطاق حلول Orange Business هدفاً نسعى لتحقيقه اتساقاً مع الاتجاهات التكنولوجية الحديثة والتي تشمل الحوسبة السحابية والذكاء الاصطناعي وغيرها.,1,multiple,2,realised,FALSE,screen_positive,28
JTEL|2025-04-24|NotesListOfNotes|ifrs-full_DisclosureOfRestrictedCashAndCashEquivalentsExplanatory|0|ar|3,JTEL,2025-04-24,NotesListOfNotes,ifrs-full_DisclosureOfRestrictedCashAndCashEquivalentsExplanatory,ar,** حصلت المجموعة على 7 منح (منحتين خلال عام 2020 و منحتين خلال العام 2021 وثلاث منح خلال العام 2024) لتوفير التمويل لتعزيز مبادرات الابتكار الخاصة بشركة الاتصالات الأردنية، بما في ذلك أكاديمية الترميز التابعة للمجموعة والبرامج الأكاديمية الأخرى.,0,none,0,NA,FALSE,screen_positive,39
JTEL|2025-04-24|NotesListOfNotes|jsc-rep_DisclosureOfAccruedExpenses|0|ar|0,JTEL,2025-04-24,NotesListOfNotes,jsc-rep_DisclosureOfAccruedExpenses,ar,ذمم وأرصدة دائنة أخرى 2023 2024 يتكون هذا البند مما يلي : دينار دينار 81.566.325 75.012.534 الدائنون التجاريون 17.434.231 18.038.240 مصاريف مستحقة 15.547.316 15.103.442 تأمينات المشتركين 9.307.839 11.029.430 مبالغ مستحقة لأطراف ذات علاقة (إيضاح 27) 1.410.369 1.508.569 أمانات المساهمين - ارباح موزعة 983.449 784.071 منح مقيدة * (ايضاح 14) 161.068 143.168 أمانات المساهمين - تخفيض رأس المال 126.410.597 121.619.454 * حصلت المجموعة على 7 منح (منحتين خلال عام 2020 و منحتين خلال العام 2021 وثلاث منح خلال العام 2024 ) لتوفير التمويل لتعزيز مبادرات الابتكار الخاصة بالاتصالات الأردنية ، بما في ذلك أكاديمية الترميز التابعة للمجموعة والبرامج الأكاديمية الأخرى.,0,none,0,NA,FALSE,screen_positive,99
JTEL|2025-04-24|NotesListOfNotes|jsc-rep_DisclosureOfAccruedExpenses|0|ar|10,JTEL,2025-04-24,NotesListOfNotes,jsc-rep_DisclosureOfAccruedExpenses,ar,منحة الصندوق الأردني للريادة خلال عام 2021 ، وقعت شركة الاتصالات الأردنية اتفاقية منحة مع الصندوق الأردني للريادة ( ISSF ) لتمويل حاضنة الذكاء الاصطناعي ، والتي تعزز دور الشركات الناشئة من خلال بناء المهارات وتطوير المنتجات والوصول إلى الفرص.,1,AI/ML,2,realised,FALSE,screen_positive,40
JVOI|2024-03-21|DisclosuresChairmansStatement|jsc_DisclosureOfStatementOfBoardOfDirectorsChairman|0|ar|6,JVOI,2024-03-21,DisclosuresChairmansStatement,jsc_DisclosureOfStatementOfBoardOfDirectorsChairman,ar,وتم شراء احدث إصدارات أنظمة تخطيط موارد المؤسسات من شركة مايكروسوفت وهو نظــــــــــــــــــام Microsoft Dynamics 365 Finance & Operations ومن المتوقع الانتهاء من تنفيذه وتطبيقه بشكل كامل في منتصف عام 2024.,0,none,0,NA,FALSE,screen_positive,31
JVOI|2024-03-21|DisclosuresDirectorsReport|jsc_DisclosureOfCompanysAccomplishmentsSupportedByQuantitativeIndicatorsAndDescriptionOfSignificantOccurrencesToCompanyDuringFiscalYear|0|ar|6,JVOI,2024-03-21,DisclosuresDirectorsReport,jsc_DisclosureOfCompanysAccomplishmentsSupportedByQuantitativeIndicatorsAndDescriptionOfSignificantOccurrencesToCompanyDuringFiscalYear,ar,قامت الشركة بشراء احدث إصدارات أنظمة تخطيط موارد المؤسسات من شركة مايكروسوفت وهو نظام Microsoft Dynamics 365 Finance & Operations ومن المتوقع الانتهاء من تنفيذه وتطبيقه في منتصف عام 2024.,0,none,0,NA,FALSE,screen_positive,30
JVOI|2024-03-21|DisclosuresDirectorsReport|jsc_DisclosureOfImportantProspectiveDevelopmentsIncludingAnyNewExpansionsAndProjectsCompanysProposedPlanForAtLeastOneUpcomingYearAndBoardOfDirectorsForecastsForOutcomesOfCompanyActivities|0|ar|0,JVOI,2024-03-21,DisclosuresDirectorsReport,jsc_DisclosureOfImportantProspectiveDevelopmentsIncludingAnyNewExpansionsAndProjectsCompanysProposedPlanForAtLeastOneUpcomingYearAndBoardOfDirectorsForecastsForOutcomesOfCompanyActivities,ar,15)أ-ب- التطورات المستقبلية والخطة المستقبلية للشركة لمدة سنة على الاقل : تفعيل أنظمة تخطيط موارد المؤسسات من شركة مايكروسوفت.,0,none,0,NA,FALSE,screen_positive,19
NDAR|2025-04-28|DisclosuresDirectorsReport|jsc_DisclosureOfCompanysAccomplishmentsSupportedByQuantitativeIndicatorsAndDescriptionOfSignificantOccurrencesToCompanyDuringFiscalYear|0|ar|3,NDAR,2025-04-28,DisclosuresDirectorsReport,jsc_DisclosureOfCompanysAccomplishmentsSupportedByQuantitativeIndicatorsAndDescriptionOfSignificantOccurrencesToCompanyDuringFiscalYear,ar,الانتهاء من متطلبات الربط مع نظام الفوترة الوطني الاردني لدائرة ضريبة الدخل والمبيعات .,0,none,0,NA,FALSE,screen_positive,14
VFED|2025-03-13|CorporateGovernanceReport|jsc-rep_DisclosureOfInformationAndDetailsRegardingApplicationOfProvisionsOfTheseInstructionsAndCorporateGovernanceRulesInCompany|0|ar|0,VFED,2025-03-13,CorporateGovernanceReport,jsc-rep_DisclosureOfInformationAndDetailsRegardingApplicationOfProvisionsOfTheseInstructionsAndCorporateGovernanceRulesInCompany,ar,") تقرير الحوكمة لسنه 2024 إن مجلس الإدارة في الشركة الشامخة للإستثمارات العقارية والمالية ملتزمون بتطبيق جميع بنود تعليمات حوكمة الشركات المساهمة المدرجة لسنة 2017, وتم إعداد هذا التقرير ليوضح المعلومات والتفاصيل المتعلقة بمدى امتثالنا لهذه التعليمات وهي كالتالي: أولاً: مجلس الإدارة : تم انتخاب مجلس الإدارة الجديد وحسب المادة 132/أ من قانون الشركات بتاريخ 27/04/2023, وتم الافصاح بموجب افصاح الكتروني عبر XBRL بتاريخ 27 /04/ 2023 .",1,XBRL,2,realised,FALSE,screen_positive,68
ABCO|2022-03-30|NotesListOfNotes|ifrs-full_DisclosureOfRelatedPartyExplanatory|0|ar|2,ABCO,2022-03-30,NotesListOfNotes,ifrs-full_DisclosureOfRelatedPartyExplanatory,ar,ان جميع التسهيلات الائتمانية الممنوحة للجهات ذات العلاقة تعتبر عاملة ولم يؤخذ لها أي مخصصات .,0,none,0,NA,FALSE,uniform_negative,16
HPIC|2025-03-24|NotesListOfNotes|ifrs-full_DisclosureOfSummaryOfSignificantAccountingPoliciesExplanatory|0|ar|17,HPIC,2025-03-24,NotesListOfNotes,ifrs-full_DisclosureOfSummaryOfSignificantAccountingPoliciesExplanatory,ar,تشتمل القوائم المالية الموحدة كما في 31 كانون الأول 2024 على القوائم المالية للشركة التابعة التالية : اسم الشركة التابعة مكان التسجيل سنة التسجيل نسبة الملكية والتصويت النشاط الرئيسي الحياة للعناية الصحية الدولية ذ.م.م الاردن 2013 100% استيراد وتصدير وكالات تجارية اعادة التصنيفات في حال تغير نموذج الاعمال الذي تحتفظ بموجبه الشركة بالموجودات المالية، يتم اعادة تصنيف الموجودات المالية المتأثرة، وتسري متطلبات التصنيف والقياس المتعلقة بالفئة الجديدة بأثر مستقبلي اعتبار من اليوم الاول من الفترة المالية الاولى التي تعقب التغيير في نموذج الاعمال والذي ينتج عنه اعادة تصنيف الموجودات المالية للشركة.,0,none,0,NA,FALSE,uniform_negative,91
ABCO|2022-03-30|DisclosuresChairmansStatement|jsc_DisclosureOfStatementOfBoardOfDirectorsChairman|0|ar|18,ABCO,2022-03-30,DisclosuresChairmansStatement,jsc_DisclosureOfStatementOfBoardOfDirectorsChairman,ar,ومن ضمن الخطط المستقبلية لرقمنة منتجات العمليات المصرفية في مجموعة الخدمات المصرفية الشاملة، سيتم اطلاق حلول داخلية لأتمتة منتجات التجارة و إدارة النقد ، نذكر منها انشاء طلب والموافقة والإستعلام عن خدمات التجارة الخارجية بالاضافة الى حلول إدارة النقد والسيولة والتي تشمل العديد من الحلول لإدارة المدفوعات والتحصيل وادارة السيولة وخدمات التقارير المتعلقة بالحسابات .,0,none,0,NA,FALSE,uniform_negative,55
JOPT|2023-04-30|DisclosuresAuditorsReport|jsc_AuditorsResponsibilitiesForAuditOfFinancialStatementsExplanatory|0|ar|3,JOPT,2023-04-30,DisclosuresAuditorsReport,jsc_AuditorsResponsibilitiesForAuditOfFinancialStatementsExplanatory,ar,تقييم ملائمة السياسات المحاسبية المتبعة ومعقولية التقديرات المحاسبية والإيضاحات المتعلقة بها التي تعدها الإدارة .,0,none,0,NA,FALSE,uniform_negative,15
DERA|2024-04-30|DisclosuresAuditorsReport|jsc_AuditorsReportOnFinancialStatements|0|ar|13,DERA,2024-04-30,DisclosuresAuditorsReport,jsc_AuditorsReportOnFinancialStatements,ar,إن رأينا حول القوائم المالية الموحدة لا يتضمن المعلومات الأخرى وإننا لا نبدي أي نوع من التأكيد حولها.,0,none,0,NA,FALSE,uniform_negative,18
APOT|2023-04-27|DisclosuresDirectorsReport|jsc_DescriptionOfSubsidiaryCompaniesNatureOfTheirBusinessAndTheirAreasOfActivity|0|ar|4,APOT,2023-04-27,DisclosuresDirectorsReport,jsc_DescriptionOfSubsidiaryCompaniesNatureOfTheirBusinessAndTheirAreasOfActivity,ar,لا توجد شركات تابعة لشركة صناعات الأسمدة والكيماويات العربية (كيمابكو).,0,none,0,NA,FALSE,uniform_negative,10
APOT|2024-04-29|DisclosuresDirectorsReport|jsc_TheMembersOfBoardOfDirectorsNamesAndNamesAndRanksOfSeniorExecutiveManagementWithBriefResumeOfEach|0|ar|83,APOT,2024-04-29,DisclosuresDirectorsReport,jsc_TheMembersOfBoardOfDirectorsNamesAndNamesAndRanksOfSeniorExecutiveManagementWithBriefResumeOfEach,ar,وعمل الدكتور النسور ككبير مستشاري البرامج الإقليمية في برنامج الأمم المتحدة الإنمائ ي (UNDP) في نيويورك، كما عمل أيضاً مديراً لتخطيط السياسات والدراسات الاقتصادية في وزارة التخطيط والتعاون الدولي في الأردن، وباحثاً في معهد الولايات المتحدة لبحوث السلام (United States Institute of Peace) في واشنطن.,0,none,0,NA,FALSE,uniform_negative,45
JOPT|2025-04-30|DisclosuresDirectorsReport|jsc_CompanysCompetitivePositionWithinItsSectorAndMainMarketSegmentsAsWellAsItsShareOfLocalMarketAndInternationalMarketIfPossible|0|ar|68,JOPT,2025-04-30,DisclosuresDirectorsReport,jsc_CompanysCompetitivePositionWithinItsSectorAndMainMarketSegmentsAsWellAsItsShareOfLocalMarketAndInternationalMarketIfPossible,ar,• امتيازات أخرى: - بموجب قرار مجلس الوزراء رقم (9298) المتخذ في جلسته المنعقدة بتاريخ 6 تشرين الثاني 2022 تم إعفاء مادة الغاز البترولي المستورد من الرسوم الجمركية لمدة سنة اعتباراً من تاريخ الأول من كانون الثاني 2023.,0,none,0,NA,FALSE,uniform_negative,38
JTEL|2022-04-27|CorporateGovernanceReport|jsc-rep_DisclosureOfNameOfCorporateGovernanceOfficer|0|ar|0,JTEL,2022-04-27,CorporateGovernanceReport,jsc-rep_DisclosureOfNameOfCorporateGovernanceOfficer,ar,ضابط ارتباط الحوكمة في الشركة السيد عماد سعدات جلال الكيالي,0,none,0,NA,FALSE,uniform_negative,10
ARBK|2025-04-06|CorporateGovernanceReport|jsc-rep_DisclosureOfInformationAndDetailsRegardingApplicationOfProvisionsOfTheseInstructionsAndCorporateGovernanceRulesInCompany|0|ar|105,ARBK,2025-04-06,CorporateGovernanceReport,jsc-rep_DisclosureOfInformationAndDetailsRegardingApplicationOfProvisionsOfTheseInstructionsAndCorporateGovernanceRulesInCompany,ar,توفير آلية محددة لضمان التواصل مع أصحاب المصالح وذلك من خلال الإفصاح وتوفير معلومات ذات دلالة حول أنشطة البنك من خلال: 1.,0,none,0,NA,FALSE,uniform_negative,22
ABCO|2022-03-30|DisclosuresChairmansStatement|jsc_DisclosureOfStatementOfBoardOfDirectorsChairman|0|ar|11,ABCO,2022-03-30,DisclosuresChairmansStatement,jsc_DisclosureOfStatementOfBoardOfDirectorsChairman,ar,كما واصل البنك جهوده لتحسين نوعية المحفظة من خلال تطبيق سياسة المراقبة المستمرة لكافة حسابات التسهيلات.,0,none,0,NA,FALSE,uniform_negative,16
DERA|2022-04-25|NotesListOfNotes|jsc-rep_DisclosureOfNewStandardAndInterpretationsNotYetAdopted|0|ar|28,DERA,2022-04-25,NotesListOfNotes,jsc-rep_DisclosureOfNewStandardAndInterpretationsNotYetAdopted,ar,تقوم الشركة بتطبيق التعديل على المطلوبات المالية التي يتم تعديلها أو تبادلها في أو بعد بداية السنة المالية التي تطبق فيها الشركة التعديل.,0,none,0,NA,FALSE,uniform_negative,23
NCMD|2022-03-28|NotesListOfNotes|ifrs-full_DisclosureOfAccountingJudgementsAndEstimatesExplanatory|0|ar|7,NCMD,2022-03-28,NotesListOfNotes,ifrs-full_DisclosureOfAccountingJudgementsAndEstimatesExplanatory,ar,يتم الاعتراف بالموجودات الضريبية المؤجلة لكافة الفروقات الزمنية المؤقتة القابلة للاقتطاع كمصاريف وخسائر غير مقبولة ضريبياً والتي من المرجح ان يتضمنها الربح الخاضع للضريبة.,0,none,0,NA,FALSE,uniform_negative,24
AMAL|2024-04-29|CorporateGovernanceReport|jsc-rep_DisclosureOfNameOfChairmanAndMembersOfAuditCommitteeAndADescriptionOfTheirQualificationsAndExperienceInFinancialOrAccountingMatters|0|ar|19,AMAL,2024-04-29,CorporateGovernanceReport,jsc-rep_DisclosureOfNameOfChairmanAndMembersOfAuditCommitteeAndADescriptionOfTheirQualificationsAndExperienceInFinancialOrAccountingMatters,ar,قائد لواء حمزة بن عبد المطلب (سيد الشهداء) الحرس الملكي.,0,none,0,NA,FALSE,uniform_negative,10
MSFT|2022-03-29|DisclosuresDirectorsReport|jsc_TheMembersOfBoardOfDirectorsNamesAndNamesAndRanksOfSeniorExecutiveManagementWithBriefResumeOfEach|0|ar|1,MSFT,2022-03-29,DisclosuresDirectorsReport,jsc_TheMembersOfBoardOfDirectorsNamesAndNamesAndRanksOfSeniorExecutiveManagementWithBriefResumeOfEach,ar,1 - معالي الدكتور مروان جميل عيسى المعشر رئيس مجلس الادارة ويمثل السادة شركة سهيل جميل المعشر وأخوانه تاريخ العضوية : 17 / 4 / 2018 المؤهل العلمي : دكتوراه هندسة كمبيوتر سنة التخرج : 1981 اسم الجامعه : جامعة بوردو – الولايات المتحدة الامريكية نبذه عن السيرة الذاتية : نائب أول لرئيس البنك الدولي للشؤون الخارجية 2007 .,0,none,0,NA,FALSE,uniform_negative,59
JVOI|2024-03-21|DisclosuresAuditorsReport|jsc_AuditorsReportOnFinancialStatements|0|ar|39,JVOI,2024-03-21,DisclosuresAuditorsReport,jsc_AuditorsReportOnFinancialStatements,ar,إرنسـت ويونـغ/ الأردن أسامة فايز شخاترة ترخيص رقم 1079 عمان – المملكة الأردنية الهاشمية 28 شباط 2024,0,none,0,NA,FALSE,uniform_negative,17
ABCO|2022-03-30|NotesListOfNotes|jsc-rep_AdoptionOfNewAndRevisedInternationalFinancialReportingStandards|0|ar|16,ABCO,2022-03-30,NotesListOfNotes,jsc-rep_AdoptionOfNewAndRevisedInternationalFinancialReportingStandards,ar,تسمح الوسيلة العملية للمستأجر باختيار عدم تقييم ما إذا كان امتياز الإيجار المتعلق بكوفيد 19 يعد تعديلًا لعقد الإيجار.,0,none,0,NA,FALSE,uniform_negative,19
JVOI|2023-02-21|NotesListOfNotes|jsc-rep_AdoptionOfNewAndRevisedInternationalFinancialReportingStandards|0|ar|9,JVOI,2023-02-21,NotesListOfNotes,jsc-rep_AdoptionOfNewAndRevisedInternationalFinancialReportingStandards,ar,تعديلات على معيار المحاسبة الدولي رقم (1): تصنيف المطلوبات المتداولة مقابل غير المتداولة قام المجلس الدولي للمعايير ا لمحاسبية خلال كانون الثاني 2020 بإصدار تعديلات على فقرات (69) الى (76) من معيار المحاسبة الدولي رقم (1) لتحديد متطلبات تصنيف المطلوبات المتداولة مقابل غير المتداولة.,0,none,0,NA,FALSE,uniform_negative,44
JTEL|2025-04-24|NotesListOfNotes|ifrs-full_DisclosureOfSummaryOfSignificantAccountingPoliciesExplanatory|0|ar|293,JTEL,2025-04-24,NotesListOfNotes,ifrs-full_DisclosureOfSummaryOfSignificantAccountingPoliciesExplanatory,ar,عندما تتعلق المنح بأحد بنود المصاريف، يتم الاعتراف بها كدخل على مدى الفترة اللازمة لمقابلة المصاريف التي تم منح هذه التبرعات لتعويضها على أساس منتظم مع التكاليف التي تهدف إلى تعويضها.,0,none,0,NA,FALSE,uniform_negative,31
JVOI|2025-03-12|DisclosuresChairmansStatement|jsc_DisclosureOfStatementOfBoardOfDirectorsChairman|0|ar|2,JVOI,2025-03-12,DisclosuresChairmansStatement,jsc_DisclosureOfStatementOfBoardOfDirectorsChairman,ar,السادة المساهمين الكرام ،،، لقد واصل مجلس الإدارة والإدارة التنفيذية الجهود المستمرة باتخاذ كافة الاجراءات والسبل للمحافظة على تقدم الشركة رغم التحديات الاقتصادية التي عصفت بالمنطقة خلال العام 2024 والتي تمثّلت بارتفاع تكاليف الإنتاج وتقلبات الأسعار العالمية بسبب عوامل الحروب والتغيرات المناخية في البلاد المنتجة والأزمات الاقتصادية التي تؤثر على استقرار الأسعار وتزيد من صعوبة التنبؤ بتكاليف الإنتاج وجعل السوق المحلي عرضة للزيادة المفاجئة في الأسعار بسبب هذه التقلبات.,0,none,0,NA,FALSE,uniform_negative,69
ABCO|2021-04-25|DisclosuresDirectorsReport|jsc_TheMembersOfBoardOfDirectorsNamesAndNamesAndRanksOfSeniorExecutiveManagementWithBriefResumeOfEach|0|ar|200,ABCO,2021-04-25,DisclosuresDirectorsReport,jsc_TheMembersOfBoardOfDirectorsNamesAndNamesAndRanksOfSeniorExecutiveManagementWithBriefResumeOfEach,ar,3/2008 - 12/2008 نائب رئيس تنفيذي للشؤون المالية والادارية / الثقة للاستثمارات الأردنية (الأردن).,0,none,0,NA,FALSE,uniform_negative,14
JTEL|2022-04-27|DisclosuresDirectorsReport|jsc_DescriptionOfCompanysMainActivitiesWithTheirRespectiveGeographicalLocationsSizeOfCapitalInvestmentAndNumberOfEmployees|0|ar|0,JTEL,2022-04-27,DisclosuresDirectorsReport,jsc_DescriptionOfCompanysMainActivitiesWithTheirRespectiveGeographicalLocationsSizeOfCapitalInvestmentAndNumberOfEmployees,ar,الأنشطة الرئيسية في مجموعة الاتصالات الأردنية - Orange.,0,none,0,NA,FALSE,uniform_negative,8
SPIC|2023-04-26|DisclosuresChairmansStatement|jsc_DisclosureOfStatementOfBoardOfDirectorsChairman|0|ar|4,SPIC,2023-04-26,DisclosuresChairmansStatement,jsc_DisclosureOfStatementOfBoardOfDirectorsChairman,ar,"رغم ذلك فقد سعت الادارة على العمل على تجاوز الأزمة من اجل الحفاظ على استثماراتنا و تحسين وضعها و تقليل الاخطار ، و قامت الشركة بالاستثمار و تحسين أوضاع الشركة و البنية التحتية و تم الإنتهاء من إنشاء محطة تنقية جديدة تتناسب والمعايير العالمية و بدلا من القديمة غير الصالحه للإستعمال و التي كانت كلفتة صيانتها عالية وذات سعة وصغيره ولا تكفي لاعمال المدينه ، قد بلغت تكاليف المحطة الجديدة حوالي 550,000 دينار كما ان الشركة حرصت على زيادة قيمة موجوداتها و تعظيم الايرادات ، حيث تم سنه 2022 شراء عقار مؤجر مساحته 1130 م بقيمة (250,000) دينار و كان مملوكا لمالكي إسناد القرض ممثلة في بنك الإسكان و أن ايراداته تزيد عن 10% هذا عدا عما تم شرائه في السنوات الماضية و التي تمت الاشارة اليها في التقارير الماضية ، هذا بالإضافة إلى أن الشركة تقوم بالتوسع الافقي في مبانيها حيث يتم بناء طوابق إضافيه جديدة .",0,none,0,NA,FALSE,uniform_negative,148
ZARA|2023-04-30|NotesListOfNotes|jsc-rep_DisclosureOfNewAndRevisedStandardsNote|0|ar|12,ZARA,2023-04-30,NotesListOfNotes,jsc-rep_DisclosureOfNewAndRevisedStandardsNote,ar,تقوم المجموعة حاليًا بتقييم تأثير التعديلات على الممارسات الحالية وما إذا كانت اتفاقيات القروض الحالية قد تتطلب إعادة تفاوض.,0,none,0,NA,FALSE,uniform_negative,19
APOT|2022-04-27|DisclosuresDirectorsReport|jsc_DisclosureOfCompanysContributionToEnvironmentalProtectionAndLocalCommunityService|0|ar|35,APOT,2022-04-27,DisclosuresDirectorsReport,jsc_DisclosureOfCompanysContributionToEnvironmentalProtectionAndLocalCommunityService,ar,ومع ذلك، واجهت الشركة تحديات فنية تتعلق بزيادة الطلب على البوتاس، وموثوقية الأصول الحالية (مضخات غور الصافي وشبكة خطوط الأنابيب المتآكلة)، فضلاً عن مشاكل استخدام فائض مياه الصرف الزراعي بسبب سوء جودة المياه، إضافةً إلى بعض التحديات الطبيعية مثل الجفاف ما أدى إلى تدني موارد المياه السطحية وتحويل المياه للأغراض الزراعية بعد تأثر غلة المحاصيل، وتم هذا العام تلبية احتياجات المياه لعمليات الشركة من خلال الموارد المائية الحالية المتاحة مثل المياه الجوفية والمياه السطحية والسدود والصرف السطحي.,0,none,0,NA,FALSE,uniform_negative,77
ZARA|2025-04-30|DisclosuresAuditorsReport|jsc_AuditorsReportOnFinancialStatements|0|ar|50,ZARA,2025-04-30,DisclosuresAuditorsReport,jsc_AuditorsReportOnFinancialStatements,ar,تقرير حول المتطلبات القانونية تحتفظ المجموعة بقيود وسجلات محاسبية منظمة بصورة أصولية تتفق مع القوائم المالية الموحدة ونوصي بالمصادقة عليها.,0,none,0,NA,FALSE,uniform_negative,20
THBK|2025-04-05|NotesListOfNotes|ifrs-full_DisclosureOfSummaryOfSignificantAccountingPoliciesExplanatory|0|ar|141,THBK,2025-04-05,NotesListOfNotes,ifrs-full_DisclosureOfSummaryOfSignificantAccountingPoliciesExplanatory,ar,وبخصوص تمويل الافراد، تتضمن معلومات الإقراض الإستشرافية التوقعات الاقتصادية عينها مثل الإقراض المؤسسي وتوقعات إضافية للمؤشرات الاقتصادية المحلية، خاصة للمناطق التي تركز على صناعات معينة، بالإضافة إلى معلومات داخلية عن سلوك العملاء المتعلقة بالسداد.,0,none,0,NA,FALSE,uniform_negative,34
AMAL|2025-04-24|NotesListOfNotes|ifrs-full_DisclosureOfBasisOfPreparationOfFinancialStatementsExplanatory|0|ar|2,AMAL,2025-04-24,NotesListOfNotes,ifrs-full_DisclosureOfBasisOfPreparationOfFinancialStatementsExplanatory,ar,إن الدينار الأردني هو عملة إظهار القوائم المالية الموحدة والذي يمثل العملة الرئيسية للمجموعة.,0,none,0,NA,FALSE,uniform_negative,14
AIHO|2025-03-17|DisclosuresDirectorsReport|jsc_DisclosureOfCompanysContributionToEnvironmentalProtectionAndLocalCommunityService|0|ar|32,AIHO,2025-03-17,DisclosuresDirectorsReport,jsc_DisclosureOfCompanysContributionToEnvironmentalProtectionAndLocalCommunityService,ar,شاركت الجمعية بالعديد من الاجتماعات والندوات وتم دعوة الجمعية لمشاركة الخبرة في تنفيذ البرامج التنموية والخيرية والتطوعية والحديث عن مفهوم المسؤولية المجتمعية للشركات.,0,none,0,NA,FALSE,uniform_negative,23
NAAI|2023-03-31|DisclosuresAuditorsReport|jsc_ResponsibilitiesOfManagementAndThoseChargedWithGovernanceForFinancialStatementsExplanatory|0|ar|41,NAAI,2023-03-31,DisclosuresAuditorsReport,jsc_ResponsibilitiesOfManagementAndThoseChargedWithGovernanceForFinancialStatementsExplanatory,ar,تقييم ملاءمة السياسات المحاسبية المطبقة ومعقولية التقديرات المحاسبية و الايضاحات المتعلقة بها التي قامت بها الادارة.,0,none,0,NA,FALSE,uniform_negative,16
NDAR|2023-03-30|DisclosuresDirectorsReport|jsc_TheMembersOfBoardOfDirectorsNamesAndNamesAndRanksOfSeniorExecutiveManagementWithBriefResumeOfEach|0|ar|10,NDAR,2023-03-30,DisclosuresDirectorsReport,jsc_TheMembersOfBoardOfDirectorsNamesAndNamesAndRanksOfSeniorExecutiveManagementWithBriefResumeOfEach,ar,عين ممثلا لشركة دار الدواء للتنمية والإستثمار بتاريخ 08/11/2021 .,0,none,0,NA,FALSE,uniform_negative,10
GIGJ|2023-03-31|NotesListOfNotes|jsc-rep_DisclosureOfRiskManagement|0|ar|26,GIGJ,2023-03-31,NotesListOfNotes,jsc-rep_DisclosureOfRiskManagement,ar,مسؤوليات إدارة المخاطر تحديث قاعدة بيانات المخاطرة بشكل دائم ومستمر.,0,none,0,NA,FALSE,uniform_negative,10
JMRC|2024-02-29|DisclosuresDirectorsReport|jsc_TheMembersOfBoardOfDirectorsNamesAndNamesAndRanksOfSeniorExecutiveManagementWithBriefResumeOfEach|0|ar|44,JMRC,2024-02-29,DisclosuresDirectorsReport,jsc_TheMembersOfBoardOfDirectorsNamesAndNamesAndRanksOfSeniorExecutiveManagementWithBriefResumeOfEach,ar,مديرة منطقة تلاع العلي (2011).,0,none,0,NA,FALSE,uniform_negative,5
ARBK|2024-04-28|NotesListOfNotes|ifrs-full_DisclosureOfSignificantInvestmentsInAssociatesExplanatory|0|ar|10,ARBK,2024-04-28,NotesListOfNotes,ifrs-full_DisclosureOfSignificantInvestmentsInAssociatesExplanatory,ar,يتم إظهار حصة المجموعة من أرباح أو خسائر الشركة الحليفة ضمن قائمة الأرباح أو الخسائر الموحدة ضمن الأرباح التشغيلية ويمثل ربح أو خسارة بعد الضريبة و حصة حقوق غير المسيطرين في الشركة التابعة للشركة الحليفة.,0,none,0,NA,FALSE,uniform_negative,35
JTEL|2024-04-25|NotesListOfNotes|ifrs-full_DisclosureOfSummaryOfSignificantAccountingPoliciesExplanatory|0|ar|42,JTEL,2024-04-25,NotesListOfNotes,ifrs-full_DisclosureOfSummaryOfSignificantAccountingPoliciesExplanatory,ar,"تستبدل التعديلات مصطلح ""معلومات السياسة المحاسبية الجوهرية"" بمصطلح ""السياسات المحاسبية الهامة"".",0,none,0,NA,FALSE,uniform_negative,11
JTEL|2021-04-29|NotesListOfNotes|ifrs-full_DisclosureOfTradeAndOtherReceivablesExplanatory|0|ar|15,JTEL,2021-04-29,NotesListOfNotes,ifrs-full_DisclosureOfTradeAndOtherReceivablesExplanatory,ar,442 10- مبالغ مستحقة من/إلى مشغلي شبكات الاتصالات( تتمة) 31 كانون الأول 2019 أعمار الذمم ذمم غير المستحقة 1 -90 يوم 91 – 180 يوم 180 – 270 يوم أكبر من 271 يوم المجموع دينـــار أردني دينـــار أردني دينـــار أردني دينـــار أردني دينـــار أردني دينـــار أردني نسبة مخاطر الائتمان المتوقعة - 30-50٪ 50٪ 50٪ 50٪ مبلغ المخاطر الاجمالي المتوقع 2.681.423 2.086.193 2.514.864 778.898 788.797 8.850.175 مخاطر الائتمان المتوقعة - 1.016.823 1.257.432 389.449 672.890 3.336.594 من المتوقع تحصيل الذمم بالكامل.,0,none,0,NA,FALSE,uniform_negative,79
NDAR|2021-04-15|DisclosuresDirectorsReport|jsc_DisclosureOfFinancialImpactOfNonRecurrentTransactionsDuringFiscalYearWhichAreNotPartOfCompanysMainActivities|0|ar|0,NDAR,2021-04-15,DisclosuresDirectorsReport,jsc_DisclosureOfFinancialImpactOfNonRecurrentTransactionsDuringFiscalYearWhichAreNotPartOfCompanysMainActivities,ar,الأثر المالي لعمليات ذات طبيعة غير متكررة حدثت خلال السنة المالية ولا تدخل ضمن نشاط الشركة الرئيسي.,0,none,0,NA,FALSE,uniform_negative,17
DERA|2021-04-30|NotesListOfNotes|ifrs-full_DisclosureOfIssuedCapitalExplanatory|0|ar|0,DERA,2021-04-30,NotesListOfNotes,ifrs-full_DisclosureOfIssuedCapitalExplanatory,ar,يبلغ رأس المال المصرح به والمكتتب به والمدفوع 000 000 40 دينار مقسم إلى 000 000 40 سهم بقيمة إسمية دينار للسهم.,0,none,0,NA,FALSE,uniform_negative,22
JMRC|2023-02-22|DisclosuresDirectorsReport|jsc_TheMembersOfBoardOfDirectorsNamesAndNamesAndRanksOfSeniorExecutiveManagementWithBriefResumeOfEach|0|ar|78,JMRC,2023-02-22,DisclosuresDirectorsReport,jsc_TheMembersOfBoardOfDirectorsNamesAndNamesAndRanksOfSeniorExecutiveManagementWithBriefResumeOfEach,ar,مهندس إدارة المشروع / الكويت (1981 – 1984).,0,none,0,NA,FALSE,uniform_negative,8
ABCO|2021-04-25|CorporateGovernanceReport|jsc-rep_DisclosureOfNameOfChairmanAndMembersOfAuditCommitteeAndADescriptionOfTheirQualificationsAndExperienceInFinancialOrAccountingMatters|0|ar|90,ABCO,2021-04-25,CorporateGovernanceReport,jsc-rep_DisclosureOfNameOfChairmanAndMembersOfAuditCommitteeAndADescriptionOfTheirQualificationsAndExperienceInFinancialOrAccountingMatters,ar,فلورانس هادي عيد 1/1/ 2020 1/7/2020 عضو تاريخ العضوية: 27/4/2015 لغاية 1/7/2020 - عضو غير تنفيذي ومستقل تاريخ الميلاد: 3/10/1967 المنجزات العلمية: دكتوراه في الاقتصاد /2000/ معهد ماساتشوستس للتكنولوجيا / الولايات المتحدة الأمريكية.,0,none,0,NA,FALSE,uniform_negative,33
NDAR|2021-04-15|DisclosuresAuditorsReport|jsc_DisclosureOfAuditorsReportTextBlock|0|ar|57,NDAR,2021-04-15,DisclosuresAuditorsReport,jsc_DisclosureOfAuditorsReportTextBlock,ar,إننا نتواصل مع أولئك المكلفين بالحوكمة حول عدة أمور، من بينها نطاق وتوقيت التدقيق المخطط لهما وملاحظات التدقيق الهامة، بما في ذلك أي أوجه قصور هامة في الرقابة الداخلية نقوم بتحديدها خلال عملية التدقيق.,0,none,0,NA,FALSE,uniform_negative,34
INVB|2021-05-18|NotesListOfNotes|ifrs-full_DisclosureOfMarketRiskExplanatory|0|ar|4,INVB,2021-05-18,NotesListOfNotes,ifrs-full_DisclosureOfMarketRiskExplanatory,ar,3-سياسة وقف الخسارة ( Stop Loss Limit ).,0,none,0,NA,FALSE,uniform_negative,8
APOT|2024-04-29|DisclosuresDirectorsReport|jsc_DisclosureOfBenefitsAndRemunerationsOfChairmanMembersOfBoardOfDirectorsAndSeniorExecutiveManagementDuringTheFiscalYearIncludingPaymentsReceivedByAnyOfThemSuchAsFeesSalariesBonusesAndOtherwiseAndTheirTravelAndTransportExpensesWithinKingdomAndAbroad|0|ar|4,APOT,2024-04-29,DisclosuresDirectorsReport,jsc_DisclosureOfBenefitsAndRemunerationsOfChairmanMembersOfBoardOfDirectorsAndSeniorExecutiveManagementDuringTheFiscalYearIncludingPaymentsReceivedByAnyOfThemSuchAsFeesSalariesBonusesAndOtherwiseAndTheirTravelAndTransportExpensesWithinKingdomAndAbroad,ar,"Zhao Jing عضو مجلس الإدارة صينية 0 0 0 0 10,000 0 ممثلو الشركة العربية للتعدين (تُدفع بشكلٍ مباشر للشركة العربية للتعدين) 0 0 0 10,000 0 0 السيد أنمار طالب عبد اللطيف العبد الجليل نائب رئيس مجلس الإدارة كويتية 0 18,000 0 0 13,500 0 السيدة عزة محمد سعيد راشد السويدي عضو مجلس الإدارة إماراتية 0 18,000 0 0 8,000 0 ممثلو المؤسسة العامة للضمان الاجتماعي (تُدفع بشكلٍ مباشر للمؤسسة العامة للضمان الاجتماعي ) 0 18,000 0 5,000 0 0 السيد زيدون ممدوح عبد الرحمن أبو حسان عضو مجلس الإدارة اعتباراً من 09/04/2023 أردنية 0 0 0 0 0 0 السيد علي صالح علي الصمادي عضو مجلس الإدارة حتى 08/04/2023 أردنية 0 0 0 0 0 0 ممثل الحكومة العراقية 0 0 0 0 0 0 السيد أحمد عبد الجبار علي الكريم عضو مجلس الإدارة عراقية 0 18,000 0 5,000 10,000 0 ممثل الشركة الليبية للاستثمارات الخارجية 0 0 0 0 0 0 السيدة وفاء عبد الرزاق محمد أبو شكيوة عضو مجلس الإدارة ليبية 0 18,000 0 5,000 7,500 0 ممثل الهيئة العامة للاستثمار/ الكويت (تُدفع بشكلٍ مباشر للهيئة العامة للاستثمار/ الكويت ) 0 18,000 0 5,000 0 0 السيدة ريم علي عبد الله الصغير عضو مجلس الإدارة كويتية 0 0 0 0 13,000 0 المزايا والبدلات التي يتمتع بها كل من أعضاء الإدارة التنفيذية بالدينار الأردني الاسم المنصب الجنسية الرواتب الإجمالية السنوية الدكتور معن فهد عبد الكريم النسور الرئيس التنفيذي أردنية 296,100 السيد محمد عبد الرحمن عبد المغني الرازم نائب الرئيس التنفيذي الأول للمالية والخدمات المساندة أردنية 194,020 المهندس رشيد توفيق رشيد اللوباني نائب الرئيس التنفيذي للتسويق والمبيعات أردنية 149,880 المهندس محمد عبد الفتاح محمد أبو غياب نائب الرئيس التنفيذي للعمليات أردنية 152,100 المهندس عدنان سليمان فارس المعايطة نائب الرئيس التنفيذي للموارد البشرية والشؤون العامة أردنية 165,720 الدكتور سامر إبراهيم أحمد المفلح نائب الرئيس التنفيذي للتخطيط الاستراتيجي والتميز وتطوير الأعمال أردنية 114,820 الاسم المنصب الجنسية بدل المياومات بدل التمثيل المكافآت السنوية الدكتور معن فهد عبد الكريم النسور الرئيس التنفيذي أردنية 20,750 36,000 83,363 السيد محمد عبد الرحمن عبد المغني الرازم نائب الرئيس التنفيذي الأول للمالية والخدمات المساندة أردنية 3,000 12,000 54,653 المهندس رشيد توفيق رشيد اللوباني نائب الرئيس التنفيذي للتسويق والمبيعات أردنية 13,800 12,000 42,210 المهندس محمد عبد الفتاح محمد أبو غياب نائب الرئيس التنفيذي للعمليات أردنية 1,200 6,000 42,863 المهندس عدنان سليمان فارس المعايطة نائب الرئيس التنفيذي للموارد البشرية والشؤون العامة أردنية 6,000 46,665 الدكتور سامر إبراهيم أحمد المفلح نائب الرئيس التنفيذي للتخطيط الاستراتيجي والتميز وتطوير الأعمال أردنية 8,600 18,000 32,378 المزايا العينية والمزايا الأخرى: - بدل حضور لجان والتنقلات السنوية وبدل التمثيل والمكافآت السنوية لممثل وزارة المالية وممثلي شركة إدارة الاستثمارات الحكومية تُدفع لوزارة المالية.",0,none,0,NA,FALSE,uniform_negative,429
JEDI|2023-03-21|DisclosuresDirectorsReport|jsc_TheMembersOfBoardOfDirectorsNamesAndNamesAndRanksOfSeniorExecutiveManagementWithBriefResumeOfEach|0|ar|23,JEDI,2023-03-21,DisclosuresDirectorsReport,jsc_TheMembersOfBoardOfDirectorsNamesAndNamesAndRanksOfSeniorExecutiveManagementWithBriefResumeOfEach,ar,عضو مجلس ادارة شركة الأردن لتطوير المشاريع السياحية عضو مجلس ادارة جمعية مستثمرين شرق عمان ب : أسماء ورتب أعضاء الإدارة العليا ونبذة تعريفية عنهم :- الاسم المنصب تاريخ التعيين تاريخ الميلاد المؤهل العلمي وسنة التخرج الخبرات سعيد فوزي سعيد الشلبي المدير المالي 04/08/2020 31/08/1981 بكالوريوس محاسبة من جامعة الإسراء الخاصة 2004 شركة أبعاد الأردن والإمارات للإستثمار التجاري (مدير مالي) مجموعة الصايغ ( مدير مالي ) مجموعة محمد يوسف ناغي ( مدير مالي ) مجموعة ويست لايف ( مدير مالي ) الشركة الاردنية لتتبع المركبات ( مدير مالي ) شركة فيلادلفيا للنقل ( مدير مالي ) وداد محمد اسحق مصري* امين السر 7/9/2020 19/6/1976 ماجستير ادارة اعمال ااضابط ارتباط مجلس ادارة مجموعة الصايغ بنك الاردن - الدائرة الاجنبية اعتمادات مستندية و بوالص تحصيل و كفالات اوليه الاردن - قسم اللوجستيك -- المتوسطة الشرقية للتجارة و الاستثمار / مسؤول الدائرة التجارية,0,none,0,NA,FALSE,uniform_negative,140
AMAL|2025-04-24|DisclosuresDirectorsReport|jsc_TheMembersOfBoardOfDirectorsNamesAndNamesAndRanksOfSeniorExecutiveManagementWithBriefResumeOfEach|0|ar|8,AMAL,2025-04-24,DisclosuresDirectorsReport,jsc_TheMembersOfBoardOfDirectorsNamesAndNamesAndRanksOfSeniorExecutiveManagementWithBriefResumeOfEach,ar,2004 – 2009 مدير إدارة الخزينة والاستثمار في بنك الإسكان / الأردن.,0,none,0,NA,FALSE,uniform_negative,12
THDI|2023-04-12|DisclosuresChairmansStatement|jsc_DisclosureOfStatementOfBoardOfDirectorsChairman|0|ar|0,THDI,2023-04-12,DisclosuresChairmansStatement,jsc_DisclosureOfStatementOfBoardOfDirectorsChairman,ar,حضرات السـادة المساهمين الكرام السلام عليكم ورحمة الله وبركاته: يسعدني وزملائي أعضاء مجلس الإدارة أن أرحب بكم وبعطوفـة مندوب مراقب الشركات أجمل ترحيب وأن أعرض على هيئتكم الموقرة التقرير السنوي السادس عشر متضمنا البيانـات الماليـة الختاميـة للـسنـة الماليـة المنتهيـة في 31/12/2022 وانجازات الشركـة وتطلعاتها المستقبليـة.,0,none,0,NA,FALSE,uniform_negative,45
GIGJ|2023-03-31|CorporateGovernanceReport|jsc-rep_DisclosureOfNameOfChairmanAndMembersOfNominationAndRemunerationCommitteeCorporateGovernanceCommitteeAndRiskManagementCommittee|0|ar|8,GIGJ,2023-03-31,CorporateGovernanceReport,jsc-rep_DisclosureOfNameOfChairmanAndMembersOfNominationAndRemunerationCommitteeCorporateGovernanceCommitteeAndRiskManagementCommittee,ar,عدد اجتماعات لجنة الترشيحات والمكافآت خلال 2022 تَعقد لجنة الترشيحات والمكافآت لدى الشركة اجتماعات دورية، على الأقل مرتين خلال السنة، وكذلك كلما دعت الحاجة، وتقوم بتدوين محاضر اجتماعاتها.,0,none,0,NA,FALSE,uniform_negative,28
VFED|2023-03-26|DisclosuresAuditorsReport|jsc_DisclosureOfAuditorsReportTextBlock|0|ar|17,VFED,2023-03-26,DisclosuresAuditorsReport,jsc_DisclosureOfAuditorsReportTextBlock,ar,عند إعداد القوائم المالية، إن الإدارة مسؤولة عن تقييم قدرة الشركة على الاستمرار والإفصاح عندما ينطبق ذلك، عن الأمور ذات العلاقة بالاستمرارية واستخدام أساس الاستمرارية في المحاسبة، ما لم تنوي الإدارة تصفية الشركة أو إيقاف أعمالها أو عدم وجود بديل واقعي غير ذلك.,0,none,0,NA,FALSE,uniform_negative,43
ASPMM|2024-04-30|CorporateGovernanceReport|jsc-rep_DisclosureOfAllMembershipsOfBoardsOfDirectorsHeldByAMemberOfBoardOfDirectorsInPublicShareholdingCompaniesIfAny|0|ar|1,ASPMM,2024-04-30,CorporateGovernanceReport,jsc-rep_DisclosureOfAllMembershipsOfBoardsOfDirectorsHeldByAMemberOfBoardOfDirectorsInPublicShareholdingCompaniesIfAny,ar,شركة المركز الأردني للتجارة الدولية (3) محمد داود الغول شخصية عضو غير تنفيذي مستقل رئيس لجنة الترشيح والمكافآت رئيس لجنة الحوكمة 1.الشركة الصناعية التجارية الزراعية مروان أحمد يغمور شخصية عضو غير تنفيذي مستقل نائب رئيس لجنة التدقيق نائب رئيس لجنة الترشيح المكافآت - م.,0,none,0,NA,FALSE,uniform_negative,44
JOPT|2022-04-21|NotesListOfNotes|jsc-rep_DisclosureOfFuturePlan|0|ar|12,JOPT,2022-04-21,NotesListOfNotes,jsc-rep_DisclosureOfFuturePlan,ar,كما قامت شركة تسويق المنتجات البترولية حتى الربع الثالث من عام 2021 بتطوير نظام تسفير طلبات العملاء من خلال تفعيل التطبيقات الذكية عن طريق الانظمة الذكية لطلبات المحروقات وتسفير طلبات المحطات وتسليمها بطريقة آلية، بالإضافة الى تفعيل خدمة الدفع الالكتروني لكافة الخدمات المقدمة من قبل الشركة عن طريق اي فواتيركم من إعادة شحن رصيد البطاقات او الدفع لطلبات المحروقات او الدفع المسبق الكترونياً لطلبات التوزيع المنزلي وطلبات المصانع والشركات.,0,none,0,NA,FALSE,uniform_negative,69
THBK|2025-04-05|CorporateGovernanceReport|jsc-rep_DisclosureOfNumberOfMeetingsOfCommitteesDuringYearWithStatementOfMembersPresent|0|ar|1,THBK,2025-04-05,CorporateGovernanceReport,jsc-rep_DisclosureOfNumberOfMeetingsOfCommitteesDuringYearWithStatementOfMembersPresent,ar,الاجتماع الخامس الاجتماع الرابع الاجتماع الثالث الاجتماع الثاني الاجتماع الأول اسم العضو 4/12/2024 30/10/2024 24/7/2024 17/4/2024 24/1/2024 حاضر حاضر حاضر حاضر حاضر السيد فوزي يوسف عبد المحسن الحنيف (رئيس اللجنة) حاضر حاضر حاضر حاضر حاضر السيد رمزي طلعت عبدالجواد مرعي (عضو اللجنة) حاضر حاضر حاضر حاضر حاضر السيد رمزي تيسير محمد عبد الجابر(عضو اللجنة) حاضر حاضر حاضر حاضر حاضر السيد ناجي محمد عيسى بلقاسم (عضو اللجنة) حاضر حاضر حاضر - السيد محمد بن مسفر بن عائض العجمي (عضويته في اللجنة اعتباراً من 28/5/2024) الاجتماع الخامس الاجتماع الرابع الاجتماع الثالث الاجتماع الثاني الاجتماع الأول اسم العضو المستقيل 4/12/2024 30/10/2024 24/7/2024 17/4/2024 24/1/2024 - - - حاضر حاضر السيدة شيخة بنت يوسف بن عبدالله الفارسي (عضويتها في اللجنة لغاية 21/4/2024).,0,none,0,NA,FALSE,uniform_negative,118
DERA|2025-07-31|CorporateGovernanceReport|jsc-rep_DisclosureOfNameOfChairmanAndMembersOfNominationAndRemunerationCommitteeCorporateGovernanceCommitteeAndRiskManagementCommittee|0|ar|1,DERA,2025-07-31,CorporateGovernanceReport,jsc-rep_DisclosureOfNameOfChairmanAndMembersOfNominationAndRemunerationCommitteeCorporateGovernanceCommitteeAndRiskManagementCommittee,ar,"""محمد ذيب"" عبد الرحمن المبيضين لغاية 13/4/2024 عضواً د.",0,none,0,NA,FALSE,uniform_negative,9
JOPT|2022-04-21|DisclosuresDirectorsReport|jsc_DisclosureOfDirectorsReport|0|ar|438,JOPT,2022-04-21,DisclosuresDirectorsReport,jsc_DisclosureOfDirectorsReport,ar,"يبين الجدول التالي مقارنة أعداد الموظفين في الشركة بين عامي 2021 و2020: العام نوع التعين 2021 2020 الشركة الأم / مصفاة البترول الأردنية (موظف) الشركة التابعة / تسويق المنتجات البترولية (موظف) الشركة الأم /مصفاة البترول الأردنية (موظف) الشركة التابعة / تسويق المنتجات البترولية (موظف) المصنـفون 1,870 13 1,945 15 العقود السنوية 75 416 145 419 عقد مؤقت* 2 86 9 61 المجموع 1,947 515 2,099 495 2,462 2,594 *عقد مؤقت لمدة ستة شهور.",0,none,0,NA,FALSE,uniform_negative,73
ABCO|2021-04-25|NotesListOfNotes|ifrs-full_DisclosureOfSummaryOfSignificantAccountingPoliciesExplanatory|0|ar|32,ABCO,2021-04-25,NotesListOfNotes,ifrs-full_DisclosureOfSummaryOfSignificantAccountingPoliciesExplanatory,ar,ومن بين تلك الحقائق والظروف : حجم حقوق تصويت التي يملكها البنك بالنسبة لحجم وتوزيع حقوق التصويت الأخرى ؛ حقوق التصويت المحتملة التي يحوز عليها البنك وأي حائزي حقوق تصويت أخرين أو أطراف أخرى؛ الحقوق الناشئة من الترتيبات التعاقدية الأخرى ؛ و أية حقائق وظروف إضافية تشير إلى أنه يترتب للبنك ، أو لا يترتب عليه ، مسؤولية حالية لتوجيه الأنشطة ذات الصلة وقت اتخاذ القرارات المطلوبة، بما في ذلك كيفية التصويت في اجتماعات الهيئات العامة السابقة.,0,none,0,NA,FALSE,uniform_negative,77
RICS|2025-03-20|DisclosuresAuditorsReport|jsc_AuditorsReportOnFinancialStatements|0|ar|23,RICS,2025-03-20,DisclosuresAuditorsReport,jsc_AuditorsReportOnFinancialStatements,ar,تقييم مدى ملائمة السياسات المحاسبية المستخدمة ومدى معقولية التقديرات المحاسبية والإيضاحات ذات العلاقة المعدة من قبل الإدارة.,0,none,0,NA,FALSE,uniform_negative,17
SITT|2021-04-30|DisclosuresAuditorsReport|jsc_DisclosureOfAuditorsReportTextBlock|0|ar|13,SITT,2021-04-30,DisclosuresAuditorsReport,jsc_DisclosureOfAuditorsReportTextBlock,ar,لم يتم نقل ملكية قطع الأراضي إلى المجموعة وتثبيتها بشكل قانوني حتى تاريخ تقريرنا.,0,none,0,NA,FALSE,uniform_negative,14
FUTR|2025-04-30|DisclosuresAuditorsReport|jsc_DisclosureOfAuditorsReportTextBlock|0|ar|14,FUTR,2025-04-30,DisclosuresAuditorsReport,jsc_DisclosureOfAuditorsReportTextBlock,ar,قمنا بعمليات تقييم شاملة لتحديد الضوابط الرئيسية المستخدمة في تحديد خسائر الإئتمان المتوقعة وجمع البيانات ومدى إكتمالها والتقديرات والافتراضات ذات الصلة المستخدمة من قبل الإدارة، وقمنا بإختبار الأنظمة الرقابية الرئيسية على عملية إعداد النماذج.,0,none,0,NA,FALSE,uniform_negative,34
JTEL|2025-04-24|NotesListOfNotes|ifrs-full_DisclosureOfBasisOfConsolidationExplanatory|0|ar|18,JTEL,2025-04-24,NotesListOfNotes,ifrs-full_DisclosureOfBasisOfConsolidationExplanatory,ar,يتم إثبات أي فرق بين المبلغ الذي يتم من خلاله تعديل حصص غير المسيطرين والقيمة العادلة للمقابل المدفوع أو المستلم مباشرة في حقوق الملكية وينسب إلى مالكي الشركة.,0,none,0,NA,FALSE,uniform_negative,28
PROF|2025-04-27|CorporateGovernanceReport|jsc-rep_DisclosureOfNumberOfAuditCommitteeMeetingsWithExternalAuditorDuringYear|0|ar|0,PROF,2025-04-27,CorporateGovernanceReport,jsc-rep_DisclosureOfNumberOfAuditCommitteeMeetingsWithExternalAuditorDuringYear,ar,عدد إجتماعات لجنة التدقيق مع مدقق الحسابات الخارجي خلال السنة 2024 : إجتماع واحد.,0,none,0,NA,FALSE,uniform_negative,14
THBK|2021-03-31|NotesListOfNotes|jsc-rep_DisclosureOfComparativeFigures|0|ar|0,THBK,2021-03-31,NotesListOfNotes,jsc-rep_DisclosureOfComparativeFigures,ar,"أرقام المقارنة تم اعادة تصنيف بعض أرقام المقارنة للعام 2019 لتتناسب مع تصنيف الأرقام العام 2020 ، ولم ينتج عنها أي أثر على قائمة الربح أو الخسارة الموحدة وحقوق الملكية للعام 2019 وكما يلي: رأس المال التنظيمي 31 كانون الأول / ديسمبر 2019 قبل إعادة التصنيف بعد إعادة التصنيف 976,859,844 1,020,748,083 رأس المال التنظيمي * 16.5% 17.28% نسبة كفاية رأس المال حملة الأسهم العادية (CET1) (%) 16.57% 17.35% نسبة كفاية رأس مال الشريحة الأولى 17.25% 18.02% نسبة كفاية رأس المال التنظيمي * بموجب تعميم البنك المركزي الأردني رقم 1/1/4693 الصادر بتاريخ 9 نيسان / ابريل 2020 وللتحوط للآثار السلية لحدث فايروس كورونا (كوفيد 19) فقد تقرر تأجيل قيام البنوك الأردنية المرخصة بتوزيع ارباح على المساهمين للعام 2019 وعليه تم تحرير المبلغ الذي تم قيده خلال العام 2019.",0,none,0,NA,FALSE,uniform_negative,127
ARBK|2025-04-06|DisclosuresDirectorsReport|jsc_DisclosureOfCompanysRiskExposure|0|ar|111,ARBK,2025-04-06,DisclosuresDirectorsReport,jsc_DisclosureOfCompanysRiskExposure,ar,وعلى هذا النحو، فإن التكامل بين ممارسات إدارة المخاطر التشغيلية ومبادرات التحول الرقمي المتواصلة يعزز التزام البنك العربي بالإدارة الفعالة للمخاطر، ورفع كفاءة العمليات، ودعم النمو المستدام ضمن مستويات المخاطر المقبولة .,0,none,0,NA,FALSE,uniform_negative,32
MSFT|2024-03-31|NotesListOfNotes|ifrs-full_DisclosureOfBasisOfPreparationOfFinancialStatementsExplanatory|0|ar|2,MSFT,2024-03-31,NotesListOfNotes,ifrs-full_DisclosureOfBasisOfPreparationOfFinancialStatementsExplanatory,ar,العملة الوظيفية وعملة العرض تم عرض القوائم المالية بالدينار الأردني والذي يمثل العملة الوظيفية للمنشأة.,0,none,0,NA,FALSE,uniform_negative,15
THBK|2023-03-31|DisclosuresDirectorsReport|jsc_TheMembersOfBoardOfDirectorsNamesAndNamesAndRanksOfSeniorExecutiveManagementWithBriefResumeOfEach|0|ar|231,THBK,2023-03-31,DisclosuresDirectorsReport,jsc_TheMembersOfBoardOfDirectorsNamesAndNamesAndRanksOfSeniorExecutiveManagementWithBriefResumeOfEach,ar,• عضو مجلس إدارة / جمعية المحاسبين القانونيين الأردنيين.,0,none,0,NA,FALSE,uniform_negative,9
AMAL|2025-04-24|DisclosuresDirectorsReport|jsc_TheMembersOfBoardOfDirectorsNamesAndNamesAndRanksOfSeniorExecutiveManagementWithBriefResumeOfEach|0|ar|94,AMAL,2025-04-24,DisclosuresDirectorsReport,jsc_TheMembersOfBoardOfDirectorsNamesAndNamesAndRanksOfSeniorExecutiveManagementWithBriefResumeOfEach,ar,عضو اللجنة العليا للإصلاح ذات البن بالإحساء.,0,none,0,NA,FALSE,uniform_negative,7
DERA|2023-04-30|NotesListOfNotes|ifrs-full_DisclosureOfNotesAndOtherExplanatoryInformationExplanatory|0|ar|41,DERA,2023-04-30,NotesListOfNotes,ifrs-full_DisclosureOfNotesAndOtherExplanatoryInformationExplanatory,ar,لم يكن لهذهالتعديلات أثر جوهري على القوائم المالية الموحدة للمجموعة.,0,none,0,NA,FALSE,uniform_negative,10
JOKB|2025-04-17|DisclosuresAuditorsReport|jsc_ReportOnOtherLegalAndRegulatoryRequirementsExplanatory|0|ar|29,JOKB,2025-04-17,DisclosuresAuditorsReport,jsc_ReportOnOtherLegalAndRegulatoryRequirementsExplanatory,ar,تقييم مخصصات التدني لعينة من التسهيلات الائتمانية المتعثرة (المرحلة 3) وفقا لمعيار التقارير المالية الدولي رقم (9).,0,none,0,NA,FALSE,uniform_negative,17
ARBK|2023-04-30|NotesListOfNotes|ifrs-full_DisclosureOfSummaryOfSignificantAccountingPoliciesExplanatory|0|ar|99,ARBK,2023-04-30,NotesListOfNotes,ifrs-full_DisclosureOfSummaryOfSignificantAccountingPoliciesExplanatory,ar,تقوم المجموعة بتحويل الموجودات المالية فقط: إذا قامت المجموعة بتحويل حقوقها التعاقدية لتحصيل التدفقات النقدية من الموجودات المالية.,0,none,0,NA,FALSE,uniform_negative,18
ARBK|2022-04-03|DisclosuresDirectorsReport|jsc_DisclosureOfCompanysRiskExposure|0|ar|90,ARBK,2022-04-03,DisclosuresDirectorsReport,jsc_DisclosureOfCompanysRiskExposure,ar,وتستند قرارات الادارة الائتمانية الى استراتيجية أعمال البنك العربي ومستويات المخاطر المقبولة، ويتم اجراء مراجعة وتحليل لنوعية وجودة المحفظة الائتمانية بشكل دوري وفقا لمؤشرات محددة للأداء كما انها تركز على التنوع الذي يعتبر حجر الأساس لتخفيف وتنويع المخاطر على المستوى الفردي للعملاء وكذلك على المستوى القطاعي والجغرافـي.,0,none,0,NA,FALSE,uniform_negative,47
JOPT|2024-04-30|NotesListOfNotes|ifrs-full_DisclosureOfServiceConcessionArrangementsExplanatory|0|ar|8,JOPT,2024-04-30,NotesListOfNotes,ifrs-full_DisclosureOfServiceConcessionArrangementsExplanatory,ar,الخ) وعلى ان تدقق هذه المخصصات وبياناتها المالية من قبل الحكومة.,0,none,0,NA,FALSE,uniform_negative,11
INVB|2021-03-31|NotesIncomeTax|jsc-rep_DisclosureOfTaxStatus|0|ar|2,INVB,2021-03-31,NotesIncomeTax,jsc-rep_DisclosureOfTaxStatus,ar,قام البنك بتقديم الإقرار الضريبي لعام 2019 حسب الأصول وفي الموعد المحدد قانونًا.,0,none,0,NA,FALSE,uniform_negative,13
HPIC|2021-04-01|DisclosuresAuditorsReport|jsc_AuditorsResponsibilitiesForAuditOfFinancialStatementsExplanatory|0|ar|10,HPIC,2021-04-01,DisclosuresAuditorsReport,jsc_AuditorsResponsibilitiesForAuditOfFinancialStatementsExplanatory,ar,تقييم العرض العام وبنية ومحتوى القوائم المالية الموحدة بما فيها الإيضاحات وفيما إذا كانت القوائم المالية الموحدة تمثل المعاملات والأحداث بشكل يحقق العرض العادل.,0,none,0,NA,FALSE,uniform_negative,24
JVOI|2024-03-21|DisclosuresAuditorsReport|jsc_AuditorsReportOnFinancialStatements|0|ar|6,JVOI,2024-03-21,DisclosuresAuditorsReport,jsc_AuditorsReportOnFinancialStatements,ar,لقد تمت دراسة هذه الأمور ضمن الإطار الكلي لتدقيق القوائم المالية لإبداء رأينا حول هذه القوائم ولا نبدي رأياً منفصلاً حول هذه الأمور.,0,none,0,NA,FALSE,uniform_negative,23
JTEL|2022-04-27|NotesListOfNotes|ifrs-full_DisclosureOfSummaryOfSignificantAccountingPoliciesExplanatory|0|ar|129,JTEL,2022-04-27,NotesListOfNotes,ifrs-full_DisclosureOfSummaryOfSignificantAccountingPoliciesExplanatory,ar,يتم الاعتراف بإيرادات الفوائد باستخدام طريقة الفا ئدة الفعلية بالنسبة لأدوات الدين التي يتم قياسها لاحقا بالتكلفة المطفأة وبالقيمة العادلة من خلال الدخل الشامل الآخر.,0,none,0,NA,FALSE,uniform_negative,25
APOT|2025-04-21|DisclosuresChairmansStatement|jsc_DisclosureOfStatementOfBoardOfDirectorsChairman|0|ar|52,APOT,2025-04-21,DisclosuresChairmansStatement,jsc_DisclosureOfStatementOfBoardOfDirectorsChairman,ar,ولا يقف دور الشركة عند هذا الأمر فحسب؛ إذ إنّها تؤدي دوراً ملموساً على صعيد دعم المجتمعات المحلية، ولا شك أن هذا يدعم بدوره ركيزة تحسين مستوى المعيشة، ويأتي ذلك انطلاقاً من إيمانها الراسخ بمسؤوليتها تجاه هذه المجتمعات، وحرصها الدائم على تعزيز التنمية المستدامة في مختلف الجوانب الصحية، والاقتصادية، والاجتماعية، والبيئية.,0,none,0,NA,FALSE,uniform_negative,51
JMRC|2021-02-25|DisclosuresDirectorsReport|jsc_TheMembersOfBoardOfDirectorsNamesAndNamesAndRanksOfSeniorExecutiveManagementWithBriefResumeOfEach|0|ar|82,JMRC,2021-02-25,DisclosuresDirectorsReport,jsc_TheMembersOfBoardOfDirectorsNamesAndNamesAndRanksOfSeniorExecutiveManagementWithBriefResumeOfEach,ar,الخبرات العملية: عمل في البنك الأهلي منذ عام 2004 حيث شغل وظائف قيادية متعددة .,0,none,0,NA,FALSE,uniform_negative,15
ABCO|2023-04-05|DisclosuresDirectorsReport|jsc_TheMembersOfBoardOfDirectorsNamesAndNamesAndRanksOfSeniorExecutiveManagementWithBriefResumeOfEach|0|ar|181,ABCO,2023-04-05,DisclosuresDirectorsReport,jsc_TheMembersOfBoardOfDirectorsNamesAndNamesAndRanksOfSeniorExecutiveManagementWithBriefResumeOfEach,ar,1- 5/1995 موظف ائتمان Banque Francaise De L’Orient / London – United Kingdom .,0,none,0,NA,FALSE,uniform_negative,14
NDAR|2022-03-31|NotesListOfNotes|ifrs-full_DisclosureOfChangesInAccountingPoliciesExplanatory|0|ar|12,NDAR,2022-03-31,NotesListOfNotes,ifrs-full_DisclosureOfChangesInAccountingPoliciesExplanatory,ar,بدلاً من ذلك ، سوف تعترف الشركة بعائدات المبيعات هذه والتكلفة ذات الصلة في الربح أو الخسارة.,0,none,0,NA,FALSE,uniform_negative,17
SITT|2022-04-28|DisclosuresAuditorsReport|jsc_AuditorsOpinionBasisExplanatory|0|ar|2,SITT,2022-04-28,DisclosuresAuditorsReport,jsc_AuditorsOpinionBasisExplanatory,ar,أساس الرأي لقد قمنا بتدقيقنا وفقا للمعايير الدولية للتدقيق.,0,none,0,NA,FALSE,uniform_negative,9
DERA|2024-04-30|NotesListOfNotes|jsc-rep_DisclosureOfFairValueHierarchy|0|ar|1,DERA,2024-04-30,NotesListOfNotes,jsc-rep_DisclosureOfFairValueHierarchy,ar,المستوى 2: معلومات عن السعر المعلن المتضمن في المستوى 1 والذي يتم رصده للأصل أو الالتزام، سواء بصورة مباشرة (مثل الأسعار) أو غير مباشرة (أي مشتقة من الأسعار).,0,none,0,NA,FALSE,uniform_negative,28
JTEL|2022-04-27|NotesListOfNotes|ifrs-full_DisclosureOfSummaryOfSignificantAccountingPoliciesExplanatory|0|ar|100,JTEL,2022-04-27,NotesListOfNotes,ifrs-full_DisclosureOfSummaryOfSignificantAccountingPoliciesExplanatory,ar,يتم توزيع الربح أو الخسارة وكل بند من بنود الدخل الشامل الى المالكين في الشركة وحصة غير المسيطرين ، يتم توزيع الدخل الشامل للشركات التابعة الى المالكين في الشركة وحصة غير المسيطرين حتى وان كان هذا التوزيع سيؤدي الى ظهور عجز في رصيد حصة غير المسيطرين.,0,none,0,NA,FALSE,uniform_negative,46
HPIC|2023-03-29|NotesListOfNotes|jsc-rep_DisclosureOfCapitalManagement|0|ar|4,HPIC,2023-03-29,NotesListOfNotes,jsc-rep_DisclosureOfCapitalManagement,ar,وكجزء من هذه المراجعة، يقوم مجلس الإدارة بالأخذ بالإعتبار تكلفة رأس المال والمخاطر المرتبطة بكل فئة من فئات رأس المال والدين.,0,none,0,NA,FALSE,uniform_negative,21
NCMD|2023-03-26|DisclosuresDirectorsReport|jsc_TheMembersOfBoardOfDirectorsNamesAndNamesAndRanksOfSeniorExecutiveManagementWithBriefResumeOfEach|0|ar|26,NCMD,2023-03-26,DisclosuresDirectorsReport,jsc_TheMembersOfBoardOfDirectorsNamesAndNamesAndRanksOfSeniorExecutiveManagementWithBriefResumeOfEach,ar,- المدير المالي: عزام محمد معين عبد الفتاح بشتاوي محمد معين عبد الفتاح بشتاوي الاسم عزام محمد معين عبد الفتاح بشتاوي المنصب المدير المالي تاريخ التعيين 11-7-2021 تاريخ الميلاد 1977 الشهادات العلمية بكالوريوس محاسبة / جامعة عمان الاهلية الخبرات العملية رئيس الحسابات نور كابيتال ماركتس للاستثمارات المتعددة نائب رئيس الحسابات ومحاسب رئيسي المركز العربي 2014-2021 رئيس الحسابات شركة الزوراء الصناعية (مزايا) 2021-2014,0,none,0,NA,FALSE,uniform_negative,62
SITT|2023-04-18|DisclosuresDirectorsReport|jsc_DisclosureOfIssuingCompanysOrganizationalChartNumberOfItsEmployeesAndTheirClassesOfQualificationAndItsPersonnelQualifyingAndTrainingPrograms|0|ar|3,SITT,2023-04-18,DisclosuresDirectorsReport,jsc_DisclosureOfIssuingCompanysOrganizationalChartNumberOfItsEmployeesAndTheirClassesOfQualificationAndItsPersonnelQualifyingAndTrainingPrograms,ar,تحقيق إنتماء الموظف إلى الشركة بشكل أكبر، وتحسين الموظفين من الجانب المعنوي.,0,none,0,NA,FALSE,uniform_negative,12
NDAR|2021-04-15|NotesListOfNotes|ifrs-full_DisclosureOfSummaryOfSignificantAccountingPoliciesExplanatory|0|ar|15,NDAR,2021-04-15,NotesListOfNotes,ifrs-full_DisclosureOfSummaryOfSignificantAccountingPoliciesExplanatory,ar,• التعديلات على الإطار المفاهيمي - أصدر مجلس معايير المحاسبة الدولية إطاراً مفاهيمياً معدلاً سيتم استخدامه في قرارات وضع المعايير بأثر فوري.,0,none,0,NA,FALSE,uniform_negative,22
RUMI|2021-04-29|DisclosuresDirectorsReport|jsc_DisclosureOfCompanysAccomplishmentsSupportedByQuantitativeIndicatorsAndDescriptionOfSignificantOccurrencesToCompanyDuringFiscalYear|0|ar|0,RUMI,2021-04-29,DisclosuresDirectorsReport,jsc_DisclosureOfCompanysAccomplishmentsSupportedByQuantitativeIndicatorsAndDescriptionOfSignificantOccurrencesToCompanyDuringFiscalYear,ar,"الانجازات التي حققتها الشركة خلال السنه الماليه 2020 : تم تنفيذ خطط التطوير الفنية و منصات التداول عبر الانترنت و تطبيقات الهواتف الذكية , لزياده الانتاجيه و تقليل الكلف التشغيليه .",0,none,0,NA,FALSE,uniform_negative,31
APOT|2025-04-21|CorporateGovernanceReport|jsc-rep_DisclosureOfNumberOfBoardMeetingsDuringYearWithMembersPresent|0|ar|1,APOT,2025-04-21,CorporateGovernanceReport,jsc-rep_DisclosureOfNumberOfBoardMeetingsDuringYearWithMembersPresent,ar,"الاسم الاجتماع الأول 20/03/2024 الاجتماع الثاني 28/04/2024 الاجتماع الثالث 29/04/2024 الاجتماع الرابع 16/07/2024 الاجتماع الخامس 16/10/2024 الاجتماع السادس 17/12/2024 الاجتماع السابع 18/12/2024 المجموع نسبة الحضور معالي المهندس شحادة عبد الله الحمد أبو هديب 1 1 1 1 1 1 1 7 100% السيد ""أحمد جمال” نواف محمد البطاينة 1 1 1 1 1 1 1 7 100% المهندس مفرح دخيل الله جمعة الطراونة 1 1 1 1 1 1 1 7 100% الأستاذ الدكتور فياض ملفي عقيل القضاة حتى 18/09/2024 1 1 1 1 - - - 5 100% السيد جو ويليانغ 1 1 1 1 1 1 1 7 100% Mr.",0,none,0,NA,FALSE,uniform_negative,102
JOPT|2022-04-21|NotesListOfNotes|jsc-rep_DisclosureOfVoluntaryReserves|0|ar|0,JOPT,2022-04-21,NotesListOfNotes,jsc-rep_DisclosureOfVoluntaryReserves,ar,إحتياطي إختياري يمثل هذا البند ما يتم تحويله من الأرباح السنوية قبل الضرائب بنسبة حدها الأقصى 20% ، ويستخدم الإحتياطي في الأغراض التي يقررها مجلس الإدارة ويحق للهيئة العامة رسملته أو توزيعه بالكامل أو أي جزء منه كأرباح على المساهمين ، قررت الهيئة العامة في إجتماعها العادي المنعقد بتاريخ 27 نيسان 2019 تخصيص مبلغ 8.538.579 دينار لحساب الإحتياطي الإختياري من حساب الأرباح المدورة ، كما وقررت استعمال رصيد الاحتياطي الاختياري المتجمع لأغراض مشروع التوسعة الرابع وقررت الهيئة العامة في اجتماعها العادي المنعقد بتاريخ 15 حزيران 2020 تخصيص مبلغ 10.428.215 دينار لحساب الإحتياطي الإختياري من حساب الأرباح المدورة ، كما وقررت استعمال رصيد الاحتياطي الاختياري المتجمع لأغراض مشروع التوسعة الرابع ، وقررت الهيئة العامة في إجتماعها العادي المنعقد بتاريخ 28 نيسان 2021 استمرار استعمال رصيد الاحتياطي الاختياري المتجمع لأغراض مشروع التوسعة الرابع.,0,none,0,NA,FALSE,uniform_negative,131
AQAR|2022-03-29|NotesListOfNotes|ifrs-full_DisclosureOfBasisOfConsolidationExplanatory|0|ar|5,AQAR,2022-03-29,NotesListOfNotes,ifrs-full_DisclosureOfBasisOfConsolidationExplanatory,ar,تمثل حقوق غير المسيطرين ذلك الجزء غير المملوك من قبل المجموعة في حقوق ملكية الشركة التابعة.,0,none,0,NA,FALSE,uniform_negative,16
ARBK|2022-04-03|NotesListOfNotes|ifrs-full_DisclosureOfMarketRiskExplanatory|0|ar|2,ARBK,2022-04-03,NotesListOfNotes,ifrs-full_DisclosureOfMarketRiskExplanatory,ar,مخاطر أسعار الفائدة تعتبر مخاطر أسعار الفائدة لدى المجموعة محدودة، وتتم إدارتها ومراقبتها بصورة مستمرة.,0,none,0,NA,FALSE,uniform_negative,15
SITT|2021-04-30|CorporateGovernanceReport|jsc-rep_DisclosureOfInformationAndDetailsRegardingApplicationOfProvisionsOfTheseInstructionsAndCorporateGovernanceRulesInCompany|0|ar|15,SITT,2021-04-30,CorporateGovernanceReport,jsc-rep_DisclosureOfInformationAndDetailsRegardingApplicationOfProvisionsOfTheseInstructionsAndCorporateGovernanceRulesInCompany,ar,وقد قامت شركة السلام بوضع هذه اللآئحه لتفادي فقدان الموضوعيه، والحفاظ على استقلالية أصحاب القرار بما تخدم مصلحة المساهمين .,0,none,0,NA,FALSE,uniform_negative,20
ARBK|2024-04-28|DisclosuresDirectorsReport|jsc_DisclosureOfCompanysAccomplishmentsSupportedByQuantitativeIndicatorsAndDescriptionOfSignificantOccurrencesToCompanyDuringFiscalYear|0|ar|27,ARBK,2024-04-28,DisclosuresDirectorsReport,jsc_DisclosureOfCompanysAccomplishmentsSupportedByQuantitativeIndicatorsAndDescriptionOfSignificantOccurrencesToCompanyDuringFiscalYear,ar,والجدير بالذكر ان هذه المنتجات والخدمات يتم تقديمها من قبل مديري علاقات الثروات المعتمدين لدى البنك من خلال مركز الخدمات المصرفية الخاصة وإدارة الثروات.,0,none,0,NA,FALSE,uniform_negative,24
AEIV|2021-05-04|DisclosuresAuditorsReport|jsc_DisclosureOfAuditorsReportTextBlock|0|ar|9,AEIV,2021-05-04,DisclosuresAuditorsReport,jsc_DisclosureOfAuditorsReportTextBlock,ar,إن مجلس إدارة الشركة مسؤول عن صحة هذه المعلومات، وإن رأينا حول القوائم المالية الموحدة للشركة لا يشمل هذه المعلومات ولا يتضمن أي شكل من أشكال التأكيد بخصوصها، حيث تقتصر مسؤوليتنا على قراءة هذه المعلومات لتحديد فيما إذا كانت تتضمن أية أخطاء جوهرية أو إذا كانت تتعارض بشكل جوهري مع القوائم المالية الموحدة للشركة أو المعلومات التي حصلنا عليها خلال عملية التدقيق، وإذا تبين لنا نتيجة قيامنا بعملنا وجود خطأ جوهري في هذه المعلومات فإنه يجب علينا الإشارة الى ذلك في تقريرنا حول القوائم المالية الموحدة للشركة.,0,none,0,NA,FALSE,uniform_negative,87
ZARA|2025-04-30|NotesListOfNotes|ifrs-full_DisclosureOfEntitysReportableSegmentsExplanatory|0|ar|3,ZARA,2025-04-30,NotesListOfNotes,ifrs-full_DisclosureOfEntitysReportableSegmentsExplanatory,ar,قطاعات أخرى: تتمثل في معاملات الشركة القابضة وقطاعات أخرى.,0,none,0,NA,FALSE,uniform_negative,9
JTEL|2024-04-25|NotesListOfNotes|ifrs-full_DisclosureOfSummaryOfSignificantAccountingPoliciesExplanatory|0|ar|290,JTEL,2024-04-25,NotesListOfNotes,ifrs-full_DisclosureOfSummaryOfSignificantAccountingPoliciesExplanatory,ar,في مثل هذه الحالات، يتم إثبات الإيرادات بالصافي من المبالغ المحولة إلى الطرف الثالث.,0,none,0,NA,FALSE,uniform_negative,14
INVB|2021-05-18|DisclosuresAuditorsReport|jsc_AuditorsResponsibilitiesForAuditOfFinancialStatementsExplanatory|0|ar|8,INVB,2021-05-18,DisclosuresAuditorsReport,jsc_AuditorsResponsibilitiesForAuditOfFinancialStatementsExplanatory,ar,التوصل إلى استنتاج حول مدى ملاءمة استخدام الإدارة للأساس المحاسبي للمنشأة المستمرة، وفي ما إذا كانت هناك شكوك جوهرية، بناءً على أدلة التدقيق التي تم الحصول عليها، متعلقة بأحداث أو ظروف قد تشكك في قدرة المجموعة على الاستمرار كمنشأة مستمرة.,0,none,0,NA,FALSE,uniform_negative,40
JMRC|2022-02-15|CorporateGovernanceReport|jsc-rep_DisclosureOfNamesOfCommitteesEmanatingFromBoardOfDirectors|0|ar|1,JMRC,2022-02-15,CorporateGovernanceReport,jsc-rep_DisclosureOfNamesOfCommitteesEmanatingFromBoardOfDirectors,ar,لجنة الترشيحات والمكافآت 3.,0,none,0,NA,FALSE,uniform_negative,4
THBK|2022-03-31|NotesListOfNotes|ifrs-full_DisclosureOfCreditRiskExplanatory|0|ar|34,THBK,2022-03-31,NotesListOfNotes,ifrs-full_DisclosureOfCreditRiskExplanatory,ar,"للوصول إلى نسب الإستغلال المتوقعة تم عمل دراسة على نسب الاستغلال لسقوف التسهيلات الغير مباشرة وكانت نسب الإستغلال تتراوح من 34,2% إلى 36.8% .",0,none,0,NA,FALSE,uniform_negative,24
JTEL|2024-04-25|DisclosuresDirectorsReport|jsc_DisclosureOfCompanysAccomplishmentsSupportedByQuantitativeIndicatorsAndDescriptionOfSignificantOccurrencesToCompanyDuringFiscalYear|0|ar|43,JTEL,2024-04-25,DisclosuresDirectorsReport,jsc_DisclosureOfCompanysAccomplishmentsSupportedByQuantitativeIndicatorsAndDescriptionOfSignificantOccurrencesToCompanyDuringFiscalYear,ar,السيولة ومصادر رأس المال إن المصدر الأساسي للسيولة يأتي من صافي النقد من الأنشطة التشغيلية والذي انخفض في العام 2023 بنسبة 1.4% ليصل إلى 124.2 مليون دينار أردن ي مقارنة بمبلغ 126.0 مليون دينار أردني في العام 2022.,0,none,0,NA,FALSE,uniform_negative,38
ARBK|2024-04-28|NotesListOfNotes|jsc-rep_AdoptionOfNewAndRevisedInternationalFinancialReportingStandards|0|ar|30,ARBK,2024-04-28,NotesListOfNotes,jsc-rep_AdoptionOfNewAndRevisedInternationalFinancialReportingStandards,ar,تعديلات على معيار المحاسبة الدولي (1) عرض القوائم المالية - الالتزامات غير المتداولة مع التعهدات تحدد التعديلات أن التعهدات التي يتعين على المنشأة الالتزام بها في أو قبل نهاية فترة التقرير فقط هي التي تؤثر على حق المنشأة في تأجيل تسوية الالتزام لمدة اثني عشر شهرًا على الأقل بعد تاريخ التقرير (وبالتالي يجب أخذها في الاعتبار عند تقييم تصنيف الالتزام على أنه متداول أو غير متداول).,0,none,0,NA,FALSE,uniform_negative,66
ABCO|2023-04-05|NotesListOfNotes|jsc-rep_DisclosureOfRiskManagement|0|ar|39,ABCO,2023-04-05,NotesListOfNotes,jsc-rep_DisclosureOfRiskManagement,ar,تقوم اللجنة التوجيهية لإدارة تطبيق المعيار (9) في البنك برئاسة السيد المدير العام وعضوية كل من رؤساء الإدارات التنفيذية المعنية في التطبيق والمؤلفة من رؤساء قطاعات الاعمال المختلفة، مجموعة الدعم والمساندة، إدارة المخاطر، الرقابة المالية، إدارة أنظمة المعلومات، بالإشراف على تطبيق المعيار (9) حيث يناط لهذه اللجنة مسؤولية تطبيق المعيار والتأكد من قيام الدوائر المعنية في تنفيذ متطلبات المعيار(9) كل حسب الاختصاص والالتزام بالأدوار الموكلة اليهم وتنفيذ الإجراءات المتعلقة بتنفيذ خطوات ومراحل تطبيق هذه المعيار في البنك ، وعرض نتائج الانجاز أولاً بأول ، والتنسيق مع لجان الائتمان المختلفة في البنك للحصول على الموافقات اللازمة للحالات التي تستدعي اجراء تعديل على نتائج احتساب حجم الخسائر المتوقعة ومراجعة نتائج احتساب حجم الخسائر الائتمانية.,0,none,0,NA,FALSE,uniform_negative,112
INVB|2023-04-27|NotesIncomeTax|jsc-rep_DisclosureOfTaxStatus|0|ar|19,INVB,2023-04-27,NotesIncomeTax,jsc-rep_DisclosureOfTaxStatus,ar,- قامت الشركة بتقديم الإقرارات الضريبة العامة على المبيعات في الموعد المحدد قانونًا، وقد قامت دائرة ضريبة الدخل والمبيعات بتدقيق الإقرارات المقدمة لنهاية عام 2016، علما بأن الاقرارات المقدمة عن الفترات الضريبية لنهاية العام 2017 تعتبر مقبولة حسب احكام القانون والإقرارات الضريبية المتعلقة بالفترات اللاحقة مقدمة في موعدها وحسب الأصول.,0,none,0,NA,FALSE,uniform_negative,50
MSFT|2021-03-31|CorporateGovernanceReport|jsc-rep_DisclosureOfExecutivePositionsInCompanyAndNamesOfThePersonsWhoOccupyThem|0|ar|0,MSFT,2021-03-31,CorporateGovernanceReport,jsc-rep_DisclosureOfExecutivePositionsInCompanyAndNamesOfThePersonsWhoOccupyThem,ar,المناصب التنفيذية وأسماء شاغليها المدير المالي و القائم بأعمال المدير العام السيد احمد جميل ياسين مدير العلميات والتشغيل السيد خلدون عوني قطوري لغاية 1-12-2020 مدير دائرة الصيانة المهندس محمد محمود العمري,0,none,0,NA,FALSE,uniform_negative,31
JOKB|2025-04-17|NotesListOfNotes|ifrs-full_DisclosureOfSummaryOfSignificantAccountingPoliciesExplanatory|0|ar|73,JOKB,2025-04-17,NotesListOfNotes,ifrs-full_DisclosureOfSummaryOfSignificantAccountingPoliciesExplanatory,ar,· إن كانت المطلوبات المالية تمثل جزءً من محفظة تُدار على أساس القيمة العادلة، وفقاً لإستراتيجية موثقة لإدارة المخاطر أو الإستثمار.,0,none,0,NA,FALSE,uniform_negative,21
JVOI|2025-03-12|DisclosuresDirectorsReport|jsc_DisclosureOfCompanysAccomplishmentsSupportedByQuantitativeIndicatorsAndDescriptionOfSignificantOccurrencesToCompanyDuringFiscalYear|0|ar|9,JVOI,2025-03-12,DisclosuresDirectorsReport,jsc_DisclosureOfCompanysAccomplishmentsSupportedByQuantitativeIndicatorsAndDescriptionOfSignificantOccurrencesToCompanyDuringFiscalYear,ar,تأسيس غرفة اجتماعات وقسم مرافق صحية في قسم الإنتاج .,0,none,0,NA,FALSE,uniform_negative,10
THBK|2023-03-31|DisclosuresAuditorsReport|jsc_KeyAuditMattersExplanatory|0|ar|23,THBK,2023-03-31,DisclosuresAuditorsReport,jsc_KeyAuditMattersExplanatory,ar,على وجه الخصوص ، تعتبر الضوابط المدمجة ذات الصلة ضرورية للحد من احتمال الخطأ نتيجة للتغيير في التطبيق أو البيانات الأساسية.,0,none,0,NA,FALSE,uniform_negative,21
INVB|2025-08-18|DisclosuresDirectorsReport|jsc_DisclosureOfCompanysRiskExposure|0|ar|19,INVB,2025-08-18,DisclosuresDirectorsReport,jsc_DisclosureOfCompanysRiskExposure,ar,تحليل حساسية أسعار الفائدة للموجودات المالية .,0,none,0,NA,FALSE,uniform_negative,7
ARBK|2022-04-03|NotesListOfNotes|jsc-rep_DisclosureOfRiskManagement|0|ar|9,ARBK,2022-04-03,NotesListOfNotes,jsc-rep_DisclosureOfRiskManagement,ar,كما ويشار في هذا المجال إلى محفظة استثمارات المجموعة من الأسهم، حيث تشكل هذه الاستثمارات نسبة متدنية من إجمالي استثمارات المجموعة.,0,none,0,NA,FALSE,uniform_negative,21
JOPT|2024-04-30|NotesListOfNotes|jsc-rep_AdoptionOfNewAndRevisedInternationalFinancialReportingStandards|0|ar|6,JOPT,2024-04-30,NotesListOfNotes,jsc-rep_AdoptionOfNewAndRevisedInternationalFinancialReportingStandards,ar,"وضع مجلس المعايير أيضاً إرشادات وأمثلة لشرح وإثبات تطبيق ""عملية الأهمية النسبية المكونة من أربع خطوات"" الموضحة في بيان الممارسة (2) الخاص بالمعايير الدولية لإعداد التقارير المالية.",0,none,0,NA,FALSE,uniform_negative,27
NAST|2024-03-10|CorporateGovernanceReport|jsc-rep_DisclosureOfNamesOfCurrentAndResigningBoardMembersDuringYearAndDeterminingWhetherMemberIsExecutiveNonExecutiveIndependentOrNonIndependent|0|ar|9,NAST,2024-03-10,CorporateGovernanceReport,jsc-rep_DisclosureOfNamesOfCurrentAndResigningBoardMembersDuringYearAndDeterminingWhetherMemberIsExecutiveNonExecutiveIndependentOrNonIndependent,ar,وضع آلية لاستقبال الشكاوي والاقتراحات المقدمة من قبل المساهمين بما في ذلك ادراج مواضيع معينة يطلب ادراجها على جدول اجتماع الهيئة العامة .,0,none,0,NA,FALSE,uniform_negative,23
AEIN|2021-04-28|DisclosuresDirectorsReport|jsc_DisclosureOfImportantProspectiveDevelopmentsIncludingAnyNewExpansionsAndProjectsCompanysProposedPlanForAtLeastOneUpcomingYearAndBoardOfDirectorsForecastsForOutcomesOfCompanyActivities|0|ar|0,AEIN,2021-04-28,DisclosuresDirectorsReport,jsc_DisclosureOfImportantProspectiveDevelopmentsIncludingAnyNewExpansionsAndProjectsCompanysProposedPlanForAtLeastOneUpcomingYearAndBoardOfDirectorsForecastsForOutcomesOfCompanyActivities,ar,التطورات المستقبلية الهامة بما فـي ذلك أي توسعات أو مشروعات جديدة، والخطة المستقبلية للشركة لسنة قادمة على الأقل وتوقعات مجلس الإدارة لنتائج أعمال الشركة تحديث وتطوير خطوط الإنتاج لزيادة الطاقة الإنتاجية لكافة الأصناف وانتاج اصناف جديدة لتلبية احتياجات الاسواق وزيادة المبيعات.,0,none,0,NA,FALSE,uniform_negative,41
JOPT|2023-04-30|NotesListOfNotes|ifrs-full_DisclosureOfSummaryOfSignificantAccountingPoliciesExplanatory|0|ar|44,JOPT,2023-04-30,NotesListOfNotes,ifrs-full_DisclosureOfSummaryOfSignificantAccountingPoliciesExplanatory,ar,تهدف طرق التقييم الى الحصول على قيمة عادلة تعكس توقعات السوق وتأخذ بالإعتبار العوامل السوقية وأية مخاطر أو منافع متوقعه عند تقدير قيمة الأدوات المالية.,0,none,0,NA,FALSE,uniform_negative,25
AIFE|2024-03-14|DisclosuresAuditorsReport|jsc_DisclosureOfAuditorsReportTextBlock|0|ar|21,AIFE,2024-03-14,DisclosuresAuditorsReport,jsc_DisclosureOfAuditorsReportTextBlock,ar,تقييم محتوى وطريقة عرض القوائم المالية الموحدة والإفصاحات الخاصة بها، وتحديد فيما إذا كانت هذه القوائم تعكس العمليات الأساسية للشركة والأحداث الخاصة بها بشكل عادل.,0,none,0,NA,FALSE,uniform_negative,25
DERA|2024-04-30|DisclosuresAuditorsReport|jsc_AuditorsReportOnFinancialStatements|0|ar|21,DERA,2024-04-30,DisclosuresAuditorsReport,jsc_AuditorsReportOnFinancialStatements,ar,التأكيد المعقول هو مستوى عال من التأكيد، ولكن إجراءات التدقيق التي قمنا بها وفقاً للمعايير الدولية للتدقيق لا تضمن دائماً اكتشاف الأخطاء الجوهرية حتى وإن وجدت.,0,none,0,NA,FALSE,uniform_negative,26
NDAR|2023-03-30|DisclosuresDirectorsReport|jsc_DisclosureOfAnalysisOfCompanysFinancialStatusAndOfResultsOfItsActivitiesForFiscalYear|0|ar|1,NDAR,2023-03-30,DisclosuresDirectorsReport,jsc_DisclosureOfAnalysisOfCompanysFinancialStatusAndOfResultsOfItsActivitiesForFiscalYear,ar,الرقم النسبة المالية 2022 2021 1 نسبة اجمالي الربح 23.67% 22.69% 2 نسبة صافي الربح (الخسارة) 4.0% 2.3% 3 نسبة التداول 1.68 مرة 1.48 مرة 4 نسبة السيوله 1.00 مرة 1.00 مرة 5 معدل دوران المخزون 5.17 مرة 3.75 مرة 6 معدل دوران الذمم المدينة 3.43 مرة 2.92 مرة 7 معدل دوران الذمم الدائنة 3.41 مرة 3.20 مرة 8 العائد على حقوق المساهمين 6.7% 4.0% 9 العائد على الإستثمار 3.8% 2.1%,0,none,0,NA,FALSE,uniform_negative,71
ARBK|2022-04-03|CorporateGovernanceReport|jsc-rep_DisclosureOfInformationAndDetailsRegardingApplicationOfProvisionsOfTheseInstructionsAndCorporateGovernanceRulesInCompany|0|ar|108,ARBK,2022-04-03,CorporateGovernanceReport,jsc-rep_DisclosureOfInformationAndDetailsRegardingApplicationOfProvisionsOfTheseInstructionsAndCorporateGovernanceRulesInCompany,ar,تتألف من ثلاثة أعضاء على الأقل من المجلس غالبيتهم من الأعضاء المستقلين وعلى أن تضم رئيس المجلس وتتولى هذه اللجنة التوجيه والإشراف على إعداد دليل الحاكمية المؤسسية وتحديثه ومراقبة تطبيقه.,0,none,0,NA,FALSE,uniform_negative,30
JOTF|2023-03-27|DisclosuresAuditorsReport|jsc_AuditorsReportOnFinancialStatements|0|ar|6,JOTF,2023-03-27,DisclosuresAuditorsReport,jsc_AuditorsReportOnFinancialStatements,ar,أمور التدقيق الهامة تعتبر أمور التدقيق الرئيسية، وفقا لاجتهادنا المهني، الأكثر أهمية في تدقيقنا للقوائم المالية الموحدة للسنة الحالية.,0,none,0,NA,FALSE,uniform_negative,19
HPIC|2025-03-24|CorporateGovernanceReport|jsc-rep_DisclosureOfInformationAndDetailsRegardingApplicationOfProvisionsOfTheseInstructionsAndCorporateGovernanceRulesInCompany|0|ar|11,HPIC,2025-03-24,CorporateGovernanceReport,jsc-rep_DisclosureOfInformationAndDetailsRegardingApplicationOfProvisionsOfTheseInstructionsAndCorporateGovernanceRulesInCompany,ar,بالإضافة إلى ذلك، راجعت اللجنة آليات عرض التقرير السنوي وتقرير الحوكمة لضمان الامتثال لأي تعديلاتٍ صادرةٍ عن الهيئات الرقابية، وعملت على تطوير إجراءات عمل خطية تُمكِّن اللجنة من تنفيذ مهامها ومسؤولياتها وفقًا للمعايير المعتمدة.,0,none,0,NA,FALSE,uniform_negative,34
THBK|2024-03-31|NotesListOfNotes|jsc-rep_DisclosureOfRiskManagement|0|ar|2,THBK,2024-03-31,NotesListOfNotes,jsc-rep_DisclosureOfRiskManagement,ar,ان مستويات المخاطر المقبولة تتلاءم مع استراتيجية البنك وتضع إطار عمل للآلية التي يجب على البنك اعتمادها لتسيير اعماله، وتوضح طبيعة المخاطر التي يقبلها البنك في سبيل تحقيق أهدافه الاستراتيجية ، وتضع الاجراءات التي يتم من خلالها تحديد ومراقبة مستويات المخاطر المقبولة.,0,none,0,NA,FALSE,uniform_negative,42
NATA|2023-04-17|NotesListOfNotes|ifrs-full_DisclosureOfInvestmentsAccountedForUsingEquityMethodExplanatory|0|ar|1,NATA,2023-04-17,NotesListOfNotes,ifrs-full_DisclosureOfInvestmentsAccountedForUsingEquityMethodExplanatory,ar,تظهر الاستثمارات بموجب طريقة حقوق الملكية بالكلفة مضافا إليها حصة الشركة من أية تغيرات في صافي موجودات الشركة الزميلة.,0,none,0,NA,FALSE,uniform_negative,19
JTEL|2024-04-25|NotesListOfNotes|ifrs-full_DisclosureOfSummaryOfSignificantAccountingPoliciesExplanatory|0|ar|74,JTEL,2024-04-25,NotesListOfNotes,ifrs-full_DisclosureOfSummaryOfSignificantAccountingPoliciesExplanatory,ar,يتم توزيع الربح أو الخسارة وكل بند من بنود الدخل الشامل الى المالكين في الشركة وحصة غير المسيطرين ، يتم توزيع الدخل الشامل للشركات التابعة الى المالكين في الشركة وحصة غير المسيطرين حتى وان كان هذا التوزيع سيؤدي الى ظهور عجز في رصيد حصة غير المسيطرين.,0,none,0,NA,FALSE,uniform_negative,46
JOPT|2023-04-30|NotesListOfNotes|ifrs-full_DisclosureOfSummaryOfSignificantAccountingPoliciesExplanatory|0|ar|23,JOPT,2023-04-30,NotesListOfNotes,ifrs-full_DisclosureOfSummaryOfSignificantAccountingPoliciesExplanatory,ar,** تم رفع رأس مال الشركة الاردنية لصناعة الزيوت المعدنية الى ستة ملايين دينار بموجب قرار مجلس ادارة الشركة رقم (97-1 / 2021) المتخذ في جلسته المنعقدة بتاريخ 30 كانون الأول 2021 وذلك تمهيداً لتفعيلها وإلحاق كامل نشاطات الزيوت المعدنية المختلفة ومصنع الزيوت لها ، كما تم استكمال اجراءات رفع راس مال الشركة الاردنية لصناعة الزيوت المعدنية بتاريخ 21 آذار 2022 ليصبح رأس مال الشركة المصرح به والمدفوع ستة ملايين دينار، علماً بأن هذه الشركة قد تم تفعيلها وباشرت أعمالها التجارية إعتباراً من تاريخ الأول من نيسان 2022 وتم إلحاق كامل نشاطات الزيوت المعدنية المختلفة ومصنع الزيوت لها .,0,none,0,NA,FALSE,uniform_negative,99
DERA|2023-04-30|NotesListOfNotes|ifrs-full_DisclosureOfSummaryOfSignificantAccountingPoliciesExplanatory|0|ar|2,DERA,2023-04-30,NotesListOfNotes,ifrs-full_DisclosureOfSummaryOfSignificantAccountingPoliciesExplanatory,ar,"كما أضاف المجلس استثناء لمبدأ الاعتراف بمعيار التقارير المالية الدولي رقم (3) لتجنب إمكانية ظهور أرباح أو خسائر ""اليوم الثاني"" للمطلوبات والالتزامات المحتملة المشمولة ضمن نطاق معيار المحاسبة الدولي رقم (37) أو تفسير لجنة تفسير معايير التقارير المالية الدولية رقم (21) في حال تكبدها بشكل منفصل.",0,none,0,NA,FALSE,uniform_negative,46
INVB|2021-04-28|NotesListOfNotes|ifrs-full_DisclosureOfAccountingJudgementsAndEstimatesExplanatory|0|ar|45,INVB,2021-04-28,NotesListOfNotes,ifrs-full_DisclosureOfAccountingJudgementsAndEstimatesExplanatory,ar,يتم تضمين خيارات التمديد (أو الفترات التي تلي خيارات الإنهاء) فقط في مدة عقد الإيجار إذا كان عقد الإيجار مؤكدًا بشكل معقول أن يتم تمديده (أو لم يتم إنهائه).,0,none,0,NA,FALSE,uniform_negative,29
MSFT|2024-03-31|DisclosuresDirectorsReport|jsc_TheMembersOfBoardOfDirectorsNamesAndNamesAndRanksOfSeniorExecutiveManagementWithBriefResumeOfEach|0|ar|14,MSFT,2024-03-31,DisclosuresDirectorsReport,jsc_TheMembersOfBoardOfDirectorsNamesAndNamesAndRanksOfSeniorExecutiveManagementWithBriefResumeOfEach,ar,5 - السيد عماد حمزة نديم الخليلي عضو مجلس الادارة تاريخ العضوية : 21 / 4 / 2022 المؤهل العلمي : ماجستير مالية و استشارات.,0,none,0,NA,FALSE,uniform_negative,25
INVB|2021-04-28|DisclosuresDirectorsReport|jsc_TheMembersOfBoardOfDirectorsNamesAndNamesAndRanksOfSeniorExecutiveManagementWithBriefResumeOfEach|0|ar|101,INVB,2021-04-28,DisclosuresDirectorsReport,jsc_TheMembersOfBoardOfDirectorsNamesAndNamesAndRanksOfSeniorExecutiveManagementWithBriefResumeOfEach,ar,2017- 2014 مسؤول وحدة مكافحة غسل الأموال وتمويل الارهاب / بنك الأردن 2014- 2010 Deputy Section Head of the Compliance and Anti Money Laundry Division بنك عودة 2010 - 2010 ضابط مكافحة غسل الأموال وتمويل الارهاب / بنك القاهرة عمان 2010 – 2008 ضابط شؤون إدارية / بنك القاهرة عمان 2008 – 2006 ضابط كفالات محلية / بنك القاهرة عمان 2006 – 2004 ضابط موارد بشرية / بنك القاهرة عمان,0,none,0,NA,FALSE,uniform_negative,70
ARBK|2024-04-28|DisclosuresDirectorsReport|jsc_DisclosureOfCompanysAccomplishmentsSupportedByQuantitativeIndicatorsAndDescriptionOfSignificantOccurrencesToCompanyDuringFiscalYear|0|ar|54,ARBK,2024-04-28,DisclosuresDirectorsReport,jsc_DisclosureOfCompanysAccomplishmentsSupportedByQuantitativeIndicatorsAndDescriptionOfSignificantOccurrencesToCompanyDuringFiscalYear,ar,أتاح هذا التعاون تقديم مجموعة من الحلول الرقمية المميزة لخدمة جميع أفراد المجتمع بما في ذلك تحويلات الرواتب.,0,none,0,NA,FALSE,uniform_negative,18
JTEL|2023-04-27|DisclosuresDirectorsReport|jsc_TheMembersOfBoardOfDirectorsNamesAndNamesAndRanksOfSeniorExecutiveManagementWithBriefResumeOfEach|0|ar|107,JTEL,2023-04-27,DisclosuresDirectorsReport,jsc_TheMembersOfBoardOfDirectorsNamesAndNamesAndRanksOfSeniorExecutiveManagementWithBriefResumeOfEach,ar,شغل السيد إيفر سابقاً عدة مناصب في - Orange Innovation Orange الشرق الأوسط وأفريقيا (OMEA) وOrange للبيع بالجملة وقسم خدمات Orange للأعمال.,0,none,0,NA,FALSE,uniform_negative,22
SURA|2024-04-23|DisclosuresChairmansStatement|jsc_DisclosureOfStatementOfBoardOfDirectorsChairman|0|ar|1,SURA,2024-04-23,DisclosuresChairmansStatement,jsc_DisclosureOfStatementOfBoardOfDirectorsChairman,ar,أما بعد،،، منذ بداية العام 2020 وضعنا نصب أعيننا متابعة قضية شركتنا مع السيد فايز الفاعوري، وبعد صدور قرار محكمة التمييز لصالحنا، وبعد طلب وكيل الخصم لعمل تسوية جادة، أرتئينا من مصلحة الشركة توقيع التسوية بتاريخ 7/9/2020، ونظراً لعدم اتمامها فقد قمنا بتنفيذ حكم التمييز حيث ان القرار كان ضرورياً للمحافظة على حقوق المساهمين في الشركة، والجميع يعلم تفاصيل قضية فايز الفاعوري.,0,none,0,NA,FALSE,uniform_negative,62
ABCO|2021-04-25|NotesListOfNotes|ifrs-full_DisclosureOfSummaryOfSignificantAccountingPoliciesExplanatory|0|ar|43,ABCO,2021-04-25,NotesListOfNotes,ifrs-full_DisclosureOfSummaryOfSignificantAccountingPoliciesExplanatory,ar,وبخصوص الموجودات المالية المتدنية إئتمانياً ، تُحتسب إيرادات الفوائد من خلال تطبيق معدل الفائدة الفعال على التكلفة المطفأة للموجودات المالية المتدنية إئتمانياً (أي إجمالي القيمة الدفترية مطروحاً منه مخصص خسائر الإئتمان المتوقعة).,0,none,0,NA,FALSE,uniform_negative,32
INVB|2021-05-18|NotesListOfNotes|ifrs-full_DisclosureOfEntitysReportableSegmentsExplanatory|0|ar|1,INVB,2021-05-18,NotesListOfNotes,ifrs-full_DisclosureOfEntitysReportableSegmentsExplanatory,ar,حسابات الأفراد: يشمل متابعة ودائع العملاء الأفراد ومنحهم التسهيلات الائتمانية والبطاقات الائتمانية وخدمات أخرى.,0,none,0,NA,FALSE,uniform_negative,14
ICAG|2024-04-03|DisclosuresDirectorsReport|jsc_DescriptionOfSubsidiaryCompaniesNatureOfTheirBusinessAndTheirAreasOfActivity|0|ar|0,ICAG,2024-04-03,DisclosuresDirectorsReport,jsc_DescriptionOfSubsidiaryCompaniesNatureOfTheirBusinessAndTheirAreasOfActivity,ar,الشركة التابعة هي الشركة المتحدة لصناعة السلفوكيماويات والمنظفات ونشاطها الرئيسي صناعة مساحيق التنظيف الجافة والمواد الخام اللازمة لصناعة المنظفات (السلفونيك اسيد والصوديوم لوريل),0,none,0,NA,FALSE,uniform_negative,23
INVB|2021-03-31|DisclosuresAuditorsReport|jsc_KeyAuditMattersExplanatory|0|ar|6,INVB,2021-03-31,DisclosuresAuditorsReport,jsc_KeyAuditMattersExplanatory,ar,يُعد قياس الخسائر الائتمانية المتوقعة من أمور التدقيق الهامة لأن المجموعة تطبق أحكاماً هامة وتضع عدداً من الافتراضات حول معايير تصنيف المراحل المطبقة على الأدوات المالية وحول إعداد نماذج الخسائر الائتمانية المتوقعة لاحتساب مخصصات الانخفاض في القيمة لدى المجموعة.,0,none,0,NA,FALSE,uniform_negative,39
HPIC|2025-03-24|NotesListOfNotes|ifrs-full_DisclosureOfAccountingJudgementsAndEstimatesExplanatory|0|ar|20,HPIC,2025-03-24,NotesListOfNotes,ifrs-full_DisclosureOfAccountingJudgementsAndEstimatesExplanatory,ar,يتم اجراء اختبار لتدني القيمة التي تظهر بها الممتلكات والمعدات في قائمة المركز المالي الموحدة عند ظهور أي أحداث أو تغيرات في الظروف تظهر أن هذه القيمة غير قابلة للإسترداد.,0,none,0,NA,FALSE,uniform_negative,30
DERA|2021-04-30|NotesListOfNotes|jsc-rep_DisclosureOfCurrentBorrowings|0|ar|2,DERA,2021-04-30,NotesListOfNotes,jsc-rep_DisclosureOfCurrentBorrowings,ar,تكاليف الاقتراض تكاليف الاقتراض المباشرة المتعلقة بشراء أو إنتاج أصل والذي يتطلب بالضرورة فترة طويلة ليصبح جاهزاً للاستخدام المستهدف أو للبيع، تتم رسملتها كجزء من تكاليف ذلك الأصل.,0,none,0,NA,FALSE,uniform_negative,28
LEAS|2022-03-30|DisclosuresDirectorsReport|jsc_DisclosureOfDirectorsReport|0|ar|5,LEAS,2022-03-30,DisclosuresDirectorsReport,jsc_DisclosureOfDirectorsReport,ar,كما عقدت الشركة اجتماع هيئة عامة غير عادي بتاريخ 25/2/2018، تم فيه أخذ موافقة الهيئة العامة على رفع رأسمال الشركة من خلال توزيع أسهم مجانية بنسبة 42.86% من رأس المال الأصلي البالغ 7 مليون دينار ليصبح 10 مليون دينار.,0,none,0,NA,FALSE,uniform_negative,39
ABCO|2024-03-30|NotesListOfNotes|jsc-rep_AdoptionOfNewAndRevisedInternationalFinancialReportingStandards|0|ar|15,ABCO,2024-03-30,NotesListOfNotes,jsc-rep_AdoptionOfNewAndRevisedInternationalFinancialReportingStandards,ar,بموجب التعديلات ، لا تطبق المنشأة إعفاء الاعتراف الأولي على المعاملات التي تؤدي إلى فروق مؤقتة متساوية خاضعة للضريبة وقابلة للخصم.,0,none,0,NA,FALSE,uniform_negative,21
THBK|2024-03-31|DisclosuresDirectorsReport|jsc_TheMembersOfBoardOfDirectorsNamesAndNamesAndRanksOfSeniorExecutiveManagementWithBriefResumeOfEach|0|ar|249,THBK,2024-03-31,DisclosuresDirectorsReport,jsc_TheMembersOfBoardOfDirectorsNamesAndNamesAndRanksOfSeniorExecutiveManagementWithBriefResumeOfEach,ar,Certified Fraud Examiners (CFE) عام 2019 .,0,none,0,NA,FALSE,uniform_negative,7
DERA|2021-04-30|DisclosuresAuditorsReport|jsc_DisclosureOfAuditorsReportTextBlock|0|ar|10,DERA,2021-04-30,DisclosuresAuditorsReport,jsc_DisclosureOfAuditorsReportTextBlock,ar,إن هذه الأمور تم وضعها في الاعتبار في سياق تدقيقنا القوائم المالية الموحدة ككل، ولتكوين رأينا حولها، وليس لغرض إبداء رأياً منفصلاً حول هذه الأمور : تقييم الإستثمارات العقارية / أراضي تشكل الإستثمارات في الأراضي ما نسبته 51% من موجودات المجموعة، يتعين على المجموعة إعادة تقييم تلك الأراضي عند إعداد القوائم المالية الموحدة لتحديد القيمة العادلة لها وذلك وفقاً لمتطلبات المعايير الدولية للتقارير المالية، وعليه تقوم المجموعة بالاستعانة بخبراء عقاريين مستقلين لتقدير القيمة العادلة لتلك الإستثمارات وعكس أثر الانخفاض في القيمة (إن وجد) على قائمة الدخل الموحدة لتلك الفترة وعليه يعتبر تقدير القيمة العادلة للإستثمارات العقارية / أراضي أمراً هاماً لتدقيقنا.,0,none,0,NA,FALSE,uniform_negative,101
THBK|2021-03-31|NotesListOfNotes|ifrs-full_DisclosureOfAccountingJudgementsAndEstimatesExplanatory|0|ar|0,THBK,2021-03-31,NotesListOfNotes,ifrs-full_DisclosureOfAccountingJudgementsAndEstimatesExplanatory,ar,- الأحكام المحاسبية الهامة والمصادر الرئيسية للتقديرات غير المؤكدة ان اعداد القوائم المالية الموحدة وتطبيق السياسات المحاسبية يتطلب من ادارة البنك القيام باجتهادات وتقديرات وافتراضات تؤثرفي مبالغ الموجودات المالية والمطلوبات المالية وكذلك الافصاح عن الالتزامات المحتملة .,0,none,0,NA,FALSE,uniform_negative,37
JTEL|2025-04-24|NotesListOfNotes|ifrs-full_DisclosureOfSummaryOfSignificantAccountingPoliciesExplanatory|0|ar|96,JTEL,2025-04-24,NotesListOfNotes,ifrs-full_DisclosureOfSummaryOfSignificantAccountingPoliciesExplanatory,ar,أما في حالة احتفاظ المجموعة بشكل جوهري بكافة مخاطر ومنافع الملكية للأصل المحول، فتستمر المجموعة بالاعتراف بالأصل المالي وتعترف أيضا بالقروض المضمونة بمبلغ المحصلات المستلمة.,0,none,0,NA,FALSE,uniform_negative,25
JOTF|2025-03-16|NotesListOfNotes|ifrs-full_DisclosureOfMarketRiskExplanatory|0|ar|2,JOTF,2025-03-16,NotesListOfNotes,ifrs-full_DisclosureOfMarketRiskExplanatory,ar,وتنشأ هذه المخاطر عن تغير قيمة الأدوات المالية نتيجة تقلب أسعار صرف العملات وتتبع المجموعة سياسة مدروسة في إدارة مراكزها بالعملات الاجنبية.,0,none,0,NA,FALSE,uniform_negative,22
NAST|2023-02-21|NotesListOfNotes|jsc-rep_DisclosureOfRiskManagement|0|ar|7,NAST,2023-02-21,NotesListOfNotes,jsc-rep_DisclosureOfRiskManagement,ar,"أقل من سنة أكثر من سنة دينار دينار كما في 31 كانون الأول 2022 قروض 189,066 283,604 مبالغ مستحقة لجهات ذات علاقة 2,662,109 ذمم تجارية دائنة 47,207 أرصدة دائنة أخرى (باستثناء الالتزامات القانونية) 308,596 153,881 كما في 31 كانون الأول 2021 قروض 189,066 294,994 مبالغ مستحقة لجهات ذات علاقة 896,062 ذمم تجارية دائنة 73,948 أرصدة دائنة أخرى (باستثناء الالتزامات القانونية) 552,140 153,881",0,none,0,NA,FALSE,uniform_negative,62
NDAR|2023-03-30|NotesListOfNotes|ifrs-full_DisclosureOfIncomeTaxExplanatory|0|ar|2,NDAR,2023-03-30,NotesListOfNotes,ifrs-full_DisclosureOfIncomeTaxExplanatory,ar,حصلت الشركة على مخالصة نهائية من دائرة ضريبة الدخل لغاية سنة 2017.,0,none,0,NA,FALSE,uniform_negative,12
JTEL|2022-04-27|NotesListOfNotes|jsc-rep_DisclosureOfChangesInAccountingPoliciesAccountingEstimatesAndErrors|0|ar|87,JTEL,2022-04-27,NotesListOfNotes,jsc-rep_DisclosureOfChangesInAccountingPoliciesAccountingEstimatesAndErrors,ar,يضيف المجلس أيضًا مثالاً توضيحيًا لمعيار المحاسبة الدولي رقم (12) الذي يوضح كيفية تطبيق التعديلات .,0,none,0,NA,FALSE,uniform_negative,16
NAAI|2023-03-31|NotesListOfNotes|jsc-rep_DisclosureOfStandardsIssuedButNotYetEffective|0|ar|35,NAAI,2023-03-31,NotesListOfNotes,jsc-rep_DisclosureOfStandardsIssuedButNotYetEffective,ar,يحق للشركة ان تختار استخدام هذا النموذج عندما لايختلف القياس وفقا اهذا النموذج جوهريا عن القياس بموجب النموذج العام أو إذا كانت فترة التغطية لكل عقد في مجموعة عقود التأمين لا تزيد عن سنة واحدة.,0,none,0,NA,FALSE,uniform_negative,35
ARBK|2025-04-06|NotesListOfNotes|jsc-rep_DisclosureOfBalancesWithBanksAndFinancialInstitutions|0|ar|0,ARBK,2025-04-06,NotesListOfNotes,jsc-rep_DisclosureOfBalancesWithBanksAndFinancialInstitutions,ar,- لا توجد أرصدة لا تتقاضى فوائد كما في 31 كانون الأول 2024 و 2023 - لا توجد أرصدة مقيدة السحب كما في 31 كانون الأول 2024 و 2023,0,none,0,NA,FALSE,uniform_negative,29
AIFE|2022-03-29|NotesListOfNotes|ifrs-full_DisclosureOfSummaryOfSignificantAccountingPoliciesExplanatory|0|ar|22,AIFE,2022-03-29,NotesListOfNotes,ifrs-full_DisclosureOfSummaryOfSignificantAccountingPoliciesExplanatory,ar,يتم قياس العقود باستخدام الأسس التالية: التدفقات النقدية المخصومة ذات احتمالية مرجحة تعديل صريح للمخاطر، و هامش الخدمة التعاقدية يمثل الربح غير المكتسب من العقد الذي يتم الاعتراف به كإيرادات خلال فترة التغطية.,0,none,0,NA,FALSE,uniform_negative,33
ARBK|2025-04-06|CorporateGovernanceReport|jsc-rep_DisclosureOfInformationAndDetailsRegardingApplicationOfProvisionsOfTheseInstructionsAndCorporateGovernanceRulesInCompany|0|ar|22,ARBK,2025-04-06,CorporateGovernanceReport,jsc-rep_DisclosureOfInformationAndDetailsRegardingApplicationOfProvisionsOfTheseInstructionsAndCorporateGovernanceRulesInCompany,ar,المادة (3): تشكيلة المجلس أ.,0,none,0,NA,FALSE,uniform_negative,5
ABCO|2023-04-05|NotesListOfNotes|jsc-rep_DisclosureOfLawSuits|0|ar|0,ABCO,2023-04-05,NotesListOfNotes,jsc-rep_DisclosureOfLawSuits,ar,"القضايا المقامة على البنك بلغ مجموع القضايا المقامة على البنك 4,479,454 دينار كما في 31 كانون الاول 2022 ( 4.455.353 دينار كما في 31 كانون الأول 2021) وفي تقدير إدارة البنك والمستشار القانوني فإنه لن يترتب على البنك التزامات تزيد عن المخصص المسجل البالغ 159,376 دينار كما في 31 كانون الاول 2022 (688,413 دينار كما في 31 كانون الأول 2021).",0,none,0,NA,FALSE,uniform_negative,60
PROF|2022-02-22|DisclosuresDirectorsReport|jsc_TheMembersOfBoardOfDirectorsNamesAndNamesAndRanksOfSeniorExecutiveManagementWithBriefResumeOfEach|0|ar|1,PROF,2022-02-22,DisclosuresDirectorsReport,jsc_TheMembersOfBoardOfDirectorsNamesAndNamesAndRanksOfSeniorExecutiveManagementWithBriefResumeOfEach,ar,ممثل اتحاد المحامين العرب في العديد من المؤتمرات الدولية وفيما بين الدول العربية مؤسس في جمعية المحامين الشباب العرب مشارك في العديد من ورش العمل نظمها إتحاد المرأة الأردنية 1991-2001 مستشار قانوني غير متفرغ للبرلمان الأردني مصفي لشركة الأردن والخليج للتأمين مصفي لشركة البركة للتأمين عضو مجلس إدارة شركة عمان للتأمين (الأوروبية للتأمين) 7 الإســـــم المهندس أحمد ربحي أحمد اليعقوب - مواليد عام 1969م ممثـــــل نقابة مقاولي الإنشاءات الأردنيين إعتباراً من 25/4/2019 المنصـب عضو مجلس الإدارة الشهادات العلمية بكالوريوس هندسة كهرباء من جامعة الطاقة الاتحاد السوفييتي العضوية في مجالس إدارة الشركات الأخرى والخبرات العملية 2018 –لتاريخه نقيب نقابة مقاولي الانشاءات الاردنيين عضو مجلس ادارة جمعية المحكمين الاردنيين 2018 –لتاريخه عضو لجنة تصنيف المقاولين في وزارة الاشغال العامة والاسكان 2018 –لتاريخه عضو لجنة ترخيص المقاولين في وزارة الاشغال العامة والاسكان 2018 –لتاريخه عضو لجنة تاهيل المقاولين في وزارة الاشغال العامة والاسكان 2018 –لتاريخه عضو مجلس البناء الوطني في وزارة الاشغال 2015-2018 نائب نقيب مقاولي الانشاءات الاردنيين للمجلس الثاني والعشرين 2012-2015 عضو مجلس نقابة مقاولي الانشاءات الاردنيين للمجلس الواحد والعشرون عضو لجنة تصنيف المقاولين في وزارة الاشغال عن القطاع الخاص عضو لجنة تصنيف المقاولين في وزارة الاشغال عن القطاع الخاص 2010-2012 عضو مجلس نقابة مقاولي الانشاءات الاردنيين للمجلس العشرون 1990- لتاريخه رئيس مجلس ادارة مؤسسة اليعقوب للمقاولات 2000- لتاريخه مدير عام شركة احمد اليعقوب وشركاه للاسكان 8 الإســـــم السيد ابراهيم محمد محمد عوض - مواليد عام 1968م المنصـب عضو مجلس الإدارة اعتباراً من 23/4/2019 الشهادات العلمية بكالوريوس مختبرات طبية العضوية في مجالس إدارة الشركات الأخرى والخبرات العملية رجل أعمال مساهم في مجموعة من الشركات الأردنية عضو مجلس إدارة شركة الفلاتر مالك لحصة في شركة نقليات مالك لحصة في شركة تأمين مالك لحصة في الشركة العربية للكهرباء 9 الإســـــم السيد فهد عثمان عبده طويله - مواليد عام 1959م المنصب عضو مجلس الإدارة اعتباراً من 23/4/2019 الشهادات العلمية بكالوريوس كيمياء – جامعة اليرموك (1980)م العضوية في مجالس إدارة الشركات الأخرى والخبرات العملية شريك في شركة الأثير للصرافة رئيس هيئة مديرين شركة لينا لصناعة الورق الصحي رئيس هيئة مديرين شركة مزايا للإستيراد والتصدير رئيس جمعية الرّخاء لرجال الأعمال عضو مجلس إدارة وأمين صندوق جمعية الإغاثة الطبية العربية عضو مجلس إدارة جمعية إقرأ الثقافية عضو مجلس إدارة إذاعة حياة إف إم,0,none,0,NA,FALSE,uniform_negative,355
JEDI|2021-05-30|NotesListOfNotes|ifrs-full_DisclosureOfNotesAndOtherExplanatoryInformationExplanatory|0|ar|0,JEDI,2021-05-30,NotesListOfNotes,ifrs-full_DisclosureOfNotesAndOtherExplanatoryInformationExplanatory,ar,"هنالك عدد من المعايير الجديدة والتعديلات على المعايير والتفسيرات والتي اصبحت سارية المفعول اعتبارا من 1 كانون الثاني 2020 : التعديلات على المعيار الدولي للتقارير المالية رقم (3) ""اندماج الاعمال"" التعديلات على المعيار المحاسبي رقم (1) ""عرض البيانات المالية"" التعديلات على المعيار المحاسبي رقم (8) ""التغيرات في التقديرات والاخطاء المحاسبية"" التعديلات على المعيار الدولي للتقارير المالية رقم (7) ""الادوات المالية : الافصاحات"" التعديلات على المعيار الدولي للتقارير المالية رقم (9) :الادوات المالية"" التعديلات على الاطار المفاهيمي - المعايير الجديدة والتعديلات المصدرة ولكنها لم تصبح سارية المفعول هنالك عدد من المعايير الجديدة والتعديلات على المعايير والتفسيرات التي لم تصبح سارية المفعول ، ولم يتم تطبيقها عند اعداد هذه البيانات ولا تخطط الشركة تبني هذه المعايير بصورة مبكرة.",0,none,0,NA,FALSE,uniform_negative,116
ARBK|2025-04-06|DisclosuresDirectorsReport|jsc_DisclosureOfCompanysContributionToEnvironmentalProtectionAndLocalCommunityService|0|ar|112,ARBK,2025-04-06,DisclosuresDirectorsReport,jsc_DisclosureOfCompanysContributionToEnvironmentalProtectionAndLocalCommunityService,ar,حيث تطوع موظفو البنك في البرامج التي يتم تطبيقها من قبل مؤسسة إنجاز في المدارس والجامعات.,0,none,0,NA,FALSE,uniform_negative,16
ARBK|2023-04-30|NotesListOfNotes|ifrs-full_DisclosureOfSummaryOfSignificantAccountingPoliciesExplanatory|0|ar|123,ARBK,2023-04-30,NotesListOfNotes,ifrs-full_DisclosureOfSummaryOfSignificantAccountingPoliciesExplanatory,ar,بالنسبة للموجودات المالية التي لا تتوفر للمجموعة توقعات معقولة لاسترداد اما كامل المبلغ القائم، أو جزء منه، یتم تخفيض القیمة الدفتریة للموجودات المالية.,0,none,0,NA,FALSE,uniform_negative,23
ABCO|2021-04-25|NotesListOfNotes|ifrs-full_DisclosureOfBorrowingsExplanatory|0|ar|6,ABCO,2021-04-25,NotesListOfNotes,ifrs-full_DisclosureOfBorrowingsExplanatory,ar,"******* تمثل الأموال المقترضة من البنك المركزي الاردني البالغة 8,320,548 دينار اتفاقية إعادة شراء سندات خزينة بقيمة اسمية مقدارها 8.286 مليون دينار حيث ان للبنك حق إعادة شراء تلك السندات بتاريخ 15 كانون الثاني 2021.",0,none,0,NA,FALSE,uniform_negative,35
AMAL|2025-04-24|NotesListOfNotes|jsc-rep_DisclosureOfFairValueHierarchy|0|ar|4,AMAL,2025-04-24,NotesListOfNotes,jsc-rep_DisclosureOfFairValueHierarchy,ar,"القيمة العادلة الموجودات المالية 31 كانون الاول 2024 31 كانون الاول 2023 مستوى القيمة العادلة دينــار دينــار موجودات مالية تم تقييمها بالقيمة العادلة موجودات مالية بالقيمة العادلة من خلال الدخل الشامل الاخر 146,023 163,722 المستوى الاول موجودات مالية بالقيمة العادلة من خلال الدخل الشامل الاخر - 816,301 المستوى الثالث موجودات مالية بالقيمة العادلة من خلال الدخل 2,794,036 4,695,937 المستوى الاول مجموع الموجودات المالية بالقيمة العادلة 2,940,059 5,675,960 تم الافصاح عن القيمة العادلة للاستثمارات العقارية والتي تم احتسابها باستخدام طرق تندرج تحت المستوى الثالث (إيضاح 16).",0,none,0,NA,FALSE,uniform_negative,85
AIFE|2025-03-05|NotesListOfNotes|ifrs-full_DisclosureOfBasisOfConsolidationExplanatory|0|ar|0,AIFE,2025-03-05,NotesListOfNotes,ifrs-full_DisclosureOfBasisOfConsolidationExplanatory,ar,أسس توحيد القوائم المالية تتضمن القوائم المالية الموحدة القوائم المالية للشركة الأم وشركتها التابعة الخاضعة لسيطرتها، وتتحقق السيطرة عندما يكون للشركة الأم حقوق في العوائد المتغيرة الناتجة عن إرتباطها بالشركة المستثمر فيها ولديها القدرة على التأثير على هذه العوائد من خلال قدرتها على السيطرة على الشركة المستثمر فيها، وتتم السيطرة على الشركة المستثمر فيها فقط عندما يتحقق ما يلي: سيطرة الشركة الأم على الشركة المستثمر فيها (الحقوق القائمة التي تمنح الشركة الأم القدرة على توجيه النشاطات ذات الصلة للشركة المستثمر فيها).,0,none,0,NA,FALSE,uniform_negative,81
LEAS|2022-03-30|CorporateGovernanceReport|jsc-rep_DisclosureOfNamesOfCurrentAndResigningBoardMembersDuringYearAndDeterminingWhetherMemberIsExecutiveNonExecutiveIndependentOrNonIndependent|0|ar|0,LEAS,2022-03-30,CorporateGovernanceReport,jsc-rep_DisclosureOfNamesOfCurrentAndResigningBoardMembersDuringYearAndDeterminingWhetherMemberIsExecutiveNonExecutiveIndependentOrNonIndependent,ar,صفة الأستقلالية تنفيذي / غير تنفيذي المنصب اسم العضو # غير مستقل غير تنفيذي رئيس مجلس الإدارة جورج نقولا جورج أبو خضر 1 غير مستقل غير تنفيذي نائب رئيس مجلس الإدارة نقولا جورج نقولا أبو خضر 2 غير مستقل تنفيذي عضو مجلس الإدارة إيليا جاد مخائيل وكيلة 3 مستقل غير تنفيذي عضو مجلس الإدارة مروان لطفك وهبه تماري 4 مستقل غير تنفيذي عضو مجلس الإدارة الشركة الاردنية للاستثمارات والاستشارات العامة ويمثلها السيد محمد علي محمد ابراهيم 5,0,none,0,NA,FALSE,uniform_negative,77
LEIN|2023-03-27|DisclosuresAuditorsReport|jsc_DisclosureOfAuditorsReportTextBlock|0|ar|21,LEIN,2023-03-27,DisclosuresAuditorsReport,jsc_DisclosureOfAuditorsReportTextBlock,ar,الحصول على فهم لأنظمة الرقابة الداخلية ذات الصلة بأعمال التدقيق لغايات تصميم إجراءات تدقيق مناسبة حسب الظروف، ولكن ليس لغرض إبداء رأي حول فعالية انظمة الرقابة الداخلية في الشركة.,0,none,0,NA,FALSE,uniform_negative,29
AIHO|2021-11-30|DisclosuresDirectorsReport|jsc_DisclosureOfDirectorsReport|0|ar|16,AIHO,2021-11-30,DisclosuresDirectorsReport,jsc_DisclosureOfDirectorsReport,ar,والله ولي التوفيق ،،، نديم يوسف المعشر رئيس مجلس الإدارة .,0,none,0,NA,FALSE,uniform_negative,11
IHCO|2021-05-06|NotesListOfNotes|ifrs-full_DisclosureOfSummaryOfSignificantAccountingPoliciesExplanatory|0|ar|34,IHCO,2021-05-06,NotesListOfNotes,ifrs-full_DisclosureOfSummaryOfSignificantAccountingPoliciesExplanatory,ar,يتم تحويل أرصدة الموجودات المالية والمطلوبات المالية باسعار العملات الاجنبية الوسطية السائدة في تاريخ قائمة المركز المالي الموحدة.,0,none,0,NA,FALSE,uniform_negative,18
INVB|2021-05-18|NotesListOfNotes|ifrs-full_DisclosureOfIncomeTaxExplanatory|0|ar|27,INVB,2021-05-18,NotesListOfNotes,ifrs-full_DisclosureOfIncomeTaxExplanatory,ar,قامت الشركة بتقديم كشف التقدير الذاتي عن عام 2017 و2018 وتم قبولها من قبل دائرة ضريبة الدخل والمبيعات بنظام العينات دون تعديل .,0,none,0,NA,FALSE,uniform_negative,23
NDAR|2024-03-31|NotesListOfNotes|ifrs-full_DisclosureOfSummaryOfSignificantAccountingPoliciesExplanatory|0|ar|31,NDAR,2024-03-31,NotesListOfNotes,ifrs-full_DisclosureOfSummaryOfSignificantAccountingPoliciesExplanatory,ar,يتم تسجيل الأرباح والخسائر الناتجة عن تحويل العملات الأجنبية في قائمة الدخل الشامل.,0,none,0,NA,FALSE,uniform_negative,13
INVB|2023-04-27|DisclosuresAuditorsReport|jsc_OtherInformationIncludedInBanksAnnualReportExplanatory|0|ar|32,INVB,2023-04-27,DisclosuresAuditorsReport,jsc_OtherInformationIncludedInBanksAnnualReportExplanatory,ar,عند إعداد القوائم المالية الموحدة، تكون الإدارة مسؤولة عن تقييم قدرة المجموعة على الاستمرار كمنشأة مستمرة والإفصاح، حيثما تطلب الأمر، عن الأمور المتعلقة بالاستمرارية واستخدام الأساس المحاسبي للمنشأة المستمرة إلا إذا كانت الإدارة تنوي تصفية المجموعة أو وقف عملياتها، أو ليس لديه بديل واقعي سوى القيام بذلك.,0,none,0,NA,FALSE,uniform_negative,47
AEIV|2021-05-04|DisclosuresDirectorsReport|jsc_DescriptionOfCompanysMainActivitiesWithTheirRespectiveGeographicalLocationsSizeOfCapitalInvestmentAndNumberOfEmployees|0|ar|5,AEIV,2021-05-04,DisclosuresDirectorsReport,jsc_DescriptionOfCompanysMainActivitiesWithTheirRespectiveGeographicalLocationsSizeOfCapitalInvestmentAndNumberOfEmployees,ar,الإستثمار والتصرف بأموالها المنقولة وغير المنقولة التي لا تحتاج اليها بالكيفية التي تقررها من حين الى أخر وفق أحكام القوانين والأنظمة المرعية .,0,none,0,NA,FALSE,uniform_negative,23
JTEL|2021-04-29|DisclosuresDirectorsReport|jsc_DisclosureOfCompanysAccomplishmentsSupportedByQuantitativeIndicatorsAndDescriptionOfSignificantOccurrencesToCompanyDuringFiscalYear|0|ar|10,JTEL,2021-04-29,DisclosuresDirectorsReport,jsc_DisclosureOfCompanysAccomplishmentsSupportedByQuantitativeIndicatorsAndDescriptionOfSignificantOccurrencesToCompanyDuringFiscalYear,ar,ولا تؤثر إعادة التصنيف هذه على الأرباح أو حقوق الملكية التي تم الإبلاغ عنها مسبقاً.,0,none,0,NA,FALSE,uniform_negative,15
AQAR|2022-03-29|NotesListOfNotes|ifrs-full_DisclosureOfLiquidityRiskExplanatory|0|ar|1,AQAR,2022-03-29,NotesListOfNotes,ifrs-full_DisclosureOfLiquidityRiskExplanatory,ar,إن إدارة المجموعة للسيولة تكمن في التأكد قدر الإمكان من أن المجموعة تحتفظ دائماً بسيولة كافية للوفاء بالتزاماتها عندما تصبح واجبة الدفع في الظروف العادية والاضطرارية دون تحمل خسائر غير مقبولة أو مخاطر قد تؤثر على سمعة المجموعة.,0,none,0,NA,FALSE,uniform_negative,38
JOTF|2023-03-27|NotesListOfNotes|ifrs-full_DisclosureOfSummaryOfSignificantAccountingPoliciesExplanatory|0|ar|148,JOTF,2023-03-27,NotesListOfNotes,ifrs-full_DisclosureOfSummaryOfSignificantAccountingPoliciesExplanatory,ar,ولكن في حال تم شطب التمويل أو الذمم المدينة ، تستمر الشركة في نشاط الإنفاذ لمحاولة استرداد الذمة المدينة المستحقة ، والتي يتم إثباتها في قائمة الربح أو الخسارة والدخل الشامل الآخر الموحدة عند استردادها.,0,none,0,NA,FALSE,uniform_negative,35
SPTI|2022-03-30|NotesListOfNotes|ifrs-full_DisclosureOfGeneralInformationAboutFinancialStatementsExplanatory|0|ar|1,SPTI,2022-03-30,NotesListOfNotes,ifrs-full_DisclosureOfGeneralInformationAboutFinancialStatementsExplanatory,ar,إن أسهم الشركة مدرجة في بورصة عمان للأوراق المالية - الأردن .,0,none,0,NA,FALSE,uniform_negative,12
JTEL|2022-04-27|CorporateGovernanceReport|jsc-rep_DisclosureOfAllMembershipsOfBoardsOfDirectorsHeldByAMemberOfBoardOfDirectorsInPublicShareholdingCompaniesIfAny|0|ar|0,JTEL,2022-04-27,CorporateGovernanceReport,jsc-rep_DisclosureOfAllMembershipsOfBoardsOfDirectorsHeldByAMemberOfBoardOfDirectorsInPublicShareholdingCompaniesIfAny,ar,"أعضاء مجلس الإدارة : الرقم اعضاء مجلس الادارة الصفة المنصب اسماء الشركات المساهمة العامة التي يشغل عضو مجلس الادارة عضوية فيها 1 شركة الاستثمار المشترك للاتصالات ويمثلها: الاعتبارية معالي الدكتور شبيب فرح عمّاري (حضر كافة الجلسات) رئيس المجلس السيد الطيب بلكاهية (حضر كافة الجلسات الى حين استبداله بالسيد السيد أنيس حمداني "" بمنصب عضو مجلس"" بتاريخ 19/4/2021) نائب الرئيس السيدة ميراي الحلو (تم تعينها عضو بمجلس الإدارة اعتبارا بتاريخ 17/10/2021 وحضرت كافة الاجتماعات اثناء عضويته بمجلس الإدارة) نائب الرئيس السيد جيروم هاينك (حضر ثلاثة جلسات وتغيب عن ثلاثة جلسات الثانية والرابعة والسادسة ) عضو مجلس السيدة دوروتي فينالو (حضرت كافة الجلسات) عضو مجلس السيد انيس حمداني (تم تسميته عضو في مجلس الادارة بتاريخ 19/4/2021 حضر كافة الجلسات الى حين استبداله بالسيدة ميراي الحلو بتاريخ 17/10/2021) عضو مجلس 2 المؤسسة العامة للضمان الاجتماعي ويمثلها: الاعتبارية السيد بشر جردانه (حضر كافة الجلسات) عضو مجلس البنك الاستثماري السيد عبدالله أبو جاموس (حضر كافة الجلسات) عضو مجلس 3 حكومة المملكة الأردنية الهاشمية / القوات المسلحة الأردنيةويمثلها: الاعتبارية العميد الدكتور المهندس هشام أحمد خريسات(حضر كافة الجلسات) عضو مجلس جميع أعضاء مجلس الإدارة غير تنفيذيين عدد جلسات مجلس الإدارة خلال عام 2021 هو (6) جلسات",0,none,0,NA,FALSE,uniform_negative,189
JOFR|2023-04-27|NotesListOfNotes|ifrs-full_DisclosureOfSummaryOfSignificantAccountingPoliciesExplanatory|0|ar|5,JOFR,2023-04-27,NotesListOfNotes,ifrs-full_DisclosureOfSummaryOfSignificantAccountingPoliciesExplanatory,ar,"كما أضاف المجلس استثناء لمبدأ الاعتراف بالمعيار الدولي ل اعداد التقارير المالية رقم (3) لتجنب إمكانية ظهور أرباح أو خسائر ""اليوم الثاني"" (Day 2) للمطلوبات والالتزامات المحتملة المشمولة ضمن نطاق معيار المحاسبة الدولي رقم (37) أو تفسير لجنة تفسير معايير التقارير المالية الدولية رقم ( 21 ) في حال تم تكبدها بشكل منفصل .",0,none,0,NA,FALSE,uniform_negative,54
ABCO|2025-08-14|DisclosuresAuditorsReport|jsc_KeyAuditMattersExplanatory|0|ar|11,ABCO,2025-08-14,DisclosuresAuditorsReport,jsc_KeyAuditMattersExplanatory,ar,بلغ رصيد إجمالي التسهيلات الائتمانية للمجموعة مبلغ 866.323.752 دينار و مخصص الخسائر الائتمانية المتوقعة مبلغ 73.331.552 كما في 31 كانون الأول 2024.,0,none,0,NA,FALSE,uniform_negative,22
ZARA|2023-04-30|DisclosuresAuditorsReport|jsc_KeyAuditMattersExplanatory|0|ar|3,ZARA,2023-04-30,DisclosuresAuditorsReport,jsc_KeyAuditMattersExplanatory,ar,لقد قمنا بالمهام المذكورة في فقرة مسؤولية مدقق الحسابات والمتعلقة بتدقيق القوائم المالية الموحدة.,0,none,0,NA,FALSE,uniform_negative,14
ZARA|2024-04-29|NotesListOfNotes|ifrs-full_DisclosureOfNotesAndOtherExplanatoryInformationExplanatory|0|ar|91,ZARA,2024-04-29,NotesListOfNotes,ifrs-full_DisclosureOfNotesAndOtherExplanatoryInformationExplanatory,ar,لغرض إعداد قائمة التدفقات النقدية الموحدة فإن النقد وما في حكمه يشتمل على النقد في الصندوق ولدى البنوك والودائع قصيرة الأجل باستحقاقات لا تتجاوز ثلاثة أشهر بعد تنزيل أرصدة البنوك الدائنة (ان وجدت).,0,none,0,NA,FALSE,uniform_negative,33
ZARA|2021-04-30|CorporateGovernanceReport|jsc-rep_DisclosureOfInformationAndDetailsRegardingApplicationOfProvisionsOfTheseInstructionsAndCorporateGovernanceRulesInCompany|0|ar|4,ZARA,2021-04-30,CorporateGovernanceReport,jsc-rep_DisclosureOfInformationAndDetailsRegardingApplicationOfProvisionsOfTheseInstructionsAndCorporateGovernanceRulesInCompany,ar,إجراءات تطبيق تعليمات الحوكمة والمعد من قبل لجنة الحوكمة.,0,none,0,NA,FALSE,uniform_negative,9
JMRC|2022-02-15|CorporateGovernanceReport|jsc-rep_DisclosureOfNameOfChairmanAndMembersOfNominationAndRemunerationCommitteeCorporateGovernanceCommitteeAndRiskManagementCommittee|0|ar|9,JMRC,2022-02-15,CorporateGovernanceReport,jsc-rep_DisclosureOfNameOfChairmanAndMembersOfNominationAndRemunerationCommitteeCorporateGovernanceCommitteeAndRiskManagementCommittee,ar,Non-executive Member non-independent Eng.,0,none,0,NA,FALSE,uniform_negative,4
ABCO|2024-03-30|DisclosuresDirectorsReport|jsc_TheMembersOfBoardOfDirectorsNamesAndNamesAndRanksOfSeniorExecutiveManagementWithBriefResumeOfEach|0|ar|140,ABCO,2024-03-30,DisclosuresDirectorsReport,jsc_TheMembersOfBoardOfDirectorsNamesAndNamesAndRanksOfSeniorExecutiveManagementWithBriefResumeOfEach,ar,4/2015 – 9/2015 عضوية / ممثل البنك الأهلي الأردني - شركة الزي لصناعة الألبسة الجاهزة.,0,none,0,NA,FALSE,uniform_negative,15
AMAL|2021-04-30|NotesListOfNotes|jsc-rep_DisclosureOfRiskManagement|0|ar|7,AMAL,2021-04-30,NotesListOfNotes,jsc-rep_DisclosureOfRiskManagement,ar,يجب إجراء استكمال التعديلات على توثيق التحوطات بحلول نهاية السنة المالية التي يتم فيها تطبيق المرحلة الثانية .,0,none,0,NA,FALSE,uniform_negative,18
ARBK|2025-04-06|NotesListOfNotes|ifrs-full_DisclosureOfSummaryOfSignificantAccountingPoliciesExplanatory|0|ar|124,ARBK,2025-04-06,NotesListOfNotes,ifrs-full_DisclosureOfSummaryOfSignificantAccountingPoliciesExplanatory,ar,ويعتبر بمثابة الغاء (جزئي) للموجودات المالية.,0,none,0,NA,FALSE,uniform_negative,6
JTEL|2024-04-25|DisclosuresDirectorsReport|jsc_TheMembersOfBoardOfDirectorsNamesAndNamesAndRanksOfSeniorExecutiveManagementWithBriefResumeOfEach|0|ar|27,JTEL,2024-04-25,DisclosuresDirectorsReport,jsc_TheMembersOfBoardOfDirectorsNamesAndNamesAndRanksOfSeniorExecutiveManagementWithBriefResumeOfEach,ar,اثناء مسيرته العسكرية شارك المهندس هيثم بالعديد من الدورات التدريبية المتقدّمة داخل البلاد وفي الخارج تتعلق بمواضيع مهنية متعددة مثل: تكنولوجيا المعلومات والاتصالات والإدارة والمجالات العسكرية ومنها: الإدارة العليا .,0,none,0,NA,FALSE,uniform_negative,30
HPIC|2021-03-31|Declarations|jsc-rep_DeclarationByBoardOfDirectorsAffirmingItsResponsibilityForPreparationOfFinancialStatementsAndForProvisionOfEffectiveSystemOfControlsWithinCompany|0|ar|2,HPIC,2021-03-31,Declarations,jsc-rep_DeclarationByBoardOfDirectorsAffirmingItsResponsibilityForPreparationOfFinancialStatementsAndForProvisionOfEffectiveSystemOfControlsWithinCompany,ar,نائب رئيس مجلس الإدارة/ المدير العام الصيدلاني ماهر محمد الكردي رئيس مجلس الإدارة السيد سليم وليم كرادشة عضو مجلس الإدارة الدكتور موفق عبد العزيز اسماعيل عضو مجلس الإدارة الدكتور عزالدين عزت كتخدا عضو مجلس الإدارة الصيدلانية رغدة محمد الكردي عضو مجلس الإدارة السيد عمار خلدون ملحس عضو مجلس الإدارة شركة الإكسير للاستثمار ممثلها السيد وليد فؤاد شحادة نقر نحن الموقعين أدناه بصحة ودقة واكتمال المعلومات والبيانات الواردة في التقرير السنوي.,0,none,0,NA,FALSE,uniform_negative,70
ABCO|2022-03-30|NotesListOfNotes|ifrs-full_DisclosureOfSummaryOfSignificantAccountingPoliciesExplanatory|0|ar|26,ABCO,2022-03-30,NotesListOfNotes,ifrs-full_DisclosureOfSummaryOfSignificantAccountingPoliciesExplanatory,ar,يتم إظهار حقوق غير المسيطرين في صافي موجودات الشركات التابعة في بند منفصل ضمن قائمة حقوق الملكية للبنك.,0,none,0,NA,FALSE,uniform_negative,18
JDFS|2022-03-27|DisclosuresDirectorsReport|jsc_DisclosureOfAnyGovernmentProtectionOrAnyConcessionGrantedToCompanyOrToAnyOfItsProductsPursuantToLawsRegulationsOrOtherwiseWithSpecificationOfEffectivePeriodThereofAsWellAsDescriptionOfAnyPatentsOrLicensingRightsObtainedByCompany|0|ar|11,JDFS,2022-03-27,DisclosuresDirectorsReport,jsc_DisclosureOfAnyGovernmentProtectionOrAnyConcessionGrantedToCompanyOrToAnyOfItsProductsPursuantToLawsRegulationsOrOtherwiseWithSpecificationOfEffectivePeriodThereofAsWellAsDescriptionOfAnyPatentsOrLicensingRightsObtainedByCompany,ar,"- قرر مجلس الوزراء في جلسته المنعقده بتاريخ 26/7/2020 بناء على توصية لجنة التنمية الاقتصادية الصادرة عن جلستها المنعقدة بتاريخ 13/7/2020 الموافقة على ما يلي : 1- إخضاع السجائر و المشروبات الروحية و الكحولية المبيعة في الاسواق الحرة في المراكز الحدودية "" الجوية و البرية و البحرية "" في قاعات القادمين و في الاسواق الحرة داخل المملكة الى ضريبة مبيعات عامة و خاصة و رسوم جمركية تعادل المفروضة على الصنف نفسه من هذه المنتجات للسوق المحلي , للانواع التي لها مثيل من الانتاج المحلي و او المبيعة في السوق المحلي , و بنسبة و تناسب حسب سعر البيع المعتمد قي الاسواق الحرة للأصناف الأخرى التي ليس لها مثيل محلي , على أن يتم اعتماد قيمة سعر بيع المنتج المحلي مطروحة منها قيمة ضريبة المبيعات لغايات استيفاء الرسوم الجمركية .",0,none,0,NA,FALSE,uniform_negative,129
LEAS|2025-04-06|DisclosuresAuditorsReport|jsc_DisclosureOfAuditorsReportTextBlock|0|ar|26,LEAS,2025-04-06,DisclosuresAuditorsReport,jsc_DisclosureOfAuditorsReportTextBlock,ar,المعلومات الأخرى الواردة في التقرير السنوي لعام 2024 تتكون المعلومات الأخرى من المعلومات الواردة في التقرير السنوي للمجموعة لعام 2024 غير القوائم المالية الموحدة وتقرير مدقق الحسابات.,0,none,0,NA,FALSE,uniform_negative,27
LEAS|2022-03-30|NotesListOfNotes|ifrs-full_DisclosureOfBasisOfConsolidationExplanatory|0|ar|0,LEAS,2022-03-30,NotesListOfNotes,ifrs-full_DisclosureOfBasisOfConsolidationExplanatory,ar,أسس توحيد القوائم المالية الشركة التابعة تتضمن القوائم المالية للمجموعة، القوائم المالية للشركة وشركاتها التابعة والمملوكة بالكامل والخاضعة لسيطرتها.,0,none,0,NA,FALSE,uniform_negative,19
AMAL|2022-06-30|DisclosuresAuditorsReport|jsc_AuditorsResponsibilitiesForAuditOfFinancialStatementsExplanatory|0|ar|8,AMAL,2022-06-30,DisclosuresAuditorsReport,jsc_AuditorsResponsibilitiesForAuditOfFinancialStatementsExplanatory,ar,و اذا ما توصلنا الى نتيجة بأن هناك شك جوهري، فعلينا الإشارة في تقرير التدقيق إلى ايضاحات القوائم المالية ذات الصلة أو تعديل رأينا اذا كانت هذه الايضاحات غير كافية.,0,none,0,NA,FALSE,uniform_negative,30
HPIC|2023-03-29|DisclosuresAuditorsReport|jsc_DisclosureOfAuditorsReportTextBlock|0|ar|5,HPIC,2023-03-29,DisclosuresAuditorsReport,jsc_DisclosureOfAuditorsReportTextBlock,ar,نعتقد ان بينات التدقيق الثبوتية التى حصلنا عليها كافية ومناسبة لتوفير اساساً لرأينا حول التدقيق.,0,none,0,NA,FALSE,uniform_negative,15
JTEL|2025-04-24|DisclosuresDirectorsReport|jsc_DisclosureOfCompanysAccomplishmentsSupportedByQuantitativeIndicatorsAndDescriptionOfSignificantOccurrencesToCompanyDuringFiscalYear|0|ar|57,JTEL,2025-04-24,DisclosuresDirectorsReport,jsc_DisclosureOfCompanysAccomplishmentsSupportedByQuantitativeIndicatorsAndDescriptionOfSignificantOccurrencesToCompanyDuringFiscalYear,ar,الدفع الإلكتروني ( Orange Money ) هي خدمة لتحويل الأموال والدفع والخدمات المالية الأخرى، ويتم توفيرها عبر حساب النقود الإلكترونية المرتبط برقم المشترك الخلوي.,0,none,0,NA,FALSE,uniform_negative,24
APOT|2022-04-27|NotesListOfNotes|ifrs-full_DisclosureOfBasisOfConsolidationExplanatory|0|ar|3,APOT,2022-04-27,NotesListOfNotes,ifrs-full_DisclosureOfBasisOfConsolidationExplanatory,ar,عندما تمتلك المجموعة أقل من اغلبية حقوق التصويت أو ما شابهها في الشركة المستثمر فيها، تقوم المجموعة بأخذ جميع الحقائق والظروف ذات العلاقة بعين الاعتبار لتحديد فيما إذا كانت تمتلك سيطرة على الشركة المستثمر فيها ويتضمن ذلك: - الترتيبات التعاقدية مع حملة حقوق تصويت الآخرين في الشركة المستثمر فيها.,0,none,0,NA,FALSE,uniform_negative,49
JTEL|2021-04-29|NotesListOfNotes|ifrs-full_DisclosureOfOtherCurrentLiabilitiesExplanatory|0|ar|2,JTEL,2021-04-29,NotesListOfNotes,ifrs-full_DisclosureOfOtherCurrentLiabilitiesExplanatory,ar,ان تفاصيل المنح كما يلي: منحة الاتحاد الأوروبي خلال عام 2020 ، وقعت شركة الاتصالات الأردنية اتفاقية منحة مع الاتحاد الأوروبي (EU) لتمويل مساحة الابتكار التي تعزز ثقافة الابتكار وتوفر مساحة لفرص الابتكار على الصعيدين الفعلي والمادي واستشارات ودعم وتمويل الابتكار في القطاع الخاص.,0,none,0,NA,FALSE,uniform_negative,44
JOFR|2023-04-27|DisclosuresAuditorsReport|jsc_OtherInformationIncludedInBanksAnnualReportExplanatory|0|ar|3,JOFR,2023-04-27,DisclosuresAuditorsReport,jsc_OtherInformationIncludedInBanksAnnualReportExplanatory,ar,ان رأينا ال يشمل المعلومات الأخرى وأننا ال نبدي اي تأكيد حول المعلومات الأخرى .,0,none,0,NA,FALSE,uniform_negative,15
ABCO|2024-03-30|NotesListOfNotes|ifrs-full_DisclosureOfSummaryOfSignificantAccountingPoliciesExplanatory|0|ar|323,ABCO,2024-03-30,NotesListOfNotes,ifrs-full_DisclosureOfSummaryOfSignificantAccountingPoliciesExplanatory,ar,- يتم اطفاء أنظمة الحاسوب والبرامج والخلوات على مدى عمرها الانتاجي المقدر وبمعدل سنوي 20%.,0,none,0,NA,FALSE,uniform_negative,15
ZARA|2024-04-29|NotesListOfNotes|ifrs-full_DisclosureOfNotesAndOtherExplanatoryInformationExplanatory|0|ar|13,ZARA,2024-04-29,NotesListOfNotes,ifrs-full_DisclosureOfNotesAndOtherExplanatoryInformationExplanatory,ar,يتم مراجعة العمر الانتاجي وطريقة الإستهلاك بشكل دوري للتأكد من أن طريقة وفترة الإستهلاك تتناسب مع المنافع الإقتصادية المتوقعة من الاستثمارات العقارية.,0,none,0,NA,FALSE,uniform_negative,22
JDFS|2021-06-24|DisclosuresDirectorsReport|jsc_TheMembersOfBoardOfDirectorsNamesAndNamesAndRanksOfSeniorExecutiveManagementWithBriefResumeOfEach|0|ar|0,JDFS,2021-06-24,DisclosuresDirectorsReport,jsc_TheMembersOfBoardOfDirectorsNamesAndNamesAndRanksOfSeniorExecutiveManagementWithBriefResumeOfEach,ar,ثالثاً :- أسماء أعضاء مجلس الإدارة ونبذه تعريفية عن كل واحد :- أسماء أعضاء مجلس الإدارة .,0,none,0,NA,FALSE,uniform_negative,17
ZARA|2023-04-30|NotesListOfNotes|ifrs-full_DisclosureOfRelatedPartyExplanatory|0|ar|11,ZARA,2023-04-30,NotesListOfNotes,ifrs-full_DisclosureOfRelatedPartyExplanatory,ar,شركة رم للفنادق والسياحة ذ.م.م.,0,none,0,NA,FALSE,uniform_negative,5
FUTR|2025-04-30|DisclosuresAuditorsReport|jsc_DisclosureOfAuditorsReportTextBlock|0|ar|12,FUTR,2025-04-30,DisclosuresAuditorsReport,jsc_DisclosureOfAuditorsReportTextBlock,ar,تضمنت إجراءات التدقيق التي قمنا بها من بين أمور أخرى، الحصول على تقييم خبراء عقاريين معتمدين لمساعدتنا في تحديد القيمة السوقية لأسعار تلك الممتلكات الإستثمارية بتاريخ تقرير القوائم المالية الموحدة.,0,none,0,NA,FALSE,uniform_negative,30
AMAL|2023-04-30|DisclosuresAuditorsReport|jsc_KeyAuditMattersExplanatory|0|ar|0,AMAL,2023-04-30,DisclosuresAuditorsReport,jsc_KeyAuditMattersExplanatory,ar,امور التدقيق الهامة ان أمور التدقيق الهامة هي تلك الأمور التي وفقاً لاجتهادنا المهني كانت الأكثر جوهرية خلال تدقيق القوائم المالية للسنة الحالية.,0,none,0,NA,FALSE,uniform_negative,23
THBK|2024-03-31|DisclosuresDirectorsReport|jsc_TheMembersOfBoardOfDirectorsNamesAndNamesAndRanksOfSeniorExecutiveManagementWithBriefResumeOfEach|0|ar|0,THBK,2024-03-31,DisclosuresDirectorsReport,jsc_TheMembersOfBoardOfDirectorsNamesAndNamesAndRanksOfSeniorExecutiveManagementWithBriefResumeOfEach,ar,نبذة تعريفية عن أعضاء مجلس الإدارة – كما في 31 / 12 / 2023 السيد عبد الإله محمد عبد الرحمن الخطيب المنصب: رئيس مجلس الإدارة/ رئيس لجنة الحوكمة المؤسسية .,0,none,0,NA,FALSE,uniform_negative,30
JOPT|2023-04-30|NotesListOfNotes|ifrs-full_DisclosureOfSummaryOfSignificantAccountingPoliciesExplanatory|0|ar|9,JOPT,2023-04-30,NotesListOfNotes,ifrs-full_DisclosureOfSummaryOfSignificantAccountingPoliciesExplanatory,ar,يتم اعداد القوائم المالية للشركات التابعة لنفس السنة المالية للشركة الأم باستخدام نفس السياسات المحاسبية المتبعة في الشركة الأم ، فاذا كانت الشركات التابعة تتبع سياسات محاسبية تختلف عن تلك المتبعة في الشركة الأم فيتم اجراء التعديلات اللازمة على القوائم المالية للشركات التابعة لتتطابق مع السياسات المحاسبية المتبعة في الشركة الأم .,0,none,0,NA,FALSE,uniform_negative,52
LEAS|2025-04-06|DisclosuresAuditorsReport|jsc_DisclosureOfAuditorsReportTextBlock|0|ar|16,LEAS,2025-04-06,DisclosuresAuditorsReport,jsc_DisclosureOfAuditorsReportTextBlock,ar,بالإضافة إلى خبرة الادارة في أنماط التحصيل ومعدلات التعثر التاريخية والتي تتوافق مع متطلبات معيار التقارير المالية الدولي رقم (9).,0,none,0,NA,FALSE,uniform_negative,20
APOT|2022-04-27|NotesListOfNotes|ifrs-full_DisclosureOfEntitysReportableSegmentsExplanatory|0|ar|2,APOT,2022-04-27,NotesListOfNotes,ifrs-full_DisclosureOfEntitysReportableSegmentsExplanatory,ar,تم تحديد صانع القرارعلى أنها لجنة الترشيحات المكونة من أعضاء من مجلس إدارة المجموعة.,0,none,0,NA,FALSE,uniform_negative,14
SITT|2025-04-27|CorporateGovernanceReport|jsc-rep_DisclosureOfNameOfChairmanAndMembersOfAuditCommitteeAndADescriptionOfTheirQualificationsAndExperienceInFinancialOrAccountingMatters|0|ar|1,SITT,2025-04-27,CorporateGovernanceReport,jsc-rep_DisclosureOfNameOfChairmanAndMembersOfAuditCommitteeAndADescriptionOfTheirQualificationsAndExperienceInFinancialOrAccountingMatters,ar,الإجتماع الاول بحضورالرئيس و جميع الاعضاء.,0,none,0,NA,FALSE,uniform_negative,6
VFED|2022-03-24|NotesListOfNotes|jsc-rep_DisclosureOfTradeAndOtherCurrentReceivables|0|ar|0,VFED,2022-03-24,NotesListOfNotes,jsc-rep_DisclosureOfTradeAndOtherCurrentReceivables,ar,أرصدة مدينة اخرى 2021 دينــار 2020 دينــار ايجارات وبدل خدمات وفوائد مستحقة 092 4 370 10 تأمينات مستردة 075 6 275 19 مصاريف مدفوعة مقدما 750 750 أمانات ضريبة دخل 183 2 183 2 ذمم موظفين 000 000 1 13 100 33 578,0,none,0,NA,FALSE,uniform_negative,43
APOT|2023-04-27|DisclosuresChairmansStatement|jsc_DisclosureOfStatementOfBoardOfDirectorsChairman|0|ar|0,APOT,2023-04-27,DisclosuresChairmansStatement,jsc_DisclosureOfStatementOfBoardOfDirectorsChairman,ar,السادة المساهمون الكرام، السلام عليكم ورحمة الله وبركاته.,0,none,0,NA,FALSE,uniform_negative,8
APOT|2024-04-29|DisclosuresAuditorsReport|jsc_DisclosureOfAuditorsReportTextBlock|0|ar|18,APOT,2024-04-29,DisclosuresAuditorsReport,jsc_DisclosureOfAuditorsReportTextBlock,ar,يعتبر ھذا الموضوع من أمور التدقيق الهامة نظرا للأهمية النسبية لالتزامات منافع الموظفين والمتمثلة بشكل خاص بصندوق الوفاة والتعويض والطابع الجوهري للتقديرات والأحكام الهامة المستخدمة في احتساب التزامات منافع الموظفين حيث أن عدم دقة الاحتساب أو عدم الاعتراف بهذه الالتزامات قد يكون له تأثير مادي على القوائم المالية الموحدة.,0,none,0,NA,FALSE,uniform_negative,49
HPIC|2022-03-29|NotesListOfNotes|ifrs-full_DisclosureOfSummaryOfSignificantAccountingPoliciesExplanatory|0|ar|22,HPIC,2022-03-29,NotesListOfNotes,ifrs-full_DisclosureOfSummaryOfSignificantAccountingPoliciesExplanatory,ar,بالنسبة لجميع الادوات المالية الاخرى، يتم قياس الخسارة الائتمانية المتوقعة بمبلغ يعادل الخسارة الائتمانية المتوقعة لمدة 12 شهر.,0,none,0,NA,FALSE,uniform_negative,18
ABCO|2024-03-30|DisclosuresDirectorsReport|jsc_DisclosureOfStatementThatIndicatesIssuingCompanysContractsProjectsAndEngagementsConcludedWithItsSubsidiariesSisterCompaniesOrAffiliatesAsWellAsThoseWithChairmanOfBoardOfDirectorsMembersOfBoardOfDirectorsChiefExecutiveOfficerOrAnyEmployeeOfCompanyOrRelativesThereof|0|ar|6,ABCO,2024-03-30,DisclosuresDirectorsReport,jsc_DisclosureOfStatementThatIndicatesIssuingCompanysContractsProjectsAndEngagementsConcludedWithItsSubsidiariesSisterCompaniesOrAffiliatesAsWellAsThoseWithChairmanOfBoardOfDirectorsMembersOfBoardOfDirectorsChiefExecutiveOfficerOrAnyEmployeeOfCompanyOrRelativesThereof,ar,- اتفاقية تقديم خدمة الحفظ الأمين للأوراق المالية المملوكة للمؤسسة العربية المصرفية (ش.م.ب) البحرين (الشركة الأم)، حيث يتم استيفاء عمولة حفظ أمين بشكل ربع سنوي على حساب بنك ABC BSC كنسبة مئوية من القيمة السوقية للأوراق المالية المحتفظ بها لدى بنك المؤسسة العربية المصرفية (الأردن) والتي يتم احتسابها بشكل يومي، علما بأنه لا يوجد لها أثر على المركز المالي للبنك.,0,none,0,NA,FALSE,uniform_negative,60
ARBK|2022-04-03|NotesListOfNotes|ifrs-full_DisclosureOfCashAndCashEquivalentsExplanatory|0|ar|0,ARBK,2022-04-03,NotesListOfNotes,ifrs-full_DisclosureOfCashAndCashEquivalentsExplanatory,ar,59 - النقد وما في حكمه بآلاف الدولارات الأمريكية ان تفاصيل هذا البند هي كما يلي : 31 كانون الأول 2021 2020 النقد وأرصدة لدى بنوك مركزية تستحق خلال ثلاثة أشهر 12 183 906 10 924 978 يضاف : أرصدة لدى بنوك ومؤسسات مصرفية تستحق خلال ثلاثة أشهر 3 759 049 4 604 058 ينزل : ودائع بنوك ومؤسسات مصرفية تستحق خلال ثلاثة أشهر 3 682 903 3 116 968 المجموع 12 260 052 12 412 068,0,none,0,NA,FALSE,uniform_negative,77
APOT|2023-04-27|DisclosuresDirectorsReport|jsc_DisclosureOfCompanysContributionToEnvironmentalProtectionAndLocalCommunityService|0|ar|32,APOT,2023-04-27,DisclosuresDirectorsReport,jsc_DisclosureOfCompanysContributionToEnvironmentalProtectionAndLocalCommunityService,ar,كما تم تركيب أجهزة لقياس ومراقبة مستويات الأكسجين في غازات المداخن المتمثلة في الملوثات الناتجة عن الاحتراق والتي تشمل المواد المتبقية مثل الجسيمات المعلقة وأوكسيد الكبريت وأوكسيد النيتروجين وأول أكسيد الكربون، ومن ثم يتم إرسال تقارير قراءات غازات المداخن إلى الإدارات التنفيذية المعنية للتأكد من تحقيق الاحتراق الأمثل في جميع المراجل البخارية والمجففات، وقد أسهمت مراقبة وتتبع مستويات الأكسجين بهدف الحفاظ على عدم ارتفاعها في تحقيق عملية احتراق كاملة وبكفاءة أعلى، كما تتعاون الشركة مع الجمعية العلمية الملكية لقياس جودة الهواء وضمان التزامها بالقوانين واللوائح البيئية، وتقوم الجمعية بإجراء قياساتها بشكل ربع سنوي.,0,none,0,NA,FALSE,uniform_negative,93
APOT|2021-04-27|NotesListOfNotes|jsc-rep_DisclosureOfNonCurrentBorrowings|0|ar|11,APOT,2021-04-27,NotesListOfNotes,jsc-rep_DisclosureOfNonCurrentBorrowings,ar,في تموز 2017، أعلنت هيئة السلوك المالي في المملكة المتحدة (' FCA ')، التي تنظم سعر الفائدة المعروض بين البنوك في لندن (' LIBOR ') ، أن معيار الفائدة هذا سيتوقف بعد عام 2021.,0,none,0,NA,FALSE,uniform_negative,34
APOT|2025-04-21|NotesListOfNotes|ifrs-full_DisclosureOfSummaryOfSignificantAccountingPoliciesExplanatory|0|ar|126,APOT,2025-04-21,NotesListOfNotes,ifrs-full_DisclosureOfSummaryOfSignificantAccountingPoliciesExplanatory,ar,يمكن استرداد ضريبة القيمة المضافة على المدخلات بشكل عام مقابل ضريبة القيمة المضافة على المخرجات عند استلام فاتورة ضريبة القيمة المضافة.,0,none,0,NA,FALSE,uniform_negative,21
SITT|2022-04-28|NotesListOfNotes|ifrs-full_DisclosureOfAccountingJudgementsAndEstimatesExplanatory|0|ar|1,SITT,2022-04-28,NotesListOfNotes,ifrs-full_DisclosureOfAccountingJudgementsAndEstimatesExplanatory,ar,كما ان هذه التقديرات والاجتهادات تؤثر في الايرادات والمصاريف والمخصصات بشكل عام والخسائر الإئتمانية المتوقعة والقيمة العادلة الظاهرة في حقوق الملكية.,0,none,0,NA,FALSE,uniform_negative,21
JEDI|2023-03-21|NotesListOfNotes|ifrs-full_DisclosureOfProvisionsExplanatory|0|ar|1,JEDI,2023-03-21,NotesListOfNotes,ifrs-full_DisclosureOfProvisionsExplanatory,ar,يتم قياس المخصصات حسب أفضل التوقعات للبدل المطلوب لمقابلة الإلتزام كما بتاريخ قائمة المركز المالي بعد الأخذ بعين الإعتبار المخاطر والأمور غير المؤكدة المحيطة بالإلتزام .,0,none,0,NA,FALSE,uniform_negative,26
JOPT|2024-04-30|DisclosuresDirectorsReport|jsc_DisclosureOfCompanysAccomplishmentsSupportedByQuantitativeIndicatorsAndDescriptionOfSignificantOccurrencesToCompanyDuringFiscalYear|0|ar|34,JOPT,2024-04-30,DisclosuresDirectorsReport,jsc_DisclosureOfCompanysAccomplishmentsSupportedByQuantitativeIndicatorsAndDescriptionOfSignificantOccurrencesToCompanyDuringFiscalYear,ar,التخزين: - تقوم الشركة بتخزين النفط الخام والمشتقات النفطية الجاهزة والغاز المسال والزيوت المعدنية في الخزانات المملوكة للشركة في مواقعها المختلفة (الزرقاء والعقبة والمطارات ومحطات الغاز المسال ومحطات المحروقات المملوكة للشركة ) كما تقوم الشركة بتخزين قطع الغيار واللوازم الأخرى بمستودعاتها المخصصة، بالإضافة الى أن الشركة تقوم بممارسة نشاط التخزين للغير لتحقيق ايراد إضافي.,0,none,0,NA,FALSE,uniform_negative,54
SURA|2023-03-31|CorporateGovernanceReport|jsc-rep_DisclosureOfNumberOfMeetingsOfCommitteesDuringYearWithStatementOfMembersPresent|0|ar|1,SURA,2023-03-31,CorporateGovernanceReport,jsc-rep_DisclosureOfNumberOfMeetingsOfCommitteesDuringYearWithStatementOfMembersPresent,ar,** تجدر الاشارة الى انه وبسبب تعدد الاستقالات من مجلس الادارة أدى ذلك الى عدم امكانية اجتماع اللجان لحين انتخاب اعضاء اللجان بعد اجتماع الهيئة العامة والذي سيتم فيه انتخاب اعضاء مجلس الادارة.,0,none,0,NA,FALSE,uniform_negative,33
JVOI|2023-02-21|DisclosuresDirectorsReport|jsc_CompanysCompetitivePositionWithinItsSectorAndMainMarketSegmentsAsWellAsItsShareOfLocalMarketAndInternationalMarketIfPossible|0|ar|4,JVOI,2023-02-21,DisclosuresDirectorsReport,jsc_CompanysCompetitivePositionWithinItsSectorAndMainMarketSegmentsAsWellAsItsShareOfLocalMarketAndInternationalMarketIfPossible,ar,-إن وضع الشركة التنافسي ( بالرغم مما ذكر في اعلاه) فإن جودة صناعتنا وشهرتنا كفيلة بالمحافظة على الاستمرارية.,0,none,0,NA,FALSE,uniform_negative,18
APOT|2025-04-21|CorporateGovernanceReport|jsc-rep_DisclosureOfNamesOfCurrentAndResigningBoardMembersDuringYearAndDeterminingWhetherMemberIsExecutiveNonExecutiveIndependentOrNonIndependent|0|ar|0,APOT,2025-04-21,CorporateGovernanceReport,jsc-rep_DisclosureOfNamesOfCurrentAndResigningBoardMembersDuringYearAndDeterminingWhetherMemberIsExecutiveNonExecutiveIndependentOrNonIndependent,ar,أسماء أعضاء مجلس الإدارة (الاعتباريين والطبيعيين) الحاليين والمستقيلين يبين الجدول التالي أعضاء مجلس إدارة شركة البوتاس العربية (الاعتباريين والطبيعيين) الحاليين والمستقيلين، وحالة العضوية فيما إذا كانت تنفيذية أو غير تنفيذية وفيما إذا كانت مستقلة أو غير مستقلة.,0,none,0,NA,FALSE,uniform_negative,37
NDAR|2022-03-31|DisclosuresDirectorsReport|jsc_DisclosureOfImportantProspectiveDevelopmentsIncludingAnyNewExpansionsAndProjectsCompanysProposedPlanForAtLeastOneUpcomingYearAndBoardOfDirectorsForecastsForOutcomesOfCompanyActivities|0|ar|3,NDAR,2022-03-31,DisclosuresDirectorsReport,jsc_DisclosureOfImportantProspectiveDevelopmentsIncludingAnyNewExpansionsAndProjectsCompanysProposedPlanForAtLeastOneUpcomingYearAndBoardOfDirectorsForecastsForOutcomesOfCompanyActivities,ar,العمل على طرح مستحضرات جديدة في الأسواق.,0,none,0,NA,FALSE,uniform_negative,7
HPIC|2023-03-29|NotesListOfNotes|ifrs-full_DisclosureOfFinancialRiskManagementExplanatory|0|ar|3,HPIC,2023-03-29,NotesListOfNotes,ifrs-full_DisclosureOfFinancialRiskManagementExplanatory,ar,"يوضح الجدول التالي حساسية قائمة الدخل الشامل الموحدة للتغيرات الممكنة المعقولة على أسعار الفائدة كما في 31 كانون الأول، مع بقاء جميع المتغيرات الأخرى المؤثرة ثابتة : العملة الزيادة بسعر الفائدة الأثر على ربح السنة دينار أردني (نقطة مئوية) 2022 2021 25 - 29,786 - 29,786 العملة النقص بسعر الفائدة الأثر على ربح السنة دينار أردني (نقطة مئوية) 2022 2021 25 + 29,786 + 29,786",0,none,0,NA,FALSE,uniform_negative,65
NDAR|2021-04-15|NotesListOfNotes|ifrs-full_DisclosureOfSummaryOfSignificantAccountingPoliciesExplanatory|0|ar|118,NDAR,2021-04-15,NotesListOfNotes,ifrs-full_DisclosureOfSummaryOfSignificantAccountingPoliciesExplanatory,ar,يتم استخدام الخبرة المتراكمة لتقدير الخصومات وتخصيصها، باستخدام طريقة القيمة المتوقعة، ويتم الاعتراف بالإيراد فقط إلى الحد الذي يكون من المحتمل للغاية عدم حدوث عكس كبير.,0,none,0,NA,FALSE,uniform_negative,26
APOT|2025-04-21|DisclosuresAuditorsReport|jsc_AuditorsOpinionBasisExplanatory|0|ar|0,APOT,2025-04-21,DisclosuresAuditorsReport,jsc_AuditorsOpinionBasisExplanatory,ar,أساس الرأي لقد قمنا بعملية التدقيق وفقاً لمعايير التدقيق الدولية.,0,none,0,NA,FALSE,uniform_negative,10
JDFS|2021-06-24|NotesListOfNotes|ifrs-full_DisclosureOfChangesInAccountingPoliciesExplanatory|0|ar|15,JDFS,2021-06-24,NotesListOfNotes,ifrs-full_DisclosureOfChangesInAccountingPoliciesExplanatory,ar,"كحل عملي , يجوز للمستأجر اختيار عدم اعتبار تخفيضات او تأجيلات الايجار الناتجة عن الوباء كنعديل على عقد الايجار .",0,none,0,NA,FALSE,uniform_negative,20
JMRC|2024-02-29|DisclosuresDirectorsReport|jsc_TheMembersOfBoardOfDirectorsNamesAndNamesAndRanksOfSeniorExecutiveManagementWithBriefResumeOfEach|0|ar|156,JMRC,2024-02-29,DisclosuresDirectorsReport,jsc_TheMembersOfBoardOfDirectorsNamesAndNamesAndRanksOfSeniorExecutiveManagementWithBriefResumeOfEach,ar,عضو لجنة إدارة الـمخاطر الـمنبثقة عن مجلس إدارة الشركة.,0,none,0,NA,FALSE,uniform_negative,9
ARBK|2022-04-03|NotesListOfNotes|ifrs-full_DisclosureOfSummaryOfSignificantAccountingPoliciesExplanatory|0|ar|124,ARBK,2022-04-03,NotesListOfNotes,ifrs-full_DisclosureOfSummaryOfSignificantAccountingPoliciesExplanatory,ar,ويعتبر بمثابة الغاء (جزئي) للموجودات المالية.,0,none,0,NA,FALSE,uniform_negative,6
MSFT|2022-03-29|DisclosuresAuditorsReport|jsc_DisclosureOfAuditorsReportTextBlock|0|ar|9,MSFT,2022-03-29,DisclosuresAuditorsReport,jsc_DisclosureOfAuditorsReportTextBlock,ar,شملت إجراءات التدقيق دراسة إجراءات الرقابة المستخدمة من قبل إدراة الشركة على عملية تحصيل الذمم التجارية ومراجعتنا لأعمار الذمم والتحصيلات في الفترة اللاحقة والضمانات المتعلقة بتلك الذمم ودراسة كفاية مخصص الخسائر الإئتمانية المتوقعة للذمم التجارية وذلك من خلال تقييم فرضيات الإدارة.,0,none,0,NA,FALSE,uniform_negative,41
JTEL|2023-04-27|NotesListOfNotes|jsc-rep_DisclosureOfNewAndRevisedStandardsNote|0|ar|39,JTEL,2023-04-27,NotesListOfNotes,jsc-rep_DisclosureOfNewAndRevisedStandardsNote,ar,تُطبق التعديلات بأثر رجعي على الفترات السنوية التي تبدأ في أو بعد أول كانون الثاني 2023 ، مع السماح بالتطبيق المبكر.,0,none,0,NA,FALSE,uniform_negative,21
JMRC|2023-02-22|DisclosuresDirectorsReport|jsc_DescriptionOfSubsidiaryCompaniesNatureOfTheirBusinessAndTheirAreasOfActivity|0|ar|0,JMRC,2023-02-22,DisclosuresDirectorsReport,jsc_DescriptionOfSubsidiaryCompaniesNatureOfTheirBusinessAndTheirAreasOfActivity,ar,لا يوجد للشركة أية شركات تابعة أو أي فروع.,0,none,0,NA,FALSE,uniform_negative,9
INVB|2021-05-18|NotesListOfNotes|jsc-rep_DisclosureOfLawSuits|0|ar|7,INVB,2021-05-18,NotesListOfNotes,jsc-rep_DisclosureOfLawSuits,ar,وفي تقدير الإدارة والمستشار القانوني للشركة فإنه لن يترتب على الشركة أية التزامات إضافية لقاء هذه القضايا.,0,none,0,NA,FALSE,uniform_negative,17
JOPT|2023-04-30|NotesListOfNotes|jsc-rep_DisclosureOfTradeAndOtherCurrentReceivables|0|ar|23,JOPT,2023-04-30,NotesListOfNotes,jsc-rep_DisclosureOfTradeAndOtherCurrentReceivables,ar,بموجب قرار مجلس الوزراء رقم (11131) المتخذ في جلسته المنعقدة بتاريخ 16 آب 2015 تم منح خصم كمية لمستهلكي وقود الطائرات على سعر بيع وقود الطائرات الذي تقره لجنة تسعيرالمحروقات الشهرية وفقا لشرائح الإستهلاك إعتبارا من تاريخ أول آب 2015 ولغاية 31 كانون الأول 2016 على أن يتم إحتسابه بشكل سنوي ، هذا و قد صدر قرار مجلس الوزراء رقم (293) المتخذ بجلسته المنعقدة بتاريخ 23 تشرين الأول 2016 والذي تضمن تعديل شرائح إستهلاك وقود الطائرات لمدة سنة إعتباراً من تاريخ 31 تشرين الأول 2016 ، كما صدر قرار مجلس الوزراء رقم (1958) في الجلسة المنعقدة بتاريخ 26 شباط 2017 والذي يقضي بالموافقة على تعديل تاريخ بدء العمل بقرار تعديل شرائح الخصم والمعتمدة بموجب قرار مجلس الوزراء رقم (293) بأثر رجعي اعتباراً من تاريخ أول آب 2015 بدلاً من تاريخ 31 تشرين الأول 2016 ، و بموجب القرارات أعلاه بلغت قيمة الخصم المستحق لشركة عالية – الخطوط الجوية الملكية الاردنية إبتداءً من أول آب 2015 ولغاية 31 تموز 2017 مبلغ 29.947.993 دينار .,0,none,0,NA,FALSE,uniform_negative,163
JTEL|2025-04-24|NotesListOfNotes|jsc-rep_DisclosureOfBusinessSupportFeesAndBrandFees|0|ar|3,JTEL,2025-04-24,NotesListOfNotes,jsc-rep_DisclosureOfBusinessSupportFeesAndBrandFees,ar,تم تجديد الاتفاقية لمدة عشر سنوات اخرى من شهر تموز 2017.,0,none,0,NA,FALSE,uniform_negative,11
ABCO|2024-03-30|NotesListOfNotes|ifrs-full_DisclosureOfCreditRiskExplanatory|0|ar|1,ABCO,2024-03-30,NotesListOfNotes,ifrs-full_DisclosureOfCreditRiskExplanatory,ar,حيث يعتمد البنك على معايير ائتمانية راسخة وسياسات ومنهجيات لإدارة المخاطر تاخذ بعين الاعتبار التطورات المصرفية والتشريعية وقد تضمنت هذه السياسات القواعد والإجراءات التي يجب أن يتم الالتزام بها لدى منح أو تجديد التسهيلات، وتضمنت أيضاَ تقييم خاص للعملاء كلّ حسب تصنيفه، حيث يتم الاعتماد حالياً على نموذج تقييم CreditLens لتصنيف تسهيلات الشركات الكبرى والشركات المتوسطة والذي يتم آلياً، واعتماد نموذج Scoring Credit لتقييم العملاء المدرجين ضمن محفظة التجزئة.,0,none,0,NA,FALSE,uniform_negative,69
NAST|2025-02-27|DisclosuresAuditorsReport|jsc_AuditorsReportOnFinancialStatements|0|ar|0,NAST,2025-02-27,DisclosuresAuditorsReport,jsc_AuditorsReportOnFinancialStatements,ar,لقد قمنا بتدقيق القوائم المالية للشركة الوطنية لصناعة الصلب المساهمة العامة المحدودة والتي تتكون من قائمة المركز المالي كما في 31 كانون الأول 2024، وكل من قائمة الدخل الشامل وقائمة التغيرات في حقوق المساهمين وقائمة التدفقات النقدية للسنة المنتهية في ذلك التاريخ ، والإيضاحات حول القوائم المالية بما في ذلك ملخص للسياسات المحاسبية الهامة.,0,none,0,NA,FALSE,uniform_negative,54
APOT|2024-04-29|CorporateGovernanceReport|jsc-rep_DisclosureOfAllMembershipsOfBoardsOfDirectorsHeldByAMemberOfBoardOfDirectorsInPublicShareholdingCompaniesIfAny|0|ar|0,APOT,2024-04-29,CorporateGovernanceReport,jsc-rep_DisclosureOfAllMembershipsOfBoardsOfDirectorsHeldByAMemberOfBoardOfDirectorsInPublicShareholdingCompaniesIfAny,ar,لا يوجد لأي من ممثلي أعضاء مجلس إدارة شركة البوتاس العربية الحاليين أية عضوية في شركات مساهمة عامة، باستثناء رئاسة معالي المهندس شحادة أبو هديب مجلس إدارة شركة الشرق العربي للاستثمارات المالية والاقتصادية المساهمة العامة، والتي لا تشكل أي تعارض في المصالح مع منصبه كرئيس لمجلس إدارة شركة البوتاس العربية.,0,none,0,NA,FALSE,uniform_negative,50
JOPT|2024-04-30|CorporateGovernanceReport|jsc-rep_DisclosureOfInformationAndDetailsRegardingApplicationOfProvisionsOfTheseInstructionsAndCorporateGovernanceRulesInCompany|0|ar|119,JOPT,2024-04-30,CorporateGovernanceReport,jsc-rep_DisclosureOfInformationAndDetailsRegardingApplicationOfProvisionsOfTheseInstructionsAndCorporateGovernanceRulesInCompany,ar,2-7 هل ينص النظام الأساسي للشركة على أحكام خاصة لتمثيل مساهمي الأقلية في مجلس الإدارة ؟,0,none,0,NA,FALSE,uniform_negative,16
AMAL|2025-04-24|DisclosuresAuditorsReport|jsc_AuditorsResponsibilitiesForAuditOfFinancialStatementsExplanatory|0|ar|1,AMAL,2025-04-24,DisclosuresAuditorsReport,jsc_AuditorsResponsibilitiesForAuditOfFinancialStatementsExplanatory,ar,ان التأكيد المعقول هو تأكيد عالي المستوى ولكنه ليس ضمانة أن التدقيق الذي يجري وفقاً للمعايير الدولية للتدقيق سيكشف دائما خطأ جوهريا عند وجوده .,0,none,0,NA,FALSE,uniform_negative,25
ARBK|2021-05-20|DisclosuresDirectorsReport|jsc_DisclosureOfCompanysContributionToEnvironmentalProtectionAndLocalCommunityService|0|ar|68,ARBK,2021-05-20,DisclosuresDirectorsReport,jsc_DisclosureOfCompanysContributionToEnvironmentalProtectionAndLocalCommunityService,ar,هذا وتتضمن استراتيجية برنامج Ç معاً È ثلاث آليات يقوم البنك من خلالها بإشراك الموظفين والعملاء والمؤسّسات غير الهادفة للربح ضمن محور التعاون المجتمعي: ¥ مشاركة الموظفين في الأنشطة التطوعية: وذلك من خلال توفير فرص تطوعية تشجع موظفي البنك على التبرع بوقتهم وجهدهم وخبراتهم في المبادرات والبرامج التي تتناسب مع رؤية البنك والمجالات الرئيسة الخمسة لبرنامج Ç معاً È .,0,none,0,NA,FALSE,uniform_negative,60
SITT|2024-04-29|CorporateGovernanceReport|jsc-rep_DisclosureOfInformationAndDetailsRegardingApplicationOfProvisionsOfTheseInstructionsAndCorporateGovernanceRulesInCompany|0|ar|12,SITT,2024-04-29,CorporateGovernanceReport,jsc-rep_DisclosureOfInformationAndDetailsRegardingApplicationOfProvisionsOfTheseInstructionsAndCorporateGovernanceRulesInCompany,ar,سياسة توزيع الأرباح: تعتمد سياسة مجلس الادارة في توزيع الأرباح على خدمة مصلحة الشركة والمساهمين على حد سواء، ويخضع دفع الأرباح لتوصية مجلس الإداره وكذلك لموافقة الهيئة العامة .,0,none,0,NA,FALSE,uniform_negative,29
ABCO|2021-04-25|DisclosuresAuditorsReport|jsc_DisclosureOfAuditorsReportTextBlock|0|ar|82,ABCO,2021-04-25,DisclosuresAuditorsReport,jsc_DisclosureOfAuditorsReportTextBlock,ar,نقوم بشرح هذه الامور في تقريرنا حول التدقيق إلا إذا حال القانون أو الأنظمة دون الافصاح العلني عنها ، أو عندما نقرر في حالات نادرة للغاية ، ان لا يتم ذكر امر معين في تقريرنا في حال كان للافصاح تأثيرات سلبية يتوقع منها ان تفوق منفعتها المصلحة العامة بشكل معقول .,0,none,0,NA,FALSE,uniform_negative,51
JOFR|2023-04-27|DisclosuresDirectorsReport|jsc_DisclosureOfCompanysContributionToEnvironmentalProtectionAndLocalCommunityService|0|ar|1,JOFR,2023-04-27,DisclosuresDirectorsReport,jsc_DisclosureOfCompanysContributionToEnvironmentalProtectionAndLocalCommunityService,ar,مساهمة الشركة في خدمة المجتمع المحلي مساهمة الشركة في حملة التبرع بالدم.,0,none,0,NA,FALSE,uniform_negative,12
NAST|2021-03-16|Declarations|jsc-rep_DeclarationFromBoardOfDirectorsThatThereAreNoSubstantialMattersDisaffectingCompanysContinuityDuringNextFiscalYear|0|ar|0,NAST,2021-03-16,Declarations,jsc-rep_DeclarationFromBoardOfDirectorsThatThereAreNoSubstantialMattersDisaffectingCompanysContinuityDuringNextFiscalYear,ar,يقر مجلس الادارة بحسب علمه وإعتقاده بعدم وجود أية أمور جوهرية تؤثر على استمرارية الشركة خلال العام 2021,0,none,0,NA,FALSE,uniform_negative,18
JOPT|2024-04-30|DisclosuresDirectorsReport|jsc_DisclosureOfStatementThatIndicatesNumberOfSecuritiesIssuedByCompanyWhichAreOwnedByAnyMemberOfItsBoardOfDirectorsAnyMemberOfItsSeniorExecutiveManagementOrAnyOfTheirRelativesAListOfCompaniesControlledByAnyOfSuchProvidedAllOfTheAboveIsBenchmarkedAgainstThePrecedingYear|0|ar|4,JOPT,2024-04-30,DisclosuresDirectorsReport,jsc_DisclosureOfStatementThatIndicatesNumberOfSecuritiesIssuedByCompanyWhichAreOwnedByAnyMemberOfItsBoardOfDirectorsAnyMemberOfItsSeniorExecutiveManagementOrAnyOfTheirRelativesAListOfCompaniesControlledByAnyOfSuchProvidedAllOfTheAboveIsBenchmarkedAgainstThePrecedingYear,ar,أمين عام وزارة النقل سابقاً.,0,none,0,NA,FALSE,uniform_negative,5
ABCO|2022-03-30|NotesListOfNotes|jsc-rep_DisclosureOfStatutoryReserves|0|ar|3,ABCO,2022-03-30,NotesListOfNotes,jsc-rep_DisclosureOfStatutoryReserves,ar,"ان الاحتياطيات المقيد التصرف بها هي كما يلي : 31 كانـــــــــــــــــــون الأول اســم الاحتياطــي 2021 2020 طبيعـــــــة التقييـــــــد دينــــــــــــار دينــــــــــــــار احتياطي قانوني 29,892,408 28,379,747 بموجب قانون البنوك وقانون الشركات",0,none,0,NA,FALSE,uniform_negative,29
JOPT|2021-06-16|NotesListOfNotes|jsc-rep_DisclosureOfTradeAndOtherCurrentReceivables|0|ar|23,JOPT,2021-06-16,NotesListOfNotes,jsc-rep_DisclosureOfTradeAndOtherCurrentReceivables,ar,"بناء على الاتفاقية المبرمة بين شركة مصفاة البترول الأردنية وشركة عالية – الخطوط الجوية الملكية الأردنية الموقعة بتاريخ 26 تشرين الثاني 2019 ، و بعد أن تم مطابقة جميع الأرصدة بين الشركتين ، تم الاتفاق على اجراء مقاصة بين رصيد الذمة المستحقة على شركة عالية – الخطوط الجوية الملكية الأردنية الخاصة بنشاط التكرير والغاز وبين أرصدة أمانات خصم وأرصدة أمانات فوائد شركة عالية – الخطوط الجوية الملكية الأردنية ، وعليه تم اجراء المقاصة ونتج عنها ذمة دائنة في سجلات الشركة الخاصة بنشاط التكرير والغاز لصالح شركة عالية – الخطوط الجوية الملكية الأردنية بمبلغ 11,253,235 دينار (ايضاح 18 / ك ).",0,none,0,NA,FALSE,uniform_negative,100
ARBK|2024-04-28|NotesListOfNotes|ifrs-full_DisclosureOfInterestIncomeExplanatory|0|ar|1,ARBK,2024-04-28,NotesListOfNotes,ifrs-full_DisclosureOfInterestIncomeExplanatory,ar,إن معدل الفائدة الفعلي هو السعر الذي يخصم المتحصلات النقدية المستقبلية المقدرة خلال العمر المتوقع للأداة المالية أو، الفترة الأقصر، إلى صافي القيمة الدفترية للأصل المالي.,0,none,0,NA,FALSE,uniform_negative,26
ARBK|2022-04-03|DisclosuresDirectorsReport|jsc_DisclosureOfCompanysRiskExposure|0|ar|84,ARBK,2022-04-03,DisclosuresDirectorsReport,jsc_DisclosureOfCompanysRiskExposure,ar,كما يتم مراجعة هذه السياسات بشكل دوري لرفع كفاءة أدوات قياس ومراقبة المخاطر، والالتزام بالمتطلبات الرقابية الجديدة.,0,none,0,NA,FALSE,uniform_negative,17
HPIC|2023-03-29|NotesListOfNotes|jsc-rep_DisclosureOfCapitalManagement|0|ar|0,HPIC,2023-03-29,NotesListOfNotes,jsc-rep_DisclosureOfCapitalManagement,ar,إدارة مخاطر رأس المال تقوم الشركة بإدارة رأسمالها لتتأكد بأن الشركة تبقى مستمرة بينما تقوم بالحصول على العائد الأعلى من خلال الحد الأمثل لأرصدة الديون وحقوق الملكية.,0,none,0,NA,FALSE,uniform_negative,27
DERA|2025-07-31|DisclosuresDirectorsReport|jsc_DisclosureOfChronologyOfRealizedProfitsOrLossesDividendsShareholdersNetEquityAndPricesOfSecuritiesIssuedByCompanyForMinimumPeriodOfFiveYearsOrForPeriodSinceEstablishmentOfCompanyWhicheverIsLessTogetherWithGraphicRepresentationThereofWherePossible|0|ar|0,DERA,2025-07-31,DisclosuresDirectorsReport,jsc_DisclosureOfChronologyOfRealizedProfitsOrLossesDividendsShareholdersNetEquityAndPricesOfSecuritiesIssuedByCompanyForMinimumPeriodOfFiveYearsOrForPeriodSinceEstablishmentOfCompanyWhicheverIsLessTogetherWithGraphicRepresentationThereofWherePossible,ar,"السلسلة الزمنية للأرباح أو الخسائر المحققة والأرباح الموزعة وصافي حقوق المساهمين وأسعار الأوراق المالية المصدرة من قبل الشركة بالدينار: البيــــــــــــــــــــان 2024 2023 2022 2021 2020 صافي الأرباح / الخسائر من الدخل الشامل (حصة المجموعة) (3،043،263) (243،568) (3,804,374) (3,489,609 ) (2,425,007) الأرباح الموزعة لا يوجد لا يوجد 1,600,000 لايوجد لايوجد صافي حقوق المساهمين 45،082،256 48،125،607 46,937,600 52,407,713 55,729,649 أسعار الأوراق المالية في نهاية العام 0.44 0.54 0.560 0.720 0.830",0,none,0,NA,FALSE,uniform_negative,68
ZARA|2025-04-30|DisclosuresAuditorsReport|jsc_AuditorsReportOnFinancialStatements|0|ar|0,ZARA,2025-04-30,DisclosuresAuditorsReport,jsc_AuditorsReportOnFinancialStatements,ar,الـــرأي لقد قمنا بتدقيق القوائم المالية الموحدة لشركة زارة للاستثمار (قابضة) المساهمة العامة المحدودة (الشركة ) وشركاتها التابعة (ويشار إليهم معاً بالمجموعة) والتي تتكون من قائمة المركز المالي الموحدة كما في 31 كانون الأول 2024 وقائمة الأرباح او الخسائر الموحدة وقائمة الدخل الشامل الموحدة وقائمة التغيرات في حقوق الملكية الموحدة وقائمة التدفقات النقدية الموحدة للسنة المنتهية في ذلك التاريخ والايضاحات حول القوائم المالية الموحدة والمعلومات المتعلقة بالسياسات المحاسبية الجوهرية.,0,none,0,NA,FALSE,uniform_negative,69
JOKB|2025-04-17|NotesListOfNotes|ifrs-full_DisclosureOfAccountingJudgementsAndEstimatesExplanatory|0|ar|11,JOKB,2025-04-17,NotesListOfNotes,ifrs-full_DisclosureOfAccountingJudgementsAndEstimatesExplanatory,ar,خصم مدفوعات الإيجار: تم خصم مدفوعات الإيجار بإستخدام معدل الإقتراض الإضافي للبنك ( IBR ).( طبقت الإدارة الأحكام والتقديرات لتحديد معدل الإقتراض الإضافي عند بدء عقد الإيجار.,0,none,0,NA,FALSE,uniform_negative,27
JTEL|2023-04-27|NotesListOfNotes|ifrs-full_DisclosureOfBasisOfConsolidationExplanatory|0|ar|8,JTEL,2023-04-27,NotesListOfNotes,ifrs-full_DisclosureOfBasisOfConsolidationExplanatory,ar,يتم إجراء تعديلات على القوائم المالية للشركات التابعة ، عند الضرورة ، لتتماشى سياساتها المحاسبية المستخدمة مع السياسات المحاسبية المتبعة في الشركة .,0,none,0,NA,FALSE,uniform_negative,23
JOPT|2021-06-16|DisclosuresDirectorsReport|jsc_DisclosureOfBenefitsAndRemunerationsOfChairmanMembersOfBoardOfDirectorsAndSeniorExecutiveManagementDuringTheFiscalYearIncludingPaymentsReceivedByAnyOfThemSuchAsFeesSalariesBonusesAndOtherwiseAndTheirTravelAndTransportExpensesWithinKingdomAndAbroad|0|ar|37,JOPT,2021-06-16,DisclosuresDirectorsReport,jsc_DisclosureOfBenefitsAndRemunerationsOfChairmanMembersOfBoardOfDirectorsAndSeniorExecutiveManagementDuringTheFiscalYearIncludingPaymentsReceivedByAnyOfThemSuchAsFeesSalariesBonusesAndOtherwiseAndTheirTravelAndTransportExpensesWithinKingdomAndAbroad,ar,رئيس مجلس إدارة شركة دبلن للإسكان- الأدرن.,0,none,0,NA,FALSE,uniform_negative,7
JOPT|2025-04-30|NotesListOfNotes|ifrs-full_DisclosureOfSummaryOfSignificantAccountingPoliciesExplanatory|0|ar|143,JOPT,2025-04-30,NotesListOfNotes,ifrs-full_DisclosureOfSummaryOfSignificantAccountingPoliciesExplanatory,ar,Ãæá ßÇäæä ÇáËÇäí 2026 ÇáãÚíÇÑ ÇáÏæáí áÅÚÏÇÏ ÇáÊÞÇÑíÑ ÇáãÇáíÉ ÑÞã (18) - ÇáÚÑÖ æÇáÅÝÕÇÍ Ýí ÇáÞæÇÆã ÇáãÇáíÉ.,0,none,0,NA,FALSE,uniform_negative,17
ABCO|2021-04-25|NotesListOfNotes|ifrs-full_DisclosureOfSummaryOfSignificantAccountingPoliciesExplanatory|0|ar|244,ABCO,2021-04-25,NotesListOfNotes,ifrs-full_DisclosureOfSummaryOfSignificantAccountingPoliciesExplanatory,ar,يقوم البنك بإعادة توازن علاقة التحوط من أجل الامتثال لمتطلبات نسبة التحوط عند الضرورة.,0,none,0,NA,FALSE,uniform_negative,14
JDFS|2021-06-24|DisclosuresAuditorsReport|jsc_AuditorsResponsibilitiesForAuditOfFinancialStatementsExplanatory|0|ar|12,JDFS,2021-06-24,DisclosuresAuditorsReport,jsc_AuditorsResponsibilitiesForAuditOfFinancialStatementsExplanatory,ar,إننا نتواصل مع المسؤولين المكلفين بالحوكمة فيما يتعلق بنطاق التدقيق و توقيته و ملاحظات التدقيق المهمة التي تتضمن اي نقاط ضعف مهمة في نظام الرقابة الداخلية التي يتم تحديدها من قبلنا خلال عملية التدقيق .,0,none,0,NA,FALSE,uniform_negative,35
ABCO|2022-03-30|DisclosuresDirectorsReport|jsc_TheMembersOfBoardOfDirectorsNamesAndNamesAndRanksOfSeniorExecutiveManagementWithBriefResumeOfEach|0|ar|134,ABCO,2022-03-30,DisclosuresDirectorsReport,jsc_TheMembersOfBoardOfDirectorsNamesAndNamesAndRanksOfSeniorExecutiveManagementWithBriefResumeOfEach,ar,2005 - 2007 موظف ائتمان ومخاطر رئيسي / بنك المؤسسة العربية المصرفية (تونس).,0,none,0,NA,FALSE,uniform_negative,13
JVOI|2022-03-15|DisclosuresAuditorsReport|jsc_DisclosureOfAuditorsReportTextBlock|0|ar|32,JVOI,2022-03-15,DisclosuresAuditorsReport,jsc_DisclosureOfAuditorsReportTextBlock,ar,تقييم العرض العام لهيكل القوائم المالية ومحتواها بما في ذلك الايضاحات حولها وفيما إذا كانت القوائم المالية تمثل المعاملات والأحداث التي تحقق العرض العادل.,0,none,0,NA,FALSE,uniform_negative,24
NATA|2022-03-21|CorporateGovernanceReport|jsc-rep_DisclosureOfNumberOfMeetingsOfCommitteesDuringYearWithStatementOfMembersPresent|0|ar|18,NATA,2022-03-21,CorporateGovernanceReport,jsc-rep_DisclosureOfNumberOfMeetingsOfCommitteesDuringYearWithStatementOfMembersPresent,ar,4) لجنة ادارة المخاطر : تم تأسيسها بتاريخ 18/3/2018 ( اجتماعين ).,0,none,0,NA,FALSE,uniform_negative,12
MSFT|2021-03-31|CorporateGovernanceReport|jsc-rep_DisclosureOfInformationAndDetailsRegardingApplicationOfProvisionsOfTheseInstructionsAndCorporateGovernanceRulesInCompany|0|ar|27,MSFT,2021-03-31,CorporateGovernanceReport,jsc-rep_DisclosureOfInformationAndDetailsRegardingApplicationOfProvisionsOfTheseInstructionsAndCorporateGovernanceRulesInCompany,ar,تعيين ضابط ارتباط يعهد إليه متابعة الأمور المتعلقة بتطبيقات الحوكمة في الشركة مع الهيئة.,0,none,0,NA,FALSE,uniform_negative,14
AMAL|2024-04-29|NotesListOfNotes|jsc-rep_DisclosureOfTradeAndOtherCurrentReceivables|0|ar|1,AMAL,2024-04-29,NotesListOfNotes,jsc-rep_DisclosureOfTradeAndOtherCurrentReceivables,ar,تغطية العجز في رصيد الأوراق المالية الذي يظهر لدى عضو الصندوق البائع نتيجة تداول الأوراق المالية في السوق.,0,none,0,NA,FALSE,uniform_negative,18
ABCO|2025-08-14|NotesListOfNotes|ifrs-full_DisclosureOfAccountingJudgementsAndEstimatesExplanatory|0|ar|40,ABCO,2025-08-14,NotesListOfNotes,ifrs-full_DisclosureOfAccountingJudgementsAndEstimatesExplanatory,ar,يتم تقييم فيما إذا كان هنالك زيادة جوهرية للمخاطر الائتمانية منذ تاريخ نشأتها، حيث يقوم البنك بمقارنة مخاطر التعثر للعمر المتوقع للأداة المالية في نهاية كل فترة مالية مع مخاطر التعثر عند نشوء الأداة المالية بإستخدام المفاهيم الرئيسية لعمليات إدارة المخاطر المتوفرة لدى البنك.يتم إستخدام هذا التقييم لتصنيف العملاء والمحافظ لمراحل التصنيف الائتماني، المرحلة الأولى Stage 1 (الاعتراف الأولي)، المرحلة الثانية Stage 2 (تراجع الجودة الائتمانية) والمرحلة الثالثة Stage 3 (انخفاض القيمة الائتمانية).,0,none,0,NA,FALSE,uniform_negative,73
SITT|2024-04-29|CorporateGovernanceReport|jsc-rep_DisclosureOfNumberOfBoardMeetingsDuringYearWithMembersPresent|0|ar|0,SITT,2024-04-29,CorporateGovernanceReport,jsc-rep_DisclosureOfNumberOfBoardMeetingsDuringYearWithMembersPresent,ar,"/3- اجتماعات مجلس الاداره :- يجتمع مجلس إدارة شركة السلام الدولية للنقل والتجارة بناء على دعوة من رئيسة، أو بناء على طلب خطي يقدم الى رئيس المجلس من ربع أعضائه على الاقل، بحضور الأكثرية المطلقه،ويعقد المجلس اجتماعا واحد على الأقل كل شهرين ،وفيما يلي بيان اجتماعات مجلس الاداره لعام 2022 :- اسم عضو مجلس الإداره عدد الاجتماعات المنعقدة عدد مرات الحضور معالي الدكتور/محمد ناصرسالم ابو حمور/ممثل شركة الشمس للإستثمارات العامة 9 9 السيد غالب عدنان غالب الشعلان 9 9 السيده/فرح أحمد حلمي عرموش 9 8 السيد/كمال عبد الرحمن عليان العوامله/ممثل الشركة العالمية لخدمات الحاويات 9 9 الآنسه حلا احمد حلمي عرموش 9 9 السيد/وحيد محمود عبد القادر ابو عجميه ممثل شركة سارية العقبة للتجارة الدولية 9 9 السيد طارق نجيب جودت عبد الهادي ممثل الشركة المباركة الدولية لتطوير الاراضي 9 9 4-مجلس الإدارة (تتمه): عدد الأسهم المملوكه في 31/12/2023 عدد الأسهم المملوكه في 31/12/2022 اسم العضو عدد الأسهم المحجوزه لضمان العضويه في مجلس الاداره العضو الاقارب العضو الأقارب معالي الدكتور ""محمد ناصر"" سالم محمد ابو حمور.",0,none,0,NA,FALSE,uniform_negative,166
JTEL|2021-04-29|DisclosuresAuditorsReport|jsc_AuditorsOpinionBasisExplanatory|0|ar|0,JTEL,2021-04-29,DisclosuresAuditorsReport,jsc_AuditorsOpinionBasisExplanatory,ar,أساس الرأي لقد قمنا بتدقيقنا وفقاً للمعايير الدولية للتدقيق، إن مسؤولياتنا وفقاً لهذه المعايير مفصلة أكثر ضمن بند مسؤولية مدققي الحسابات عن تدقيق القوائم المالية الموحدة الوارد في تقريرنا هذا.,0,none,0,NA,FALSE,uniform_negative,30
JVOI|2022-03-15|DisclosuresChairmansStatement|jsc_DisclosureOfStatementOfBoardOfDirectorsChairman|0|ar|14,JVOI,2022-03-15,DisclosuresChairmansStatement,jsc_DisclosureOfStatementOfBoardOfDirectorsChairman,ar,والسلام عليكم ورحمة الله تعالى وبركاته نقولا أمين شنودى رئيس مجلس الادارة ملخص تقرير مجلس الإدار ة,0,none,0,NA,FALSE,uniform_negative,17
JOKB|2025-04-17|NotesListOfNotes|ifrs-full_DisclosureOfSummaryOfSignificantAccountingPoliciesExplanatory|0|ar|389,JOKB,2025-04-17,NotesListOfNotes,ifrs-full_DisclosureOfSummaryOfSignificantAccountingPoliciesExplanatory,ar,2 - 17 مخصص تعويض نهاية الخدمة للموظفين يتم تكوين مخصص لمواجهة الإلتزامات القانونية والتعاقدية الخاصة بنهاية الخدمة للموظفين أو عن مدة الخدمة المتراكمة للموظفين بتاريخ قائمة المركز المالي الموحدة بموجب اللوائح الداخلية للبنك.,0,none,0,NA,FALSE,uniform_negative,34
THBK|2023-03-31|DisclosuresAuditorsReport|jsc_DisclosureOfAuditorsReportTextBlock|0|ar|19,THBK,2023-03-31,DisclosuresAuditorsReport,jsc_DisclosureOfAuditorsReportTextBlock,ar,لمعالجة أوجه عدم التيقن المتأصلة في البيئة الحالية والمستقبلية ولعكس جميع عوامل المخاطر ذات الصلة التي لم يتم اخذها في نتائج نموذج البنك ، طبقت الإدارة تعديلات كمية ونوعية لتأثيرات سيناريوهات الاقتصاد الكلي غير المسبوقة الناشئة عن الوباء ، والتأثيرات المؤقتة لبرامج دعم المدفوعات التي تقودها البنوك والحكومة ، والتي قد لا تخفف بشكل تام الخسائر المستقبلية ، والتأثيرات على القطاعات الضعيفة بشكل خاص المتأثرة بكوفيد 19.,0,none,0,NA,FALSE,uniform_negative,67
NAAI|2023-03-31|NotesListOfNotes|jsc-rep_DisclosureOfStandardsIssuedButNotYetEffective|0|ar|28,NAAI,2023-03-31,NotesListOfNotes,jsc-rep_DisclosureOfStandardsIssuedButNotYetEffective,ar,في حال نتج عن احتساب التدفقات النقدية المستحقة هامش خدمة تعاقدي سالب ، يتم اعتباره صفر ويتم تسجيل المبلغ السالب على الفور في بيان قائمة الأرباح او الخسائر.,0,none,0,NA,FALSE,uniform_negative,28
THBK|2021-03-31|CorporateGovernanceReport|jsc-rep_DisclosureOfNameOfChairmanAndMembersOfAuditCommitteeAndADescriptionOfTheirQualificationsAndExperienceInFinancialOrAccountingMatters|0|ar|15,THBK,2021-03-31,CorporateGovernanceReport,jsc-rep_DisclosureOfNameOfChairmanAndMembersOfAuditCommitteeAndADescriptionOfTheirQualificationsAndExperienceInFinancialOrAccountingMatters,ar,السيدة شيخة بنت يوسف بن عبدالله الفارسي المؤهل العلمي: ماجستير مالية/ عام 2005 .,0,none,0,NA,FALSE,uniform_negative,14
THBK|2024-03-31|NotesListOfNotes|ifrs-full_DisclosureOfCreditRiskExplanatory|0|ar|25,THBK,2024-03-31,NotesListOfNotes,ifrs-full_DisclosureOfCreditRiskExplanatory,ar,"يمكن استخدام خيار ال Override بنظام ال Credit Lens من خلال اتباع منهجية ال override المعتمدة لدى البنك والمتعلقة بوجود موافقه من اصحاب الصلاحيات "" وبما يتماشى مع جدول الصلاحيات المعتمد لدى البنك في جانب منح الائتمان"" وذلك لرفع او تخفيض درجة المخاطر، حسب الدراسة الائتمانية المعدة من مركز الاعمال ومراجعة الائتمان.",0,none,0,NA,FALSE,uniform_negative,52
APOT|2025-04-21|NotesListOfNotes|ifrs-full_DisclosureOfSummaryOfSignificantAccountingPoliciesExplanatory|0|ar|133,APOT,2025-04-21,NotesListOfNotes,ifrs-full_DisclosureOfSummaryOfSignificantAccountingPoliciesExplanatory,ar,بالنسبة للموجودات المالية المقاسة بالقيمة العادلة، فإن الأرباح والخسائر يتم الاعتراف بها إما في قائمة الدخل الموحدة أو في قائمة الدخل الشامل الموحدة.,0,none,0,NA,FALSE,uniform_negative,23
