sent_id,symbol,pub_date,lang,elr,prob,present,technology,technologies,subject_ok,verb_from_list,verb,tier,text
ABCO|2021-04-25|NotesListOfNotes|ifrs-full_DisclosureOfAccountingJudgementsAndEstimatesExplanatory|0|ar|73,ABCO,2021-04-25,ar,NotesListOfNotes,0.9986,1,Big Data,Big Data,False,False,,1,تم تطوير العلاقات المتوقعة بين مؤشرات الاقتصاد الكلي الرئيسية ومعدلات التخلف عن السداد لمحافظ الموجودات المالية المعنية بناءً على تحليل البيانات التاريخية على مدى السنوات الخمسة الماضية.
ABCO|2025-08-14|Declarations|jsc-rep_DeclarationAffirmingCorrectnessAccuracyAndCompletenessOfInformationAndDataStatedInReportSignedByChairmanOfBoardOfDirectorsCompanysChiefExecutiveOfficerAndChiefFinancialOfficer|0|en|0,ABCO,2025-08-14,en,Declarations,0.9986,1,XBRL,XBRL,False,False,,1,"Representation of the Authenticity of the Financial Statements The Management of Bank ABC in Jordan represents the authenticity, accuracy and precision of the information and financial statements cited in this report. * Signatures are included in the PDF version of the annual report in Arabic that has been uploaded to the XBRL system."
ABCO|2025-08-14|Declarations|jsc-rep_DeclarationByBoardOfDirectorsAffirmingItsResponsibilityForPreparationOfFinancialStatementsAndForProvisionOfEffectiveSystemOfControlsWithinCompany|0|en|0,ABCO,2025-08-14,en,Declarations,0.9986,1,XBRL,XBRL,False,False,,1,Representation of the Board of Directors The Board of Directors of Bank ABC in Jordan represents its responsibility for preparing the financial statements; that the information cited in the Board of Directors’ Report is in line with the enclosed financial statements; and that the Bank has an effective and efficient Internal Control System. * Signatures are included in the PDF version of the annual report in Arabic that has been uploaded to the XBRL system.
ABCO|2025-08-14|Declarations|jsc-rep_DeclarationFromBoardOfDirectorsThatThereAreNoSubstantialMattersDisaffectingCompanysContinuityDuringNextFiscalYear|0|en|0,ABCO,2025-08-14,en,Declarations,0.9983,1,XBRL,XBRL,False,False,,1,"Representation of the Board of Directors The Board of Directors of Bank ABC in Jordan represents, as far as it knows and believes, that there are no fundamental issues that could affect the Bank’s ability to continue its activity throughout the next fiscal year of 2025. * Signatures are included in the PDF version of the annual report in Arabic that has been uploaded to the XBRL system."
ABCO|2025-08-14|Declarations|jsc-rep_DisclosureOfOtherDeclarations|0|en|0,ABCO,2025-08-14,en,Declarations,0.9983,1,XBRL,XBRL,False,False,,1,Representation of the Board of Directors The Board of Directors of Bank ABC in Jordan acknowledge that they have not received personally or any of their relatives any materialistic or in-kind benefits during their work at the Bank and have not disclosed them for the year 2024. * Signatures are included in the PDF version of the annual report in Arabic that has been uploaded to the XBRL system.
ABCO|2025-08-14|DisclosuresDirectorsReport|jsc_DescriptionOfCompanysMainActivitiesWithTheirRespectiveGeographicalLocationsSizeOfCapitalInvestmentAndNumberOfEmployees|0|en|6,ABCO,2025-08-14,en,DisclosuresDirectorsReport,0.9987,1,AI/ML,AI/ML,True,True,utilise,2,The app is supported by Bank ABC in Jordan and utilizes artificial intelligence and data analysis in its design.
ABCO|2025-08-14|DisclosuresDirectorsReport|jsc_DisclosureOfCompanysAccomplishmentsSupportedByQuantitativeIndicatorsAndDescriptionOfSignificantOccurrencesToCompanyDuringFiscalYear|0|en|54,ABCO,2025-08-14,en,DisclosuresDirectorsReport,0.9985,1,AI/ML,AI/ML,True,True,invest_in,2,"As part of the Bank’s overall strategy, the IT Department focuses on enhancing its role in digital transformation, as the Bank strives to develop its digital services to meet the growing needs of customers, including investing in Artificial Intelligence (AI) and data analysis, in order to improve customers’ experience and increase operational efficiency and capacity."
ABCO|2025-08-14|DisclosuresDirectorsReport|jsc_DisclosureOfCompanysAccomplishmentsSupportedByQuantitativeIndicatorsAndDescriptionOfSignificantOccurrencesToCompanyDuringFiscalYear|0|ar|51,ABCO,2025-08-14,ar,DisclosuresDirectorsReport,0.9986,1,AI/ML,AI/ML,False,False,ركز على,1,وفي إطار تحقيق الاستراتيجية العامة للبنك، تركز الدائرة على تعزيز دورها في التحول الرقمي، حيث يسعى البنك إلى تطوير خدماته الرقمية لتلبية احتياجات العملاء المتزايدة، بما في ذلك الاستثمار في الذكاء الاصطناعي وتحليل البيانات لتحسين تجربة العملاء وزيادة الكفاءة والقدرة التشغيلية.
ABCO|2025-08-14|DisclosuresDirectorsReport|jsc_DisclosureOfIssuingCompanysOrganizationalChartNumberOfItsEmployeesAndTheirClassesOfQualificationAndItsPersonnelQualifyingAndTrainingPrograms|0|en|0,ABCO,2025-08-14,en,DisclosuresDirectorsReport,0.0006,0,none,,False,False,,0,"Number of employees of the Bank and the Arab Co-operation Financial Investments Co. and their qualifications No. of Employees of the Arab Co-operation Financial Investments Co . No. of Bank Employees Degree - 3 PhD 7 50 Masters - 1 Higher Diploma 20 417 Bachelor 3 34 Diploma - 5 General Secondary Education 1 20 Below General Secondary Education 31 530 Total no. of employees Qualification and training programs for employees of the Bank and the Arab Co-operation Financial Investments Co. 145 courses were organized in-house, externally and in the Bank’s training centre with the participation of 3,580 employees, as detailed below: The Bank and the Arab Co-operation Financial Investments Co. The Bank and the Arab Co-operation Financial Investments Co. Description No. of Participants # of courses Type of training course 1,811 80 Courses provided by the Bank’s training centre 247 51 Courses provided by local institutes in Jordan 1 1 Courses provided by institutes abroad 1,521 13 Online courses (e-learning) 3,580 8145 Total Types of courses # Course Type No. of Participants 1 Human resources and skills development courses 195 2 Banking marketing, credit cards and customer service courses 2 3 Participation in local and external conferences and meetings 17 4 Investment and treasury operations courses 6 5 Banking risks and crises management, audit, monitoring, compliance control and anti-money laundering courses 1,418 6 Information technology and systems courses 1,033 7 Banking facilities and project financing courses 41 8 Internal and external banking operations courses 125 9 Courses on laws, regulations and instructions 739 10 Accounting courses 4 Total 3,580 * The organizational structure for the Bank and ABCI couldn’t be uploaded correctly (proper copy has been included in the PDF copy of the Annual Report that has been uploaded on XBRL system)"
ABCO|2025-08-14|DisclosuresDirectorsReport|jsc_TheMembersOfBoardOfDirectorsNamesAndNamesAndRanksOfSeniorExecutiveManagementWithBriefResumeOfEach|0|en|169,ABCO,2025-08-14,en,DisclosuresDirectorsReport,0.9983,1,AI/ML,AI/ML,False,False,,1,"Certificate Artificial Intelligence Practical Deep Learning, 2020."
ABCO|2025-08-14|DisclosuresDirectorsReport|jsc_TheMembersOfBoardOfDirectorsNamesAndNamesAndRanksOfSeniorExecutiveManagementWithBriefResumeOfEach|0|en|171,ABCO,2025-08-14,en,DisclosuresDirectorsReport,0.9973,1,Big Data,Big Data,False,False,,1,"In 2016, Mr. Al Mohtasib joined Jordan Ahli Bank as a Middleware, BI Manager and in 2018 he was promoted to AVP-Ahli Labs & Data Analytics (Innovation Department)."
AHLI|2022-04-02|DisclosuresChairmansStatement|jsc_DisclosureOfStatementOfBoardOfDirectorsChairman|0|en|10,AHLI,2022-04-02,en,DisclosuresChairmansStatement,0.9986,1,AI/ML,AI/ML,True,False,utilise,1,"Jordan Ahli Bank strives on several fronts to maximize the benefits of artificial intelligence, and machine learning utilizing them in Data Science to automate tasks and workflow analysis."
AHLI|2022-04-02|DisclosuresChairmansStatement|jsc_DisclosureOfStatementOfBoardOfDirectorsChairman|0|en|11,AHLI,2022-04-02,en,DisclosuresChairmansStatement,0.9986,1,Cloud|ERP,Cloud|ERP,True,True,adopt,2,"So far, Jordan Ahli Bank has automated over 400 internal operations and adopted second-generation technologies such as Blockchain, Cloud Computing, Microservices, Open API to improve customer experience, enhance productivity, and align them with reducing costs and risks plans."
AHLI|2022-04-02|DisclosuresDirectorsReport|jsc_DescriptionOfSubsidiaryCompaniesNatureOfTheirBusinessAndTheirAreasOfActivity|0|en|47,AHLI,2022-04-02,en,DisclosuresDirectorsReport,0.9985,1,AI/ML,AI/ML,True,False,automate,1,"As a UiPathTM️ Gold Partner, AHLI FINTECH continued with its development of Robotic Process Automation (RPA) solutions, automating over 32 processes for Jordan Ahli Bank, almost 1.5 times the processes that were automated the previous year."
AHLI|2022-04-02|DisclosuresDirectorsReport|jsc_DescriptionOfSubsidiaryCompaniesNatureOfTheirBusinessAndTheirAreasOfActivity|0|en|49,AHLI,2022-04-02,en,DisclosuresDirectorsReport,0.9986,1,AI/ML,AI/ML,False,True,leverage,1,"AnaMeen leverages 5th generation technologies including Deep Learning, Machine Learning and Artificial Intelligence to aid in validating and authenticating the digital identities of its users."
AHLI|2022-04-02|DisclosuresDirectorsReport|jsc_DescriptionOfSubsidiaryCompaniesNatureOfTheirBusinessAndTheirAreasOfActivity|0|ar|41,AHLI,2022-04-02,ar,DisclosuresDirectorsReport,0.0005,0,none,,False,False,,0,بصفتها شريكاً ذهبياً لـ TM️UiPath ، عملت الشركةُ على دعم فريق الابداع والابتكار الخاص بالبنك الأهلي في تطوير حلول أتمتةٍ روبوتية للبنك الأهلي مما ساهم في أتمتةِ ما يزيدُ عن 32 عملية تتم داخل البنك .
AHLI|2022-04-02|DisclosuresDirectorsReport|jsc_DisclosureOfCompanysAccomplishmentsSupportedByQuantitativeIndicatorsAndDescriptionOfSignificantOccurrencesToCompanyDuringFiscalYear|0|en|57,AHLI,2022-04-02,en,DisclosuresDirectorsReport,0.9987,1,AI/ML|Big Data,AI/ML|Big Data,True,True,use,2,Jordan Ahli Bank is using the capabilities of Data Lake house to improve financial decision making and product design via AI & Machine Learning.
AHLI|2022-04-02|DisclosuresDirectorsReport|jsc_DisclosureOfCompanysAccomplishmentsSupportedByQuantitativeIndicatorsAndDescriptionOfSignificantOccurrencesToCompanyDuringFiscalYear|0|ar|43,AHLI,2022-04-02,ar,DisclosuresDirectorsReport,0.9986,1,AI/ML,AI/ML,True,False,استخدم,1,يستخدم البنك الأهلي الأردني قدرات Data Lake house لتحسين عملية اتخاذ القرارات المالية وتصميم المنتجات من خلال الذكاء الاصطناعي والتعلم الآلي (Machine Learning & AI) .
AHLI|2022-04-02|DisclosuresDirectorsReport|jsc_DisclosureOfCompanysContributionToEnvironmentalProtectionAndLocalCommunityService|0|en|13,AHLI,2022-04-02,en,DisclosuresDirectorsReport,0.9985,1,AI/ML,AI/ML,False,False,,1,"On the same level, the Bank provided its support for the second phase of the national technological project organized by Eureka Academy, which aims to qualify and train 500 students from government schools from different governorates of the Kingdom on advanced courses in technology, including information security, artificial intelligence and programming, in cooperation with a number of Jordanian universities."
AHLI|2022-04-02|DisclosuresDirectorsReport|jsc_DisclosureOfCompanysContributionToEnvironmentalProtectionAndLocalCommunityService|0|en|51,AHLI,2022-04-02,en,DisclosuresDirectorsReport,0.9985,1,AI/ML,AI/ML,False,True,automate,1,SME growth More than 40 processes were automated through our strategic partnership with UiPath for Robotic Process Automation (RPA) solutions.
AHLI|2022-04-02|DisclosuresDirectorsReport|jsc_DisclosureOfCompanysContributionToEnvironmentalProtectionAndLocalCommunityService|0|ar|13,AHLI,2022-04-02,ar,DisclosuresDirectorsReport,0.9986,1,AI/ML,AI/ML,False,False,,1,وعلى الصعيد ذاته قدّم البنك دعمه للمرحلة الثانية من المشروع الوطني التكنولوجي الذي تنظمه أكاديمية يوريكا والهادف الى تأهيل وتدريب 500 طالب وطالبة من المدارس الحكومية من مختلف محافظات المملكة على مساقات متقدمة في التكنولوجيا تشمل أمن المعلومات، الذكاء الاصطناعي والبرمجة بالتعاون مع عدد من الجامعات الأردنية.
AHLI|2022-04-02|DisclosuresDirectorsReport|jsc_DisclosureOfImportantProspectiveDevelopmentsIncludingAnyNewExpansionsAndProjectsCompanysProposedPlanForAtLeastOneUpcomingYearAndBoardOfDirectorsForecastsForOutcomesOfCompanyActivities|0|en|17,AHLI,2022-04-02,en,DisclosuresDirectorsReport,0.9986,1,AI/ML,AI/ML,True,True,implement,2,"Information Technology 1. Implement New IT Service Management System “ ITSM “ 2. Implement new Corporate Internet Banking Solution 3. Implement Digital Voucher Solution. 4. Upgrade Core Banking T24 to the latest Release R21 5. Implement Loan Origination System for corporate sector 6. Implement Data Classification solution. 7. Implement financial fraud detection/prevention. 8. New CRM and Contact Center 9. Implement Back up solution for end points “ DLO “ Human Resources Continuing to strive to consolidate the concept of corporate culture among the bank’s employees and apply it to all practices in a way that highlights the identity of the bank in front of its customers, and to work to secure a comfortable, flexible, stimulating and positive work environment that enhances love, care and belonging to the bank."
AMAL|2023-04-30|DisclosuresDirectorsReport|jsc_DisclosureOfIssuingCompanysOrganizationalChartNumberOfItsEmployeesAndTheirClassesOfQualificationAndItsPersonnelQualifyingAndTrainingPrograms|0|en|0,AMAL,2023-04-30,en,DisclosuresDirectorsReport,0.9979,1,XBRL,XBRL,False,False,,1,- Company’s organizational structure : 9.B- Number of Staff and academic qualifications: Qualification Number of Staff Master’s degree 1 Bachelor's degree 6 Intermediate Diploma 1 High school 1 9.B- Qualification and training programs for company staff: # Qualification and Training Programs Number of Staff 1 Excel in Accounting and Financial Analysis 5 2 A virtual remote training workshop (XBRL electronic disclosure) 2 3 FATCA- Foreign Account Tax Compliance 9 4 Global Financial Compliance 1 5 Combating Financial Crimes 4 6 Trading rules applicable in the Amman Stock Exchange 2 7 Anti-money laundering and terrorist financing requirements in cooperation with the Securities Commission 2 8 Skills of checking and detecting forged signatures and matching them 5
APOT|2024-04-29|DisclosuresDirectorsReport|jsc_DisclosureOfImportantProspectiveDevelopmentsIncludingAnyNewExpansionsAndProjectsCompanysProposedPlanForAtLeastOneUpcomingYearAndBoardOfDirectorsForecastsForOutcomesOfCompanyActivities|0|en|33,APOT,2024-04-29,en,DisclosuresDirectorsReport,0.9986,1,AI/ML,AI/ML,True,True,implement,2,"This project also includes the separation of storage operations for fertilizers of different types and colours, which works to ensure product quality and adherence to internationally required specifications, which enhances the Company’s competitiveness at the global level. 5. Digital transformation The Company is implementing a comprehensive plan for digital transformation and artificial intelligence applications."
APOT|2024-04-29|DisclosuresDirectorsReport|jsc_DisclosureOfImportantProspectiveDevelopmentsIncludingAnyNewExpansionsAndProjectsCompanysProposedPlanForAtLeastOneUpcomingYearAndBoardOfDirectorsForecastsForOutcomesOfCompanyActivities|0|en|34,APOT,2024-04-29,en,DisclosuresDirectorsReport,0.9986,1,AI/ML|Big Data,AI/ML|Big Data,False,False,focus_on,1,"This plan focuses on developing the Company's technological infrastructure and applying digital transformation across all production and administrative operations through the integration of Internet of Things technology, sensors, measuring devices, as well as smart solutions and artificial intelligence applications."
APOT|2024-04-29|DisclosuresDirectorsReport|jsc_DisclosureOfImportantProspectiveDevelopmentsIncludingAnyNewExpansionsAndProjectsCompanysProposedPlanForAtLeastOneUpcomingYearAndBoardOfDirectorsForecastsForOutcomesOfCompanyActivities|0|ar|33,APOT,2024-04-29,ar,DisclosuresDirectorsReport,0.9986,1,AI/ML|Big Data,AI/ML|Big Data,True,False,ب+مصدر,1,التحول الرقمي تقوم الشركة بعمل خطة متكاملة للتحول الرقمي وتطبيقات الذكاء الاصطناعي حيث تعنى هذه الخطة بتطوير البنية التكنولوجية للشركة وتطبيق التحول الرقمي في كافة عمليات الشركة الإنتاجية والإدارية عن طريق إدخال تقنية انترنت الأشياء وأجهزة الاستشعار وأجهزة القياس بالإضافة الى الحلول الذكية وتطبيقات الذكاء الاصطناعي.
APOT|2024-04-29|DisclosuresDirectorsReport|jsc_TheMembersOfBoardOfDirectorsNamesAndNamesAndRanksOfSeniorExecutiveManagementWithBriefResumeOfEach|0|ar|102,APOT,2024-04-29,ar,DisclosuresDirectorsReport,0.9987,1,Big Data,Big Data,False,True,شغل,1,يشغل المهندس اللوباني حالياً منصب عضو في الفريق الاستشاري الاستراتيجي للجنة ذكاء الأعمال التابع للاتّحاد الدولي للأسمدة ( IFA ) ومقرراً لمجموعة العمل الخاصة بالطلب العالمي للأسمدة ونائب رئيس اللجنة الاقتصادية للاتحاد العربي للأسمدة.
ARBK|2025-04-06|DisclosuresChairmansStatement|jsc_DisclosureOfStatementOfBoardOfDirectorsChairman|0|en|33,ARBK,2025-04-06,en,DisclosuresChairmansStatement,0.9987,1,AI/ML,AI/ML,True,True,implement,2,"We continued to develop our range of services and implement the latest digital solutions, supported by artificial intelligence, to deliver comprehensive and innovative banking and financing solutions tailored to the diverse needs of our corporate, institutional, and individual clients across various sectors."
ARBK|2025-04-06|DisclosuresChairmansStatement|jsc_DisclosureOfStatementOfBoardOfDirectorsChairman|0|en|41,ARBK,2025-04-06,en,DisclosuresChairmansStatement,0.9985,1,AI/ML,AI/ML,True,True,adopt,2,"Alongside this, we will enhance operational efficiency by adopting the latest FinTech solutions and artificial intelligence technologies."
ARBK|2025-04-06|DisclosuresChairmansStatement|jsc_DisclosureOfStatementOfBoardOfDirectorsChairman|0|ar|22,ARBK,2025-04-06,ar,DisclosuresChairmansStatement,0.9986,1,AI/ML,AI/ML,False,False,,1,وعلى مدار العام، واصل البنك العربي تعزيز مكانته كمؤسسة مالية رائدة محلياً وإقليمياً، مستفيداً من شبكة فروعه الواسعة، وخبراته المتجذرة في أسواق المنطقة، حيث استمر البنك في تطوير منظومة خدماته وتوظيف أحدث الحلول الرقمية المدعومة بتقنيات الذكاء الاصطناعي لتقديم حلول مصرفية وتمويلية متكاملة ومبتكرة تلبي احتياجات عملائه المتنوعة من الشركات والمؤسسات والأفراد عبر مختلف القطاعات.
ARBK|2025-04-06|DisclosuresChairmansStatement|jsc_DisclosureOfStatementOfBoardOfDirectorsChairman|0|ar|28,ARBK,2025-04-06,ar,DisclosuresChairmansStatement,0.9985,1,AI/ML,AI/ML,True,True,بنى,2,نؤكد في مستهل عامٍ جديد من مسيرة مؤسستنا المالية الرائدة على المضي قدماً في تنفيذ استراتيجيتنا الشاملة المنبثقة عن رؤيتنا المستقبلية الطموحة كما نؤكد عزمنا على استكمال خططنا الهادفة للنمو، وتعزيز حضورنا في الأسواق الواعدة واستثمار الفرص التي تتيحها البيئة الاقتصادية المتغيرة، ومواصلة تطوير قطاعات أعمالنا الأساسية، إلى جانب تحسين الكفاءة التشغيلية عبر تبني أحدث حلول التكنولوجيا المالية وتقنيات الذكاء الاصطناعي.
ARBK|2025-04-06|DisclosuresDirectorsReport|jsc_DescriptionOfCompanysMainActivitiesWithTheirRespectiveGeographicalLocationsSizeOfCapitalInvestmentAndNumberOfEmployees|0|en|7,ARBK,2025-04-06,en,DisclosuresDirectorsReport,0.9986,1,Big Data,Big Data,True,True,use,2,The division provides advanced digital channels and effectively uses data analytics to optimise decision-making and strengthen the bank’s competitive position.
ARBK|2025-04-06|DisclosuresDirectorsReport|jsc_DescriptionOfCompanysMainActivitiesWithTheirRespectiveGeographicalLocationsSizeOfCapitalInvestmentAndNumberOfEmployees|0|en|11,ARBK,2025-04-06,en,DisclosuresDirectorsReport,0.9986,1,Big Data,Big Data,True,True,leverage,2,"Furthermore, Arab Bank prioritises enhancing customer engagement by leveraging cutting-edge technologies, advanced data analytics, and proactive communication to provide clients with valuable content and personalised recommendations that meet their aspirations and simplify their banking experience."
ARBK|2025-04-06|DisclosuresDirectorsReport|jsc_DescriptionOfCompanysMainActivitiesWithTheirRespectiveGeographicalLocationsSizeOfCapitalInvestmentAndNumberOfEmployees|0|en|26,ARBK,2025-04-06,en,DisclosuresDirectorsReport,0.9986,1,AI/ML,AI/ML,True,True,focus_on,2,"In addition to the above, Arab Bank continues to evolve its digital strategy, driven by innovation and advanced technological capabilities, with a particular focus on artificial intelligence and predictive analytics."
ARBK|2025-04-06|DisclosuresDirectorsReport|jsc_DescriptionOfCompanysMainActivitiesWithTheirRespectiveGeographicalLocationsSizeOfCapitalInvestmentAndNumberOfEmployees|0|en|39,ARBK,2025-04-06,en,DisclosuresDirectorsReport,0.9986,1,Big Data,Big Data,False,False,,1,Advanced data analytics and proactive communications aim to ensure customers receive useful content that meets their aspirations and facilitate their banking transactions.
ARBK|2025-04-06|DisclosuresDirectorsReport|jsc_DescriptionOfCompanysMainActivitiesWithTheirRespectiveGeographicalLocationsSizeOfCapitalInvestmentAndNumberOfEmployees|0|ar|6,ARBK,2025-04-06,ar,DisclosuresDirectorsReport,0.9986,1,Big Data,Big Data,False,False,,1,ساهمت مجموعة الأعمال المصرفية للشركات والمؤسسات المالية أيضاً في تعزيز التحول الرقمي للبنك وتحسين تجربة عملاء الشركات والمؤسسات بما توفره من قنوات رقمية متطورة، إلى جانب توظيف تحليلات البيانات لتعزيز كفاءة عملية اتخاذ القرار وترسيخ مكانة البنك التنافسية.
ARBK|2025-04-06|DisclosuresDirectorsReport|jsc_DescriptionOfCompanysMainActivitiesWithTheirRespectiveGeographicalLocationsSizeOfCapitalInvestmentAndNumberOfEmployees|0|ar|19,ARBK,2025-04-06,ar,DisclosuresDirectorsReport,0.9986,1,AI/ML,AI/ML,True,True,ب+مصدر,2,وإلى جانب ما سبق، يواصل البنك التزامه بتطوير استراتيجيته الرقمية المدعومة بالابتكار والقدرات التقنية المتقدمة، وعلى رأسها الذكاء الاصطناعي والتحليل الاستباقي.
ARBK|2025-04-06|DisclosuresDirectorsReport|jsc_DisclosureOfCompanysAccomplishmentsSupportedByQuantitativeIndicatorsAndDescriptionOfSignificantOccurrencesToCompanyDuringFiscalYear|0|en|10,ARBK,2025-04-06,en,DisclosuresDirectorsReport,0.9987,1,AI/ML,AI/ML,True,True,deploy,2,"The Group continues to enhance operational efficiency by deploying digital technologies and artificial intelligence tools within an institutional framework across all business units, while continuing to implement its digital strategy to provide digital banking services that meet the aspirations and financial needs of its customers."
ARBK|2025-04-06|DisclosuresDirectorsReport|jsc_DisclosureOfCompanysAccomplishmentsSupportedByQuantitativeIndicatorsAndDescriptionOfSignificantOccurrencesToCompanyDuringFiscalYear|0|en|46,ARBK,2025-04-06,en,DisclosuresDirectorsReport,0.9987,1,AI/ML,AI/ML,True,True,use,2,"For loan products, Consumer Banking and Wealth Management focused on digitisation and the extensive use of artificial intelligence solutions."
ARBK|2025-04-06|DisclosuresDirectorsReport|jsc_DisclosureOfCompanysAccomplishmentsSupportedByQuantitativeIndicatorsAndDescriptionOfSignificantOccurrencesToCompanyDuringFiscalYear|0|en|47,ARBK,2025-04-06,en,DisclosuresDirectorsReport,0.9987,1,AI/ML,AI/ML,True,True,use,2,The bank developed credit behaviour assessment models using machine learning algorithms and statistical logic to accurately identify creditworthy customers and make sound credit decisions regarding suitable facilities.
ARBK|2025-04-06|DisclosuresDirectorsReport|jsc_DisclosureOfCompanysAccomplishmentsSupportedByQuantitativeIndicatorsAndDescriptionOfSignificantOccurrencesToCompanyDuringFiscalYear|0|en|51,ARBK,2025-04-06,en,DisclosuresDirectorsReport,0.9987,1,AI/ML,AI/ML,True,True,use,2,"The bank also developed its interactive personal assistant, (Al Arabi), using artificial intelligence technologies to enable customer service staff to process customer voice notes and provide more personalised and seamless support services."
ARBK|2025-04-06|DisclosuresDirectorsReport|jsc_DisclosureOfCompanysAccomplishmentsSupportedByQuantitativeIndicatorsAndDescriptionOfSignificantOccurrencesToCompanyDuringFiscalYear|0|ar|7,ARBK,2025-04-06,ar,DisclosuresDirectorsReport,0.9986,1,AI/ML,AI/ML,True,True,ب+مصدر,2,وفي إطار تعزيز توجهات البنك على صعيد التحول الرقمي، واصلت المجموعة التركيز على تعزيز كفاءة عملياتها عبر توظيف التقنيات الرقمية وأدوات الذكاء الاصطناعي ضمن إطار عمل مؤسسي لبرنامج تحول رقمي منظم على مستوى كافة قطاعات الأعمال، كما وتواصل المجموعة تنفيذ استراتيجيتها الرقمية لتوفير خدمات مصرفية رقمية تلبي تطلعات عملائها واحتياجاتهم المالية.
ARBK|2025-04-06|DisclosuresDirectorsReport|jsc_DisclosureOfCompanysContributionToEnvironmentalProtectionAndLocalCommunityService|0|en|13,ARBK,2025-04-06,en,DisclosuresDirectorsReport,0.9986,1,SAR,SAR,True,True,implement,2,"In addition, the Operations Department launched a project to review and update the lists of archives and retention periods for various bank documents while continuing to implement the electronic archiving system, which enhances the bank’s goal of transitioning to a paperless work environment."
ARBK|2025-04-06|DisclosuresDirectorsReport|jsc_DisclosureOfCompanysRiskExposure|0|en|120,ARBK,2025-04-06,en,DisclosuresDirectorsReport,0.9987,1,AI/ML|Big Data,AI/ML|Big Data,False,True,use,1,Advanced fraud prevention and detection systems using AI and machine learning have been implemented with real-time monitoring enhancing prevention and detection capabilities.
ARBK|2025-04-06|DisclosuresDirectorsReport|jsc_DisclosureOfCompanysRiskExposure|0|en|149,ARBK,2025-04-06,en,DisclosuresDirectorsReport,0.9987,1,AI/ML,AI/ML,False,False,integrate,1,"Artificial Intelligence and BCRM Partnership: This partnership represents a long-term, ongoing effort to integrate advanced technologies into BCRM operations, ensuring that the bank remains resilient in the face of emerging risks."
ARBK|2025-04-06|DisclosuresDirectorsReport|jsc_DisclosureOfCompanysRiskExposure|0|en|150,ARBK,2025-04-06,en,DisclosuresDirectorsReport,0.9986,1,AI/ML,AI/ML,True,True,leverage,2,"As a result of this collaboration an advanced playbooks for incident response, leveraging AI and machine learning to predict and response to emerging risks that could impact the bank’s operations or disrupt services."
ARBK|2025-04-06|DisclosuresDirectorsReport|jsc_DisclosureOfCompanysRiskExposure|0|ar|114,ARBK,2025-04-06,ar,DisclosuresDirectorsReport,0.9986,1,AI/ML,AI/ML,True,True,ب+مصدر,2,كما طبق البنك أنظمة حديثة للكشف الفوري عن محاولات الاحتيال والوقاية منها، وذلك باستخدام تقنيات متطورة تشمل الذكاء الاصطناعي والتعلم الآلي ، بهدف تعزيز قدرات البنك في مجال مكافحة الاحتيال.
ARBK|2025-04-06|DisclosuresDirectorsReport|jsc_DisclosureOfCompanysRiskExposure|0|ar|138,ARBK,2025-04-06,ar,DisclosuresDirectorsReport,0.9986,1,AI/ML,AI/ML,False,False,,1,إدارة استمرارية ومرونة الأعمال والشراكة مع فريق الذكاء الاصطناعي: تمثل هذه الشراكة جهداً طويل الأمد ومستمراً لدمج التقنيات المتقدمة في عمليات إدارة استمرارية ومرونة الأعمال، مما يضمن بقاء البنك مرناً في مواجهة المخاطر الناشئة.
ARBK|2025-04-06|DisclosuresDirectorsReport|jsc_DisclosureOfCompanysRiskExposure|0|ar|139,ARBK,2025-04-06,ar,DisclosuresDirectorsReport,0.9986,1,AI/ML,AI/ML,False,True,اعتمد,1,وقد أثمر هذا التعاون عن تطوير أدلة استجابة متقدمة للحوادث، تعتمد على تقنيات الذكاء الاصطناعي وتعلم الآلة، وذلك للتنبؤ بالمخاطر والاستجابة لها بشكل استباقي، والحد من تأثيرها على عمليات البنك أو تعطيل خدماته.
ARBK|2025-04-06|DisclosuresDirectorsReport|jsc_DisclosureOfImportantProspectiveDevelopmentsIncludingAnyNewExpansionsAndProjectsCompanysProposedPlanForAtLeastOneUpcomingYearAndBoardOfDirectorsForecastsForOutcomesOfCompanyActivities|0|en|8,ARBK,2025-04-06,en,DisclosuresDirectorsReport,0.9986,1,AI/ML,AI/ML,False,False,,1,"The bank places significant importance on artificial intelligence applications, particularly generative AI."
ARBK|2025-04-06|DisclosuresDirectorsReport|jsc_DisclosureOfImportantProspectiveDevelopmentsIncludingAnyNewExpansionsAndProjectsCompanysProposedPlanForAtLeastOneUpcomingYearAndBoardOfDirectorsForecastsForOutcomesOfCompanyActivities|0|en|20,ARBK,2025-04-06,en,DisclosuresDirectorsReport,0.9986,1,Big Data,Big Data,False,False,,1,"Corporate and Institutional Banking The Corporate and Institutional Banking division aims to expand its market share and strengthen client relationships through various strategic initiatives, most notably by enhancing its data analytics capabilities."
ARBK|2025-04-06|DisclosuresDirectorsReport|jsc_DisclosureOfImportantProspectiveDevelopmentsIncludingAnyNewExpansionsAndProjectsCompanysProposedPlanForAtLeastOneUpcomingYearAndBoardOfDirectorsForecastsForOutcomesOfCompanyActivities|0|en|21,ARBK,2025-04-06,en,DisclosuresDirectorsReport,0.9986,1,AI/ML,AI/ML,True,True,leverage,2,"By leveraging artificial intelligence and machine learning technologies, the Group aims to achieve further growth in existing and new business sectors and refine decision-making processes for greater efficacy."
ARBK|2025-04-06|DisclosuresDirectorsReport|jsc_DisclosureOfImportantProspectiveDevelopmentsIncludingAnyNewExpansionsAndProjectsCompanysProposedPlanForAtLeastOneUpcomingYearAndBoardOfDirectorsForecastsForOutcomesOfCompanyActivities|0|en|28,ARBK,2025-04-06,en,DisclosuresDirectorsReport,0.9987,1,AI/ML,AI/ML,False,True,leverage,1,"It leverages emerging technologies and innovative solutions based on artificial intelligence and machine learning to personalise banking services, proactively anticipate and meet customer needs, recommend suitable products and services, and provide instant transaction capabilities."
ARBK|2025-04-06|DisclosuresDirectorsReport|jsc_DisclosureOfImportantProspectiveDevelopmentsIncludingAnyNewExpansionsAndProjectsCompanysProposedPlanForAtLeastOneUpcomingYearAndBoardOfDirectorsForecastsForOutcomesOfCompanyActivities|0|en|30,ARBK,2025-04-06,en,DisclosuresDirectorsReport,0.9987,1,AI/ML,AI/ML,True,True,use,2,Arab Bank is also developing customer-centric solutions using generative AI to provide seamless services and exceptional experiences across its various banking channels and digital platforms.
ARBK|2025-04-06|DisclosuresDirectorsReport|jsc_DisclosureOfImportantProspectiveDevelopmentsIncludingAnyNewExpansionsAndProjectsCompanysProposedPlanForAtLeastOneUpcomingYearAndBoardOfDirectorsForecastsForOutcomesOfCompanyActivities|0|en|40,ARBK,2025-04-06,en,DisclosuresDirectorsReport,0.9986,1,AI/ML|Big Data,AI/ML|Big Data,False,False,,1,"This vision is complemented by digital data analytics, artificial intelligence, and machine learning, which form the foundation for the future of consumer banking."
ARBK|2025-04-06|DisclosuresDirectorsReport|jsc_DisclosureOfImportantProspectiveDevelopmentsIncludingAnyNewExpansionsAndProjectsCompanysProposedPlanForAtLeastOneUpcomingYearAndBoardOfDirectorsForecastsForOutcomesOfCompanyActivities|0|ar|5,ARBK,2025-04-06,ar,DisclosuresDirectorsReport,0.9986,1,AI/ML,AI/ML,False,False,,1,ويولي البنك أهمية كبيرة لتطبيقات الذكاء الاصطناعي، وخاصةً الذكاء الاصطناعي التوليدي ويعمل على تطويرها من خلال مبادرات مؤسسية شاملة، إلى جانب جهوده لتطوير نموذجه التشغيلي بهدف خفض التكاليف ورفع مستوى الإنتاجية وتحسين تجربة العملاء.
ARBK|2025-04-06|DisclosuresDirectorsReport|jsc_DisclosureOfImportantProspectiveDevelopmentsIncludingAnyNewExpansionsAndProjectsCompanysProposedPlanForAtLeastOneUpcomingYearAndBoardOfDirectorsForecastsForOutcomesOfCompanyActivities|0|ar|14,ARBK,2025-04-06,ar,DisclosuresDirectorsReport,0.9986,1,Big Data,Big Data,False,False,,1,مجموعة الأعمال المصرفية للشركات والمؤسسات المالية: تتطلع مجموعة الأعمال المصرفية للشركات والمؤسسات المالية إلى توسيع حصتها السوقية وتعزيز علاقاتها مع العملاء من خلال مبادرات استراتيجية متعددة، من أبرزها تعزيز قدراتها في مجال تحليل البيانات.
ARBK|2025-04-06|DisclosuresDirectorsReport|jsc_DisclosureOfImportantProspectiveDevelopmentsIncludingAnyNewExpansionsAndProjectsCompanysProposedPlanForAtLeastOneUpcomingYearAndBoardOfDirectorsForecastsForOutcomesOfCompanyActivities|0|ar|15,ARBK,2025-04-06,ar,DisclosuresDirectorsReport,0.9986,1,AI/ML,AI/ML,False,False,,1,وتهدف المجموعة أيضاً إلى تحقيق مزيد من النمو في قطاعات الأعمال الحالية والجديدة وتحسين آليات صنع القرار بالاستفادة من تقنيات الذكاء الاصطناعي والتعلم الآلي.
ARBK|2025-04-06|DisclosuresDirectorsReport|jsc_DisclosureOfImportantProspectiveDevelopmentsIncludingAnyNewExpansionsAndProjectsCompanysProposedPlanForAtLeastOneUpcomingYearAndBoardOfDirectorsForecastsForOutcomesOfCompanyActivities|0|ar|19,ARBK,2025-04-06,ar,DisclosuresDirectorsReport,0.9986,1,AI/ML,AI/ML,False,False,,1,تسعى إدارة الخدمات المصرفية للأفراد وإدارة الثروات للارتقاء بمستوى مشاركة العملاء وتقديم أفضل التجارب المصرفية كأحد أولوياتها الاستراتيجية مستفيدةً من التقنيات الناشئة والحلول المبتكرة المعتمدة على تقنيات الذكاء الاصطناعي وتعلم الآلة لتخصيص خدمات البنك وتلبية احتياجات العملاء بشكل استباقي والتوصية بمنتجات وخدمات مناسبة وتوفير إمكانية التنفيذ الفوري للمعاملات.
ARBK|2025-04-06|DisclosuresDirectorsReport|jsc_DisclosureOfImportantProspectiveDevelopmentsIncludingAnyNewExpansionsAndProjectsCompanysProposedPlanForAtLeastOneUpcomingYearAndBoardOfDirectorsForecastsForOutcomesOfCompanyActivities|0|ar|21,ARBK,2025-04-06,ar,DisclosuresDirectorsReport,0.9987,1,AI/ML,AI/ML,True,True,ب+مصدر,2,كما يعمل البنك على تطوير حلوله الموجهة للعملاء باستخدام الذكاء الاصطناعي التوليدي لتقديم خدمات سلسة للعملاء وتجارب متميزة في التعامل مع مختلف القنوات المصرفية عبر جميع المنصات الرقمية.
ATTA|2025-04-16|DisclosuresDirectorsReport|jsc_TheMembersOfBoardOfDirectorsNamesAndNamesAndRanksOfSeniorExecutiveManagementWithBriefResumeOfEach|0|en|2,ATTA,2025-04-16,en,DisclosuresDirectorsReport,0.0008,0,none,,False,False,,0,"Marwan Hanna Suleiman Khaitan – Independent Member Board Member Date of Birth: June 2, 1952 Academic Qualifications: Master’s degree in Transport Engineering – Moscow University Professional Experience: Former Minister of Transport Former Director General of the Public Transport Authority Former Director General of Al Mutakamilah Multi-Modal Transport Company Board Member of Middle East University Mohammad Ali Mohammad Ibrahim ""Al-Qaryouti"" – Independent Member Board Member Date of Birth: February 26, 1969 Academic Qualifications: Bachelor’s degree in Business Administration – Al-Zaytoonah University Diploma in Accounting – Arab Community College Specialized Diploma in Banking Management – Sweden Professional Experience: 29 years of banking experience across four local, international, and regional banks Board Member, Founder, and Treasurer – Jordan Economic Forum Strategy and Investment Consultant – Elegant Group Senior Management Team and Brief Profiles: Amjad Ghareeb Abdulrahim Al-Bakri (Last working day: December 31, 2024) General Manager Date of Birth: July 14, 1966 Academic Qualifications: Bachelor’s degree in Law – Beirut Arab University, 1991 Professional Experience: Member of the Amman Municipality Council ( 1995-2007 ) Founder & General Manager of Coordinates Real Estate Company General Manager of Al Mutakamilah for Land Development and Investment since January 1, 2011 Ismail Abduljawad Ismail Al-Shafai Financial & Administrative Manager Date of Birth: July 13, 1991 Academic Qualifications: Bachelor’s degree in Accounting – Al-Balqa Applied University Professional Experience: Financial & Administrative Manager at Al Mutakamilah for Land Development and Investment since March 18, 2018 Board Secretary at Al Mutakamilah for Land Development and Investment Senior Accountant at Bustami & Sahib Trading Company – Nissan Jordan (2014-2018) Alaa Ziad Sobhi Madawi (Last working day: June 30, 2024) Deputy General Manager – Technical & Engineering Affairs Date of Birth: March 28, 1978 Academic Qualifications: Bachelor’s degree in Electronics – Princess Sumaya University for Technology (1999-2000) Professional Experience: ERP Solutions Development Officer – Sayegh Group (2002-2004) HSE Manager for Oil Projects – CCC International, Nigeria (2004-2005) General Manager – Michigan Interior Design & Decor (2005-2014) General Manager – Al-Sor'a Advertising Company (2009-2012) Quantity Surveying Manager for Airports Projects – CCC International, Libya (2009-2011) Project Execution Manager for Rehabilitation Projects – Lafarge Jordan Cement (2011-2015) Deputy General Manager – Administrative & Engineering Affairs – Al Mutakamilah for Land Development and Investment (2014-2018) Christy Ibrahim Dabbour (Last working day: July 25, 2024) Operations Manager Date of Birth: December 28, 1978 Academic Qualifications: Master’s degree in Business Administration – University of Wales, UK Professional Experience: Executive Director of Supervision & Project Management – Consolidated Consultants Group, Amman (2020-2023) Project Manager – Los Angeles, California, USA (2016-2020) Senior Project Management Engineer (PMO) – Consolidated Consultants Group, Amman (2015-2016) Department Engineer (Construction, Materials & Contracts Manager) – CCC Abu Dhabi, UAE (2011-2015) Contracts Engineer – CCC Tripoli, Libya (2009-2011)"
BOJX|2023-03-26|DisclosuresDirectorsReport|jsc_DisclosureOfCompanysAccomplishmentsSupportedByQuantitativeIndicatorsAndDescriptionOfSignificantOccurrencesToCompanyDuringFiscalYear|0|en|196,BOJX,2023-03-26,en,DisclosuresDirectorsReport,0.0013,0,none,,False,False,,0,The institutional content system includes electronic archiving.
BOJX|2023-03-26|DisclosuresDirectorsReport|jsc_DisclosureOfCompanysAccomplishmentsSupportedByQuantitativeIndicatorsAndDescriptionOfSignificantOccurrencesToCompanyDuringFiscalYear|0|en|197,BOJX,2023-03-26,en,DisclosuresDirectorsReport,0.998,1,SAR,SAR,False,False,launch,1,"The electronic archiving of the daily portfolios of the branches was launched during the year, so that during the next year a comprehensive plan for electronic archiving will be implemented at the bank’s warehouses according to the operational sector plan through the institutional content system."
BOJX|2023-03-26|DisclosuresDirectorsReport|jsc_DisclosureOfCompanysAccomplishmentsSupportedByQuantitativeIndicatorsAndDescriptionOfSignificantOccurrencesToCompanyDuringFiscalYear|0|en|228,BOJX,2023-03-26,en,DisclosuresDirectorsReport,0.0022,0,none,,False,False,,0,"This was done by using a set of risk indicators, Risk Monitoring & Business Performance Dashboard, which includes (credit risks, market risks, liquidity, operational risk, cyber security risk, compliance risk, financial risk)."
CABK|2025-04-30|CorporateGovernanceReport|jsc-rep_DisclosureOfExecutivePositionsInCompanyAndNamesOfThePersonsWhoOccupyThem|0|ar|14,CABK,2025-04-30,ar,CorporateGovernanceReport,0.0009,0,none,,False,False,,0,السيد زيد جمال زهدي حميد - المدير التنفيذي / إدارة امن المعلومات و مكافحة الجرائم المالية تاريخ الميلاد 18 / 5 / 1986 تاريخ التعيين 27 / 12 / 2011 المؤهلات العلمية بكالوريوس ادارة اعمال 2011 الخبرات العملية مدير تنفيذي ادارة امن المعلومات ومكافحة الجرائم المالية من 4 / 2023 لغاية الان مدير الجرائم المالية و الامن السيبراني لدى بنك القاهرة عمان من 2 / 2021 لغاية 4 / 2023 مدير دائرة مكافحة الجرائم المالية لدى بنك القاهرة عمان من 10 / 2019 لغاية 2 / 2021 مسؤول قسم التحقيقات و اعرف عميلك لدى بنك القاهرة عمان من 4 / 2017 لغاية 10 / 2019 مسؤول قسم مراقبة المعلومات و التحقيق لدى بنك القاهرة عمان من 7 / 2014 لغاية 4 / 2017 السيد فؤاد نبيل الخوري اسبير فؤاد الصناع - مدير دائرة التخطيط الاستراتيجي وتطوير الأعمال تاريخ الميلاد 10 / 6 / 1992 تاريخ التعيين 1 / 11 / 2015 المؤهلات العلمية درجة الماجستير العلوم المالية و المصرفية 2015 بكالوريوس اقتصاديات المال والاعمال 2014 الخبرات العملية مدير دائرة التخطيط الاستراتيجي و التطوير الاعمال من 08 / 2023 لغاية الان مدير دائرة الاستراتيجية و تنقيب البيانات لدى بنك القاهرة عمان من 04 / 2020 لغاية 08 / 2023 محلل اقتصادي رئيسي لدى بنك القاهرة عمان من 01 / 2019 لغاية 04 / 2020 محلل اقتصادي لدى بنك القاهرة عمان من 11 / 2015 لغاية 01 / 2019 السيد عوني فريد موسى قاقيش - مدير اول / ادارة خدمات الائتمان الشخصي تاريخ الميلاد 06 / 08 / 1979 تاريخ التعيين 15 / 04 / 2001 المؤهلات العلمية درجة الماجيستير اقتصاد عام 2005 درجة البكالوريوس اقتصاد عام 2001 الخبرات العملية مدير اول إدارة خدمات الائتمان الشخصي من 11 / 2024 ولغاية الان عضو هيئة مديري شركة تملك للتأجير التمويلي مدير فريق خدمات الائتمان الشخصي لدى ادارة خدمات الائتمان الشخصي من تاريخ 04 / 2010 ولغاية 11 / 2024 .
CABK|2025-04-30|DisclosuresDirectorsReport|jsc_DisclosureOfCompanysAccomplishmentsSupportedByQuantitativeIndicatorsAndDescriptionOfSignificantOccurrencesToCompanyDuringFiscalYear|0|ar|58,CABK,2025-04-30,ar,DisclosuresDirectorsReport,0.9986,1,Big Data,Big Data,True,False,ب+مصدر,1,في إطار تعزيز مستويات عملية الاستقطاب للمرشحين الجدد للبنك فقد قام البنك بتطبيق نظام لتعزيز كفاءة عمليات التوظيف وتحسين تجربة المرشحين من خلال ادارة مركزية للبيانات، تحليل البيانات واتخاذ القرارات المستنيرة بناءا على قاعدة بيانات للمواهب مما يعمل على تحسين التخطيط للموارد البشرية.
CABK|2025-04-30|DisclosuresDirectorsReport|jsc_DisclosureOfCompanysAccomplishmentsSupportedByQuantitativeIndicatorsAndDescriptionOfSignificantOccurrencesToCompanyDuringFiscalYear|0|ar|81,CABK,2025-04-30,ar,DisclosuresDirectorsReport,0.9986,1,Big Data,Big Data,True,True,ب+مصدر,2,والجدير بالذكر بأن العمل جاري على ترقية النظام البنكي العامل في البنك إلى أحدث إصدار، كذلك يقوم البنك حالياً بتطبيق نظام مستودع البيانات وحلول التحليلات الذي يهدف الى إنشاء بنية تحتية تقنية قوية تمكن البنك من جمع البيانات من مختلف الأنظمة التشغيلية وتخزينها في مستودع مركزي.
CABK|2025-04-30|DisclosuresDirectorsReport|jsc_DisclosureOfCompanysContributionToEnvironmentalProtectionAndLocalCommunityService|0|ar|3,CABK,2025-04-30,ar,DisclosuresDirectorsReport,0.0006,0,none,,False,False,,0,ولان المرأة لها اولوية خاصة في برامج البنك واستراتيجيته فقد رعى بنك القاهرة عمان الفعالية الدولية لدعم صحة المرأة النفسية والروحية والجسدية في دورتها العاشرة، والتي أُقيمت في آيلة في مدينة العقبة حيث تم تسليط الضوء على دور المرأة العقباوية ومهاراتها ومساهمتها الفعّالة في مجتمعها المحلي من خلال عروض موسيقية والحرف التقليدية والمشغولات اليدوية المتنوعة ، وتسعى الفعالية الى دعم التكامل بين الصحة الجسدية والنفسية والروحية للمرأة، من خلال مشاركات من خبيرات وخبراء أردنيين وعرب واجانب في مجالات الصحة النفسية وجسدية واليوغا والعلاج بالفن والموسيقى والزيوت العطرية الطبية، بالإضافة إلى محاضرات حول الذكاء الاصطناعي والعلاقات الزوجية.
CABK|2025-04-30|DisclosuresDirectorsReport|jsc_DisclosureOfImportantProspectiveDevelopmentsIncludingAnyNewExpansionsAndProjectsCompanysProposedPlanForAtLeastOneUpcomingYearAndBoardOfDirectorsForecastsForOutcomesOfCompanyActivities|0|ar|8,CABK,2025-04-30,ar,DisclosuresDirectorsReport,0.9986,1,AI/ML,AI/ML,False,False,,1,• تسهيل وتبسيط نماذج الأعمال والعمليات عن طريق الإستثمار في التكنولوجيا المالية الناشئة وتعزيز رقعة مهام الذكاء الاصطناعي وتعلم الآلة نظراً لمرونتها وكفاءتها وفعاليتها.
CABK|2025-04-30|DisclosuresDirectorsReport|jsc_TheMembersOfBoardOfDirectorsNamesAndNamesAndRanksOfSeniorExecutiveManagementWithBriefResumeOfEach|0|ar|119,CABK,2025-04-30,ar,DisclosuresDirectorsReport,0.0008,0,none,,False,False,,0,السيد زيد جمال زهدي حميد - المدير التنفيذي / إدارة امن المعلومات و مكافحة الجرائم المالية تاريخ الميلاد 18/5/1986 تاريخ التعيين 27/12/2011 المؤهلات العلمية بكالوريوس ادارة اعمال 2011 الخبرات العملية مدير تنفيذي ادارة امن المعلومات ومكافحة الجرائم المالية من 4/2023 لغاية الان مدير الجرائم المالية و الامن السيبراني لدى بنك القاهرة عمان من 2/2021 لغاية 4/2023 مدير دائرة مكافحة الجرائم المالية لدى بنك القاهرة عمان من 10/2019 لغاية 2/2021 مسؤول قسم التحقيقات و اعرف عميلك لدى بنك القاهرة عمان من 4/2017 لغاية 10/2019 مسؤول قسم مراقبة المعلومات و التحقيق لدى بنك القاهرة عمان من 7/2014 لغاية 4/2017 السيد فؤاد نبيل الخوري اسبير فؤاد الصناع - مدير دائرة التخطيط الاستراتيجي وتطوير الأعمال تاريخ الميلاد 10/6/1992 تاريخ التعيين 1/11/2015 المؤهلات العلمية درجة الماجستير العلوم المالية و المصرفية 2015 بكالوريوس اقتصاديات المال والاعمال 2014 الخبرات العملية مدير دائرة التخطيط الاستراتيجي و التطوير الاعمال من 08/2023 لغاية الان مدير دائرة الاستراتيجية و تنقيب البيانات لدى بنك القاهرة عمان من 04/2020 لغاية 08/2023 محلل اقتصادي رئيسي لدى بنك القاهرة عمان من 01/2019 لغاية 04/2020 محلل اقتصادي لدى بنك القاهرة عمان من 11/2015 لغاية 01/2019 السيد عوني فريد موسى قاقيش - مدير اول / ادارة خدمات الائتمان الشخصي تاريخ الميلاد 06/08/1979 تاريخ التعيين 15/04/2001 المؤهلات العلمية درجة الماجيستير اقتصاد عام 2005 درجة البكالوريوس اقتصاد عام 2001 الخبرات العملية مدير اول إدارة خدمات الائتمان الشخصي من 11/2024 ولغاية الان عضو هيئة مديري شركة تملك للتأجير التمويلي مدير فريق خدمات الائتمان الشخصي لدى ادارة خدمات الائتمان الشخصي من تاريخ 04/2010 ولغاية 11/2024 .
DERA|2024-04-30|NotesListOfNotes|ifrs-full_DisclosureOfAccountingJudgementsAndEstimatesExplanatory|0|en|0,DERA,2024-04-30,en,NotesListOfNotes,0.0006,0,none,,False,False,,0,Segment reporting Business segments represent distinguishable components of the Group that are engaged in providing products or services which are subject to risks and rewards that are different from those of other segments and are measured based on the reports sent to the chief operating decision maker.
GIGJ|2023-03-31|DisclosuresChairmansStatement|jsc_DisclosureOfStatementOfBoardOfDirectorsChairman|0|en|22,GIGJ,2023-03-31,en,DisclosuresChairmansStatement,0.9982,1,AI/ML,AI/ML,False,False,integrate,1,"To accomplish this, it partnered with tech firms that specialize in building custom software and integrating it with pre-made platforms, products, and technical solutions such as Telematics, Chatbot, and Sanad."
GIGJ|2023-03-31|DisclosuresChairmansStatement|jsc_DisclosureOfStatementOfBoardOfDirectorsChairman|0|en|23,GIGJ,2023-03-31,en,DisclosuresChairmansStatement,0.9984,1,AI/ML,AI/ML,True,True,use,2,The company has also used robotic process automation (RPA) for a number of processes that were previously handled manually.
GIGJ|2023-03-31|NotesListOfNotes|jsc-rep_DisclosureOfReinsuranceRisk|0|ar|8,GIGJ,2023-03-31,ar,NotesListOfNotes,0.0006,0,none,,False,False,,0,تقوم المجموعة بمتابعة تصنيف معيدي التامين الإختياري والإتفاقي شهريا للتاكد من عدم تغيير التصنيف إلى ما هو دون الدرجة الأولى أو الثانية.
HPIC|2022-03-29|DisclosuresDirectorsReport|jsc_DisclosureOfIssuingCompanysOrganizationalChartNumberOfItsEmployeesAndTheirClassesOfQualificationAndItsPersonnelQualifyingAndTrainingPrograms|0|en|5,HPIC,2022-03-29,en,DisclosuresDirectorsReport,0.9984,1,AI/ML|ERP,AI/ML|ERP,False,False,maintain,1,"Hayat maintains records showing the training obtained by each employee, as shown in the below: No. of Attendees External Training Courses No. 3 Practical Implementation of Process Validation Lifecycle Approach 2 Importance of Excipient Quality and Testing 1 Centralized Electronic Registration system of Human Drugs 5 API Sourcing Workshop 2 USP Analytical Data—Interpretation and Treatment Training 1 The School of Pharmacy 2021 Conference 1 USP event-Nitrosamine impurities 2 PIC/S Inspection Procedures & techniques from the Industry's point of view 4 PIC/S vs WHO GMP Workshop 2 Government Procurement System Workshop 2 Digital Economy and the Corona Pandemic 1 Remote Auditing Workshop 4 Validation Requirements & Evaluation Workshop 1 2 nd Edition Nitrosamine Impurities forum schedule 1 Regulatory Considerations Regarding IR Film Coating Post-Approval Changes 3 Risk-Based Approach in Cleaning Validation 5 Barcode Types and Printing Quality (Basics of coding and technical services standards and its implementation) 5 The importance of sharing information and its digitalization through GOScan 1 The Impurities and Degradation in Drug Products Training 2 Pharmacovigilance Training 1 Cleaning Validation 1 Quality Risk Management, CAPA & RCA Workshop 1 Import & Export Electronic System (IES) 1 Pre Custom Clearance Procedures 1 Artificial Intelligence Workshop in Collaboration with Siemens 1 Risk Management Workshop 4 JFDA Annual Report Guideline 58 Total Attendees 28 Total Beneficiaries * No. of Attendees Internal Training Courses No. 19 Lean Management Part 1 14 Lean Management Part 2 34 Good Manufacturing Practices (Production) 5 Good Manufacturing Practices (Warehouse) 60 Good Manufacturing Practices (QA) 21 Good Documentation Practices (QC) 5 Good Documentation Practices (Warehouse) 20 Good Documentation (General) 18 Cleaning Process of Work Place 20 Secondary Packaging Procedure 11 Purchase Requisitions for R&D Materials 4 Monitoring of Bioequivalence Studies 4 Product Intellectual Property Review 3 Summary of Product Characteristics 5 Operation Process of soft water system 5 Steam System Design 6 Fire Alarm System 23 Maintenance Activities Management 7 Dry-cleaning management procedures 3 Technical process of managing company vehicles’ maintenance 1 Work Locations Safety & Security Procedures 4 Quality risk management 3 Change Control 2 Corrective and Preventive Action (CAPA) Program 5 Personal Hygiene 17 Deviation management 17 High performance liquid Chromatography Analysis 13 Handling of Laboratory Chemicals Re agent and Solution 10 Waste Lab Material Disposal (Micro/QCL) 359 Total Attendees 177 Total Beneficiaries * * The number of beneficiaries differs from the number of attendees because some workers attend more than one training course The employee turnover rate in 2021 was about 13%."
ICAG|2024-04-03|DisclosuresChairmansStatement|jsc_DisclosureOfStatementOfBoardOfDirectorsChairman|0|en|6,ICAG,2024-04-03,en,DisclosuresChairmansStatement,0.9987,1,AI/ML,AI/ML,False,False,,1,"We will also move forward in artificial intelligence, research, expansion of our industry, and confront economic challenges and competition for the benefit of our valued partners ."
INVB|2021-04-28|DisclosuresDirectorsReport|jsc_DisclosureOfCompanysRiskExposure|0|ar|36,INVB,2021-04-28,ar,DisclosuresDirectorsReport,0.9987,1,Big Data,Big Data,False,False,,1,- تحليل البيانات والقوائم المالية الخاصة بالعميل لإستخراج أهم النسب المالية والمؤشرات التي تساعد في اتخاذ القرارات الإئتمانية.
INVB|2025-08-18|DisclosuresDirectorsReport|jsc_DisclosureOfIssuingCompanysOrganizationalChartNumberOfItsEmployeesAndTheirClassesOfQualificationAndItsPersonnelQualifyingAndTrainingPrograms|0|en|4,INVB,2025-08-18,en,DisclosuresDirectorsReport,0.0008,0,none,,False,False,,0,"The following is a review of the number of employees according to their qualifications, and their distribution : Number of staff according to their qualifications Qualification INVESTBANK Staff BINDAR Staff TAMKEEN Staff AL TAS-HEELAT Staff AL IMDAD Staff Ph.D. 0 0 0 0 0 Master's 34 3 1 4 1 Higher Diploma 0 0 0 0 0 Bachelor's 441 58 20 74 15 Diploma 32 1 2 7 1 High School 13 12 2 5 17 Below High School 24 0 0 4 0 Total 544 74 24 94 35 Training Courses: Program Name Number of Employees New performance management system 1 Performance measurement indicators 6 Team building and leadership skills 4 Skills in preparing visual presentations 1 Future leadership skills 1 Increased skills and follow-up work 5 Skills for dealing with managers and superiors 4 Skills for dealing with new clients 15 Advanced marketing and sales skills 21 Effective communication skills 23 Money Laundry detecting 17 Introduction to legal laws 9 Reasonably priced for sale 2 IFRS 16: Leases 2 Safety, health and occupational technician supervisor 1 Introduction to human resources management, analysis and job descriptions 1 First aid principles 258 Mini MBA 3 How to become a successful entrepreneur 11 Detect forgery of signatures, documents 10 Detection of counterfeiting, forgery and legal aspects of cheques 16 Detection of bank fraud and counterfeiting 2 Business writing 47 Successfully leading a remote work team 5 The art of negotiations 14 Art of Etiquette and Communication Ethics 132 Banking Confidentiality 1 Problem Solving and Decision Making 19 Foreign Trade Financing (Documentary Credits and Letters of Guarantee) 1 Consumer Protection Instructions for Banking Sector 10 Instructions for Classifying Credit Exposures and Calculating Impairment Provisions Against Them 7 Training of Trainers on Promoting Community Financial Literacy / Women Empowerment TOT 1 Training of Trainers 1 Professional Diploma Program Specialized in Bank Credit 1 Fraud Awareness Program 474 Cyber Security Awareness Program 458 Compliance Awareness Program 343 Methods of Job Motivation and Evaluation of Individual Performance 1 Marketing Management Fundamentals 1 Financial Management Fundamentals 2 Business Ethics 11 Liquidity Risk Management through Net Stable Funding Ratio 1 Team Management 3 Financial Risk Management 5 Stress Management 22 Negative Debt Management 7 Career Evaluation and Guidance Management 3 Change Management 5 Asset Management 13 Cyber Security Awareness 4 Advanced Budgeting and Financial Forecasting 1 Responsibility at Work 1 Certified Digital Marketer 1 Masters in Finance and Banking 6 Administrative Leadership - Planning and Organization 22 Foundational Occupational Health and Safety 13 Leadership in Innovation 6 Emotional Intelligence 3 Professional Diploma in Banking Credit 1 Specialized Professional Diploma for Qualifying New Bankers 5 Governance 1 Local and International Bank Transfers 1 Bank Accounts, Checks and Electronic Clearing 3 The Fifth Industrial Revolution 1 Work-Life Balance 1 Excellence in Customer Service Using social media 4 Excellence in Customer Service 191 Practical Application of the Concept of GRC - Governance, Risk Management and Compliance 3 Direct and Indirect Credit Facilities 3 Internal Auditing 1 Strategic Planning 6 Digital Transformation 1 Advanced Financial Analysis 1 Basic and Advanced Financial Analysis 3 Preparation for the Professional Project Management Exam 1 Environment, Health and Occupational Safety 270 Cards and Electronic Banking Services 3 Training Program Professional Diploma in Branch Management 2 Modern Methods and Concepts in Auditing and Internal Control 5 Electronic Archiving 3 Compliance with Money Laundering and Terrorist Financing Instructions 13 First Aid 16 Responding to Change 10 Results-Oriented Management 1 Innovation and Creative Thinking 10 Preparing and Presenting Financial Statements According to International Accounting Standards 1 Preparing and Analyzing Financial Statements 1 Computer Basics 1 Call Center Management and Telephone Answering Skills 4 Team Management 9 Time Management and Task Priorities 24 Multiple Project Management - Basic Level 3 Multiple Project Management - Advanced Level 1 Agile Project Management with Practical Application 1 Warehouse and Stores Management 2 Risk Management 4 Anger Management 5 Asset Management 1 Crisis Management 1 Internal Audit Management 3 Occupational Safety and Health Specialist 1 Professionalism and Salesmanship 11 Communication Etiquette for People with Disabilities and Their Access Requirements for Banking Services 12 Communication Etiquette 1 VxRail Certified Training 2 Visio 3 Transfer Pricing Training Course 4 Tofel - Writing skills 23 Tofel - Listening Skills 1 Time Management 1 The Art of Negotiation 9 Sustainability Workshop 1 Strategic planning effective budgeting and cost control 1 Specialized Professional Diploma in Risk Management 1 SME Lending 2 Sales and Motivation 122 Planning & Budgeting Workshop 1 Neo-Connect 2024 1 MS- Excel Advanced 26 MS - Excel Basic & Intermediate 27 Microsoft Power BI 3 Introduction to Fintech 1 IFRS9 1 HSM 1 GRCP Governance, Risk, Compliance Professional 3 GISEC Cybersecurity Conference 1 Female Future Program 1 ESG Environmental, Social and Corporate Sustainability Workshop 1 English - Elementary Level 4 Effective Communication Skills 2 Effective Coaching 18 Deep Learning - Using Python 1 Crowd strike Falcon Annual Conference 1 COBIT Design and Implementation 1 Certified Global Sanctions Specialist (CGSS) 1 Certified Compliance Manager (CCM) 1 Certificate in International Trade and Finance 1 CAMS 1 Big Data Analytics 1 Advanced Data Analysis Using Excel 13 ESG in Financial Institutions Training Workshop 1"
INVB|2025-08-18|NotesListOfNotes|ifrs-full_DisclosureOfCreditRiskExplanatory|0|ar|4,INVB,2025-08-18,ar,NotesListOfNotes,0.9987,1,Big Data,Big Data,False,False,,1,- تحليل البيانات والقوائم المالية الخاصة بالعميل لإستخراج أهم النسب المالية والمؤشرات التي تساعد في اتخاذ القرارات الإئتمانية.
JCBK|2024-04-30|DisclosuresDirectorsReport|jsc_DisclosureOfCompanysAccomplishmentsSupportedByQuantitativeIndicatorsAndDescriptionOfSignificantOccurrencesToCompanyDuringFiscalYear|0|en|141,JCBK,2024-04-30,en,DisclosuresDirectorsReport,0.9985,1,Cloud,Cloud,False,True,implement,1,"Updated the backup system for server and system data with higher capacity and including high-level security and protection for backups, as well as implementing an email backup system on cloud computing."
JCBK|2024-04-30|DisclosuresDirectorsReport|jsc_DisclosureOfCompanysAccomplishmentsSupportedByQuantitativeIndicatorsAndDescriptionOfSignificantOccurrencesToCompanyDuringFiscalYear|0|en|143,JCBK,2024-04-30,en,DisclosuresDirectorsReport,0.9985,1,Cloud,Cloud,False,False,,1,"Updated data leakage prevention systems for email, now on cloud computing, to enhance the bank's security system and meet the Central Bank's requirements and best practices in data security and protection."
JCBK|2024-04-30|DisclosuresDirectorsReport|jsc_DisclosureOfCompanysAccomplishmentsSupportedByQuantitativeIndicatorsAndDescriptionOfSignificantOccurrencesToCompanyDuringFiscalYear|0|en|160,JCBK,2024-04-30,en,DisclosuresDirectorsReport,0.9987,1,ERP,ERP,False,False,implement,1,"Updated and developed systems for the purpose of improving operational execution and reducing operational errors, including linking the civil remittance system to the banking system through the application of API on the Robotic system, and implementing the new version of the ECC JOPACC clearing system."
JCBK|2024-04-30|DisclosuresDirectorsReport|jsc_DisclosureOfCompanysAccomplishmentsSupportedByQuantitativeIndicatorsAndDescriptionOfSignificantOccurrencesToCompanyDuringFiscalYear|0|ar|95,JCBK,2024-04-30,ar,DisclosuresDirectorsReport,0.0006,0,none,,False,False,,0,تحديث نظام النسخ الاحتياطي للخوادم وبيانات الانظمة بقدرة استيعابية أعلى ويشمل مستويات أمن وحماية عالية للنسخ الاحتياطية، كما تم تطبيق نظام نسخ احتياطي للبريد الالكتروني على الحوسبة السحابية.
JCBK|2024-04-30|DisclosuresDirectorsReport|jsc_DisclosureOfCompanysAccomplishmentsSupportedByQuantitativeIndicatorsAndDescriptionOfSignificantOccurrencesToCompanyDuringFiscalYear|0|ar|97,JCBK,2024-04-30,ar,DisclosuresDirectorsReport,0.0009,0,none,,False,False,,0,تحديــث أنظمــة منع تسريب البيانات بما يخص البريد الالكتروني والتي أصبحت على الحوسبة السحابية لرفــع كفــاءة المنظومــة الأمنية لــدى البنــك، والتي تلبي متطلبات البنك المركزي وأفضل الممارسات في مجال امن وحماية البيانات.
JDPC|2025-04-06|NotesListOfNotes|ifrs-full_DisclosureOfAccountingJudgementsAndEstimatesExplanatory|0|en|0,JDPC,2025-04-06,en,NotesListOfNotes,0.0006,0,none,,False,False,,0,Segment reporting Business segments represent distinguishable components of the Group that are engaged in providing products or services which are subject to risks and rewards that are different from those of other segments and are measured based on the reports sent to the chief operating decision maker.
JEIH|2022-03-14|NotesListOfNotes|ifrs-full_DisclosureOfEntitysReportableSegmentsExplanatory|0|en|0,JEIH,2022-03-14,en,NotesListOfNotes,0.0007,0,none,,False,False,,0,"Segment reporting The Company is engaged mainly in investment in financial assets and real estate and brokerage activities as follow: 2021 2020 Inside Jordan Outside Jordan Inside Jordan Outside Jordan Income from investment in financial assets 184,397 751,507 20,027 422,806 Income from brokerage activities 396,486 - 254,744 - Assets related to investment in financial assets 2,848,718 9,594,383 2,577,242 9,674,561 Assets related to investment in real estate 2,846,481 - 2,846,481 - Assets related to brokerage activities 1,426,464 - 1,307,141 -"
JOEP|2022-04-24|CorporateGovernanceReport|jsc-rep_DisclosureOfNameOfChairmanAndMembersOfAuditCommitteeAndADescriptionOfTheirQualificationsAndExperienceInFinancialOrAccountingMatters|0|en|1,JOEP,2022-04-24,en,CorporateGovernanceReport,0.0007,0,none,,False,False,,0,MR. OTHMAN “MOH'D ALI” OTHMAN BDEIR / VICE CHAIRMAN consideration of 17/4/2021 DATE OF BIRTH: 1938 BACHELOR OF BUSINESS ADMINISTRATION FROM (THE UNIVERSITY OF TENNESSEE) U.S.A IN 1963 BACHELOR OF CIVIL ENGINEERING FROM (THE UNIVERSITY OF TENNESSEE) U.S.A IN 1966 PRACTICAL EXPERIENCE CHAIRMAN / MEMBER OF BOARD OF DIRECTORS FOR MANY PRIVATE AND PUBLIC COMPANIES FORMER HEAD OF THE JORDANIAN INSURANCE FEDERATION FORMER CHAIRMAN OF THE BOARD OF TRUSTEES OF THE GERMAN JORDANIAN UNIVERSITY BOARD OF DIRECTORS' CHAIRMAN OF (LIGHTNING GATE FOR CLOUD SERVICES CO.) BOARD OF DIRECTORS' CHAIRMAN OF (FIBERTECH) CHAIRMAN / MEMBER OF BOARD OF DIRECTORS FOR MANY CHARITIES MR. FARES ELIAS EISA AL-MUASHER / MEMBER DATE OF BIRTH: 1949 BACHELOR OF CIVIL ENGINEERING FROM (THE AMERICAN UNIVERSITY / BEIRUT) IN 1972 PRACTICAL EXPERIENCE BOARD OF DIRECTORS' MEMBER OF (FIBERTECH) BOARD OF DIRECTORS' VICE CHAIRMAN OF (LIGHTNING GATE FOR CLOUD SERVICES CO.) GENERAL MANAGER FOR (MUASHER BROS.
JOEP|2022-04-24|DisclosuresChairmansStatement|jsc_DisclosureOfStatementOfBoardOfDirectorsChairman|0|ar|3,JOEP,2022-04-24,ar,DisclosuresChairmansStatement,0.9824,1,Big Data,Big Data,False,False,,1,"وفي مجال تركيب العدادات الذكية فقد تم في هذا العام تركيب ( 99,077 ) عداداً جديداً مقابل ( 41,870 ) عداداً تم تركيبه في العام الماضي وبذلك أصبح عدد العدادات الذكية التي تم تركيبها حتى نهاية العام الحالي ( 140,947 ) عداداً وتأمل شركتكم من إستبدال كافة العدادات التقليدية بعدادات ذكية في الأعوام القليلة القادمة ، وقد سبق وأن أوضحنا في التقريرين السابقين بأن هذه العدادات تتيح للشركة قراءة كمية الإستهلاك واصدار الفواتير الكترونياً وإكتشاف حالات العبث من موقع الشركة دون الحاجة الى الوصول لموقع العداد لدى المشترك مما يوفر الكثير من الوقت والجهد والنفقات."
JOEP|2022-04-24|DisclosuresDirectorsReport|jsc_DescriptionOfSubsidiaryCompaniesNatureOfTheirBusinessAndTheirAreasOfActivity|0|en|0,JOEP,2022-04-24,en,DisclosuresDirectorsReport,0.0005,0,none,,False,False,,0,"SUBSIDIARY AND AFFILIATE COMPANIES: THE COMPANY OWNS 100% OF THE SHARES OF LIGHTNING GATE FOR CLOUD SERVICES AMOUNTING TO (250,000) DINARS/SHARES."
JOEP|2022-04-24|DisclosuresDirectorsReport|jsc_DescriptionOfSubsidiaryCompaniesNatureOfTheirBusinessAndTheirAreasOfActivity|0|en|1,JOEP,2022-04-24,en,DisclosuresDirectorsReport,0.0005,0,none,,False,False,,0,"THIS COMPANY, WHICH IS LOCATED AT KHALDA/AMMAN, CARRIES OUT CLOUD COMPUTING WORK FOR ELECTRICITY COMPANIES AND OTHER SECTORS INSIDE AND OUTSIDE JORDAN."
JOEP|2022-04-24|DisclosuresDirectorsReport|jsc_DescriptionOfSubsidiaryCompaniesNatureOfTheirBusinessAndTheirAreasOfActivity|0|ar|0,JOEP,2022-04-24,ar,DisclosuresDirectorsReport,0.0005,0,none,,False,False,,0,الشركات التابعة والحليفة: تمتلك الشركه ما نسبته 100% من أسهم شركة بوابة البرق للحوسبة السحابية والبالغة (250) ألف دينار/سهم وتقوم هذه الشركة والتي تقع مكاتبها في عمان/خلدا بأعمال الحوسبة السحابية لشركات الكهرباء والقطاعات الأخرى داخل المملكة وخارجها.
JOEP|2022-04-24|DisclosuresDirectorsReport|jsc_DescriptionOfSubsidiaryCompaniesNatureOfTheirBusinessAndTheirAreasOfActivity|0|ar|1,JOEP,2022-04-24,ar,DisclosuresDirectorsReport,0.0007,0,none,,False,False,,0,تمتلك الشركة ما نسبته 51% من أسهم الشركة الأردنية المتطورة للألياف الضوئية Fibertech (شركة خصوصية ذ.م.م) والبالغة (40) مليون دينار/سهم وتقوم هذه الشركة والتي تقع مكاتبها في عمان/ جبل عمان – الدوار الثالث بتوفير بنية تحتية جديدة للإتصالات عبر مد شبكة للألياف الضوئية المعلقة في مناطق عمل شركة الكهرباء الأردنية وربط العدادات الذكية ومكونات الشبكة الكهربائية المملوكة لها، وتقديم خدمات الإنترنت الفائقة السرعة بالجملة لشركات الإتصالات ومزودي خدمات الإنترنت، ويبلغ عدد موظفي الشركة (16) موظفاً.
JOEP|2022-04-24|DisclosuresDirectorsReport|jsc_DisclosureOfAmountOfAuditingFeesForCompanyAndItsSubsidiariesAndAnyOtherFeesReceivedOrReceivableByAuditor|0|en|2,JOEP,2022-04-24,en,DisclosuresDirectorsReport,0.0005,0,none,,False,False,,0,"THE EXTERNAL AUDITOR’S (KPMG) FEES FOR THE AUDIT OF THE SUBSIDIARY (LIGHTNING GATE FOR CLOUD SERVICES COMPANY) FOR 2021 AMOUNTED TO (4,640) DINARS INCLUSIVE OF 16% SALES TAX."
JOEP|2022-04-24|DisclosuresDirectorsReport|jsc_DisclosureOfImportantProspectiveDevelopmentsIncludingAnyNewExpansionsAndProjectsCompanysProposedPlanForAtLeastOneUpcomingYearAndBoardOfDirectorsForecastsForOutcomesOfCompanyActivities|0|en|6,JOEP,2022-04-24,en,DisclosuresDirectorsReport,0.0006,0,none,,False,False,,0,"THESE PROJECTS INCLUDE PART OF THE SMART METER REPLACEMENT PROJECT : ELECTRIFICATION AND OPERATION OF THE MAIN SUBSTATIONS (LAND PORT/MADOUNA, SHAFA BADRAN, GENERAL COMMAND/YAJOUZ, HOUSING OF ARMED FORCES , MAIN QADISIYAH), UPGRADING THE CAPACITY OF SEVEN EXISTING MAIN SUBSTATIONS AND INSTALLATION OF SWITCHGEAR AT RENEWABLE ENERGY PROJECTS AND SOME OTHER MAIN SUBSTATIONS ."
JOEP|2022-04-24|DisclosuresDirectorsReport|jsc_DisclosureOfImportantProspectiveDevelopmentsIncludingAnyNewExpansionsAndProjectsCompanysProposedPlanForAtLeastOneUpcomingYearAndBoardOfDirectorsForecastsForOutcomesOfCompanyActivities|0|ar|3,JOEP,2022-04-24,ar,DisclosuresDirectorsReport,0.0005,0,none,,False,False,,0,أهم المشاريع المتوقع إنجازها خلال عام 2022: من المتوقع أن تقوم الشركة خلال عام 2022 بتنفيذ المشاريع الرأسمالية المبينة تفاصيلها أدناه وبحجم إنفاق يصل الى (86) مليون دينار حيث تتضمن هذه المشاريع جزء من مشروع استبدال العدادات الذكية : كهربة وتشغيل محطات التحويل الرئيسية (الميناء البري / الماضونة ، شفا بدران ، القيادة العامة / ياجوز ، إسكان منتسبي القوات المسلحة ، القادسية الرئيسية ) ورفع قدرة سبعة محطات رئيسية قائمة وتركيب مفاتيح رئيسية في محطات ربط مشاريع الطاقة المتجددة وبعض المحطات الرئيسية الاخرى.
JOEP|2022-04-24|DisclosuresDirectorsReport|jsc_DisclosureOfImportantProspectiveDevelopmentsIncludingAnyNewExpansionsAndProjectsCompanysProposedPlanForAtLeastOneUpcomingYearAndBoardOfDirectorsForecastsForOutcomesOfCompanyActivities|0|ar|8,JOEP,2022-04-24,ar,DisclosuresDirectorsReport,0.9986,1,Big Data,Big Data,False,False,,1,"تركيب حوالي ( 35,000 ) عداد جديد متوقع وتبديل حوالي ( 210,000 ) عداد عامل بعدادات ذكية ضمن مشروع استبدال العدادات الذكية (SMART METERS PROJECT) وتجهيز مركز للتحكم خاص بتلك العدادات من حيث البناء والأنظمة والأجهزة الخاصة بها ."
JOEP|2022-04-24|DisclosuresDirectorsReport|jsc_DisclosureOfIssuingCompanysOrganizationalChartNumberOfItsEmployeesAndTheirClassesOfQualificationAndItsPersonnelQualifyingAndTrainingPrograms|0|ar|2,JOEP,2022-04-24,ar,DisclosuresDirectorsReport,0.001,0,none,,False,False,,0,مجلس الادارة أمانة سر المجلس مدققو الحسابات لجنة التدقيق المدير العام الاستشارات القانونية نائب المدير العام مديرية اللوازم مديرية التحطيط الاستراتيجي مديرية منطقة الزرقاء مدير خدمات المشتركين مديرية المشاريع مديرية التحطيط والدراسات مديرية التشغيل والتحكم مديرية منطقة عمان مدير الموارد البشرية المدير المالي مدير التدقيق الداخلي دائرة العطاءات والمواصفات دائرة الجباية دائرة الكمبيوتر دائرة الزرقاء دائرة الفحص والتفتيش دائرة التنفيذ دائرة التخطيط دائرة المراقبة والتحكم دائرة منطقة عمان الاولى دائرة التدريب الفني والمهني دائرة التخطيط واستقطاب الموارد البشرية الدائرة المالية دائرة الدراسات المالية والموازنة دائرة التدقيق الداخلي دائرة تشغيل كمبيوتر الجباية البنية التحتية لتقنية المعلومات دائرة صيانة خطوط النقل والتعارضات دائرة الدراسات دائرة المحطات الرئيسية دائرة عمان الثانية دائرة الحركة والصيانة الميكانيكية دائرة التامين الصحي دائرة معالجة الفاقد وكفاءة الطاقة دائرة المتابعة لشؤون هيئة التنظيم دائرة جباية الزرقاء دائرة جودة الخدمات دائرة الهندسة المدنية دائرة الطوارئ والحركة / عمان دائرة عمان الثالثة دائرة السلامة والصحة المهنية والبيئة دائرة الرقابة والتفتيش دائرة متابعة قضايا العبث دائرة المعلومات الجغرافية دائرة تركيب وصيانة الشبكات دائرة النقل وكهربة الريف دائرة الخدمات الرقمية والتميز دائرة منطقة عمان الرابعة دائرة صيانة المحطات دائرة العدادات الذكية دائرة الاتمتة والطاقة المتجددة دائرة منطقة مادبا دائرة دراسة وتاهيل شبكات الضغط دائرة الانارة دائرة منطقة عمان الخامسة دائرة جباية كبار المشتركين دائرة فحص وتفتيش العدادات دائرة علاقات وخدمات الموظفين دائرة منطقة السلط دائرة دراسات العبث المستودعات قسم الطوارئ والحركة / الزرقاء مركز فحص العدادات قسم المحاسبة العامة قسم الدراسات المالية قسم التدقيق المالي المشتريات المحلية قسم الاستملاك والمساحة والرسم السيارات المستاجرة بعقود قسم المساهمين قسم الاحصاء والكلفة قسم المتابعة والمراجعات أقسام شؤون الموظفين قسم السلامة العمالية والتفتيش قسم الرواتب قسم الموازنة العامة قسم الجودة الديوان العام قسم الصناديق والتحصيل قسم العدادات الذكية قسم الطوارئ والحركة / مادبا قسم الانظمة الفنية قسم الامن والحماية والمقاسم قسم التامين قسم تطوير الاعمال قسم الاتصالات قسم الاعلام قسم صيانة أجهزة ومكاتب الشركة قسم محاسبة المستودعات قسم الطوارئ والحركة / السلط قسم الشؤون القانونية قسم العلاقات العامة
JOEP|2022-04-24|DisclosuresDirectorsReport|jsc_TheMembersOfBoardOfDirectorsNamesAndNamesAndRanksOfSeniorExecutiveManagementWithBriefResumeOfEach|0|en|1,JOEP,2022-04-24,en,DisclosuresDirectorsReport,0.0006,0,none,,False,False,,0,MR. OTHMAN “MOH'D ALI” OTHMAN BDEIR / CHAIRMAN OF THE BOARD OF DIRECTORS AS OF 17/4/2021 DATE OF BIRTH: 1938 BACHELOR OF BUSINESS ADMINISTRATION FROM (THE UNIVERSITY OF TENNESSEE) U.S.A IN 1963 BACHELOR OF CIVIL ENGINEERING FROM (THE UNIVERSITY OF TENNESSEE) U.S.A IN 1966 PRACTICAL EXPERIENCE CHAIRMAN / MEMBER OF BOARD OF DIRECTORS FOR MANY PRIVATE AND PUBLIC COMPANIES FORMER HEAD OF THE JORDANIAN INSURANCE FEDERATION CHAIRMAN/JORDAN ISURANCE COMPANY FORMER CHAIRMAN OF THE BOARD OF TRUSTEES OF THE GERMAN JORDANIAN UNIVERSITY BOARD OF DIRECTORS' CHAIRMAN OF (LIGHTNING GATE FOR CLOUD SERVICES CO.) BOARD OF DIRECTORS' CHAIRMAN OF (FIBERTECH) CHAIRMAN / MEMBER OF BOARD OF DIRECTORS FOR MANY CHARITIES MR. FARES ELIAS EISA AL-MUASHER / MEMBER VICE CHAIRMAN AS OF 17/4/2021 DATE OF BIRTH: 1949 BACHELOR OF CIVIL ENGINEERING FROM (THE AMERICAN UNIVERSITY / BEIRUT) IN 1972 PRACTICAL EXPERIENCE BOARD OF DIRECTORS' MEMBER OF (FIBERTECH) UNTIL 23/5/2021 BOARD OF DIRECTORS' VICE CHAIRMAN OF (LIGHTNING GATE FOR CLOUD SERVICES CO.) GENERAL MANAGER FOR (MUASHER BROS.
JOEP|2022-04-24|DisclosuresDirectorsReport|jsc_TheMembersOfBoardOfDirectorsNamesAndNamesAndRanksOfSeniorExecutiveManagementWithBriefResumeOfEach|0|en|11,JOEP,2022-04-24,en,DisclosuresDirectorsReport,0.0006,0,none,,False,False,,0,"MR. ABDULLAH OMAR BDEIR / MEMBER AS OF 13/4/2021 DATE OF BIRTH: 1975 BACHELOR OF INDUSTRIAL ENGINEERING FROM (PURDUE UNIVERSITY ) U.S.A - 1996 MASTER DEGREE IN BUSINESS ADMINISTRATION FROM ( MCGILL UNIVERSITY ) / CANADA IN 2002 PRACTICAL EXPERIENCE TRANS JORDAN TRADING CO. / MITSUBISHI MOTORS 1997 – 2001 HEAD ASSISTANCE DSM /BIOLOGY GENE DRUG MANUFACTURING 2002 – 2004 EXECUTIVE MANAGER / STEEL BUILDING CO. 2004 – 2009 ARAB TECHNICAL CONSTRUCTION CO. 2004 – PRESENT / ACTIVE PARTNER FOUNDING MEMBER AND FORMER CHAIRMAN OF THE ADMINISTRATIVE BOARD / JORDAN GREEN BUILDING COUNCIL NATIONAL ENERGY CO. 2016 – PRESENT FORMER HEAD OF NORTH AFRIC NETWORK AND MIDDLE EAST FOR GREEN BUILDINGS MEMBER OF THE UNIVERSITY BOARD OF TRUSTEES / AQABA UNIVERSITY OF TECHNOLOGY FROM 2020 - PRESENT MR. ZAIDOUN MAMDOUH ABDULRAHMAN ABU HASSAN / MEMBER UNTIL 30/6/2021 REPRENTATIVE OF SOCIAL SECURITY CORPORATION DATE OF BIRTH : 1968 BACHELOR OF FINANCIAL MANAGEMENT AND BUSINESS ADMINISTRATION FROM (UNIVERSITY OF SOUTHERN CALIFORNIA / USC) / IN 1988 TRAINING PROJECT AT BANK OF AMERICA PREFERRED BANKING PROGRAM PRACTICAL EXPERIENCE HEAD ASSISTANT OF BANK OF AMERICA – U.S.A / CALIFORNIA BANK OF AMERICA LOS ANGELES PREFERRED BANKING OFFICER 1989 – 1993 GENERAL MANAGER OF ORIENT ARTS FOUNDATION FOR ANTIQUES AND GIFTS / FREE BUSINESS IN THE MANUFACTURE OF CERAMICS, ORIENTAL ANTIQUES AND GIFTS/COMMERCIAL MANAGER FOR IMPORTING AND DISTRIBUTING ALL SEAFOOD 1993 – 2000 DIRECTOR OF THE FINANCE UNIT AT JAIDAH MOTORS / DOUHA- QATAR 2000 – 2001 CONTRACTS MANAGER AT UNITED MACHINERY COMPANY AGENT OF IBM (UBM UNITED BUSINESS MACHINES) ERP SOLUTIONS JD EDWARDS – JORDAN 2001 – 2002 SEVERAL POSITIONS AT SOCIAL SECURITY INVESTMENT FUND SINCE ITS ESTABLISHMENT IN 2002 TO THE PRESENT TIME, THE MOST RECENT IS A CONSULTANT OF THE HEAD OF SOCIAL SECURITY INVESTMENT FUND."
JOEP|2022-04-24|DisclosuresDirectorsReport|jsc_TheMembersOfBoardOfDirectorsNamesAndNamesAndRanksOfSeniorExecutiveManagementWithBriefResumeOfEach|0|en|13,JOEP,2022-04-24,en,DisclosuresDirectorsReport,0.0006,0,none,,False,False,,0,MR. HASSAN MAHMOUD HASSAN ABDULLAH GENERAL MANAGER DATE OF BIRTH : 1969 BACHELOR OF ELECTRICAL ENGINEERING FROM (UNIVERSITY OF JORDAN) IN 1992 PRACTICAL EXPERIENCE BOARD OF DIRECTORS' MEMBER & SECRETARY OF (LIGHTNING GATE FOR CLOUD SERVICES CO.) BOARD OF DIRECTORS' MEMBER OF (FIBERTECH) BOARD OF DIRECTORS' MEMBER OF (MIYAHUNA) MEMBER OF THE GREATER AMMAN MUNICIPALITY.
JOEP|2022-04-24|NotesIncomeTax|jsc-rep_DisclosureOfTaxStatus|0|en|3,JOEP,2022-04-24,en,NotesIncomeTax,0.0027,0,none,,False,False,,0,"Gate lightning for Cloud services - Subsidiary company: The income tax provision has been calculated on the company’s business results for the year ended December 31, 2021 and 2020 in accordance with Income Tax Law No. 38 of 2018 and its subsequent amendments."
JOEP|2022-04-24|NotesListOfNotes|ifrs-full_DisclosureOfIntangibleAssetsExplanatory|0|en|1,JOEP,2022-04-24,en,NotesListOfNotes,0.9865,1,ERP,ERP,True,True,develop,2,"The Company calculate the assets and obligations value to aquire the license and recognized its value at the present value of the payments at a discount rate of 8%, where the detailed is as follows: B) Systems under development This item represents payments incurred by the Company against the purchase of a new accounting system (SAP), cost to develop ERP system and mobile application, the development of these systems was not completed as of the date of the consolidated financial statements."
JOEP|2022-04-24|NotesListOfNotes|ifrs-full_DisclosureOfSignificantInvestmentsInSubsidiariesExplanatory|0|en|0,JOEP,2022-04-24,en,NotesListOfNotes,0.9907,1,Cloud,Cloud,False,False,,1,"- The Group owns the following subsidiary as of December 31, 2021 : Company Name Authorized Capital Paid up Capital Ownership Percentage Main Activity Location Lightning Gate for Cloud Services* 250,000 250,000 100% Technlogy services Facilitate billing payment and other objective Amman-jordan *On November 27, 2019, the Company has acquired non-controlling intrest in Lighting Gate for Cloud Services at which all of the related procedures have been completed at the end if the year 2019."
JOEP|2022-04-24|NotesListOfNotes|jsc-rep_DisclosureOfOtherRevenue|0|ar|10,JOEP,2022-04-24,ar,NotesListOfNotes,0.0005,0,none,,False,False,,0,واردات من دراسة ربط انظمة الطاقة المتجددة يتم الاعتراف بالإيرادات في نقطة زمنية عندما يتم نقل الخردة يحصل العملاء على السيطرة عندما يتم نقل الخردة.
JOFR|2023-04-27|NotesListOfNotes|ifrs-full_DisclosureOfSummaryOfSignificantAccountingPoliciesExplanatory|0|en|24,JOFR,2023-04-27,en,NotesListOfNotes,0.0006,0,none,,False,False,,0,(2-3) Summary of significant accounting policies Segment reporting The business segment represents a set of assets and operations that jointly provide products and service subject to risks and returns different from those of other business sector which in measured based on the reports used by the chief operating decision maker.
JOFR|2023-04-27|NotesListOfNotes|jsc-rep_DisclosureOfAnalysisOfMainSectors|0|en|1,JOFR,2023-04-27,en,NotesListOfNotes,0.0004,0,none,,False,False,,0,These two key segments that are used by the Company to show information related to segment reporting.
JOIB|2025-05-03|DisclosuresDirectorsReport|jsc_DisclosureOfDirectorsReport|0|en|57,JOIB,2025-05-03,en,DisclosuresDirectorsReport,0.9985,1,AI/ML,AI/ML,False,False,,1,The Role of Artificial Intelligence in Achieving Sustainable Development.
JOIB|2025-05-03|DisclosuresDirectorsReport|jsc_DisclosureOfDirectorsReport|0|en|66,JOIB,2025-05-03,en,DisclosuresDirectorsReport,0.9987,1,AI/ML,AI/ML,True,False,use,1,"This includes the implementation of the Apple Pay digital card project (Card Apple Pay), enhanced services for both individual and business users on Islami Internet Click, the start of the E-Wallet project, and the first phase of the Digital Call Center Service Enhancement project (Call Center Enhancement Chatbot). r Launching many services for the Bank’s clients, the most important of which: Automated integration with card service providers to facilitate instant and secure payment processing and transaction verification; enhanced ATM services, this includes enabling withdrawals and deposits for digital wallet users, using either one-time password (OTPs) or QR codes; prepaid plastic cards, by implementing the issuance of prepaid plastic cards for customers at the Bank's branches via an instant issuance system; E-Voucher project, by introducing the electronic purchasing vouchers (E-Voucher); the electronic signature system, by launching the first phase of the digital signature system project (Sig cap). r Improving ATM services and expanding its coverage across the Kingdom through the following projects: × Cash Deposit Recycling on ATMs (ATM Cash Recycler). × Providing cash withdrawal and deposit service in US dollars through ATMs. × Upgrade of the ATM and Card Management System (CMS and ATM Switch Upgrade). × Launch of the ATM User Interface Enhancement Project. r Meeting security requirements and supporting infrastructure by replacing traditional exchanges in the Bank's branches and offices with digital exchanges (Digital VoIP) and implementing a unified communication system. r The Bank continuously updates its pages on various social media platforms and the digital assistant (chatbot). r The Bank installed 19 ATMs during 2024, bringing the total number of ATMs to 332, which accounts for 15% of the total working ATMs in the Kingdom."
JOIB|2025-05-03|DisclosuresDirectorsReport|jsc_DisclosureOfDirectorsReport|0|ar|27,JOIB,2025-05-03,ar,DisclosuresDirectorsReport,0.9987,1,AI/ML,AI/ML,False,False,,1,× دور الذكاء الإصطناعي في تحقيق التنمية المستدامة.
JOIB|2025-05-03|NotesListOfNotes|ifrs-full_DisclosureOfCreditRiskExplanatory|0|ar|62,JOIB,2025-05-03,ar,NotesListOfNotes,0.9985,1,Big Data,Big Data,False,True,ب+مصدر,1,احتساب احتمال التعثر ( PIT PD ) باستخدام النظام من خلال تحليل البيانات التاريخية.
JOIB|2025-05-03|NotesListOfNotes|ifrs-full_DisclosureOfGeneralInformationAboutFinancialStatementsExplanatory|0|en|45,JOIB,2025-05-03,en,NotesListOfNotes,0.0005,0,none,,False,False,,0,"I. Certain sections have been included on general financial reporting requirements such as information related to currency, segment reporting and replaces relevant FASs."
JOPH|2023-05-04|DisclosuresDirectorsReport|jsc_TheMembersOfBoardOfDirectorsNamesAndNamesAndRanksOfSeniorExecutiveManagementWithBriefResumeOfEach|0|ar|15,JOPH,2023-05-04,ar,DisclosuresDirectorsReport,0.0008,0,none,,False,False,,0,- محاسب قانوني CPA من الولايات المتحدة الأمريكية الخبرات السابقة - مناصب / عضويات - لجان المجلس - اللجان التنفيذية - مناصب/عضويات سابقة خارج الشركة المهندسة ريما عبدالحليم المنصـــــــــــب: مدير ادارة التزويد والمشتريات بالوكالة تاريخ الميلاد: 25/10/1972 تاريخ التعيين : 16/8/1998 - بكالوريوس هندسة كيماوية من الجامعة الاردنية 1996 - ماجستير هندسة ادارة المشاريع من الجامعة الاردنية 2016 المؤهل العلمي - مدير التزويد والمستودعات ومدير مشتريات المواد الاولية من شباط 2014 ولغاية نيسان 2019 - مساعد مدير التزويد – دائرة التزويد والمشتريات من تموز 2009 ولغاية شباط 2014 - رئيس قسم التخطيط اللوجستي – دائرة التزويد والمشتريات من كانون الاول 2006 ولغاية تموز 200 9 - رئيس قسم مشتريات المواد الاولية - دائرة التزويد والمشتريات من عام 1999 ولغاية عام 2006 - رئيس قسم ضمان الجودة من عام 1997 الى عام 1999 الخبرات السابقة - رئيس لجنة الترميز في شركة مناجم الفوسفات مناصب / عضويات - عضو وأمين سر في لجنة العطاءات الرئيسة - عضو وأمين سر في لجنة مشتريات المواد الأولية لجان المجلس - عضو لجنة الموارد البشرية المركزية - عضو لجنة العطاءات الفرعية اللجان التنفيذية - عضو نقابة المهندسين الاردنيين - عضو سابق في APICS - عضو هيئة مديري شركة الترافرتين م.ع.م (ترافكو) اعتباراً من 1/2/2021 .
JOPH|2023-05-04|NotesListOfNotes|ifrs-full_DisclosureOfSummaryOfSignificantAccountingPoliciesExplanatory|0|en|149,JOPH,2023-05-04,en,NotesListOfNotes,0.0006,0,none,,False,False,,0,"Segment reporting For the purpose of reporting to management and the decision makers in the Group, a business segment is a group of assets and operations engaged in providing products or services that are subject to risks and returns that are different from those of other business segments."
JOPT|2022-04-21|DisclosuresDirectorsReport|jsc_CompanysCompetitivePositionWithinItsSectorAndMainMarketSegmentsAsWellAsItsShareOfLocalMarketAndInternationalMarketIfPossible|0|en|136,JOPT,2022-04-21,en,DisclosuresDirectorsReport,0.0005,0,none,,False,False,,0,"Lube oil products comply with the Jordanian specifications, the American Petroleum Institute (API- American Petroleum Institute) standards, the Society of Automobiles Engineers (SAE Society of Automotive Engineers) standards, European standards (ACEA), Original Equipment manufacturers (OEM) specifications and the American Army Military standards (Military Standard), The products are subjected to the most stringent quality control tests carried out in modern specialized laboratories."
JOPT|2022-04-21|DisclosuresDirectorsReport|jsc_DisclosureOfDirectorsReport|0|en|236,JOPT,2022-04-21,en,DisclosuresDirectorsReport,0.0005,0,none,,False,False,,0,"The plan also includes the production of new types of lube oils with higher performance levels, such as gasoline engine oil with performance level (API SP) and diesel engine oil with performance level (CJ)."
JOPT|2022-04-21|DisclosuresDirectorsReport|jsc_DisclosureOfDirectorsReport|0|en|630,JOPT,2022-04-21,en,DisclosuresDirectorsReport,0.0005,0,none,,False,False,,0,Purchase of new (3) water circulation pumps for API separator at a cost of (70) thousands JOD.
JOPT|2022-04-21|NotesListOfNotes|jsc-rep_DisclosureOfFuturePlan|0|en|27,JOPT,2022-04-21,en,NotesListOfNotes,0.0005,0,none,,False,False,,0,The plan also includes producing new type of lube oils with higher performance levels such as API SP performance grade gasoline engine oil and CJ performance grade diesel engine oil.
JOPT|2022-04-21|NotesListOfNotes|jsc-rep_DisclosureOfSectorialAndGeographicalDistribution|0|en|0,JOPT,2022-04-21,en,NotesListOfNotes,0.0007,0,none,,False,False,,0,"Sectorial and Geographical Distribution The information regarding the disclosed sectors of the Company is explained below in accordance with IFRS 8 where IFRS 8 requires the identification of reportable sectors on the basis of internal reports that are regularly reviewed by the main operating decision maker in the Company, and are used to allocate Resources for sectors and assess their performance."
JTEL|2022-04-27|DisclosuresDirectorsReport|jsc_DisclosureOfAnalysisOfCompanysFinancialStatusAndOfResultsOfItsActivitiesForFiscalYear|0|en|7,JTEL,2022-04-27,en,DisclosuresDirectorsReport,0.0005,0,none,,False,False,,0,"This new technology will accelerate digital transformation, and provide more space for IoT, smart cities, and Industrial solutions. in terms of finance although the pandemic brought long-term exceptional changes, we succeeded in increasing the group’s revenues and profit."
JTEL|2022-04-27|DisclosuresDirectorsReport|jsc_DisclosureOfCompanysContributionToEnvironmentalProtectionAndLocalCommunityService|0|en|5,JTEL,2022-04-27,en,DisclosuresDirectorsReport,0.9987,1,AI/ML,AI/ML,False,False,implement,1,"Supporting Events and Initiatives ■ Sponsoring the Artificial Intelligence in Defense Technology and Cyber Security Exhibition and Conference (AIDTSEC 2021). ■ Telecom sponsor of “Towards Universal Health Coverage in Jordan 2021” conference. ■ Telecom sponsor of the seventh edition of HORECA Jordan. ■ Sponsoring the Ministry of Education’s honorary ceremony for teachers in appreciation of their efforts and impact on the lives of students and society. ■ Continuing to support the Goodwill campaign implemented by the Jordanian Hashemite Fund for Human Development (JOHUD), including the mobile clinic, to raise medical awareness and provide healthcare to the underprivileged across the Kingdom. ■ Supporting breast cancer awareness campaigns throughout October, including sponsoring the Solidarity March, organized by the Telecommunications Regulatory Commission in cooperation with King Hussein Cancer Foundation, Mediterranean Basin Association for Cancer Patients and Circles Center. ■ Honoring the Kingdom’s Tawjihi top achievers for the year 2021. ■ Signing an agreement to provide exclusive telecom sponsorship to the leagues of Jordan Basketball Federation. ■ Sponsoring the fourth Youth MUN Conference, organized by the Youth Model United Nations Club, in cooperation with Abdul Hameed Shoman Foundation. ■ Offering the grand prize for the “Tabbakh Afandi” program on Roya TV, as a donation to the Jordan Hashemite Charity Organization, to support its charitable efforts in the Gaza Strip."
JTEL|2022-04-27|DisclosuresDirectorsReport|jsc_DisclosureOfCompanysContributionToEnvironmentalProtectionAndLocalCommunityService|0|en|6,JTEL,2022-04-27,en,DisclosuresDirectorsReport,0.9986,1,AI/ML|Big Data,AI/ML|Big Data,False,True,launch,1,"Supporting Entrepreneurship and Innovation Orange Jordan supports companies, pioneering ideas and innovation by giving youth the assistance they need to enhance the growth of their startups and enable them to contribute to serving local communities. ■ Sponsoring SHERO conference, held under the patronage of HRH Princess Sumaya bint El Hassan as part of the Global Entrepreneurship Week activities, aimed to shed light on Jordanian female entrepreneurs’ contributions. ■ Announcing the results of the “Jordanian Startups Landscape” study, supported by the European Union, which was launched by Int@j and the StartupsJo Council on behalf of the “Innovation Space” project. ■ The fifth local edition of Orange Social Venture Prize (OSVP) to encourage entrepreneurs and tech-based social impact projects. ■ The telecom sponsor of the Internet of Things and Artificial Intelligence challenge. ■ Launching “Orange AI Startup Incubator” in partnership with the Innovative Startups and SMEs Fund and Princess Sumaya University for Technology. ■ The graduation of five startups from season 8 of Orange Program for Business Innovation Startups’ Growth (BIG by Orange)."
JTEL|2022-04-27|DisclosuresDirectorsReport|jsc_DisclosureOfCompanysContributionToEnvironmentalProtectionAndLocalCommunityService|0|ar|10,JTEL,2022-04-27,ar,DisclosuresDirectorsReport,0.9986,1,AI/ML,AI/ML,False,False,,1,دعم الفعاليات والمبادرات رعاية معرض ومؤتمر الذكاء الاصطناعي في تكنولوجيا الدفاع والأمن السيبراني 2021 .AIDTSEC رعاية الاتصالات لمؤتمر » نحو تغطية صحية شاملة في الأردن 2021».
JTEL|2022-04-27|DisclosuresDirectorsReport|jsc_DisclosureOfCompanysContributionToEnvironmentalProtectionAndLocalCommunityService|0|ar|23,JTEL,2022-04-27,ar,DisclosuresDirectorsReport,0.9987,1,AI/ML,AI/ML,False,False,,1,إطلاق حاضنة الذكاء الاصطناعي Orange AI Startup Incubator» » بالتعاون مع الصندوق الأردني للريادة وجامعة الأميرة سمية للتكنولوجيا.
JTEL|2022-04-27|NotesListOfNotes|ifrs-full_DisclosureOfRestrictedCashAndCashEquivalentsExplanatory|0|ar|3,JTEL,2022-04-27,ar,NotesListOfNotes,0.0005,0,none,,False,False,,0,** حصلت المجموعة على 4 منح (منحتين خلال عام 2020 و منحتين خلال العام 2021) لتوفير التمويل لتعزيز مبادرات الابتكار الخاصة بشركة الاتصالات الأردنية، بما في ذلك أكاديمية الترميز التابعة للمجموعة والبرامج الأكاديمية الأخرى.
JTEL|2022-04-27|NotesListOfNotes|jsc-rep_DisclosureTradeAndOtherCurrentPayables|0|ar|0,JTEL,2022-04-27,ar,NotesListOfNotes,0.0005,0,none,,False,False,,0,- ذمم وأرصدة دائنة أخرى يتكون هذا البند مما يلي : 2020 2021 دينار دينار 56.778.675 57.948.178 الدائنون التجاريون 40.916.584 48.524.479 مخصصات أخرى 18.815.651 19.684.918 مصاريف مستحقة 16.659.402 16.592.867 تأمينات المشتركين 4.116.342 4.592.106 حصة الحكومة من الإيرادات 8.028.536 8.267.021 مبالغ مستحقة لأطراف ذات علاقة (إيضاح 27) 1.578.294 1.325.161 أمانات المساهمين - ارباح موزعة 1.632.237 1.430.750 منح مقيدة* (ايضاح 14) 267.268 204.743 أمانات المساهمين - تخفيض رأس المال 148.792.989 158.570.223 * حصلت المجموعة على 4 منح (منحتين خلال عام 2020 و منحتين خلال العام 2021) لتوفير التمويل لتعزيز مبادرات الابتكار الخاصة بالاتصالات الأردنية ، بما في ذلك أكاديمية الترميز التابعة للمجموعة والبرامج الأكاديمية الأخرى.
JTEL|2022-04-27|NotesListOfNotes|jsc-rep_DisclosureTradeAndOtherCurrentPayables|0|ar|10,JTEL,2022-04-27,ar,NotesListOfNotes,0.9987,1,AI/ML,AI/ML,False,False,ب+مصدر,1,منحة الصندوق الأردني للريادة خلال عام 2021 ، وقعت شركة الاتصالات الأردنية اتفاقية منحة مع الصندوق الأردني للريادة ( ISSF ) لتمويل حاضنة الذكاء الاصطناعي ، والتي تعزز دور الشركات الناشئة من خلال بناء المهارات وتطوير المنتجات والوصول إلى الفرص.
JVOI|2025-03-12|DisclosuresChairmansStatement|jsc_DisclosureOfStatementOfBoardOfDirectorsChairman|0|en|10,JVOI,2025-03-12,en,DisclosuresChairmansStatement,0.9986,1,ERP,ERP,False,False,,1,"The company completed the implementation and adoption of the latest version of the Enterprise Resource Planning (ERP) system from Microsoft, which is the Microsoft Dynamics 365 Finance & Operations system."
JVOI|2025-03-12|DisclosuresChairmansStatement|jsc_DisclosureOfStatementOfBoardOfDirectorsChairman|0|ar|8,JVOI,2025-03-12,ar,DisclosuresChairmansStatement,0.0006,0,none,,False,False,,0,انتهت الشركة من تنفيذ تطبيق واعتماد أحدث إصدارات أنظمة تخطيط موارد المؤسسات من شركة مايكروسوفت وهو نظـــــــــــــام Microsoft Dynamics 365 Finance & Operations .
JVOI|2025-03-12|DisclosuresDirectorsReport|jsc_DisclosureOfCompanysAccomplishmentsSupportedByQuantitativeIndicatorsAndDescriptionOfSignificantOccurrencesToCompanyDuringFiscalYear|0|en|4,JVOI,2025-03-12,en,DisclosuresDirectorsReport,0.0008,0,none,,False,False,,0,Implementing Microsoft Dynamics 365 Finance & Operations for resource management.
JVOI|2025-03-12|DisclosuresDirectorsReport|jsc_DisclosureOfCompanysAccomplishmentsSupportedByQuantitativeIndicatorsAndDescriptionOfSignificantOccurrencesToCompanyDuringFiscalYear|0|ar|4,JVOI,2025-03-12,ar,DisclosuresDirectorsReport,0.0005,0,none,,False,False,,0,تنفيذ تطبيق نظام تخطيط موارد الشركة Microsoft Dynamics 365 Finance & Operations .
LEAS|2024-04-22|DisclosuresDirectorsReport|jsc_DisclosureOfCompanysAccomplishmentsSupportedByQuantitativeIndicatorsAndDescriptionOfSignificantOccurrencesToCompanyDuringFiscalYear|0|ar|3,LEAS,2024-04-22,ar,DisclosuresDirectorsReport,0.0006,0,none,,False,False,,0,قامت الشركة خلال عام 2023 بتهيئة النظام البنكي لديها لتطبيق نظام الفوترة الوطني وسيتم تطبيقه خلال العام 2024.
NAST|2021-03-16|DisclosuresChairmansStatement|jsc_DisclosureOfStatementOfBoardOfDirectorsChairman|0|en|0,NAST,2021-03-16,en,DisclosuresChairmansStatement,0.9982,1,XBRL,XBRL,False,False,,1,"Gentlemen, shareholders of the National Company for Steel Industry We are pleased to present to you our annual report for the year 2020 through the application of XBRL, as our report includes the results of the company's activities and business, the financial position, the income statement and the report of the Board of Directors for the fiscal year ending on December 31, 2020."
NDAR|2022-03-31|NotesListOfNotes|ifrs-full_DisclosureOfSummaryOfSignificantAccountingPoliciesExplanatory|0|en|116,NDAR,2022-03-31,en,NotesListOfNotes,0.0007,0,none,,False,False,,0,The defined benefit obligation is calculated annually by management using the projected unit credit method. 2.18 Segment reporting Operating segments are reported in a manner consistent with the internal reporting provided to the Group’s chief operating decision maker.
SGBJ|2021-05-03|DisclosuresDirectorsReport|jsc_DisclosureOfIssuingCompanysOrganizationalChartNumberOfItsEmployeesAndTheirClassesOfQualificationAndItsPersonnelQualifyingAndTrainingPrograms|0|en|0,SGBJ,2021-05-03,en,DisclosuresDirectorsReport,0.0015,0,none,,False,False,,0,Location Place of conduct Course Name Number Of Participants Internal SGBJ Training Centre E-Learning 151 French Language courses 11 Business Continuity Planning & Operational Risk Training Session 192 DRS Test 29 EFAWATEERcom Smart Teller on A2A connector Training Session 43 Inclusive Workplaces for People with Disabilities Training Session 17 Information & Physical Security Awareness Session 7 Mystery Shopper Training For Tellers 26 Credit facilities contracts 35 Introduction Program for New Hires 44 Orientation Program for New Hires 10 Location Place of conduct Course Name Number Of Participants Local Local Training Centers Agile (PMI-ACP) 1 Certified Ethical Hackers 1 The Science of Happiness with Daniel Gilbert 10 Certified Information Systems Auditor 1 Cobit Foundation 2019 1 Cybersecurity Roadshow 1 Deeply practical project management 1 EBRD Advice for small businesses in Jordan 1 Effective communication & Human Relations Training Program 1 EKYC system 17 Employer Branding 1 Employment Orientation program for people with disabilities 1 English Course 1 Global SME Finance Forum 2020 1 Hire to Retire Process In The Intelligent Enterprise 1 Introduction Of Human Recourses functions 1 Lets break the chain of COVID 19 infection 2 Live Talks in Times of Crises 1 PHRI Training Program 2 PMP Certification Preparation Program 1 QR session with CBJ 3 SGBJ Upgrade Project (VMWARE) 2 Leading HR for Excellence 1 Workshop for Financial Institutions on Jordan Collateral Registry 4 Legal committee meeting 3 CRIF Extraordinary General Assembly meeting 1 Financial literacy awareness liaison officers meeting 1 Provisions of insolvency law 1 Meeting related to inquiring about commercial records 2 Legislative frameworks for banking awareness and financial consumer protection 4 The training program: Improving the legal culture and access to finance for developing institutions in Jordan 1 The closing session of the Inclusive Workplace Project for Persons with Disabilities 2 Human resources in times of crisis 1 Introductory seminar: Banking Awareness 1 The basics of dealing with the forex markets 1 Establishing a real estate company owned by banks 2 A discussion session on the comprehensive strategy for the energy sector 1 Implementation of electronic payment acceptance with business sector enterprises 1 A discussion session on the commercial mediation project in Jordan 1 Booking and Un booking services 3 Seven steps to effective internal reporting 1 Flexible Work Policies: A Guide to the Future of Work 1 A workshop on the latest developments s in the services of the credit information company 6 Artificial intelligence and its role in enhancing financial services 2 Real estate law workshop 1 Law guaranteeing rights with movable property 1 Educational Distribution Female Male Non Jordanian Jordanian Employee Master Bachelor Diploma Tawjeehi School 114 203 4 313 22 247 24 15 9 317
SGBJ|2021-05-03|DisclosuresDirectorsReport|jsc_DisclosureOfIssuingCompanysOrganizationalChartNumberOfItsEmployeesAndTheirClassesOfQualificationAndItsPersonnelQualifyingAndTrainingPrograms|0|ar|0,SGBJ,2021-05-03,ar,DisclosuresDirectorsReport,0.0007,0,none,,False,False,,0,الانشطة التدريبة : المنطقة مركز الانعقاد إسم الدورة عدد المشاركين داخلي مركز التدريب الداخلي للبنك التعليم الالكتروني 151 دورات اللغة الفرنسية 11 التدريب الخاص بمخاطر التشغيل وخطة استمرارية العمل 192 اختبار الخاص بالتعافي من الكوارث 29 جلسة تدريب متعلقة بنظام مدفوعاتكم الخاص بأمناء الصناديق 43 دورة تدريبية حول أماكن العمل الشاملة للأشخاص ذوي الإعاقة 17 جلسة توعوية متعلقة بأمن المعلومات والأمن المادي 7 تدريب أمناء الصناديق فيما يخص المتسوق الخفي 26 عقود التسهيلات الائتمانية 35 برنامج التعريف للموظفين الجدد 44 التدريب الميداني للموظفين الجدد 10 المنطقة مركز الانعقاد إسم الدورة عدد المشاركين محلي / داخل الأردن مراكز تدريب / محلي عمان الشهادة المهنية Agile (PMI-ACP) 1 الشهادة المهنية القرصنة الاخلاقية 1 ورشة عمل : علم السعادة 10 الشهادة المهنية مدقق نظم معلومات معتمد 1 البرنامج التأسيسي الحاكمية وإدارة المعلومات والتكنولوجيا 1 البرنامج التدريبي للأمن السيبراني 1 إدارة المشاريع العملية 1 نصائح البنك الأوروبي لإعادة الإعمار والتنمية للشركات الصغيرة في الأردن 1 برنامج التدريب على التواصل الفعال والعلاقات الإنسانية 1 نظام اعرف عميلك 17 العلامات التجارية المتعلقة بأصحاب العمل 1 برنامج التوجيه الوظيفي للأشخاص ذوي الإعاقة 1 دورة اللغة الانجليزية 1 المنتدى العالمي لتمويل المشاريع الصغيرة والمتوسطة 1 التوظيف للتقاعد في المؤسسات الذكية 1 التعريف بوظائف الموارد البشرية 1 توعية بسلسلة العدوى الخاصة بكوفيد 19 2 محادثات مباشرة في أوقات الأزمات 1 البرنامج التدريبي أخصائي موارد بشرية / دولي 2 البرنامج التدريبي التحضيري للشهادة المهنية مدير مشاريع 1 جلسة خاصة برمز الاستجابة السريع بالتعاون مع البنك المركزي 3 جلسة تدريبية خاصة بتطوير نظام البنك 2 قيادة الموارد البشرية للتميز 1 ورشة عمل للمؤسسات المالية حول سجل ضمانات الأردن 4 اجتماع اللجنة القانونية 3 اجتماع الهيئة العامة غير العادي لشركة كريف 1 اجتماع ضباط ارتباط التوعية والتثقيف المالي 1 احكام قانون الاعسار 1 الاجتماع المتعلق بالاستعلام عن السجلات التجارية 2 الأطر التشريعية للتوعية المصرفية وحماية المستهلك المالي 4 البرنامج التدريبي : تحسين الثقافة القانونية والوصول إلى التمويل للمؤسسات النامية في الأردن 1 الجلسة الختامية لمشروع أماكن عمل دامجة للأشخاص ذوي الإعاقة 2 الموارد البشرية في وقت الأزمات 1 الندوة التعريفية بعنوان التوعية المصرفية 1 أساسيات التعامل مع أسواق الفوركس 1 تأسيس شركة عقارية مملوكة من البنوك 2 جلسة نقاشية حول الاستراتيجية الشاملة لقطاع الطاقة 1 تنفيذ قبول الدفع الإلكتروني لدى مؤسسات قطاعات الأعمال 1 جلسة نقاشية حول مشروع الوساطة التجارية في الاردن 1 خدمة الحجز وفك الحجز 3 سبع خطوات للوصول لتقارير داخلية فعالة 1 نقاش عبر الويب : سياسات العمل المرنة : دليل لمستقبل العمل 1 ورشة عمل حول اخر تطورات ومستجدات خدمات شركة الاستعلام الائتماني 6 ورشة عمل عن بعد الذكاء الاصطناعي ودوره في تعزيز الخدمات المالية 2 ورشة عمل قانون الملكية العقارية 1 ورشة عمل قانون ضمان الحقوق بالأموال المنقولة 1 تركيبة الموظفين حسب المؤهلات العلمية عدد الموظفين من ذوي الاحتياجات الخاصة عدد الموظفين الاناث عدد الموظفين الذكور عدد الموظفين غير الاردنيين عدد الموظفين الاردنيين دكتوراه ماجستير دبلوم عالي بكالوريوس دبلوم توجيهي اقل من توجيهي 0 114 203 4 313 0 22 0 247 24 15 9 317
SGBJ|2021-05-03|NotesListOfNotes|ifrs-full_DisclosureOfCreditRiskExplanatory|0|ar|33,SGBJ,2021-05-03,ar,NotesListOfNotes,0.9986,1,Big Data,Big Data,False,False,,1,تم تطوير العلاقات المتوقعة بين مؤشرات الاقتصاد الكلي الرئيسية ومعدلات التخلف عن السداد لمحافظ الموجودات المالية المعنية بناءً على تحليل البيانات التاريخية على مدى السنوات الخمسة الماضية.
SPTI|2021-03-25|NotesListOfNotes|ifrs-full_DisclosureOfPrepaymentsAndOtherAssetsExplanatory|0|ar|0,SPTI,2021-03-25,ar,NotesListOfNotes,0.0006,0,none,,False,False,,0,"إيضاح ( 4) مصاريف مدفوعة مقدماً :- 2020 2019 دينــــــــار دينــــــــار تأمين صحي 1,168 1,412 تأمين مخاطر / حريق وسرقة 1,812 2,604 أرشفة الكترونية 0 150 المجموع 2,980 4,166"
THBK|2024-03-31|DisclosuresDirectorsReport|jsc_DisclosureOfStatementThatIndicatesDonationsAndGrantsMadeByCompanyDuringFiscalYear|0|en|0,THBK,2024-03-31,en,DisclosuresDirectorsReport,0.0007,0,none,,False,False,,0,"Donations and Grants for 2023 Monetary Donations The bank's monetary donations in 2023 amounted to JOD 2,599,149; the following table shows beneficiaries with the amount donated: Beneficiary Donation Amount (JOD) King Hussein Cancer Foundation 1 70 ,000 Ministry of Social Development 1 6 0,000 Jordan River Foundation 1 50 ,000 Housing Bank Abdoun Park 120,000 Himmetna Association 100,000 Tkiyet Um Ali 50,000 Jordan Hashemite Fund for Human Development 50,000 Princess Taghrid Institute 50,000 Middle East University 35,000 Al-Aman Fund for the Future of Orphans 30,000 Waqf Thareed 25,000 Health Care Accrediation Council 25,000 Princess Alia Foundation 20,575 Al-Awn Humanitarian Club 20,000 Ministry of culture/ Jerash Festival 20,000 Young Muslim Women's Association/ Bunayat Centre for Special Education 16,500 Jordan Media Institute 15,000 Income and Sales Tax Department/ E-Invoicing System 15,000 Public Security Directorate 15,000 Jordanian Children's Villages Association - SOS 15,000 Dar Abu Abdullah Association for Philanthropy and Development 14,400 Promise Welfare Society 10 ,025 Mutah University 10,000 Jordan Basketball Federation 10,000 Arab Group for the Protection of Nature Society 10,000 Jordan Association for Medical Insurance 10,000 Al-Faisaly Sports Club 15,000 Jordan Chamber of Commerce 10,000 Al Hussein Technical University 9,399 Jordan Taekwondo Federation 8,500 Royal Marine Conservation Society 6,000 Jordan Press Association 6,000 Jordan Hashemite Charity Organization 5,250 The Royal Institute for Inter-Faith Studies 5,000 Diwan Alkarak 5,000 Sana for special individual 5,000 El-Hassan Youth Award 5,000 Alshabab Sport Club - Homenetmen 5,000 Elia Nuqul Foundation 3,700 Jordan Forum for Business and Professional Women 3,000 Mabarrat Um Al-Hussein 3,000 Jazeerah Sport Club 3,000 Social Security Corporation 3,000 Salt Municipality 4,500 Darat Samir Shamma for Eldery 2,500 Association of Retired Servicemen and Veterans 2,500 Jubilee School 2,300 Princess Sumaya University for Technology 2,000 Royal Higher Committee for the Development of Salt Secondary School for Boys 2,000 Jordanian Iraqi Amity Assembly 2,000 Hashemite Committee for Disabled Soldiers 2,000 Al-Amal Society 2,000 General Federation of Jordanian Women 2,000 White Beds Society 1,500 Labayk ya watan Society 1,500 National Orthodox School Society 1,500 Al-Salt Charity Society 1,000 National Association for People with Special Needs 1,000 Al-Salt Municipality Friends Cultural Association 1,000 Ahl Alazm Blind Society 500 Total 1,299,149 JOD The bank also provided 1.3 JOD million in support of donations campaigns organized by a number of the Bank's strategic partners, namely King Hussein Cancer Foundation, Tkiyet Um Ali, and Jordan Hashemite Charity Organizationin in support of the people of Gaza in line with the current circumstances . 2- In-Kind Donations The book value of the in-kind materials donated during 2023 was about JD 886.966, with a nominal value of about JD 156283.274, and the donated non-monetary materials are computers, furniture and machines."
UBSI|2022-04-29|DisclosuresDirectorsReport|jsc_DisclosureOfImportantProspectiveDevelopmentsIncludingAnyNewExpansionsAndProjectsCompanysProposedPlanForAtLeastOneUpcomingYearAndBoardOfDirectorsForecastsForOutcomesOfCompanyActivities|0|ar|15,UBSI,2022-04-29,ar,DisclosuresDirectorsReport,0.9986,1,Big Data,Big Data,False,False,,1,قراراتنا مبنية على البيانات والأدلة نعمل دوماً على تحليل بيانات عملائنا لنفهم ما هم بحاجة إليه، فنقوم بتصميم منتجات وخدمات تلبّي احتياجاتهم وتوقعاتهم.
ZEIC|2024-02-13|DisclosuresDirectorsReport|jsc_DisclosureOfCompanysAccomplishmentsSupportedByQuantitativeIndicatorsAndDescriptionOfSignificantOccurrencesToCompanyDuringFiscalYear|0|en|53,ZEIC,2024-02-13,en,DisclosuresDirectorsReport,0.9975,1,AI/ML,AI/ML,False,False,,1,"Artificial Intelligence and Robotics Engineering Applied English Technical accounting Electronic business management There has been a clear development in the number of accepted students in the last two years, as the number of students in 2023 reached (929) students, while in 2022 it reached (502) students."
ZEIC|2024-02-13|DisclosuresDirectorsReport|jsc_DisclosureOfCompanysAccomplishmentsSupportedByQuantitativeIndicatorsAndDescriptionOfSignificantOccurrencesToCompanyDuringFiscalYear|0|ar|56,ZEIC,2024-02-13,ar,DisclosuresDirectorsReport,0.9986,1,AI/ML,AI/ML,False,False,طور,1,هندسة الذكاء الاصطناعي والروبوتات اللغة الإنجليزية التطبيقية المحاسبة التقنية إدارة الأعمال الإلكترونية حيث ظهر تطور واضح في أعداء المقبولين في السنتين الأخيرتين حيث بلغ عدد أعداد الطلبة في عام 2023 (929) طالباً بينما بلغ في عام 2022 (502) طالباً.
ZEIC|2024-02-13|DisclosuresDirectorsReport|jsc_DisclosureOfDirectorsReport|0|en|54,ZEIC,2024-02-13,en,DisclosuresDirectorsReport,0.0043,0,none,,False,False,,0,Secretariat * Consultants are from outside the company Audit and Internal Control Council's Secretariat 9- B - Organizational structure of Zarqa University Board of Trustees Consultants Internal Control Unit University President University Council President’s Office Deans’ Council Vices to the President President’s Counselors Secretariat of the Presidency and the Council Deanships Centers and Administrative Departments Dean of the Faculty of Sharea Dean of the Faculty of Arts Director of Public Relations Director of the Library Dean of the Faculty of Science Dean of the Faculty of Economics and Administrative Sciences Director of Financial Affairs Director of Development and Quality Assurance Unit Dean of the Faculty of Educational Sciences Dean of the Faculty of Law Director of Public Relations Director of Outside Projects Unit Dean of the Faculty of Medical Sciences Dean of the Faculty of Nursing Director of General Services Director of Translation Unit Dean of the Faculty of Engineering Technology Dean of the Faculty of Pharmacy Director of Medical Services and Insurance Director of Blended Learning Dean of the Faculty of Art and Design Dean of the Faculty of Mass Media Director of Supplies Director of Business Incubator Unit Dean of the Faculty of Information Technology Dean of Scientific Research Director of Islamic Cultural Center Director of Computer Center Dean of Students’ Affairs Dean of Admission and Registration Director of Continued Learning Center Director of Languages Center Dean of the Faculty of Dentistry Director of Electronic Learning Center Director of Energy Research Center 9 – C - The Organizational Structure of Zarqa Technical Intermediate College Board of Trustees Audit and Control Unit Dean of the College Secretariat of the Council Financial Department Secretariat Department of Cyber Security and Artificial Intelligence Engineering Department of Cyber Security and Artificial Intelligence Engineering Department of Digital Media and Animation Art Department of Architecture and Interior Design Department of Electric Vehicles Maintenance and Renewable Energy Technology College Council Deputy Dean Digital Media Animation Arts Technical Accounting Applied English Language Cyber Security Artificial Intelligence Engineering Electric Vehicle Maintenance Renewable energy technology 9 – D - The organizational Structure of Zarqa University Schools and Kindergarten Chairman of Administrative Board General Director Deputy of General Director Supervision Unit Secretariat Archiving Supervision and Training Quality Assurance Registration and Student’s Affairs Financial Dept.
ZEIC|2024-02-13|DisclosuresDirectorsReport|jsc_DisclosureOfDirectorsReport|0|ar|67,ZEIC,2024-02-13,ar,DisclosuresDirectorsReport,0.0009,0,none,,False,False,,0,المستشارون * الهيئة العامة مجلس الإدارة رئيس مجلس الإدارة مدير عام المدارس مدير عام الشركة المستشارون · قسم المساهمين قسم اللوازم والعطاءات قسم المحاسبة شؤون الموظفين الديوان التدقيق و الرقابة الداخلية أمانة سر المجلس 9-أ - الهيكل التنظيمي للشركة الزرقاء للتعليم والاستثمار المستشارون من خارج الشركة 9- د - الهيكل التنظيمي لجامعة الزرقاء مجلس الأمناء المستشارون وحدة الرقابة الداخلية رئيس الجامعة مجلس الجامعة مكتب الرئيس مجلس العمداء نواب الرئيس مستشارو الرئيس ديوان الرئاسة وأمانة سر المجالس العمادات الدوائر والمراكز عميد كلية الشريعة عميد كلية الآداب عميدالبحث العلمي مدير العلاقات الثقافية والعامة مدير المكتبة عميد كلية العلوم عميد كلية الاقتصاد والعلوم الإدارية عميد الدراسات المسائية مدير الدائرة المالية مدير وحدة التطوير وضمان الجودة عميد كلية العلوم التربوية عميد كلية الحقوق عميد شؤون الطلبة مدير دائرة الموارد البشرية مدير وحدة التعاون الدولي عميد كلية العلوم الطبية عميد كلية التمريض عميد القبول والتسجيل مدير دائرة الخدمات العامة والصيانة مدير وحدة الابداع وريادة الأعمال عميد كلية الهندسة التكنولوجية عميد كلية الصيدلة مدير الخدمات الطبية والتأمين الصحي مدير مركز الحاسوب عميد كلية الفنون والتصميمم عميد كلية الدراسات العليا مدير اللوازم والمشتريات والعطاءات مدير مركز التعلم الإلكتروني عميد كلية الإعلام عميد كلية تكنولوجيا المعلومات مدير المركز الثقافي الإسلامي مدير مركز أبحاث الطاقة عميد كلية طب الأسنان مدير مركز التعليم المستمر ومركز اللغات 9-ج - الهيكل التنظيمي لكلية الزرقاء التقنية المتوسطة مجلس الأمناء أمانة سر المجلس عميد الكليـة وحدة الرقابة والتدقيق نائب العميد مجلس الكلية قسم صيانة المركبات الكهربائية وتكنولوجيا الطاقة المتجددة قسم هندسة العمارة والتصميم الداخلي قسم الميديا الرقيمة (الإعلام الرقمي) وفنون الرسوم المتحركة قسم الأمن السيبراني وهندسة الذكاء الاصطناعي والروبوتات قسم اللغة الإنجليزية التطبيقية والمحاسبة التقنية الديوان الدائرة المالية القبول والتسجيل صيانة المركبات الكهربائية تكنولوجيا الطاقة المتجددة الميديا الرقمية فنون الرسوم المتحركة الأمن السيبراني هندسة الذكاء الاصطناعي اللغة الإنجليزية التطبيقية محاسبة تقنية 9- د - الهيكل التنظيمي لرياض ومدارس جامعة الزرقاء رئيس مجلس الإدارة المدير العام نائب المدير العام وحدة الإشراف قسم الديوان السكرتاريا قسم الإشراف والتدريب قسم ضمان الجودة قسم التسجيل وشؤون الطلبة قسم المالية قسم الموارد البشرية قسم نظم المعلومات قسم السيطرة قسم الخدمات العامة قسم التصميم والإعلام قسم العيادة الطبية شعبة المحاسبة شعبة الصندوق شعبة اللوازم والمشتريات شعبة الأمن شعبة خدمة المكاتب شعبة الحركة شعبة الصيانة شعبة العيادة الطبية (ثانوية البنات) شعبة العيادة الطبية (ثانوية البنين) مدير الروضة مدير المدرسة الأساسية مدير المدرسة الثانوية / بنات مدير المدرسة الثانوية/ بنين السكرتاريا مشرفة الطابق منسقة المادة السكرتاريا السكرتاريا السكرتاريا الهيئة التدريسية المساعدة المساعدة المساعد مشرفة المختبر مشرفوا المختبر مشرفوا المختبر منسقة المادة منسقة المادة منسق المادة مشرفة الطابق مشرفة الطابق مشرف الطابق الهيئة التدريسية الهيئة التدريسية الهيئة التدريسية أمينة المكتبة أمينة المكتبة أمين المكتبة المرشدة المرشدة المرشد معلمة المصادر مشرفة الثانوية العامة مشرف الثانوية العامة هيئة المديرين رئيس هيئة المديرين نائب رئيس هيئة المديرين المدير الإداري المستشارون · مدير قناة الإذاعة مدير قناة التلفزيون مدير مصنع مياه زاركي مدير مسرح زاركي المدير المالي الديوان 9-هـ - الهيكل التنظيمي للشركة التابعة [ شركة الضوء الساطع للبث الفضائي والإذاعي (ذ.م.م) ] المستشارون من خارج الشركة 9 -ب- عدد موظفي الشركة وفئات مؤهلاتهم : المؤهل العلمي عدد موظفي الشركة واستثماراتها عدد موظفي الشركة التابعة دكتوراه 511 - ماجستير 146 1 دبلوم عالي 39 - بكالوريس 468 8 دبلوم 84 3 ثانوية عامة 117 1 دون الثانوية العامة 351 - إجمالي عدد الموظفين 1716 13 9 -ج- برامج التأهيل والتدريب لموظفي الشركة : تواصل الشركة رفع كفاءة ومهارة العاملين لديها من خلال برامج التدريب والتأهيل داخل وخارج الجامعة.
ZEIC|2024-02-13|DisclosuresDirectorsReport|jsc_DisclosureOfIssuingCompanysOrganizationalChartNumberOfItsEmployeesAndTheirClassesOfQualificationAndItsPersonnelQualifyingAndTrainingPrograms|0|ar|0,ZEIC,2024-02-13,ar,DisclosuresDirectorsReport,0.0011,0,none,,False,False,,0,9-أ - الهيكل التنظيمي للشركة الزرقاء للتعليم والاستثمار المستشارون من خارج الشركة 9- د - الهيكل التنظيمي لجامعة الزرقاء مجلس الأمناء المستشارون وحدة الرقابة الداخلية رئيس الجامعة مجلس الجامعة مكتب الرئيس مجلس العمداء نواب الرئيس مستشارو الرئيس ديوان الرئاسة وأمانة سر المجالس العمادات الدوائر والمراكز عميد كلية الشريعة عميد كلية الآداب عميدالبحث العلمي مدير العلاقات الثقافية والعامة مدير المكتبة عميد كلية العلوم عميد كلية الاقتصاد والعلوم الإدارية عميد الدراسات المسائية مدير الدائرة المالية مدير وحدة التطوير وضمان الجودة عميد كلية العلوم التربوية عميد كلية الحقوق عميد شؤون الطلبة مدير دائرة الموارد البشرية مدير وحدة التعاون الدولي عميد كلية العلوم الطبية عميد كلية التمريض عميد القبول والتسجيل مدير دائرة الخدمات العامة والصيانة مدير وحدة الابداع وريادة الأعمال عميد كلية الهندسة التكنولوجية عميد كلية الصيدلة مدير الخدمات الطبية والتأمين الصحي مدير مركز الحاسوب عميد كلية الفنون والتصميمم عميد كلية الدراسات العليا مدير اللوازم والمشتريات والعطاءات مدير مركز التعلم الإلكتروني عميد كلية الإعلام عميد كلية تكنولوجيا المعلومات مدير المركز الثقافي الإسلامي مدير مركز أبحاث الطاقة عميد كلية طب الأسنان مدير مركز التعليم المستمر ومركز اللغات 9-ج - الهيكل التنظيمي لكلية الزرقاء التقنية المتوسطة مجلس الأمناء أمانة سر المجلس عميد الكليـة وحدة الرقابة والتدقيق نائب العميد مجلس الكلية قسم صيانة المركبات الكهربائية وتكنولوجيا الطاقة المتجددة قسم هندسة العمارة والتصميم الداخلي قسم الميديا الرقيمة (الإعلام الرقمي) وفنون الرسوم المتحركة قسم الأمن السيبراني وهندسة الذكاء الاصطناعي والروبوتات قسم اللغة الإنجليزية التطبيقية والمحاسبة التقنية الديوان الدائرة المالية القبول والتسجيل صيانة المركبات الكهربائية تكنولوجيا الطاقة المتجددة الميديا الرقمية فنون الرسوم المتحركة الأمن السيبراني هندسة الذكاء الاصطناعي اللغة الإنجليزية التطبيقية محاسبة تقنية 9- د - الهيكل التنظيمي لرياض ومدارس جامعة الزرقاء رئيس مجلس الإدارة المدير العام نائب المدير العام وحدة الإشراف قسم الديوان السكرتاريا قسم الإشراف والتدريب قسم ضمان الجودة قسم التسجيل وشؤون الطلبة قسم المالية قسم الموارد البشرية قسم نظم المعلومات قسم السيطرة قسم الخدمات العامة قسم التصميم والإعلام قسم العيادة الطبية شعبة المحاسبة شعبة الصندوق شعبة اللوازم والمشتريات شعبة الأمن شعبة خدمة المكاتب شعبة الحركة شعبة الصيانة شعبة العيادة الطبية (ثانوية البنات) شعبة العيادة الطبية (ثانوية البنين) مدير الروضة مدير المدرسة الأساسية مدير المدرسة الثانوية / بنات مدير المدرسة الثانوية/ بنين السكرتاريا مشرفة الطابق منسقة المادة السكرتاريا السكرتاريا السكرتاريا الهيئة التدريسية المساعدة المساعدة المساعد مشرفة المختبر مشرفوا المختبر مشرفوا المختبر منسقة المادة منسقة المادة منسق المادة مشرفة الطابق مشرفة الطابق مشرف الطابق الهيئة التدريسية الهيئة التدريسية الهيئة التدريسية أمينة المكتبة أمينة المكتبة أمين المكتبة المرشدة المرشدة المرشد معلمة المصادر مشرفة الثانوية العامة مشرف الثانوية العامة هيئة المديرين رئيس هيئة المديرين نائب رئيس هيئة المديرين المدير الإداري المستشارون · مدير قناة الإذاعة مدير قناة التلفزيون مدير مصنع مياه زاركي مدير مسرح زاركي المدير المالي الديوان 9-هـ - الهيكل التنظيمي للشركة التابعة [ شركة الضوء الساطع للبث الفضائي والإذاعي (ذ.م.م) ] المستشارون من خارج الشركة 9 -ب- عدد موظفي الشركة وفئات مؤهلاتهم : المؤهل العلمي عدد موظفي الشركة واستثماراتها عدد موظفي الشركة التابعة دكتوراه 511 - ماجستير 146 1 دبلوم عالي 39 - بكالوريس 468 8 دبلوم 84 3 ثانوية عامة 117 1 دون الثانوية العامة 351 - إجمالي عدد الموظفين 1716 13 9 -ج- برامج التأهيل والتدريب لموظفي الشركة : تواصل الشركة رفع كفاءة ومهارة العاملين لديها من خلال برامج التدريب والتأهيل داخل وخارج الجامعة.
ABCO|2022-03-30|Declarations|jsc-rep_DeclarationAffirmingCorrectnessAccuracyAndCompletenessOfInformationAndDataStatedInReportSignedByChairmanOfBoardOfDirectorsCompanysChiefExecutiveOfficerAndChiefFinancialOfficer|0|en|0,ABCO,2022-03-30,en,Declarations,0.9986,1,XBRL,XBRL,False,False,,1,"Representation of the Authenticity of the Financial Statements The Management of Bank ABC in Jordan represents the authenticity, accuracy and precision of the information and financial statements cited in this report. * Signatures are included in the PDF version of the annual report in Arabic that has been uploaded on the XBRL system."
ABCO|2022-03-30|Declarations|jsc-rep_DeclarationByBoardOfDirectorsAffirmingItsResponsibilityForPreparationOfFinancialStatementsAndForProvisionOfEffectiveSystemOfControlsWithinCompany|0|en|0,ABCO,2022-03-30,en,Declarations,0.9986,1,XBRL,XBRL,False,False,,1,Representation of the Board of Directors The Board of Directors of Bank ABC in Jordan represents its responsibility for preparing the financial statements; that the information cited in the Board of Directors’ Report is in line with the enclosed financial statements; and that the Bank has an effective and efficient Internal Control System. * Signatures are included in the PDF version of the annual report in Arabic that has been uploaded on the XBRL system.
ABCO|2022-03-30|Declarations|jsc-rep_DeclarationFromBoardOfDirectorsThatThereAreNoSubstantialMattersDisaffectingCompanysContinuityDuringNextFiscalYear|0|en|0,ABCO,2022-03-30,en,Declarations,0.9983,1,XBRL,XBRL,False,False,,1,"Representation of the Board of Directors The Board of Directors of Bank ABC in Jordan represents, as far as it knows and believes, that there are no fundamental issues that could affect the Bank’s ability to continue its activity throughout the next fiscal year of 2022. * Signatures are included in the PDF version of the annual report in Arabic that has been uploaded on the XBRL system."
ABCO|2022-03-30|Declarations|jsc-rep_DisclosureOfOtherDeclarations|0|en|0,ABCO,2022-03-30,en,Declarations,0.9984,1,XBRL,XBRL,False,False,,1,Representation of the Board of Directors The Board of Directors of Bank ABC in Jordan acknowledge that they have not received personally or any of their relatives any materialistic or in-kind benefits during their work at the Bank and have not disclosed them for the year 2021. * Signatures are included in the PDF version of the annual report in Arabic that has been uploaded on the XBRL system.
ABCO|2022-03-30|DisclosuresChairmansStatement|jsc_DisclosureOfStatementOfBoardOfDirectorsChairman|0|en|31,ABCO,2022-03-30,en,DisclosuresChairmansStatement,0.9986,1,AI/ML|Big Data,AI/ML|Big Data,False,False,,1,"With the support of Bank ABC in Jordan, this customer-centric mobile-only offering, aided by cutting-edge Artificial Intelligence and sophisticated Data Analytics, is expected to appeal to all consumer generations, from millennials to older age groups, and segments of society."
ABCO|2022-03-30|DisclosuresDirectorsReport|jsc_DisclosureOfCompanysAccomplishmentsSupportedByQuantitativeIndicatorsAndDescriptionOfSignificantOccurrencesToCompanyDuringFiscalYear|0|en|22,ABCO,2022-03-30,en,DisclosuresDirectorsReport,0.9987,1,AI/ML,AI/ML,False,True,use,1,"To keep pace with the rapid technological and digital development and for a better customer service, the Bank is planning to launch “ila” application, which is a digital application that will be available using smart phones only, and that will be launched in 2022 using artificial intelligence and data analysis technologies, which makes it user-friendly and helps the bank to attract and serve a wider customer base; starting with millennials, and ending with all segments of the Jordanian society."
ABCO|2022-03-30|DisclosuresDirectorsReport|jsc_DisclosureOfIssuingCompanysOrganizationalChartNumberOfItsEmployeesAndTheirClassesOfQualificationAndItsPersonnelQualifyingAndTrainingPrograms|0|en|0,ABCO,2022-03-30,en,DisclosuresDirectorsReport,0.0006,0,none,,False,False,,0,"Number of employees of the Bank and the Arab Co-operation Financial Investments Co. and their qualifications No. of Employees of the Arab Co-operation Financial Investments Co . No. of Bank Employees Degree - 1 PhD 7 45 Masters - 1 Higher Diploma 22 398 Bachelor 3 34 Diploma - 5 General Secondary Education 1 22 Below General Secondary Education 33 506 Total no. of employees Qualification and training programs for employees of the Bank and the Arab Co-operation Financial Investments Co. 132 courses were organized in-house, externally and in the Bank’s training centre with the participation of 4,115 employees, as detailed below: The Bank and the Arab Co-operation Financial Investments Co. The Bank and the Arab Co-operation Financial Investments Co. Description No. of Participants # of courses Type of training course 200 29 Courses provided by the Bank’s training centre 173 75 Courses provided by local institutes in Jordan 24 10 Courses provided by institutes abroad 3,718 18 Online courses (e-learning) 4,115 132 Total Types of courses # Course Type No. of Participants 1 Human resources and skills development courses 128 2 Banking marketing, credit cards and customer service courses 31 3 Participation in local and external conferences and meetings - 4 Investment and treasury operations courses - 5 Banking risks and crises management, audit, monitoring, compliance control and anti-money laundering courses 2,111 6 Information technology and systems courses 593 7 Banking facilities and project financing courses - 8 Internal and external banking operations courses 21 9 Courses on laws, regulations and instructions 1,216 10 Accounting courses 15 Total 4,115 * The organizational structure for the Bank and ABCI couldn’t be uploaded correctly (proper copy has been included in the PDF copy of the Annual Report that has been uploaded on XBRL system) ABCJ Organisational Chart ABCI Board of Directors Board Committees Board Risk Committee (BRC) Audit Committee Board Secretary Compliance Committee General Manager Internal Audit Management Committees Compliance Deputy General Manager Treasury Wholesale Banking Group Retail Banking Group Credit Dept Human Resources Dept Legal Affairs Dept Financial Control Dept Support Group Risk Management Dept Corporates Coverage Consumers Banking Corporate Services Department Transaction Banking Procurement Supplies Department Financial Institutions Coverage Consumers Credit Banking Corporate Communications Department Small and Medium Enterprises Projects Management & Organization Unit Middle Office Information Technology Business Development Operations Management Operational Control Information Security Business Continuity Plan ABCI Organisational Chart ABCJ Board ABCI Board of Directors ABCJ Compliance Department Chief Executive Officer Compliance ABCJ Legal affairs Department Brokerage Management Support Management Local Brokerage Department Credit Department Human Resources and Administrative Affairs Department Operations Control Department Operations Department Regional and International Brokerage Department Financial control Department Customer Service Department Legal affairs Department"
ABCO|2022-03-30|NotesListOfNotes|ifrs-full_DisclosureOfAccountingJudgementsAndEstimatesExplanatory|0|ar|72,ABCO,2022-03-30,ar,NotesListOfNotes,0.9986,1,Big Data,Big Data,False,False,,1,تم تطوير العلاقات المتوقعة بين مؤشرات الاقتصاد الكلي الرئيسية ومعدلات التخلف عن السداد لمحافظ الموجودات المالية المعنية بناءً على تحليل البيانات التاريخية على مدى السنوات الخمسة الماضية.
AHLI|2023-04-27|DisclosuresDirectorsReport|jsc_DescriptionOfSubsidiaryCompaniesNatureOfTheirBusinessAndTheirAreasOfActivity|0|en|31,AHLI,2023-04-27,en,DisclosuresDirectorsReport,0.9986,1,AI/ML,AI/ML,True,True,develop,2,"As a UiPathTM partner, AHLI FINTECH supported the ahli bank innovation department in developing Robotic Process Automation (RPA) solutions for over 32 key processes with the bank."
AHLI|2023-04-27|DisclosuresDirectorsReport|jsc_DescriptionOfSubsidiaryCompaniesNatureOfTheirBusinessAndTheirAreasOfActivity|0|ar|36,AHLI,2023-04-27,ar,DisclosuresDirectorsReport,0.0006,0,none,,False,False,,0,بصفتها شريكاً لـ TM️UiPath، عملت الشركةُ على دعم فريق الابداع والابتكار الخاص بالبنك الأهلي في تطوير حلول أتمتةٍ روبوتية للبنك الأهلي مما ساهم في أتمتةِ ما يزيدُ عن 32 عملية تتم داخل البنك.
AHLI|2023-04-27|DisclosuresDirectorsReport|jsc_DisclosureOfCompanysAccomplishmentsSupportedByQuantitativeIndicatorsAndDescriptionOfSignificantOccurrencesToCompanyDuringFiscalYear|0|en|32,AHLI,2023-04-27,en,DisclosuresDirectorsReport,0.9986,1,Big Data,Big Data,True,True,launch,2,"Lastly, the Department launched and built a data warehouse for the bank to improve the accuracy and speed of data retrieval and add greater value to all decision-making processes as part of the first phase of the Big Data project."
AHLI|2023-04-27|DisclosuresDirectorsReport|jsc_DisclosureOfCompanysAccomplishmentsSupportedByQuantitativeIndicatorsAndDescriptionOfSignificantOccurrencesToCompanyDuringFiscalYear|0|ar|18,AHLI,2023-04-27,ar,DisclosuresDirectorsReport,0.9983,1,Big Data,Big Data,False,False,,1,كما قامت الدائرة بتدشين وبناء مستودع بيانات (Data Warehouse) للبنك لتحسين دقة وسرعة استرجاع البيانات وإضافة قيمة أكبر لجميع عمليات اتخاذ القرار، وذلك ضمن المرحلة الأولى من مشروع البيانات الضخمة (Big Data).
AHLI|2023-04-27|DisclosuresDirectorsReport|jsc_DisclosureOfCompanysContributionToEnvironmentalProtectionAndLocalCommunityService|0|en|20,AHLI,2023-04-27,en,DisclosuresDirectorsReport,0.9985,1,AI/ML,AI/ML,False,False,,1,"On the same level, the Bank provided its support for the third phase of the national technological project organized by Eureka Academy, which aims to qualify and train 500 students from public schools in different governorates of the Kingdom on advanced courses in technology, including information security, artificial intelligence and programming, in cooperation with a number of Jordanian universities."
AHLI|2023-04-27|DisclosuresDirectorsReport|jsc_DisclosureOfCompanysContributionToEnvironmentalProtectionAndLocalCommunityService|0|ar|16,AHLI,2023-04-27,ar,DisclosuresDirectorsReport,0.9986,1,AI/ML,AI/ML,False,False,,1,وعلى الصعيد ذاته قدّم البنك دعمه للمرحلة الثالثة من المشروع الوطني التكنولوجي الذي تنظمه أكاديمية يوريكا والهادف إلى تأهيل وتدريب 500 طالب وطالبة من المدارس الحكومية من مختلف محافظات المملكة على مساقات متقدمة في التكنولوجيا تشمل أمن المعلومات، الذكاء الاصطناعي والبرمجة وبالتعاون مع عدد من الجامعات الأردنية .
AMAL|2024-04-29|DisclosuresChairmansStatement|jsc_DisclosureOfStatementOfBoardOfDirectorsChairman|0|en|1,AMAL,2024-04-29,en,DisclosuresChairmansStatement,0.9986,1,Cloud,Cloud,False,False,,1,"Irrespective of the prevailing regional political turmoil, the Jordanian Financial and Economic indicators showed improvement in 2023, this improvement helped the company to achieve acceptable results through prudent planning, thorough follow up and implementation of adaptable and cautious business practices. 2023 was the administrative turnaround, the Company completed the digitization of all processes, including compliance processes, implementation of an electronic local shares trading system, digital risk systems to prevent accidental clients’ overdraft and financing of undesirable shares, digital invoice issuing and archiving processes, digital clients signature request and verification, advanced digital information security and firewalls, cloud based systems high availability and disaster recovery, digitizing fixed assets register, digitizing human resource operations, as well as digitizing settlements of bank accounts, digital control of company’s expenses to totally align with the budget."
AMAL|2024-04-29|DisclosuresDirectorsReport|jsc_DisclosureOfCompanysAccomplishmentsSupportedByQuantitativeIndicatorsAndDescriptionOfSignificantOccurrencesToCompanyDuringFiscalYear|0|en|3,AMAL,2024-04-29,en,DisclosuresDirectorsReport,0.9985,1,Cloud,Cloud,True,True,implement,2,Implement cloud-based systems high availability and disaster recovery .
APOT|2025-04-21|DisclosuresDirectorsReport|jsc_DisclosureOfImportantProspectiveDevelopmentsIncludingAnyNewExpansionsAndProjectsCompanysProposedPlanForAtLeastOneUpcomingYearAndBoardOfDirectorsForecastsForOutcomesOfCompanyActivities|0|en|1,APOT,2025-04-21,en,DisclosuresDirectorsReport,0.9986,1,AI/ML,AI/ML,False,False,,1,The Company’s future projects also include digital transformation and the expansion of artificial intelligence applications in its various operational processes.
APOT|2025-04-21|DisclosuresDirectorsReport|jsc_DisclosureOfImportantProspectiveDevelopmentsIncludingAnyNewExpansionsAndProjectsCompanysProposedPlanForAtLeastOneUpcomingYearAndBoardOfDirectorsForecastsForOutcomesOfCompanyActivities|0|en|43,APOT,2025-04-21,en,DisclosuresDirectorsReport,0.9985,1,AI/ML|Big Data,AI/ML|Big Data,True,True,leverage,2,"Digital Transformation The Company is implementing a comprehensive digital transformation strategy that leverages artificial intelligence, Internet of Things (IoT) technologies, advanced sensors, and smart solutions to enhance the efficiency of both production and administrative operations."
APOT|2025-04-21|DisclosuresDirectorsReport|jsc_DisclosureOfImportantProspectiveDevelopmentsIncludingAnyNewExpansionsAndProjectsCompanysProposedPlanForAtLeastOneUpcomingYearAndBoardOfDirectorsForecastsForOutcomesOfCompanyActivities|0|ar|1,APOT,2025-04-21,ar,DisclosuresDirectorsReport,0.9987,1,AI/ML,AI/ML,False,False,,1,كما تتضمن خطط الشركة المستقبلية مشاريع للتحول الرقمي والتوسع في استخدام تطبيقات الذكاء الاصطناعي في عملياتها التشغيلية المختلفة.
APOT|2025-04-21|DisclosuresDirectorsReport|jsc_DisclosureOfImportantProspectiveDevelopmentsIncludingAnyNewExpansionsAndProjectsCompanysProposedPlanForAtLeastOneUpcomingYearAndBoardOfDirectorsForecastsForOutcomesOfCompanyActivities|0|ar|35,APOT,2025-04-21,ar,DisclosuresDirectorsReport,0.9986,1,Big Data,Big Data,True,False,طبق,1,التحول الرقمي تطبق الشركة خطة متكاملة للتحول الرقمي واستخدام الذكاء الاصطناعي، بما يشمل إدخال تقنيات إنترنت الأشياء وأجهزة الاستشعار والقياس، إلى جانب الحلول الذكية لتحسين كفاءة العمليات الإنتاجية والإدارية.
APOT|2025-04-21|NotesListOfNotes|ifrs-full_DisclosureOfEntitysReportableSegmentsExplanatory|0|en|9,APOT,2025-04-21,en,NotesListOfNotes,0.0005,0,none,,False,False,,0,"Management therefore applied the core principle of IFRS 8, Operating Segments and marketing strategy in determining which of the overlapping financial information sets should form the basis of operating segments."
APOT|2025-04-21|NotesListOfNotes|ifrs-full_DisclosureOfSummaryOfSignificantAccountingPoliciesExplanatory|0|en|115,APOT,2025-04-21,en,NotesListOfNotes,0.0007,0,none,,False,False,,0,VAT related to sales and purchases is recognised in the consolidated statement of financial position on a gross basis and disclosed separately as an asset and a liability. 2.18 Segment reporting Operating segments are reported in a manner consistent with the internal reporting provided to the Group’s chief operating decision maker.
ARBK|2022-04-03|DisclosuresDirectorsReport|jsc_DisclosureOfCompanysContributionToEnvironmentalProtectionAndLocalCommunityService|0|ar|97,ARBK,2022-04-03,ar,DisclosuresDirectorsReport,0.9987,1,AI/ML,AI/ML,False,False,,1,"كما قدم البنك العربي الرعاية الفضية لمؤتمر ومعرض الذكاء الاصطناعي لتكنولوجيا الدفاع والأمن السيبراني الأول AIDTSEC 2021 والذي عقد تحت رعاية سمو الأمير الحسين بن عبدالله الثاني، ولي العهد، في مركز الملك الحسين بن طلال للمؤتمرات - البحر الميت في شهر تشرين الأول ٢٠٢١، بتنظيم من ""سوفكس"" الأردن."
ASAS|2024-03-31|DisclosuresDirectorsReport|jsc_TheMembersOfBoardOfDirectorsNamesAndNamesAndRanksOfSeniorExecutiveManagementWithBriefResumeOfEach|0|en|25,ASAS,2024-03-31,en,DisclosuresDirectorsReport,0.8011,1,ERP,ERP,False,False,,1,"Specialized in computer information systems and ERP systems Financial consultant in financial and administrative structuring, evaluation, acquisitions, listings in the financial market, tax issues / Jordan and the Kingdom of Saudi Arabia.Haitham Mr.Haytham Joma Muhammad Abu Anza Shareholder Affairs Officer Membership date: 3/4/2008 Date of birth: 1984 Academic Qualification: Bachelor of Business Administration Graduation Year: 2006 University Name: Mutah University About the CV : Ø Marketing employee at the Arab Insurance Company."
BOJX|2024-03-28|DisclosuresChairmansStatement|jsc_DisclosureOfStatementOfBoardOfDirectorsChairman|0|en|14,BOJX,2024-03-28,en,DisclosuresChairmansStatement,0.9983,1,Big Data,Big Data,False,False,,1,"Most importantly, the bank has taken a deep dive into data analytics by creating a division for data management, which includes specialized units for data analytics, reporting, governance, and quality control."
BOJX|2024-03-28|DisclosuresDirectorsReport|jsc_DescriptionOfCompanysMainActivitiesWithTheirRespectiveGeographicalLocationsSizeOfCapitalInvestmentAndNumberOfEmployees|0|en|187,BOJX,2024-03-28,en,DisclosuresDirectorsReport,0.0006,0,none,,False,False,,0,Among the components of ECM is electronic archiving.
BOJX|2024-03-28|DisclosuresDirectorsReport|jsc_DisclosureOfImportantProspectiveDevelopmentsIncludingAnyNewExpansionsAndProjectsCompanysProposedPlanForAtLeastOneUpcomingYearAndBoardOfDirectorsForecastsForOutcomesOfCompanyActivities|0|en|4,BOJX,2024-03-28,en,DisclosuresDirectorsReport,0.9986,1,AI/ML,AI/ML,True,True,utilise,2,Strategic Pillar Digital Transformation and Innovation: focus on utilizing cutting-edge technologies in artificial intelligence and data to improve BOJ processes and banking operations; and support data infrastructure to encourage data-driven decision making.
BOJX|2024-03-28|DisclosuresDirectorsReport|jsc_DisclosureOfImportantProspectiveDevelopmentsIncludingAnyNewExpansionsAndProjectsCompanysProposedPlanForAtLeastOneUpcomingYearAndBoardOfDirectorsForecastsForOutcomesOfCompanyActivities|0|en|10,BOJX,2024-03-28,en,DisclosuresDirectorsReport,0.9986,1,Big Data,Big Data,False,True,integrate,1,"Internal Operations Pillar Targeting the transformation to a data analytics-based bank and enhancing our data capturing and analysis abilities to support strategic and operational decisions through: Data-Based Decisions: improve data analysis capabilities, integrate AI in banking operations to enhance strategic decision-making and improve operational efficiency."
BOJX|2024-03-28|DisclosuresDirectorsReport|jsc_DisclosureOfImportantProspectiveDevelopmentsIncludingAnyNewExpansionsAndProjectsCompanysProposedPlanForAtLeastOneUpcomingYearAndBoardOfDirectorsForecastsForOutcomesOfCompanyActivities|0|en|11,BOJX,2024-03-28,en,DisclosuresDirectorsReport,0.9987,1,AI/ML,AI/ML,True,True,utilise,2,"Develop Analytical Competencies: utilize predictive analytics to anticipate market trends and customer needs, which assists in designing products that simulate customer requirements more effectively."
BOJX|2024-03-28|NotesListOfNotes|jsc-rep_AdoptionOfNewAndRevisedInternationalFinancialReportingStandards|0|ar|36,BOJX,2024-03-28,ar,NotesListOfNotes,0.0006,0,none,,False,False,,0,تعديلات على معيار المحاسبة الدولي 7 قائمة التدفقات النقدية والمعيار الدولي لإعداد التقارير المالية 7 الأدوات المالية: الإفصاحات - ترتيبات تمويل الموردين تضيف التعديلات هدف إفصاح إلى معيار المحاسبة الدولي (7) ينص على أن المنشأة مطالبة بالإفصاح عن معلومات حول ترتيبات تمويل الموردين الخاصة بها والتي تمكن مستخدمي القوائم المالية من تقييم آثار تلك الترتيبات على التزامات المنشأة وتدفقاتها النقدية.
HPIC|2023-03-29|NotesListOfNotes|jsc-rep_DisclosureOfRiskManagement|0|en|19,HPIC,2023-03-29,en,NotesListOfNotes,0.0005,0,none,,False,False,,0,"SEGMENT REPORTING The Company works in the following segments of the producing human and veterinary medicines in all its forms and medical stickers and stockings in addition to the production of medical supplies, body care lotions, cosmetics, sutures and initiating marketing campgains as well as import and export operations business operating within one geographic sector which is the Hashemite Kingdom of Jordan."
INVB|2021-05-18|DisclosuresDirectorsReport|jsc_DisclosureOfCompanysRiskExposure|0|ar|36,INVB,2021-05-18,ar,DisclosuresDirectorsReport,0.9987,1,Big Data,Big Data,False,False,,1,- تحليل البيانات والقوائم المالية الخاصة بالعميل لإستخراج أهم النسب المالية والمؤشرات التي تساعد في اتخاذ القرارات الإئتمانية.
INVB|2021-05-18|DisclosuresDirectorsReport|jsc_DisclosureOfIssuingCompanysOrganizationalChartNumberOfItsEmployeesAndTheirClassesOfQualificationAndItsPersonnelQualifyingAndTrainingPrograms|0|en|7,INVB,2021-05-18,en,DisclosuresDirectorsReport,0.0007,0,none,,False,False,,0,"Following is the number of employees in each location: Head Office and Branches/INVESTBANK Item Number Head Office/ Abdul Hamid Sharaf Street 284 Main Branch / Head Office 10 Prime clients service center / Head office 13 Makkah Branch / Makkah Street 7 Emar Branch / Emar Towers 7 Taj Mall Branch / Taj Mall 9 Sweifiyah Branch / Wakalat Street 5 Wihdat Branch / Al Sharq Al Awsat Roundabout 5 Sahab Branch / Sahab Industrial City 5 Zarqa Branch / King Hussein Street 4 Irbid Branch / Wasfi Eltal Street 4 Aqaba Branch / AlNahda Street 5 Abdoun Branch / Suleiman Qudah Street 5 Dabouq Branch / Mohammad Ahmad Tareef Street 5 Sales Department 65 Total 433 Subsidiaries/INVESTBANK: Subsidiaries Al Mawared Brokerage Company / Shmaisani 9 Al Istethmari Letamweel Selselat Al IMDAD / Al Juwaideh 47 Tamkeen Leasing Company / Makkah Street 20 Jordan Trade Facilities Company / Shmeisani (A subsidiary of Tamkeen Leasing Company) 78 Bindar for Trade and Investment Company (A subsidiary of Tamkeen Leasing Company) 61 Takhseem Jordanian Company / Shmeisani 3 Total 218 (22) Employee Development: The Bank is keen on qualifying its cadres and developing the knowledge, skills and abilities of its employees to enable them to carry out their work efficiently and effectively, and contribute to improving the performance and productivity of the Bank and providing the best level of services. 51% of the Bank's staff participated in a number of specialized training courses and workshops, including: Training Courses Advanced Data Analysis Using Excel CAMS CCO CERTIFIED COMPLIANCE OFFICER Certificate in Information Security Management Principles (CISMP) COBIT 2019 Design & Implementation COBIT 2019 Foundation Iso 22301 Lead Manager JO Invest ORM 2019 NetPackup Training Oracle Database Administration Course Penetration Testing Course Veritas Solution Day Web Application Development using NET Technologies / Programming in C# Time Management and Work Pressure Effective Compliance in the Fight against Financial Crimes Comprehensive Training Program for Journalists Direct and Indirect Credit Facilities Practical Applications of IFRS 9 Financial Crime Corporate Governance and Bank Organizational Structure Accounts, Bank Checks, and Electronic Clearing."
JCBK|2025-04-29|DisclosuresDirectorsReport|jsc_DisclosureOfCompanysAccomplishmentsSupportedByQuantitativeIndicatorsAndDescriptionOfSignificantOccurrencesToCompanyDuringFiscalYear|0|en|221,JCBK,2025-04-29,en,DisclosuresDirectorsReport,0.9983,1,AI/ML,AI/ML,True,True,use,2,"Central Operations: In 2024, the Bank achieved significant milestones in central operations by automating banking processes using advanced technologies such as RPA (Robotic Process Automation)."
JCBK|2025-04-29|DisclosuresDirectorsReport|jsc_DisclosureOfCompanysAccomplishmentsSupportedByQuantitativeIndicatorsAndDescriptionOfSignificantOccurrencesToCompanyDuringFiscalYear|0|ar|172,JCBK,2025-04-29,ar,DisclosuresDirectorsReport,0.9978,1,AI/ML,AI/ML,True,True,ب+مصدر,2,العمليات المركزية: حقق البنك من جانب العمليات المركزية خلال عام 2024 إنجازات نوعية عبر اتمتة العمليات المصرفية باستخدام تقنيات متقدمة مثل الاتمتة من خلال نظام RPA (الاتمتة الروبوتية للعمليات)، مما ساهم في تحسين الكفاءة التشغيلية وتقليل الأخطاء البشرية.
JCBK|2025-04-29|DisclosuresDirectorsReport|jsc_DisclosureOfImportantProspectiveDevelopmentsIncludingAnyNewExpansionsAndProjectsCompanysProposedPlanForAtLeastOneUpcomingYearAndBoardOfDirectorsForecastsForOutcomesOfCompanyActivities|0|en|12,JCBK,2025-04-29,en,DisclosuresDirectorsReport,0.9987,1,AI/ML,AI/ML,True,True,invest_in,2,"Investing in modern technologies, such as artificial intelligence, to provide innovative financial solutions that keep pace with the rapid changes in the banking market ."
JDPC|2022-04-04|NotesListOfNotes|ifrs-full_DisclosureOfAccountingJudgementsAndEstimatesExplanatory|0|en|0,JDPC,2022-04-04,en,NotesListOfNotes,0.0006,0,none,,False,False,,0,Segment reporting Business segments represent distinguishable components of the Group that are engaged in providing products or services which are subject to risks and rewards that are different from those of other segments and are measured based on the reports sent to the chief operating decision maker.
JEIH|2023-03-21|NotesListOfNotes|ifrs-full_DisclosureOfEntitysReportableSegmentsExplanatory|0|en|0,JEIH,2023-03-21,en,NotesListOfNotes,0.0007,0,none,,False,False,,0,"Segment reporting The Company is engaged mainly in investment in financial assets and real estate and brokerage activities as follow: 2022 2021 Inside Jordan Outside Jordan Inside Jordan Outside Jordan Income from investment in financial assets 307,228 (174,468) 184,397 751,507 Income from brokerage activities 327,198 - 396,486 - Assets related to investment in financial assets 4,527,490 8,217,734 2,848,718 9,594,383 Assets related to investment in real estate 2,846,481 - 2,846,481 - Assets related to brokerage activities 1,327,511 - 1,426,464 -"
JOEP|2023-04-30|DisclosuresChairmansStatement|jsc_DisclosureOfStatementOfBoardOfDirectorsChairman|0|en|9,JOEP,2023-04-30,en,DisclosuresChairmansStatement,0.9985,1,ERP,ERP,False,False,launch,1,"THIS YEAR HAS SEEN SIGNIFICANT PROGRESS IN THE IMPLEMENTATION OF SMART METERS AND SMART GRID PROJECTS, THE IMPLEMENTATION OF THE SAP INTEGRATED INFORMATION SYSTEM AND DIGITAL TRANSFORMATION PROGRAMS, INCLUDING THE AUTOMATION OF INTERNAL PROCEDURES, FIELD WORKS, AND THE LAUNCH OF APPLICATIONS AND DIGITAL GATES TO PROVIDE RAPID AND EFFICIENT SERVICES TO SUBSCRIBERS AS DETAILED IN THE BODY OF THIS REPORT."
JOEP|2023-04-30|DisclosuresChairmansStatement|jsc_DisclosureOfStatementOfBoardOfDirectorsChairman|0|ar|2,JOEP,2023-04-30,ar,DisclosuresChairmansStatement,0.0014,0,none,,False,False,,0,حضرات المساهمين الكرام وفي إطار رؤية الشركة التي تركز على تعزيز مكانتها وقدراتها في مجال الريادة والاستدامة والابتكار، فقد بادرت شركتكم وكثفت عملها خلال العام 2022 على اطلاق العديد من مبادرات ومشاريع التطوير للانتقال بالشركة نحو ريادة المستقبل عبر تطويع التكنولوجيا وإعادة صياغة المفاهيم التقليدية لآليات واجراءات العمل لتتناسب مع التغيرات المتسارعة التي يشهدها العالم وتوقعات جمهور المشتركين والمتعاملين، حيث شهد هذا العام تقدما كبيرا في جهود تنفيذ مشاريع العدادات الذكية والشبكة الذكية وتطبيق نظام المعلومات المتكامل SAP وبرامج التحول الرقمي وبما يشمل اتمتة الإجراءات الداخلية وحوسبة الاعمال الميدانية واطلاق التطبيقات والبوابات الرقمية لتقديم خدمات سريعة وكفؤة للمشتركين وفق ما هو وارد تفصيلا في متن هذا التقرير.
JOEP|2023-04-30|DisclosuresDirectorsReport|jsc_DescriptionOfSubsidiaryCompaniesNatureOfTheirBusinessAndTheirAreasOfActivity|0|en|0,JOEP,2023-04-30,en,DisclosuresDirectorsReport,0.0005,0,none,,False,False,,0,"SUBSIDIARY AND Affiliate companies: The company owns 100% of the shares of Lightning GATE FOR CLOUD SERVICES amounting to (250,000) dinars/shares. this company, which is located at Khalda/amman, carries OUT CLOUD computing work for electricity companies and other sectors inside and outside Jordan."
JOEP|2023-04-30|DisclosuresDirectorsReport|jsc_DescriptionOfSubsidiaryCompaniesNatureOfTheirBusinessAndTheirAreasOfActivity|0|ar|0,JOEP,2023-04-30,ar,DisclosuresDirectorsReport,0.0005,0,none,,False,False,,0,الشركات التابعة والحليفة: تمتلك الشركه ما نسبته 100% من أسهم شركة بوابة البرق للحوسبة السحابية والبالغة (250) ألف دينار/سهم وتقوم هذه الشركة والتي تقع مكاتبها في عمان/خلدا بأعمال الحوسبة السحابية لشركات الكهرباء والقطاعات الأخرى داخل المملكة وخارجها.
JOEP|2023-04-30|DisclosuresDirectorsReport|jsc_DescriptionOfSubsidiaryCompaniesNatureOfTheirBusinessAndTheirAreasOfActivity|0|ar|1,JOEP,2023-04-30,ar,DisclosuresDirectorsReport,0.0009,0,none,,False,False,,0,"تمتلك الشركة ما نسبته 51% من أسهم الشركة الأردنية المتطورة للألياف الضوئية Fibertech المكتتب به والمدفوع والبالغ ( 21,873,761 ) مليون دينار/سهم وتقوم هذه الشركة والتي تقع مكاتبها في عمان/ جبل عمان – الدوار الثالث بتوفير بنية تحتية جديدة للإتصالات عبر مد شبكة للألياف الضوئية المعلقة في مناطق عمل شركة الكهرباء الأردنية وربط العدادات الذكية ومكونات الشبكة الكهربائية المملوكة لها، وتقديم خدمات الإنترنت الفائقة السرعة بالجملة لشركات الإتصالات ومزودي خدمات الإنترنت، ويبلغ عدد موظفي الشركة (16) موظفاً."
JOEP|2023-04-30|DisclosuresDirectorsReport|jsc_DisclosureOfImportantProspectiveDevelopmentsIncludingAnyNewExpansionsAndProjectsCompanysProposedPlanForAtLeastOneUpcomingYearAndBoardOfDirectorsForecastsForOutcomesOfCompanyActivities|0|en|6,JOEP,2023-04-30,en,DisclosuresDirectorsReport,0.0005,0,none,,False,False,,0,"It is expected that the total expenditure on the projects included in the plan will reach approximately 417 million dinars, of which approximately 120 million dinars will be allocated for the smart meter project."
JOEP|2023-04-30|DisclosuresDirectorsReport|jsc_DisclosureOfImportantProspectiveDevelopmentsIncludingAnyNewExpansionsAndProjectsCompanysProposedPlanForAtLeastOneUpcomingYearAndBoardOfDirectorsForecastsForOutcomesOfCompanyActivities|0|en|7,JOEP,2023-04-30,en,DisclosuresDirectorsReport,0.0006,0,none,,False,False,,0,"The most important projects expected to be completed during the year 2023: The company is planning to execute the following capital projects in 2023 with an approximate cost of (88) million dinars: 1- Establishing and electrifying (6) (33/11) kV transformer stations, increasing the capacity of (5) existing main stations, establishing and electrifying (541) sub-transformer stations, installing main switches in renewable energy projects and some other main stations, preparing buildings, and establishing the necessary overhead and underground transmission lines and cables for these stations. 2- Continuing to remove opposing lines and lines inside densely populated residential areas and replacing them with underground cables in compliance with the management's directives in this regard, to avoid risks to public safety. 3- Installing (17) thousand low-pressure poles, networks, and their associated cables. 4- Installing approximately (39) thousand new single-phase and three-phase meters and replacing (150) thousand old single-phase and three-phase meters with smart meters. 5- Purchasing and implementing the MDM system for managing smart meter data. 6- Purchasing and implementing the HES system for communication with smart meters. 7- Purchasing cars and cranes, as well as a number of tools and devices for public safety and computer devices. 8- Continuing to extend fiber optic communication monitoring cables."
JOEP|2023-04-30|DisclosuresDirectorsReport|jsc_DisclosureOfImportantProspectiveDevelopmentsIncludingAnyNewExpansionsAndProjectsCompanysProposedPlanForAtLeastOneUpcomingYearAndBoardOfDirectorsForecastsForOutcomesOfCompanyActivities|0|ar|2,JOEP,2023-04-30,ar,DisclosuresDirectorsReport,0.998,1,Big Data,Big Data,False,False,,1,"كما تتضمن الخطة قيام الشركة باستكمال مشروع استبدال ( 1,3 ) مليون عداد من العدادات التقليدية بعدادات ذكية (Smart Meters) ، علماً بأنه من المتوقع أن يصل حجم الانفاق على مشاريع الخطة المشار إليها إلى (417) مليون دينار تقريباً منها (120) مليون دينار تقريباً لمشروع العدادات الذكية ."
JOEP|2023-04-30|DisclosuresDirectorsReport|jsc_DisclosureOfImportantProspectiveDevelopmentsIncludingAnyNewExpansionsAndProjectsCompanysProposedPlanForAtLeastOneUpcomingYearAndBoardOfDirectorsForecastsForOutcomesOfCompanyActivities|0|ar|8,JOEP,2023-04-30,ar,DisclosuresDirectorsReport,0.0005,0,none,,False,False,,0,شراء وتطبيق نظام MDM الخاص بإدارة بيانات العدادات الذكية .
JOEP|2023-04-30|DisclosuresDirectorsReport|jsc_DisclosureOfImportantProspectiveDevelopmentsIncludingAnyNewExpansionsAndProjectsCompanysProposedPlanForAtLeastOneUpcomingYearAndBoardOfDirectorsForecastsForOutcomesOfCompanyActivities|0|ar|9,JOEP,2023-04-30,ar,DisclosuresDirectorsReport,0.0005,0,none,,False,False,,0,شراء وتطبيق نظام التخاطب مع العدادات الذكية ( HES ).
JOEP|2023-04-30|DisclosuresDirectorsReport|jsc_TheMembersOfBoardOfDirectorsNamesAndNamesAndRanksOfSeniorExecutiveManagementWithBriefResumeOfEach|0|en|1,JOEP,2023-04-30,en,DisclosuresDirectorsReport,0.0006,0,none,,False,False,,0,MR. OTHMAN “MOH'D ALI” OTHMAN BDEIR / CHAIRMAN OF THE BOARD OF DIRECTORS AS OF 17/4/2021 DATE OF BIRTH: 1938 BACHELOR OF BUSINESS ADMINISTRATION FROM (THE UNIVERSITY OF TENNESSEE) U.S.A IN 1963 BACHELOR OF CIVIL ENGINEERING FROM (THE UNIVERSITY OF TENNESSEE) U.S.A IN 1966 PRACTICAL EXPERIENCE CHAIRMAN / MEMBER OF BOARD OF DIRECTORS FOR MANY PRIVATE AND PUBLIC COMPANIES FORMER HEAD OF THE JORDANIAN INSURANCE FEDERATION CHAIRMAN/JORDAN INSURANCE COMPANY FORMER CHAIRMAN OF THE BOARD OF TRUSTEES OF THE GERMAN JORDANIAN UNIVERSITY BOARD OF DIRECTORS' CHAIRMAN OF (LIGHTNING GATE FOR CLOUD SERVICES CO.) BOARD OF DIRECTORS' CHAIRMAN OF (FIBERTECH) CHAIRMAN / MEMBER OF BOARD OF DIRECTORS FOR MANY CHARITY ASSOCIATIONS.
JOEP|2023-04-30|DisclosuresDirectorsReport|jsc_TheMembersOfBoardOfDirectorsNamesAndNamesAndRanksOfSeniorExecutiveManagementWithBriefResumeOfEach|0|en|4,JOEP,2023-04-30,en,DisclosuresDirectorsReport,0.0006,0,none,,False,False,,0,MR. FARES ELIAS EISA AL-MUASHER / MEMBER VICE CHAIRMAN UP TO 24/4/2022 DATE OF BIRTH: 1949 BACHELOR OF CIVIL ENGINEERING FROM (THE AMERICAN UNIVERSITY / BEIRUT) IN 1972 PRACTICAL EXPERIENCE BOARD OF DIRECTORS' MEMBER OF (FIBERTECH) UNTIL 23/5/2022 BOARD OF DIRECTORS' VICE CHAIRMAN OF (LIGHTNING GATE FOR CLOUD SERVICES CO.) TILL 24/4/2022 GENERAL MANAGER FOR (MUASHER BROS.
JOEP|2023-04-30|DisclosuresDirectorsReport|jsc_TheMembersOfBoardOfDirectorsNamesAndNamesAndRanksOfSeniorExecutiveManagementWithBriefResumeOfEach|0|en|7,JOEP,2023-04-30,en,DisclosuresDirectorsReport,0.0006,0,none,,False,False,,0,"CO, BOARD OF DIRECTORS' CHAIRMAN OF (NEAR EAST TOURIST CENTER) BOARD OF DIRECTORS' MEMBER OF (ARABIAN INSURANCE CO. / BEIRUT) BOARD OF DIRECTORS' MEMBER OF (ARAB INTERNATIONAL INSURANCE CO. / BAHRAIN) BOARD OF DIRECTORS' MEMBER OF (ARAB GENERAL INSURANCE CO. / AMMAN) BOARD OF DIRECTORS' MEMBER OF (LIGHTING GATE FOR CLOUD SERVICES CO.) MR. YASIN KHALIL YASIN AL-TALHONI / MEMBER DATE OF BIRTH: 1973 BACHELOR OF ECONOMIC SCIENCES FROM (GEORGETOWN UNIVERSITY) IN 1994 PRACTICAL EXPERIENCE GENERAL MANAGER OF ZARA INVESTMENT (HOLDING) BOARD OF DIRECTROS' MEMBER / ZARA INVESTMENT (HOLDING) BOARD OF DIRECTROS' VICE CHAIRMAN / JORDAN HOTELS & TOURISM CO. (JOHT) BOARD OF DIRECTROS' MEMBER / JORDAN HIMMEH CO. LTD. BOARD OF DIRECTROS' MEMBER / CAIRO AMMAN BANK."
JOEP|2023-04-30|DisclosuresDirectorsReport|jsc_TheMembersOfBoardOfDirectorsNamesAndNamesAndRanksOfSeniorExecutiveManagementWithBriefResumeOfEach|0|en|14,JOEP,2023-04-30,en,DisclosuresDirectorsReport,0.0006,0,none,,False,False,,0,"PRACTICAL EXPERIENCE CHIEF EXECUTIVE MANAGER (CEO) OF ARAB POTASH CO. FORMER GENERAL MANAGER / SOCIAL SECURITY CORP. FORMER ACTING HEAD OF SOCIAL SECURITY CORP. INVESTMENT FUND FORMER PRIVATE CONSULTANT TO THE PRIME MINISTER FORMER EXECUTIVE MANAGER OF JORDAN INVESTMENT COMMISSION FORMER REGIONAL CONSULTANT –UN DEVELOPMENT PROGRAMME-NEW YORK MR. SHAMAN AL-MAJALI / MEMBER REPRESENTATIVE OF THE PUBLIC INSTITUTION FOR SOCIAL SECURITY AS OF 1/8/2022 DATE OF BIRTH 5/6/1972 BACHELORS OF LAW 1995 MASTER'S DEGREE IN COMMERCIAL RIGHTS PRACTICAL EXPERIENCE : • DIRECTOR OF THE DEPARTMENT OF CASES, LEGAL AFFAIRS AND OFFICIAL SPOKESPERSON ON BEHALF OF THE PUBLIC SOCIAL SECURITY INSTITUTION . • MEMBER OF THE BOARD OF DIRECTORS OF LIGHTNING CLOUD COMPUTING GATE."
JOEP|2023-04-30|DisclosuresDirectorsReport|jsc_TheMembersOfBoardOfDirectorsNamesAndNamesAndRanksOfSeniorExecutiveManagementWithBriefResumeOfEach|0|en|16,JOEP,2023-04-30,en,DisclosuresDirectorsReport,0.0006,0,none,,False,False,,0,MR. HASSAN MAHMOUD HASSAN ABDULLAH GENERAL MANAGER DATE OF BIRTH : 1969 BACHELOR OF ELECTRICAL ENGINEERING FROM (UNIVERSITY OF JORDAN) IN 1992 PRACTICAL EXPERIENCE BOARD OF DIRECTORS' MEMBER & SECRETARY OF (LIGHTNING GATE FOR CLOUD SERVICES CO.) BOARD OF DIRECTORS' MEMBER OF (FIBERTECH) BOARD OF DIRECTORS' MEMBER OF (MIYAHUNA) MEMBER OF THE GREATER AMMAN MUNICIPALITY.
JOEP|2023-04-30|NotesIncomeTax|jsc-rep_DisclosureOfTaxStatus|0|en|5,JOEP,2023-04-30,en,NotesIncomeTax,0.0031,0,none,,False,False,,0,"Gate lightning for Cloud services - Subsidiary company: The income tax provision has been calculated on the company’s business results for the year ended December 31, 2022, and 2021 in accordance with Income Tax Law No. 38 of 2018 and its subsequent amendments."
JOEP|2023-04-30|NotesListOfNotes|ifrs-full_DisclosureOfBasisOfConsolidationExplanatory|0|en|8,JOEP,2023-04-30,en,NotesListOfNotes,0.914,1,Cloud,Cloud,True,False,use,1,"All assets, liabilities, equity, income and expenses relating to transactions and balances between the company and subsidiary are eliminated on consolidation. - The Group owns the following subsidiary as of December 31, 202 2: Company Name Authorized Capital Paid up Capital Ownership Percentage Main Activity Location Lightning Gate for Cloud Services 250,000 250,000 100% Technlogy services Facilitate billing payment and other objectives Amman-Jordan The following table shows the financial position and financial performance of the subsidiary: In Jordanian Dinar Total Assets Total Liabilities Total Revenues Profit for the year 31 December 2022 784,783 532,678 925,985 6,099 31 December 2021 798,324 555,952 1,091,854 8,834 The Group recognizes consolidation of the business using the consolidation method when control is transferred to the Group and the transferred benefits from the merger are measured at fair value and are determined by the net asset value."
JOEP|2023-04-30|NotesListOfNotes|ifrs-full_DisclosureOfIntangibleAssetsExplanatory|0|en|1,JOEP,2023-04-30,en,NotesListOfNotes,0.9797,1,ERP,ERP,True,True,develop,2,"The Company calculate the assets and obligations value to aquire the license and recognized its value at the present value of the payments at a discount rate of 8%, Systems under development This item represents payments incurred by the Company against the purchase of a new accounting system (SAP), cost to develop ERP system and mobile application, the development of these systems was not completed as of the date of the consolidated financial statements."
JOEP|2023-04-30|NotesListOfNotes|ifrs-full_DisclosureOfRelatedPartyExplanatory|0|ar|3,JOEP,2023-04-30,ar,NotesListOfNotes,0.0005,0,none,,False,False,,0,وفقا لاتفاقية ربط العدادات الذكية والمحطات الفرعية والتصريح توافق شركة الكهرباء الأردنية على تركيب شبكة الألياف الضوئية على نقاط التعليق على أعمدة الشبكةالكهربائية وحيث أن شركة الكهرباء الأردنية ترغب في استغلال شبكة الألياف الضوئية لدعم أهداف التحول الالكتروني لغايات الرخصة القائمة ومن أجل تنفيذ برنامج العدادات الذكية حيث أنه وفقا للرخصة يحق لشركة الكهرباء ممارسة الأنشطة غير الأساسية الموافق عليها من قبل الهيئة والتي من ضمنها تأجير الشبكات الكهربائية لأنشطة أخرى وفقاً لما هو قائم عند منح الرخصة والتي يندرج من ضمنها خدمات الاتصالات.
JOEP|2023-04-30|NotesListOfNotes|ifrs-full_DisclosureOfSignificantInvestmentsInSubsidiariesExplanatory|0|en|0,JOEP,2023-04-30,en,NotesListOfNotes,0.567,1,Cloud,Cloud,True,False,use,1,"The Group owns the following subsidiary as of December 31, 202 2: Company Name Authorized Capital Paid up Capital Ownership Percentage Main Activity Location Lightning Gate for Cloud Services 250,000 250,000 100% Technlogy services Facilitate billing payment and other objectives Amman-Jordan The following table shows the financial position and financial performance of the subsidiary: In Jordanian Dinar Total Assets Total Liabilities Total Revenues Profit for the year 31 December 2022 784,783 532,678 925,985 6,099 31 December 2021 798,324 555,952 1,091,854 8,834 The Group recognizes consolidation of the business using the consolidation method when control is transferred to the Group and the transferred benefits from the merger are measured at fair value and are determined by the net asset value."
JOEP|2023-04-30|NotesListOfNotes|jsc-rep_DisclosureOfOtherRevenue|0|ar|10,JOEP,2023-04-30,ar,NotesListOfNotes,0.0005,0,none,,False,False,,0,واردات من دراسة ربط انظمة الطاقة المتجددة يتم الاعتراف بالإيرادات في نقطة زمنية عندما يتم نقل الخردة يحصل العملاء على السيطرة عندما يتم نقل الخردة.
JOIB|2022-04-28|NotesListOfNotes|ifrs-full_DisclosureOfCreditRiskExplanatory|0|ar|62,JOIB,2022-04-28,ar,NotesListOfNotes,0.9985,1,Big Data,Big Data,False,True,ب+مصدر,1,احتساب احتمال التعثر ( PIT PD ) باستخدام النظام من خلال تحليل البيانات التاريخية.
JOIT|2021-05-05|NotesListOfNotes|ifrs-full_DisclosureOfSummaryOfSignificantAccountingPoliciesExplanatory|0|en|51,JOIT,2021-05-05,en,NotesListOfNotes,0.0006,0,none,,False,False,,0,Segment reporting A business segment is a group of assets and operations engaged in providing products or services that are subject to risks and returns that are different from those of other business segments.
JOPH|2024-05-06|CorporateGovernanceReport|jsc-rep_DisclosureOfExecutivePositionsInCompanyAndNamesOfThePersonsWhoOccupyThem|0|ar|62,JOPH,2024-05-06,ar,CorporateGovernanceReport,0.0005,0,none,,False,False,,0,الخبرات السابقة - رئيس لجنة الترميز في شركة مناجم الفوسفات.
JOPH|2024-05-06|NotesListOfNotes|ifrs-full_DisclosureOfSummaryOfSignificantAccountingPoliciesExplanatory|0|en|150,JOPH,2024-05-06,en,NotesListOfNotes,0.0006,0,none,,False,False,,0,"Segment reporting For the purpose of reporting to management and the decision makers in the Group, a business segment is a group of assets and operations engaged in providing products or services that are subject to risks and returns that are different from those of other business segments."
JOPT|2023-04-30|DisclosuresDirectorsReport|jsc_CompanysCompetitivePositionWithinItsSectorAndMainMarketSegmentsAsWellAsItsShareOfLocalMarketAndInternationalMarketIfPossible|0|en|142,JOPT,2023-04-30,en,DisclosuresDirectorsReport,0.0004,0,none,,False,False,,0,"Lube oil products comply with the Jordanian specifications, American Petroleum Institute (API) standards, the Society of Automobiles Engineers (SAE) standards, European standards (ACEA), Original Equipment manufacturers (OEM) specifications and the American Army Military standards (Military Standard), the products are subjected to the most stringent quality control tests carried out in modern specialized laboratories."
JOPT|2023-04-30|DisclosuresDirectorsReport|jsc_DisclosureOfCompanysAccomplishmentsSupportedByQuantitativeIndicatorsAndDescriptionOfSignificantOccurrencesToCompanyDuringFiscalYear|0|en|20,JOPT,2023-04-30,en,DisclosuresDirectorsReport,0.0005,0,none,,False,False,,0,"Lube oil products are based on Jordanian specifications, American Petroleum Institute (API) standards, the Society of Automobiles Engineers (SAE) standards, European standards (ACEA), Original Equipment manufacturers (OEM) specifications and the American Army Military standards (Military Standard), The products are subjected to the most stringent quality control tests carried out in modern specialized laboratories."
JOPT|2023-04-30|DisclosuresDirectorsReport|jsc_DisclosureOfDirectorsReport|0|en|244,JOPT,2023-04-30,en,DisclosuresDirectorsReport,0.0007,0,none,,False,False,,0,"The plan also includes continuing to modernize the lube-oil laboratory by purchasing new and modern testing devices in order to raise the level of reliability and qualify it to examine used lube-oil to raise the level of after-sales service, and expand the scope of accreditation obtained by the laboratory (ISO 17025) from the accreditation unit of the Standards and Metrology Institution and the international ILAC organization, the plan also includes the production of new types of lube-oil with higher performance levels, such as gasoline engine oil with a performance level (API SP) and diesel engine oil with a performance level (CK4 and CJ4), where additives have been purchased for their production, and their production is expected to start during the second quarter of 2023."
JOPT|2023-04-30|NotesListOfNotes|jsc-rep_DisclosureOfSectorialAndGeographicalDistribution|0|en|0,JOPT,2023-04-30,en,NotesListOfNotes,0.0009,0,none,,False,False,,0,Distribution of assets liabilities and operations results by sector The information regarding the disclosed sectors of the Company is explained below in accordance with IFRS 8 where IFRS 8 requires the identification of reportable sectors on the basis of internal reports that are regularly reviewed by the main operating decision maker in the Company and are used to allocate Resources for sectors and assess their performance.
JOWM|2024-02-28|NotesListOfNotes|jsc-rep_DisclosureOfStandardsIssuedButNotYetEffective|0|ar|14,JOWM,2024-02-28,ar,NotesListOfNotes,0.0006,0,none,,False,False,,0,تعديلات على معيار المحاسبة الدولي 7 قائمة التدفقات النقدية والمعيار الدولي لإعداد التقارير المالية 7 الأدوات المالية: الإفصاحات - ترتيبات تمويل الموردين تضيف التعديلات هدف إفصاح إلى معيار المحاسبة الدولي (7) ينص على أن المنشأة مطالبة بالإفصاح عن معلومات حول ترتيبات تمويل الموردين الخاصة بها والتي تمكن مستخدمي القوائم المالية من تقييم آثار تلك الترتيبات على التزامات المنشأة وتدفقاتها النقدية.
JTEL|2023-04-27|CorporateGovernanceReport|jsc-rep_DisclosureOfInformationAndDetailsRegardingApplicationOfProvisionsOfTheseInstructionsAndCorporateGovernanceRulesInCompany|0|en|1,JTEL,2023-04-27,en,CorporateGovernanceReport,0.9986,1,XBRL,XBRL,False,False,,1,"The Company works to ensure full compliance with all laws, regulations and instructions issued by the official authorities (Ministry of Industry and Trade / Companies Controller Department, the Securities Commission and the Amman Stock Exchange), including all provisions of the governance directive and corporate governance codes, as well as full compliance with the disclosure requirements and publication of its business outcomes through the Company's website, which includes the annual report, the resolutions of the general assembly meetings and ensures disclosure to the Jordan Securities Commission and Amman Stock Exchange through the XBRL disclosure system."
JTEL|2023-04-27|DisclosuresDirectorsReport|jsc_DisclosureOfAnalysisOfCompanysFinancialStatusAndOfResultsOfItsActivitiesForFiscalYear|0|en|6,JTEL,2023-04-27,en,DisclosuresDirectorsReport,0.0007,0,none,,False,False,,0,"This new technology will accelerate digital transformation and provide more opportunities for IoT, smart cities, and industrial solutions ."
JTEL|2023-04-27|DisclosuresDirectorsReport|jsc_DisclosureOfCompanysContributionToEnvironmentalProtectionAndLocalCommunityService|0|ar|14,JTEL,2023-04-27,ar,DisclosuresDirectorsReport,0.9986,1,AI/ML,AI/ML,False,False,,1,"الشمول والتعليم الرقمي شارك آلاف الشباب والشابات في برامج Orange الرقمية المجانية وخاصة ضمن مشروع «مساحة الابتكار » المموّل بالشراكة مع الاتحاد الأوروبي، ومركز Orange الرقمي بالشراكة مع التعاون الدولي الألماني GIZ ، والجامعات الأردنية وغيرها : برنامج »BIG« وحاضنة الذكاء الاصطناعي ■ إطلاق الموسم التاسع من برنامج »BIG« لتسريع نمو الأعمال الريادية، بالشراكة مع "" أنتاج""."
JTEL|2023-04-27|NotesListOfNotes|ifrs-full_DisclosureOfRestrictedCashAndCashEquivalentsExplanatory|0|ar|4,JTEL,2023-04-27,ar,NotesListOfNotes,0.0005,0,none,,False,False,,0,** حصلت المجموعة على 4 منح (منحتين خلال عام 2020 و منحتين خلال العام 2021) لتوفير التمويل لتعزيز مبادرات الابتكار الخاصة بشركة الاتصالات الأردنية، بما في ذلك أكاديمية الترميز التابعة للمجموعة والبرامج الأكاديمية الأخرى.
JTEL|2023-04-27|NotesListOfNotes|jsc-rep_DisclosureTradeAndOtherCurrentPayables|0|ar|0,JTEL,2023-04-27,ar,NotesListOfNotes,0.0006,0,none,,False,False,,0,ذمم وأرصدة دائنة أخرى 2021 2022 يتكون هذا البند مما يلي : دينار دينار 57.948.178 66.181.439 الدائنون التجاريون 48.524.479 5.541.600 مخصصات أخرى 19.684.918 19.947.220 مصاريف مستحقة 16.592.867 16.208.918 تأمينات المشتركين 4.592.106 6.449.952 حصة الحكومة من الإيرادات 8.267.021 8.243.724 مبالغ مستحقة لأطراف ذات علاقة (إيضاح 27) 1.325.161 1.288.795 أمانات المساهمين - ارباح موزعة 1.430.750 94.879 منح مقيدة* (ايضاح 14) 204.743 174.801 أمانات المساهمين - تخفيض رأس المال 158.570.223 124.131.328 * حصلت المجموعة على 4 منح (منحتين خلال عام 2021 و منحتين خلال العام 2022) لتوفير التمويل لتعزيز مبادرات الابتكار الخاصة بالاتصالات الأردنية ، بما في ذلك أكاديمية الترميز التابعة للمجموعة والبرامج الأكاديمية الأخرى.
JTEL|2023-04-27|NotesListOfNotes|jsc-rep_DisclosureTradeAndOtherCurrentPayables|0|ar|10,JTEL,2023-04-27,ar,NotesListOfNotes,0.9987,1,AI/ML,AI/ML,False,False,ب+مصدر,1,منحة الصندوق الأردني للريادة خلال عام 2021 ، وقعت شركة الاتصالات الأردنية اتفاقية منحة مع الصندوق الأردني للريادة ( ISSF ) لتمويل حاضنة الذكاء الاصطناعي ، والتي تعزز دور الشركات الناشئة من خلال بناء المهارات وتطوير المنتجات والوصول إلى الفرص.
NATA|2022-03-21|DisclosuresAuditorsReport|jsc_DisclosureOfAuditorsReportTextBlock|0|en|120,NATA,2022-03-21,en,DisclosuresAuditorsReport,0.0006,0,none,,False,False,,0,"Segment reporting All Company’s sales are a result of selling aluminum in all shapes and forms, the following is the geographic distribution of the sales: 2021 2020 Local sales 10,006,075 5,607,354 Export sales 2,065,226 37,386 12,071,301 5,644,740 13 ."
NDAR|2023-03-30|DisclosuresDirectorsReport|jsc_DisclosureOfCompanysAccomplishmentsSupportedByQuantitativeIndicatorsAndDescriptionOfSignificantOccurrencesToCompanyDuringFiscalYear|0|en|1,NDAR,2023-03-30,en,DisclosuresDirectorsReport,0.0005,0,none,,False,False,,0,Nutridar IT Department accomplished upgrading Oracle E-Business Suite to the latest release 12.2.11 and its Database to latest 19c release .
NDAR|2023-03-30|NotesListOfNotes|ifrs-full_DisclosureOfSummaryOfSignificantAccountingPoliciesExplanatory|0|en|118,NDAR,2023-03-30,en,NotesListOfNotes,0.0007,0,none,,False,False,,0,The defined benefit obligation is calculated annually by management using the projected unit credit method. 2.16 Segment reporting Operating segments are reported in a manner consistent with the internal reporting provided to the Company’s chief operating decision maker.
RMCC|2021-05-18|DisclosuresDirectorsReport|jsc_DisclosureOfImportantProspectiveDevelopmentsIncludingAnyNewExpansionsAndProjectsCompanysProposedPlanForAtLeastOneUpcomingYearAndBoardOfDirectorsForecastsForOutcomesOfCompanyActivities|0|en|3,RMCC,2021-05-18,en,DisclosuresDirectorsReport,0.0011,0,none,,False,False,,0,"Work on connecting all the company's Branches with the Oracle system and the central laboratory in a way that controls the quality and quantities of production, in addition to the quantities of raw materials consumed by taking offers from international and local companies. 15-B- Significant future developments and expectations of the Board of Directors: The company is working to develop its products to obtain an environmentally friendly product."
RMCC|2021-05-18|DisclosuresDirectorsReport|jsc_DisclosureOfImportantProspectiveDevelopmentsIncludingAnyNewExpansionsAndProjectsCompanysProposedPlanForAtLeastOneUpcomingYearAndBoardOfDirectorsForecastsForOutcomesOfCompanyActivities|0|ar|3,RMCC,2021-05-18,ar,DisclosuresDirectorsReport,0.0005,0,none,,False,False,,0,* العمل على ربط كافة مصانع الشركة بنظام الاوراكل والمختبر المركزي بطريقة يتم تفعيل السيطرة على نوعية وكميات الإنتاج، وبالإضافة إلى الكميات من مواد الخام المستهلكة بأخذ العروض من الشركات العالمية والمحلية.
RMCC|2025-03-24|DisclosuresDirectorsReport|jsc_DisclosureOfIssuingCompanysOrganizationalChartNumberOfItsEmployeesAndTheirClassesOfQualificationAndItsPersonnelQualifyingAndTrainingPrograms|0|en|0,RMCC,2025-03-24,en,DisclosuresDirectorsReport,0.9978,1,ERP,ERP,False,False,,1,الهيكل التنظيمي شركة الباطون الجاهز والتوريدات الانشائية ( باطون المملكة ) مجلس الادارة لجنة الترشيحات والمكافآت الرئيس التنفيذي لجنة التدقيق لجنة الحوكمة نائب الرئيس التنفيذي لجنة المخاطر مدير التطوير الداخلي سكرتير تنفيذي التدقيق الداخلي مدير العمليات دائرة HSEQ ( ممثل نظام الادارة ) مدير الخدمات المساندة مدير الدائرة المالية مساعد المدير المالي مدير العمليات مدير الانتاج مدير المختبرات مدير دائرة الصيانة مدراء الفروع مهندس HSEQ مدير التزويد مدير الموارد البشرية مدير قسم تكنولوجيا المعلومات مدير تطوير برمجيات (Oracle) رئيس قسم محاسبة الذمم الدائنة والموازنة مندوب مبيعات مساعد مدير الانتاج رئيس قسم ضبط الجودة مهندس الصيانة مشرف سلامة موظف مشتريات موظف موارد بشرية موظف تكنولوجيا المعلومات مسؤول تطبيقات محاسب ذمم دائنة
SGBJ|2022-04-27|DisclosuresDirectorsReport|jsc_DisclosureOfIssuingCompanysOrganizationalChartNumberOfItsEmployeesAndTheirClassesOfQualificationAndItsPersonnelQualifyingAndTrainingPrograms|0|en|0,SGBJ,2022-04-27,en,DisclosuresDirectorsReport,0.9968,1,AI/ML,AI/ML,False,False,implement,1,"Number Of Participant Course Name Place of conduct Location SGBJ Training Center/Online Internal 152 E-learning 21 Common Forgery Techniques Training 247 Financial Crimes Compliance (FCC) Training 13 Fraud Detection Training 72 Insurance training - Life & investment products 19 Mystery Shopper Training Session 22 Meeting to discuss issues related to administrative matters 18 Common mistakes of Teller employees and ways to solve them 13 The study and building of new credit retail and PRO files 142 SWIFT Security Awareness 12 Introduction Program for New Hires 10 Orientation Program for New Hires Number Of Participant Course Name Place of conduct Location Local Training Centers/Online Local 24 ACH Mandate Management 2 Advanced Excel 3 Advanced French Course 2 BMB Digital Innovation Event 2 Certified Anti-Money Laundering Specialist (CAMS) 1 Certified Global Sanctions Specialist 1 Certified Information Security Manager 1 Data Loss Prevention Training 2 Digital Transformation & Strategic Planning 1 Effective Communication Skills 4 ICA and EBRD Compliance webinar 1 Jordan Virtual Investment Conference 9 KYC Validator 2 LIBOR Meeting 2 Amended instructions of the income tax meeting for year 2021 3 Promoting and accepting electronic payments in HKJ meeting 9 Ordinary and Extraordinary Board Meeting: Jordan Payments and Clearing Company (JoPACC) 1 Sajjilni - Electronic Platform 2 Water poverty and water conflicts in the region 1 Managing customer complaints and methods of handling and analyzing them 1 Training Program for Financial Institutions 1 Financial and administrative skills for warehouse, procurement and logistics staff 1 Green Recovery Virtual Symposium 2 Are social security money at risk 2 Challenges of implementing IFRS 9 in light of the repercussions of the Corona pandemic 2 Stimulating cooperation and partnership between financial institutions and financial technology companies 1 Foreign trade finance and bank guarantees 1 Income and sales tax expert 1 Supporting women to access financing in the post-Coronavirus pandemic 1 The first general assembly meeting of the Jordan Capital and Investment Fund Company 1 Anti Money Laundering Law for year 2021 1 Jordanian Certified Public Accountant (JCPA) 3 Cyber Security Management Workshop 2 Digital Documentation of Financia l and Banking Transactions Workshop 1 Money laundering and terrorist financing risks in the Hashemite Kingdom of Jordan Number Of Participant Course Name Place of conduct Location International Out Jordan 2 Digital Transformation Turkey 1 Youth Presidents Organization meeting (YPO) Dubai The number of Jordanian Employees The number of non- Jordanian Employees Number of Male Employees Number of Female Employees Number of Employees with disabilities The composition of the employees according to scientific qualifications 311 3 204 110 0 Less than Tawjihi Tawjiihi Diploma Bachelor Higher Diploma Master PHD 314 8 16 23 240 0 27 0"
SGBJ|2022-04-27|DisclosuresDirectorsReport|jsc_DisclosureOfIssuingCompanysOrganizationalChartNumberOfItsEmployeesAndTheirClassesOfQualificationAndItsPersonnelQualifyingAndTrainingPrograms|0|ar|0,SGBJ,2022-04-27,ar,DisclosuresDirectorsReport,0.0009,0,none,,False,False,,0,المنطقة مركز الانعقاد اسم الدورة عدد المشاركين داخلي مركز التدريب الداخلي للبنك التعليم الالكتروني 152 التدريب على تقنيات التزوير الشائعة 21 تدريب الجرائم المالية 247 التدريب على كشف الاحتيال 13 منتجات تامين الحياة والتامينات الاستثمارية 72 دورة المتسوق الخفي التدريبية 19 اجتماع ماقشة الأمور الادارية لموظفي الفروع 22 الاخطاء الشائعة لموظفي التلر وطرق معالجتها 18 دراسة و اعداد طلبات ائتمانية للعملاء الافراد و المهنيون 13 التوعية الامنية لمشروع سويفت 142 برنامج التعريف للموظفين الجدد 12 التدريب الميداني للموظفين الجدد 10 المنطقة مركز الانعقاد اسم الدورة عدد المشاركين محلي /داخل الأردن مراكز تدريب/محلي عمان دورة خدمة ادارة القيد المدين المباشر مع تفويض 24 دورة اكسل متقدمة 2 دورة اللغة الفرنسية المتقدمة 3 الابتكار الرقمي 2 شهادة أخصائي مكافحة غسل الأموال 2 شهادة أخصائي العقوبات العالمية 1 شهادة مدير أمن المعلومات 1 دورة تدريبية لمنع فقدان البيانات 1 التحول الرقمي والتخطيط الاستراتيجي 2 مهارات الاتصال الفعال 1 دورة الامتثال بالتعاون مع جمعية الامتثال الدولية و البنك الأوروبي للإنشاء والتعمير 4 مؤتمر الأردن الافتراضي للاستثمار 1 تدقيق مشروع اعرف عميلك 9 اجتماع حول سعر الفائدة بين بنوك لندن 2 اجتماع التعليمات المعدلة لتعليمات اقتطاع ضريبة الدخل رقم (1) لسنة 2021 2 اجتماع حول تعزيز وقبول الدفع الإلكتروني في المملكة 3 اجتماع هيئة عادي وغير عادي:الشركة الاردنية لانظمة الدفع والتقاص 9 التعرفة بمنصة سجلني الالكترونية 1 الفقر المائي وصراعات المياه في المنطقة 2 ادارة شكاوى العملاء وطرق معالجتها وتحليلها 1 البرنامج التدريبي للمؤسسات المالية 1 المهارات المالية و الادارية لموظفي المخازن و المشتريات و الخدمات اللوجستية 1 الندوة الافتراضية للتعافي الاخضر 1 أموال الضمان الاجتماعي هل هي في خطر 2 تحديات تطبيق المعيار الدولي للتقارير المالية رقم 9 في ظل تداعيات جائحة كورونا 2 تحفيز التعاون والشراكة ما بين المؤسسات المالية وشركات التكنولوجيا المالية 2 تمويل التجارة الخارجية والكفالات المصرفية 1 خبير ضريبة الدخل و المبيعات 1 دعم المرأة للوصول الى التمويل في ما بعد جائحة كورونا 1 دعوة اجتماع الهيئة العامة الاول لشركة صندوق رأس المال والاستثمار الاردني 1 قانون الضمان الاجتماعي وقانون العمل وقانون ضريبة الدخل 1 محاسب قانوني أردني مجاز 1 ورشة عمل ادارة الأمن السيبراني 3 ورشة عمل التوثيق الرقمي للمعاملات المالية و المصرفية 2 مخاطر غسل الأموال وتمويل الإرهاب في المملكة الأردنية الهاشمية ونتائجه 1 المنطقة مركز الانعقاد اسم الدورة عدد المشاركين خارج الاردن دولي تركيا التحول الرقمي 2 الامارات العربية المتحدة اجتماع منظمة الرؤساء الشباب 1 عدد الموظفين الاردنيين عدد الموظفين غير الاردنيين عدد الموظفين الذكور عدد الموظفين الاناث عدد الموظفين من ذوي الاحتياجات الخاصة تركيبة الموظفين حسب المؤهلات العلمية 311 3 204 110 0 اقل من توجيهي توجيهي دبلوم بكالوريوس دبلوم عالي ماجستير دكتوراه 314 8 16 23 240 0 27 0
SGBJ|2022-04-27|NotesListOfNotes|ifrs-full_DisclosureOfCreditRiskExplanatory|0|ar|33,SGBJ,2022-04-27,ar,NotesListOfNotes,0.9986,1,Big Data,Big Data,False,False,,1,تم تطوير العلاقات المتوقعة بين مؤشرات الاقتصاد الكلي الرئيسية ومعدلات التخلف عن السداد لمحافظ الموجودات المالية المعنية بناءً على تحليل البيانات التاريخية على مدى السنوات الخمسة الماضية.
UBSI|2023-03-31|DisclosuresDirectorsReport|jsc_DisclosureOfImportantProspectiveDevelopmentsIncludingAnyNewExpansionsAndProjectsCompanysProposedPlanForAtLeastOneUpcomingYearAndBoardOfDirectorsForecastsForOutcomesOfCompanyActivities|0|ar|18,UBSI,2023-03-31,ar,DisclosuresDirectorsReport,0.9986,1,Big Data,Big Data,False,False,,1,قراراتنا مبنية على البيانات والأدلة نعمل دوماً على تحليل بيانات عملائنا لنفهم ما هم بحاجة إليه، فنقوم بتصميم منتجات وخدمات تلبّي احتياجاتهم وتوقعاتهم.
ZEIC|2025-02-12|DisclosuresDirectorsReport|jsc_DisclosureOfCompanysAccomplishmentsSupportedByQuantitativeIndicatorsAndDescriptionOfSignificantOccurrencesToCompanyDuringFiscalYear|0|en|5,ZEIC,2025-02-12,en,DisclosuresDirectorsReport,0.9976,1,AI/ML,AI/ML,False,False,,1,"B. Zarqa Intermediate Technical College: - Zarqa Technical Intermediate College includes a number of specializations, namely: • Tax and Customs Sciences • Renewable Energy Technology • Electric and Hybrid Vehicle Maintenance • Architecture and Interior Design • Animation Arts • Digital Media • Cyber Security Specialization • Artificial Intelligence and Robotics Engineering • Applied English • Technical Accounting • E-Business Management There has been a clear development in the number of accepted students in the last two years, as the number of students in 2024 reached (1554) students compared to (959) students in 2023."
ZEIC|2025-02-12|DisclosuresDirectorsReport|jsc_DisclosureOfCompanysAccomplishmentsSupportedByQuantitativeIndicatorsAndDescriptionOfSignificantOccurrencesToCompanyDuringFiscalYear|0|ar|27,ZEIC,2025-02-12,ar,DisclosuresDirectorsReport,0.9986,1,AI/ML,AI/ML,False,False,طور,1,هندسة الذكاء الاصطناعي والروبوتات اللغة الإنجليزية التطبيقية المحاسبة التقنية إدارة الأعمال الإلكترونية وظهر تطور واضح في أعداد المقبولين في السنتين الأخيرتين حيث بلغ أعداد الطلبة في عام 2024 (1554) طالباً مقارنة مع عام 2023 (959) طالباً.
ZEIC|2025-02-12|DisclosuresDirectorsReport|jsc_DisclosureOfDirectorsReport|0|en|57,ZEIC,2025-02-12,en,DisclosuresDirectorsReport,0.0043,0,none,,False,False,,0,Secretariat * Consultants are from outside the company Audit and Internal Control Council's Secretariat 9- B - Organizational structure of Zarqa University Board of Trustees Consultants Internal Control Unit University President University Council President’s Office Deans’ Council Vices to the President President’s Counselors Secretariat of the Presidency and the Council Deanships Centers and Administrative Departments Dean of the Faculty of Sharea Dean of the Faculty of Arts Director of Public Relations Director of the Library Dean of the Faculty of Science Dean of the Faculty of Economics and Administrative Sciences Director of Financial Affairs Director of Development and Quality Assurance Unit Dean of the Faculty of Educational Sciences Dean of the Faculty of Law Director of Public Relations Director of Outside Projects Unit Dean of the Faculty of Medical Sciences Dean of the Faculty of Nursing Director of General Services Director of Translation Unit Dean of the Faculty of Engineering Technology Dean of the Faculty of Pharmacy Director of Medical Services and Insurance Director of Blended Learning Dean of the Faculty of Art and Design Dean of the Faculty of Mass Media Director of Supplies Director of Business Incubator Unit Dean of the Faculty of Information Technology Dean of Scientific Research Director of Islamic Cultural Center Director of Computer Center Dean of Students’ Affairs Dean of Admission and Registration Director of Continued Learning Center Director of Languages Center Dean of the Faculty of Dentistry Director of Electronic Learning Center Director of Energy Research Center 9 – C - The Organizational Structure of Zarqa Technical Intermediate College Board of Trustees Audit and Control Unit Dean of the College Secretariat of the Council Financial Department Secretariat Department of Cyber Security and Artificial Intelligence Engineering Department of Cyber Security and Artificial Intelligence Engineering Department of Digital Media and Animation Art Department of Architecture and Interior Design Department of Electric Vehicles Maintenance and Renewable Energy Technology College Council Deputy Dean Digital Media Animation Arts Technical Accounting Applied English Language Cyber Security Artificial Intelligence Engineering Electric Vehicle Maintenance Renewable energy technology 9 – D - The organizational Structure of Zarqa University Schools and Kindergarten Chairman of Administrative Board General Director Deputy of General Director Supervision Unit Secretariat Archiving Supervision and Training Quality Assurance Registration and Student’s Affairs Financial Dept.
ZEIC|2025-02-12|DisclosuresDirectorsReport|jsc_DisclosureOfDirectorsReport|0|ar|69,ZEIC,2025-02-12,ar,DisclosuresDirectorsReport,0.0013,0,none,,False,False,,0,حوكمة الشركات إدارة الجودة 9001/2015 معايير التقارير المالية الدولية IRTS ) ) International Financial Reporting Standards المستشارون * الهيئة العامة مجلس الإدارة رئيس مجلس الإدارة مدير عام المدارس مدير عام الشركة المستشارون · قسم المساهمين قسم اللوازم والعطاءات قسم المحاسبة شؤون الموظفين الديوان التدقيق و الرقابة الداخلية أمانة سر المجلس 9-أ - الهيكل التنظيمي لشركة الزرقاء للتعليم والاستثمار المستشارون من خارج الشركة 9- د - الهيكل التنظيمي لجامعة الزرقاء مجلس الأمناء المستشارون وحدة الرقابة الداخلية رئيس الجامعة مجلس الجامعة مكتب الرئيس مجلس العمداء نواب الرئيس مستشارو الرئيس ديوان الرئاسة وأمانة سر المجالس العمادات الدوائر والمراكز عميد كلية الشريعة عميد كلية الآداب عميدالبحث العلمي مدير العلاقات الثقافية والعامة مدير المكتبة عميد كلية العلوم عميد كلية الاقتصاد والعلوم الإدارية عميد الدراسات المسائية مدير الدائرة المالية مدير وحدة التطوير وضمان الجودة عميد كلية العلوم التربوية عميد كلية الحقوق عميد شؤون الطلبة مدير دائرة الموارد البشرية مدير وحدة التعاون الدولي عميد كلية العلوم الطبية عميد كلية التمريض عميد القبول والتسجيل مدير دائرة الخدمات العامة والصيانة مدير وحدة الابداع وريادة الأعمال عميد كلية الهندسة التكنولوجية عميد كلية الصيدلة مدير الخدمات الطبية والتأمين الصحي مدير مركز الحاسوب عميد كلية الفنون والتصميمم عميد كلية الدراسات العليا مدير اللوازم والمشتريات والعطاءات مدير مركز التعلم الإلكتروني عميد كلية الإعلام عميد كلية تكنولوجيا المعلومات مدير المركز الثقافي الإسلامي مدير مركز أبحاث الطاقة عميد كلية طب الأسنان مدير مركز التعليم المستمر ومركز اللغات 9-ج - الهيكل التنظيمي لكلية الزرقاء التقنية المتوسطة مجلس الأمناء أمانة سر المجلس عميد الكليـة وحدة الرقابة والتدقيق نائب العميد مجلس الكلية قسم صيانة المركبات الكهربائية وتكنولوجيا الطاقة المتجددة قسم هندسة العمارة والتصميم الداخلي قسم الميديا الرقيمة (الإعلام الرقمي) وفنون الرسوم المتحركة قسم الأمن السيبراني وهندسة الذكاء الاصطناعي والروبوتات قسم اللغة الإنجليزية التطبيقية والمحاسبة التقنية الديوان الدائرة المالية القبول والتسجيل صيانة المركبات الكهربائية تكنولوجيا الطاقة المتجددة الميديا الرقمية فنون الرسوم المتحركة الأمن السيبراني هندسة الذكاء الاصطناعي اللغة الإنجليزية التطبيقية محاسبة تقنية 9- د - الهيكل التنظيمي لرياض ومدارس جامعة الزرقاء رئيس مجلس الإدارة المدير العام نائب المدير العام وحدة الإشراف قسم الديوان السكرتاريا قسم الإشراف والتدريب قسم ضمان الجودة قسم التسجيل وشؤون الطلبة قسم المالية قسم الموارد البشرية قسم نظم المعلومات قسم السيطرة قسم الخدمات العامة قسم التصميم والإعلام قسم العيادة الطبية شعبة المحاسبة شعبة الصندوق شعبة اللوازم والمشتريات شعبة الأمن شعبة خدمة المكاتب شعبة الحركة شعبة الصيانة شعبة العيادة الطبية (ثانوية البنات) شعبة العيادة الطبية (ثانوية البنين) مدير الروضة مدير المدرسة الأساسية مدير المدرسة الثانوية / بنات مدير المدرسة الثانوية/ بنين السكرتاريا مشرفة الطابق منسقة المادة السكرتاريا السكرتاريا السكرتاريا الهيئة التدريسية المساعدة المساعدة المساعد مشرفة المختبر مشرفوا المختبر مشرفوا المختبر منسقة المادة منسقة المادة منسق المادة مشرفة الطابق مشرفة الطابق مشرف الطابق الهيئة التدريسية الهيئة التدريسية الهيئة التدريسية أمينة المكتبة أمينة المكتبة أمين المكتبة المرشدة المرشدة المرشد معلمة المصادر مشرفة الثانوية العامة مشرف الثانوية العامة هيئة المديرين رئيس هيئة المديرين نائب رئيس هيئة المديرين المدير الإداري المستشارون · مدير قناة الإذاعة مدير قناة التلفزيون مدير مصنع مياه زاركي مدير مسرح زاركي المدير المالي الديوان 9-هـ - الهيكل التنظيمي للشركة التابعة [ شركة الضوء الساطع للبث الفضائي والإذاعي (ذ.م.م) ] المستشارون من خارج الشركة 9 -ب- عدد موظفي الشركة وفئات مؤهلاتهم : المؤهل العلمي عدد موظفي الشركة واستثماراتها عدد موظفي الشركة التابعة دكتوراه 429 - ماجستير 133 1 دبلوم عالي 14 - بكالوريس 499 8 دبلوم 70 3 ثانوية عامة 28 1 دون الثانوية العامة 304 - إجمالي عدد الموظفين 1477 13 9 -ج- برامج التأهيل والتدريب لموظفي الشركة : قام عدد من أعضاء مجلس الإدارة وموظفي شركة الزرقاء للتعليم والاستثمار بحضور عدة دورات تدريبية وهي: مبادئ المحاسبة واعداد الميزانية والقوائم المالية أسس وتطبيقات حوكمة الشركات.
ZEIC|2025-02-12|DisclosuresDirectorsReport|jsc_DisclosureOfIssuingCompanysOrganizationalChartNumberOfItsEmployeesAndTheirClassesOfQualificationAndItsPersonnelQualifyingAndTrainingPrograms|0|ar|0,ZEIC,2025-02-12,ar,DisclosuresDirectorsReport,0.001,0,none,,False,False,,0,9-أ - الهيكل التنظيمي لشركة الزرقاء للتعليم والاستثمار المستشارون من خارج الشركة 9- د - الهيكل التنظيمي لجامعة الزرقاء مجلس الأمناء المستشارون وحدة الرقابة الداخلية رئيس الجامعة مجلس الجامعة مكتب الرئيس مجلس العمداء نواب الرئيس مستشارو الرئيس ديوان الرئاسة وأمانة سر المجالس العمادات الدوائر والمراكز عميد كلية الشريعة عميد كلية الآداب عميدالبحث العلمي مدير العلاقات الثقافية والعامة مدير المكتبة عميد كلية العلوم عميد كلية الاقتصاد والعلوم الإدارية عميد الدراسات المسائية مدير الدائرة المالية مدير وحدة التطوير وضمان الجودة عميد كلية العلوم التربوية عميد كلية الحقوق عميد شؤون الطلبة مدير دائرة الموارد البشرية مدير وحدة التعاون الدولي عميد كلية العلوم الطبية عميد كلية التمريض عميد القبول والتسجيل مدير دائرة الخدمات العامة والصيانة مدير وحدة الابداع وريادة الأعمال عميد كلية الهندسة التكنولوجية عميد كلية الصيدلة مدير الخدمات الطبية والتأمين الصحي مدير مركز الحاسوب عميد كلية الفنون والتصميمم عميد كلية الدراسات العليا مدير اللوازم والمشتريات والعطاءات مدير مركز التعلم الإلكتروني عميد كلية الإعلام عميد كلية تكنولوجيا المعلومات مدير المركز الثقافي الإسلامي مدير مركز أبحاث الطاقة عميد كلية طب الأسنان مدير مركز التعليم المستمر ومركز اللغات 9-ج - الهيكل التنظيمي لكلية الزرقاء التقنية المتوسطة مجلس الأمناء أمانة سر المجلس عميد الكليـة وحدة الرقابة والتدقيق نائب العميد مجلس الكلية قسم صيانة المركبات الكهربائية وتكنولوجيا الطاقة المتجددة قسم هندسة العمارة والتصميم الداخلي قسم الميديا الرقيمة (الإعلام الرقمي) وفنون الرسوم المتحركة قسم الأمن السيبراني وهندسة الذكاء الاصطناعي والروبوتات قسم اللغة الإنجليزية التطبيقية والمحاسبة التقنية الديوان الدائرة المالية القبول والتسجيل صيانة المركبات الكهربائية تكنولوجيا الطاقة المتجددة الميديا الرقمية فنون الرسوم المتحركة الأمن السيبراني هندسة الذكاء الاصطناعي اللغة الإنجليزية التطبيقية محاسبة تقنية 9- د - الهيكل التنظيمي لرياض ومدارس جامعة الزرقاء رئيس مجلس الإدارة المدير العام نائب المدير العام وحدة الإشراف قسم الديوان السكرتاريا قسم الإشراف والتدريب قسم ضمان الجودة قسم التسجيل وشؤون الطلبة قسم المالية قسم الموارد البشرية قسم نظم المعلومات قسم السيطرة قسم الخدمات العامة قسم التصميم والإعلام قسم العيادة الطبية شعبة المحاسبة شعبة الصندوق شعبة اللوازم والمشتريات شعبة الأمن شعبة خدمة المكاتب شعبة الحركة شعبة الصيانة شعبة العيادة الطبية (ثانوية البنات) شعبة العيادة الطبية (ثانوية البنين) مدير الروضة مدير المدرسة الأساسية مدير المدرسة الثانوية / بنات مدير المدرسة الثانوية/ بنين السكرتاريا مشرفة الطابق منسقة المادة السكرتاريا السكرتاريا السكرتاريا الهيئة التدريسية المساعدة المساعدة المساعد مشرفة المختبر مشرفوا المختبر مشرفوا المختبر منسقة المادة منسقة المادة منسق المادة مشرفة الطابق مشرفة الطابق مشرف الطابق الهيئة التدريسية الهيئة التدريسية الهيئة التدريسية أمينة المكتبة أمينة المكتبة أمين المكتبة المرشدة المرشدة المرشد معلمة المصادر مشرفة الثانوية العامة مشرف الثانوية العامة هيئة المديرين رئيس هيئة المديرين نائب رئيس هيئة المديرين المدير الإداري المستشارون · مدير قناة الإذاعة مدير قناة التلفزيون مدير مصنع مياه زاركي مدير مسرح زاركي المدير المالي الديوان 9-هـ - الهيكل التنظيمي للشركة التابعة [ شركة الضوء الساطع للبث الفضائي والإذاعي (ذ.م.م) ] المستشارون من خارج الشركة 9 -ب- عدد موظفي الشركة وفئات مؤهلاتهم : المؤهل العلمي عدد موظفي الشركة الأم واستثماراتها عدد موظفي الشركة التابعة دكتوراه 429 - ماجستير 133 1 دبلوم عالي 14 - بكالوريس 499 8 دبلوم 70 3 ثانوية عامة 28 1 دون الثانوية العامة 304 - إجمالي عدد الموظفين 1477 13 9 -ج- برامج التأهيل والتدريب لموظفي الشركة : قام عدد من أعضاء مجلس الإدارة وموظفي شركة الزرقاء للتعليم والاستثمار بحضور عدة دورات تدريبية وهي: مبادئ المحاسبة واعداد الميزانية والقوائم المالية أسس وتطبيقات حوكمة الشركات.
ABCO|2023-04-05|Declarations|jsc-rep_DeclarationAffirmingCorrectnessAccuracyAndCompletenessOfInformationAndDataStatedInReportSignedByChairmanOfBoardOfDirectorsCompanysChiefExecutiveOfficerAndChiefFinancialOfficer|0|en|0,ABCO,2023-04-05,en,Declarations,0.9986,1,XBRL,XBRL,False,False,,1,"Representation of the Authenticity of the Financial Statements The Management of Bank ABC in Jordan represents the authenticity, accuracy and precision of the information and financial statements cited in this report. * Signatures are included in the PDF version of the annual report in Arabic that has been uploaded to the XBRL system."
ABCO|2023-04-05|Declarations|jsc-rep_DeclarationByBoardOfDirectorsAffirmingItsResponsibilityForPreparationOfFinancialStatementsAndForProvisionOfEffectiveSystemOfControlsWithinCompany|0|en|0,ABCO,2023-04-05,en,Declarations,0.9986,1,XBRL,XBRL,False,False,,1,Representation of the Board of Directors The Board of Directors of Bank ABC in Jordan represents its responsibility for preparing the financial statements; that the information cited in the Board of Directors’ Report is in line with the enclosed financial statements; and that the Bank has an effective and efficient Internal Control System. * Signatures are included in the PDF version of the annual report in Arabic that has been uploaded to the XBRL system.
ABCO|2023-04-05|Declarations|jsc-rep_DeclarationFromBoardOfDirectorsThatThereAreNoSubstantialMattersDisaffectingCompanysContinuityDuringNextFiscalYear|0|en|0,ABCO,2023-04-05,en,Declarations,0.9983,1,XBRL,XBRL,False,False,,1,"Representation of the Board of Directors The Board of Directors of Bank ABC in Jordan represents, as far as it knows and believes, that there are no fundamental issues that could affect the Bank’s ability to continue its activity throughout the next fiscal year of 2023. * Signatures are included in the PDF version of the annual report in Arabic that has been uploaded to the XBRL system."
ABCO|2023-04-05|Declarations|jsc-rep_DisclosureOfOtherDeclarations|0|en|0,ABCO,2023-04-05,en,Declarations,0.9984,1,XBRL,XBRL,False,False,,1,Representation of the Board of Directors The Board of Directors of Bank ABC in Jordan acknowledge that they have not received personally or any of their relatives any materialistic or in-kind benefits during their work at the Bank and have not disclosed them for the year 2022. * Signatures are included in the PDF version of the annual report in Arabic that has been uploaded to the XBRL system.
ABCO|2023-04-05|DisclosuresDirectorsReport|jsc_DescriptionOfCompanysMainActivitiesWithTheirRespectiveGeographicalLocationsSizeOfCapitalInvestmentAndNumberOfEmployees|0|en|6,ABCO,2023-04-05,en,DisclosuresDirectorsReport,0.9987,1,AI/ML,AI/ML,False,True,utilise,1,The application is supported by Bank ABC Jordan and utilizes artificial intelligence and data analysis in its design.
ABCO|2023-04-05|DisclosuresDirectorsReport|jsc_DisclosureOfCompanysAccomplishmentsSupportedByQuantitativeIndicatorsAndDescriptionOfSignificantOccurrencesToCompanyDuringFiscalYear|0|en|22,ABCO,2023-04-05,en,DisclosuresDirectorsReport,0.9987,1,AI/ML,AI/ML,False,True,utilise,1,"The application utilizes artificial intelligence and data analysis in its design, which makes it user-friendly and achieves its purpose of attracting and serving a wider group of users, including millennials, and other age groups of the Jordanian society."
ABCO|2023-04-05|DisclosuresDirectorsReport|jsc_DisclosureOfIssuingCompanysOrganizationalChartNumberOfItsEmployeesAndTheirClassesOfQualificationAndItsPersonnelQualifyingAndTrainingPrograms|0|en|0,ABCO,2023-04-05,en,DisclosuresDirectorsReport,0.0006,0,none,,False,False,,0,"Number of employees of the Bank and the Arab Co-operation Financial Investments Co. and their qualifications No. of Employees of the Arab Co-operation Financial Investments Co . No. of Bank Employees Degree - 2 PhD 8 47 Masters - - Higher Diploma 21 423 Bachelor 3 35 Diploma - 5 General Secondary Education 1 21 Below General Secondary Education 33 533 Total no. of employees Qualification and training programs for employees of the Bank and the Arab Co-operation Financial Investments Co. 176 courses were organized in-house, externally and in the Bank’s training centre with the participation of 4, 961 employees, as detailed below: The Bank and the Arab Co-operation Financial Investments Co. The Bank and the Arab Co-operation Financial Investments Co. Description No. of Participants # of courses Type of training course 1,865 59 Courses provided by the Bank’s training centre 422 89 Courses provided by local institutes in Jordan - - Courses provided by institutes abroad 2,674 28 Online courses (e-learning) 4, 961 176 Total Types of courses # Course Type No. of Participants 1 Human resources and skills development courses 152 2 Banking marketing, credit cards and customer service courses 449 3 Participation in local and external conferences and meetings 25 4 Investment and treasury operations courses 5 5 Banking risks and crises management, audit, monitoring, compliance control and anti-money laundering courses 2,371 6 Information technology and systems courses 1,842 7 Banking facilities and project financing courses 6 8 Internal and external banking operations courses 33 9 Courses on laws, regulations and instructions 70 10 Accounting courses 8 Total 4,961 * The organizational structure for the Bank and ABCI couldn’t be uploaded correctly (proper copy has been included in the PDF copy of the Annual Report that has been uploaded on XBRL system) ABCJ Organisational Chart ABCI Board of Directors Board Committees Board Risk Committee (BRC) Audit Committee Board Secretary Compliance Committee General Manager Internal Audit Management Committees Compliance Deputy General Manager Treasury Wholesale Banking Group Retail Banking Group Credit Dept Human Resources Dept Legal Affairs Dept Financial Control Dept Support Group Risk Management Dept Corporates Coverage Consumers Banking Corporate Services Department Transaction Banking ila Jordan Procurement Supplies Department Financial Institutions Coverage Consumers Credit Banking Corporate Communications Department Small and Medium Enterprises Projects Management & Organization Unit Middle Office Information Technology Business Development Operations Management Operational Control Cyber and Information Security Dept Business Continuity Plan ABCI Organisational Chart ABCJ Board ABCI Board of Directors ABCJ Compliance Department Chief Executive Officer Compliance ABCJ Legal affairs Department Brokerage Management Support Management Local Brokerage Department Credit Department Human Resources and Administrative Affairs Department Operations Control Department Operations Department Regional and International Brokerage Department Financial control Department Customer Service Department Legal affairs Department"
ABCO|2023-04-05|NotesListOfNotes|ifrs-full_DisclosureOfSummaryOfSignificantAccountingPoliciesExplanatory|0|ar|72,ABCO,2023-04-05,ar,NotesListOfNotes,0.9986,1,Big Data,Big Data,False,False,,1,تم تطوير العلاقات المتوقعة بين مؤشرات الاقتصاد الكلي الرئيسية ومعدلات التخلف عن السداد لمحافظ الموجودات المالية المعنية بناءً على تحليل البيانات التاريخية على مدى السنوات الخمسة الماضية.
AEIV|2021-05-04|CorporateGovernanceReport|jsc-rep_DisclosureOfNameOfChairmanAndMembersOfAuditCommitteeAndADescriptionOfTheirQualificationsAndExperienceInFinancialOrAccountingMatters|0|ar|1,AEIV,2021-05-04,ar,CorporateGovernanceReport,0.0009,0,none,,False,False,,0,وكان حضور أعضاء اللجنة كما يلي : الرقم اسماء الاعضاء الصفة حضور إجتماعات مؤهلاتهم و خبراتهم 1 السيد / بكر صديق عمر ابو سيدو بكالوريوس إدارة أعمال ( 1998 ) ماجستير إدارة أعمال 2011 رئيس اللجنة 4 عضو مجلس ادارة شركة جراسيا للتأمين نائب رئيس مجلس ادارة ومدير عام مجموعة تونيلي للدواجن / رومانيا عضو لجنة الاستثمار والتدقيق لمجموعة تونيلي (رومانيا) مدير عام شركة سيليكت نوثربكوم للانتاج الزراعي والاعلاف / رومانيا نائب رئيس مجلس ادارة سيدو يونيون للتطوير العقاري (رومانيا) مدير عام شركة اميال للمقاولات (دبي) 2 الدكتور / اسامه رستم عزيز ماضي دكتوراه هندسة إنشائية (1981) عضو 5 أستاذ مساعد وأستاذ مشارك كلية الهندسة الجامعة الاردنية رئيس هيئة مديرين / الإئتلاف للإستثمارات الهندسية (ماضي وشركاهم) رئيس هيئة مديرين شركة العقبة للتعليم رئيس هيئة مديرين شركة الهضاب للإستثمارات السياحية والعقارية 3 السيد / عمار وائل عزت السجدي ماجستير هندسة اتصالات (1990) عضو 5 مهندس في شركة فلسطين الهندسية للمصاعد مدير دائرة اوراكل في مكتب الهندسة والكمبيوتر عضو هيئة مديرين ومدير دائرة البرمجيات في شركة فلسطين الهندسية عضو مجلس إدارة / جمعية شركات تقنية المعلومات الاردنية int@j عضو هيئة ادارية – الجمعية الاردنية للحاسبات مدير عام شركة البرمجيات المتـقدمة مدير مشارك شركة مسار للحلول النقالة عضو هيئة مديرين شركة فلسطين لتطوير انظمة التحكم الالكتروني عضو هيئة مديرين في الشركة المتخصصة لتقنيات قواعد البيانات السيد / معن علي محمد السحيمات بكالوريوس رياضيات (1994) عضو في لجنة التدقيق إعتباراً من 27 / 10 / 2020 بعد إجتماع رقم 4 عضو 1 مسؤول إنتـاج / المصنع الأردني للبصريات مدير في شركة تجارية خاصة مساعد مدير عام شركة الشرق العربي للإستثمارات المالية والإقتصادية م.ع عضو مجلس إدارة ومدير عام شركة المجموعة الأولى للإتصالات م.ع مدير عام شركة الشرق العربي للإستثمارات المالية والإقتصادية م.ع سابقاً رئيس / عضو في مجلس إدارة عدد من المؤسسات والشركات - سابقاً اجتمعت لجنة التدقيق مع المدقق الخارجي مرة واحده خلال عام 2020 من غير حضور أي من أشخاص الإدارة التنفيذية العليا .
AEIV|2021-05-04|DisclosuresDirectorsReport|jsc_TheMembersOfBoardOfDirectorsNamesAndNamesAndRanksOfSeniorExecutiveManagementWithBriefResumeOfEach|0|ar|9,AEIV,2021-05-04,ar,DisclosuresDirectorsReport,0.0007,0,none,,False,False,,0,عضو اعتباراً من 17/04/1995 توفي بتاريخ 09/10/2020 نائب الرئيس سابقاً ماجستير سياسة واقتصاد ( 1958 ) الخبرات العملية لأعضاء مجلس الإدارة : رقم الاســــــــم الـخـبـرات الـعـمـلـيـة وأمـاكـن الـعـمـل 1 معالي / شحاده عبدالله الحمد ابو هديب 1996 - 1999 1993 - 1996 2000 - 2004 2000 - 2007 2005 - 2007 2008 - 2009 2011 حتى الان 2012 حتى الان 2012 حتى الان 2013 حتى الان 2013 - 2017 2014 – 2017 2019 حتى الان مساعد امين عمان الكبرى لشؤون التخطيط مدير دائرة العطاءات في امانة عمان الكبرى رئيس مجلس إدارة سلطة اقليم البتراء مدير عام سلطة اقليم البتراء مدير عام مؤسسة الاسكان والتطوير الحضري وزير للشؤون البلدية نائب رئيس مجلس امناء الصندوق الهاشمي لتنمية البادية عضو هيئة مديرين منطقة المفرق التنموية رئيس هيئة مديرين شركة العالم العربي للتعليم عضو مجلس امناء جامعة الشرق الاوسط عضو مجلس الاعيان عضو مجلس إدارة شركة دار الدواء م.ع رئيس هيئة مديرين في عدد من الشركات التابعة 2 المهندس / عمار وائل عزت السجدي 1985 – 1990 1990 – 1995 1995 – 2002 2011 – 2013 2015 - 2017 2002 حتى الان 2008 حتى الان 1995 حتى الان 2005 حتى الان 2019 حتى الان 2020 حتى الان مهندس في شركة فلسطين الهندسية للمصاعد مدير دائرة اوراكل في مكتب الهندسة والكمبيوتر عضو هيئة مديرين ومدير دائرة البرمجيات في شركة فلسطين الهندسية عضو مجلس إدارة / جمعية شركات تقنية المعلومات الاردنية int@j عضو هيئة ادارية – الجمعية الاردنية للحاسبات مدير عام شركة البرمجيات المتـقدمة مدير مشارك في شركة مسار للحلول النقالة عضو هيئة مديرين شركة فلسطين لتطوير انظمة التحكم الالكتروني عضو هيئة مديرين في الشركة المتخصصة لتقنيات قواعد البيانات عضو هيئة مديرين شركة السلام للاعلام المرئي والمسموع (حياة اف ام) عضو هيئة مديرين في عدد من الشركات التابعة 3 معالي المهندس/علي محمد عطوي السحيمات 1960 – 1964 1964 – 1969 1969 – 1971 1971 – 1973 1973 – 1976 1976 – 1979 1979 – 1984 1978 – 1985 1980 – 1994 1978 – 1984 1989 – 1991 1991 – 1991 1991 – 2001 2013 - 2016 2001 - 2017 مهندس في وزارة الاشغال العامة مدير مشاريع في السعودية مسؤول عن تخطيط الطرق والمطارات في المجلس القومي للتخطيط وكيل وزارة النقل اعمال خاصة / مكتب استشاري وإدارة مشاريع وزير النقل وزير دولة لشؤون رئاسة الوزراء و وزير النقل عضو اللجنة الملكية لجامعة اليرموك عضو اللجنة الملكية لجامعة مؤتة عضو المجلس الوطني الاستشاري امين عمان الكبرى نائب رئيس وزراء – وزير النقل والاتصالات عضو مجلس امناء جامعة البترا عضو في مجلس الاعيان رئيس مجلس امناء جامعة البترا عضو مجلس إدارة في عدد من الشركات - سابقـاً 4 السيد / معن علي محمد السحيمات 1989 - 1991 1991 – 1995 1995 – 1996 1996 – 2001 2001 - 2019 مسؤول إنتـاج / المصنع الأردني للبصريات مدير في شركة تجارية خاصة مساعد مدير عام / الشرق العربي للإستثمارات المالية والإقتصادية م.ع عضو مجلس إدارة ومدير عام شركة المجموعة الأولى للإتصالات م.ع مدير عام شركة الشرق العربي للإستثمارات المالية والإقتصادية م.ع رئيس / عضو في مجلس إدارة عدد من المؤسسات والشركات - سابقاً 5 السيد / اسامه رستم عزيز ماضي 1981 - 1996 1983 حتى الان 2008 حتى الان 2008 حتى الان أستاذ مساعد وأستاذ مشارك كلية الهندسة الجامعة الاردنية رئيس هيئة مديرين / الإئتلاف للإستثمارات الهندسية (ماضي وشركاهم) رئيس هيئة مديرين شركة العقبة للتعليم رئيس هيئة مديرين شركة الهضاب للإستثمارات السياحية والعقارية 6 السيد / خالد محمد فليح القضاه 2006 - 2011 2011 - 2017 2017 حتى الان رئيس قسم في المؤسسة العامة للضمان الاجتماعي مدير مديرية في المؤسسة العامة للضمان الاجتماعي مدير ادارة في المؤسسة العامة للضمان الاجتماعي 7 السيد / فايز سليمان اشتيان الضمور 2011 - 2015 1984 – 2010 1980 - 1983 1980 – 1993 2018 - 2019 نائب المدير العام / شركة ابعاد الاردن والامارات للاستثمارات التجارية نائب المدير العام ومدير الشؤون الإدارية / الاردنية السورية للنقل البري رئيس قسم الكفالات والتسهيلات لدى البنك التجاري الاردني رئيس قسم البعثات الخارجيه لدى شركة الاتصالات الاردنية (اورنج) عضو مجلس ادارة شركة داركم للاستثمار 8 السيد / بكر صديق عمر ابو سـيدو 1999 - 2009 2000 - 2008 2003 - 2009 2005 حتى الان 2010 حتى الان 2013 حتى الان عضو مجلس ادارة شركة جراسيا للتأمين نائب رئيس مجلس ادارة ومدير عام مجموعة تونيلي للدواجن (رومانيا) عضو لجنة الاستثمار والتدقيق لمجموعة تونيلي (رومانيا) مدير عام شركة سيليكت نوثربكوم للانتاج الزراعي والاعلاف (رومانيا) نائب رئيس مجلس ادارة سيدو يونيون للتطوير العقاري (رومانيا) مدير عام شركة اميال للمقاولات (دبي) 9 المرحوم / ولـيـد مثقـال داود عصفور 1960 - 2020 1962 – 1980 1977 – 1980 1977 – 1981 1970 – 1980 1980 - 1984 1993 - 1994 1994 – 1997 1995 – 1997 1997 – 2003 1970 - 2020 2007 – 2011 2011 - 2020 امين سر ثم رئيس نادي السيارات الملكي الاردني رئيس مجلس إدارة غرفة صناعة عمان نائب امين عاصمة عمان عضو في المجلس الوطني الاستشاري عضو المجلس التنفيذي لمنظمة العمل الدولية وزير الصناعة والتجارة وزير الطاقة والثروة المعدنية رئيس لجنة إدارة سوق عمان المالي نائب رئيس الاتحاد الاوروبي الاسيوي للاسواق المالية رئيس مجلس إدارة شركة الخطوط الجوية الملكية نائب سمو رئيس الصندوق الاردني الهاشمي للتنمية البشرية نائب رئيس مجلس إدارة شركة مصفاة البترول الاردنية رئيس مجلس إدارة شركة مصفاة البترول الاردنية ب- أسماء ورتب أشخاص الإدارة العليا ونبذه تعريفية عن كل منهم والخبرات العملية : رقم الاسم المنصب المؤهل العلمي الـخـبـرات الـعـمـلـيـة وأمـاكـن الـعـمـل 1 السيد / مازن مصباح احمد القديمات مواليد عام 1970 م تاريخ التعيين 05/03/2002 م المدير المالي وقائم بأعمال المدير العام بكالوريوس محاسبة وتمويل ( 1992 ) ACPA 1994 – 1998 1998 – 2001 2001 - 2001 2002 - 2010 2006 حتى الان 2007 - 2010 2008 حتى الان 2011 حتى الان 2020 حتى الان محاسب رئيسي شركة الاسد للكمبيوتر مدير حسابات شركة المجموعة الأولى للإتصالات مدير مالي الشركة التخصصية لتجارة اجهزة الاتصالات مدير حسابات / الشرق العربي للإستثمارات المالية والإقتصادية م.ع عضو هيئة مديرين شركة النخبة للخدمات المالية ذ.م.م عضو مجلس إدارة الشرق العربي للإستثمارات المالية والإقتصادية م.ع عضو مجلس إدارة / الشرق العربي للتطوير والإستثمارات م.ع مدير مــالي / الشرق العربي للإستثمارات المالية والإقتصادية م.ع نائب رئيس وعضو هيئة مديرين في عدد من الشركات التابعة 2 السيد / شادي عبدالقادر حسين برهومة مواليد عام 1979 م تاريخ التعيين 17 / 12 / 2005 مدير الحسابات بكالوريوس محاسبة ( 2002 ) ACPA 2002 – 2005 2005 – 2010 2011 حتى الان محاسب / شركة سوفت للورق الصحي محاسب رئيسي الشرق العربي للإستثمارات المالية والإقتصادية م.ع مــدير حســابات الشرق العربي للإستثمارات المالية والإقتصادية م.ع * أما في ما يخص باقي مدراء الإدارات العليا الأخرى فهي وظائف شاغرة .
AHLI|2024-04-29|DisclosuresChairmansStatement|jsc_DisclosureOfStatementOfBoardOfDirectorsChairman|0|en|39,AHLI,2024-04-29,en,DisclosuresChairmansStatement,0.9982,1,Cloud,Cloud,True,False,launch,1,"In 2023, we launched Qawn – a unified, social financial platform in the cloud that is the first of its kind in the MENA region."
AHLI|2024-04-29|DisclosuresChairmansStatement|jsc_DisclosureOfStatementOfBoardOfDirectorsChairman|0|ar|10,AHLI,2024-04-29,ar,DisclosuresChairmansStatement,0.9692,1,AI/ML,AI/ML,True,False,ب+مصدر,1,وبناءً على ما سبق، واستمراراً لنهج التحول الرقمي الشـــمولي للخـــــدمات المالية والمــــصرفية بمــــــا يعزز النمــــــــــو المــــــستدام لأعمــــــال البنك وبما يتوافق وخطتنا الاستراتيجية حيث تشكل عدد حركاتنا الالكترونية ما نسبته (%87) من عدد الحركات الكلي، فقد قمنا خلال العام 2023 بتبني مجموعة من المبادرات الاستراتيجية الموجهة لتعزيز عمليات البنك بحيث أصبح البنك أكثر توجهاً وتركيزا على العميل حيث قمنا بتطبيق العديد من الأدوات التي تدرس رغبات العملاء بشرائحه المختلفة ليتم تقديم منتجات تلبي تلك الرغبات والحاجات كما توجهنا برفع كفاءة خدمة العملاء من خلال دمجها مع الذكاء الاصطناعي محققين بذلك تقدمًا ملحوظًا أضاف ميزةً تنافسيةً للبنك الأهلي الأردني بين البنوك الأخرى .
AHLI|2024-04-29|DisclosuresChairmansStatement|jsc_DisclosureOfStatementOfBoardOfDirectorsChairman|0|ar|13,AHLI,2024-04-29,ar,DisclosuresChairmansStatement,0.8869,1,Cloud,Cloud,True,False,طبق,1,كما قمنا أيضا بتأسيس البرنامج التعليمي “ahli Future” لسد الفجوات المهارية في مجال التكنولوجيا حيث قام البنك بتوقيع شراكات بحث علمي مع بعض الجامعات الأردنية الحكومية والخاصة لتطوير منتجات وخدمات توفر الوقت والجهد على العميل وتطبق أحدث ما توصلت له التكنولوجيا والأبحاث العلمية، وفي إطار سعي البنك لتكريس جهوده نحو مستقبل أكثر استدامة تم تعزيز استدامة العمليات البنكية بتحويلها نحو الحوسبة السحابية .
AHLI|2024-04-29|DisclosuresDirectorsReport|jsc_DescriptionOfCompanysMainActivitiesWithTheirRespectiveGeographicalLocationsSizeOfCapitalInvestmentAndNumberOfEmployees|0|en|67,AHLI,2024-04-29,en,DisclosuresDirectorsReport,0.9987,1,AI/ML,AI/ML,True,True,launch,2,"On the other hand, the bank launched “Ahli Chat GPT,” integrating artificial intelligence functions into the bank’s chat services."
AHLI|2024-04-29|DisclosuresDirectorsReport|jsc_DescriptionOfCompanysMainActivitiesWithTheirRespectiveGeographicalLocationsSizeOfCapitalInvestmentAndNumberOfEmployees|0|en|69,AHLI,2024-04-29,en,DisclosuresDirectorsReport,0.9985,1,Cloud,Cloud,False,False,adopt,1,New cloud-based technologies have been adopted to streamline operations and provide a sustainable paperless model to enhance the efficiency of banking operations.
AHLI|2024-04-29|DisclosuresDirectorsReport|jsc_DescriptionOfCompanysMainActivitiesWithTheirRespectiveGeographicalLocationsSizeOfCapitalInvestmentAndNumberOfEmployees|0|ar|22,AHLI,2024-04-29,ar,DisclosuresDirectorsReport,0.9986,1,AI/ML,AI/ML,True,True,دمج,2,كما قمنا باطلاق “ahli Chat GPT” حيث دمجنا وظائف الذكاء الاصطناعي في خدمات الدردشة الخاصة بالبنك الأهلي حيث تتيح هذه التكنولوجيا للعملاء الاستفسار عن كافة الخدمات والمنتجات وأي أسئلة قد يرغب العميل بسؤالها للاجابة عليها مباشرة، كما قمنا باعتماد تقنيات جديدة تستند إلى الحلول السحابية لتبسيط العمليات وتقديم نموذج عمل مستدام خالي من الاوراق لزيادة كفاءة عملياتنا البنكية .
AHLI|2024-04-29|DisclosuresDirectorsReport|jsc_DisclosureOfCompanysContributionToEnvironmentalProtectionAndLocalCommunityService|0|en|96,AHLI,2024-04-29,en,DisclosuresDirectorsReport,0.9984,1,AI/ML,AI/ML,False,False,,1,"Additionally, we collaborate with several schools and universities by offering advanced technology and artificial intelligence programs & activities."
AHLI|2024-04-29|DisclosuresDirectorsReport|jsc_DisclosureOfCompanysContributionToEnvironmentalProtectionAndLocalCommunityService|0|en|98,AHLI,2024-04-29,en,DisclosuresDirectorsReport,0.9985,1,AI/ML,AI/ML,False,False,,1,"For instance, we supported the “Eureka Academy Education Project - Phase Three.” This project aims to train and prepare 1,000 male and female students from 100 public schools in various technology-related courses, including artificial intelligence, programming, and information security."
AHLI|2024-04-29|DisclosuresDirectorsReport|jsc_DisclosureOfCompanysContributionToEnvironmentalProtectionAndLocalCommunityService|0|ar|56,AHLI,2024-04-29,ar,DisclosuresDirectorsReport,0.9985,1,AI/ML,AI/ML,False,False,,1,الابتكار والإبداع المجتمعي : نقوم بدعم العديد من البرامج التي تشجع الابتكار والبحث العلمي وريادة الأعمال في العديد من القطاعات بالاضافة إلى التعاون مع العديد من المدارس والجامعات من خلال تقديم دورات التكنولوجيا المتقدمة والذكاء الاصطناعي بالاضافة إلى تعزيز المشاريع والأعمال الريادية المعنية بالتطوير في مختلف القطاعات عن طريق التكنولوجيا، حيث قمنا بدعم «مشروع مؤسسة أكاديمية يوريكا للتعليم التكنولوجي بمرحلته الثالثة» والذي يعنى بتدريب وتأهيل ألف طالب وطالبة من 100 مدرسة حكومة على مساقات مختلفة بالتكنولوجيا منها الذكاء الاصطناعي والبرمجة إضافة إلى أمن المعلومات.
AHLI|2024-04-29|NotesListOfNotes|jsc-rep_AdoptionOfNewAndRevisedInternationalFinancialReportingStandards|0|ar|36,AHLI,2024-04-29,ar,NotesListOfNotes,0.0006,0,none,,False,False,,0,تعديلات على معيار المحاسبة الدولي 7 قائمة التدفقات النقدية والمعيار الدولي لإعداد التقارير المالية 7 الأدوات المالية: الإفصاحات - ترتيبات تمويل الموردين تضيف التعديلات هدف إفصاح إلى معيار المحاسبة الدولي (7) ينص على أن المنشأة مطالبة بالإفصاح عن معلومات حول ترتيبات تمويل الموردين الخاصة بها والتي تمكن مستخدمي القوائم المالية من تقييم آثار تلك الترتيبات على التزامات المنشأة وتدفقاتها النقدية.
AIFE|2024-03-14|DisclosuresDirectorsReport|jsc_DisclosureOfCompanysContributionToEnvironmentalProtectionAndLocalCommunityService|0|en|0,AIFE,2024-03-14,en,DisclosuresDirectorsReport,0.9956,1,AI/ML,AI/ML,False,False,,1,"Twenty-one: The university’s contribution to serving the local community for the year 2023 1) Appointing two representatives on the Council of the Center for Counseling, Continuing Education and Community Service from actors in the local community. 2) Holding a free training course for Giza Municipality employees, “AutoCAD Engineering Drawing,” in cooperation with the Giza Municipality. 3) Training workshop/seminar entitled (Energy, renewable energy and its applications). 4) Holding a training workshop entitled “The Importance of Science, Technology and Space” presented by the academic department at the Regional Center for Teaching Space Science and Technology/The Royal Jordanian Geographical Center. 5) An awareness seminar entitled “Combat Human Trafficking” delivered by Major Muhammad Khalifat, Director of the Anti-Human Trafficking Unit - Criminal Investigation. 6) Lecturers entitled (Artificial Intelligence, Chat GPT, Where to?) in cooperation with the College of Information Technology. 7) Organizing a blood donation campaign in cooperation with the “We” volunteer platform affiliated with the Crown Prince Foundation, the Deanship of Student Affairs, and the Blood Bank (Ministry of Health). 8) Participation in the Dafa volunteer campaign in cooperation with the Community Service and Cultural Activities Committee at the university."
AIFE|2024-03-14|DisclosuresDirectorsReport|jsc_DisclosureOfCompanysContributionToEnvironmentalProtectionAndLocalCommunityService|0|ar|5,AIFE,2024-03-14,ar,DisclosuresDirectorsReport,0.9987,1,AI/ML,AI/ML,False,False,,1,6)محاضرو بعنوان (الذكاء الاصطناعي Chat GPT الى اين ؟) بالتعاون مع كلية تكنولوجيا المعلومات.
AIFE|2024-03-14|DisclosuresDirectorsReport|jsc_DisclosureOfImportantProspectiveDevelopmentsIncludingAnyNewExpansionsAndProjectsCompanysProposedPlanForAtLeastOneUpcomingYearAndBoardOfDirectorsForecastsForOutcomesOfCompanyActivities|0|en|5,AIFE,2024-03-14,en,DisclosuresDirectorsReport,0.9986,1,AI/ML,AI/ML,False,False,,1,Supporting the rehabilitation of artificial intelligence laboratories with the latest equipment.
AIFE|2024-03-14|DisclosuresDirectorsReport|jsc_DisclosureOfImportantProspectiveDevelopmentsIncludingAnyNewExpansionsAndProjectsCompanysProposedPlanForAtLeastOneUpcomingYearAndBoardOfDirectorsForecastsForOutcomesOfCompanyActivities|0|ar|5,AIFE,2024-03-14,ar,DisclosuresDirectorsReport,0.9987,1,AI/ML,AI/ML,False,False,,1,دعم تأهيل مختبرات الذكاء الاصطناعي بأحدث المعدات.
AMAL|2025-04-24|DisclosuresDirectorsReport|jsc_DisclosureOfCompanysAccomplishmentsSupportedByQuantitativeIndicatorsAndDescriptionOfSignificantOccurrencesToCompanyDuringFiscalYear|0|en|3,AMAL,2025-04-24,en,DisclosuresDirectorsReport,0.9984,1,Cloud,Cloud,False,False,,1,Enhancement of cloud-based systems high availability and disaster recovery.
APOT|2022-04-27|DisclosuresChairmansStatement|jsc_DisclosureOfStatementOfBoardOfDirectorsChairman|0|en|55,APOT,2022-04-27,en,DisclosuresChairmansStatement,0.9986,1,AI/ML,AI/ML,True,False,operate,1,"To realize the aspects of this strategic pillar, the Company’s plans in 2022 include applying the digital transformation strategy and artificial intelligence applications with the aim of digitizing the APC’s administrative and operating processes."
APOT|2022-04-27|DisclosuresChairmansStatement|jsc_DisclosureOfStatementOfBoardOfDirectorsChairman|0|ar|33,APOT,2022-04-27,ar,DisclosuresChairmansStatement,0.9986,1,AI/ML,AI/ML,True,False,بنى,1,أما الاستعداد للتغيير الحتمي، محور الاستراتيجية الثالث، الذي يهدف إلى تطوير إمكانيات الشركة من حيث القدرة على التعامل مع التغيرات المتقلبة والسريعة، وتوفير المرونة في استثمار الفرص أثناء تطبيق النموذج التشغيلي من خلال التركيز على الابتكار، وتبني أفكار خلّاقة لتحسين منتجات الشركة الحالية، وتطوير منتجات جديدة تقدم حلولاً لمشاكل المستهلكين، إلى جانب تفعيل الكفاءة والفاعلية في جميع خطوط الإنتاج، فستعمل الشركة خلال العام 2022 على تطبيق استراتيجية للتحول الرقمي وآليات الذكاء الاصطناعي تهدف إلى رقمنة كافة عمليات الشركة الإدارية والتشغيلية.
APOT|2022-04-27|DisclosuresDirectorsReport|jsc_DisclosureOfDirectorsReport|0|en|68,APOT,2022-04-27,en,DisclosuresDirectorsReport,0.9986,1,AI/ML,AI/ML,False,False,,1,"The Executive Management has also commenced the application of digital reporting methods that were made available to decision makers, in addition to evaluating and studying the application of artificial intelligence in sites where such solutions could be relevant."
APOT|2022-04-27|DisclosuresDirectorsReport|jsc_DisclosureOfDirectorsReport|0|ar|33,APOT,2022-04-27,ar,DisclosuresDirectorsReport,0.9986,1,AI/ML,AI/ML,True,False,ب+مصدر,1,ومن أجل الاستعداد للتغير الحتمي، بدأت الإدارة التنفيذية بإعداد خطة للتحول الرقمي في العام 2021 تهدف إلى رقمنة جميع العمليات الإدارية والتشغيلية في الشركة؛ بحيث تمتد هذه الخطة من الأمور الإدارية لموظفي الشركة إلى المتعاملين الرئيسيين فيها كالموردين والزبائن، كما تشمل هذه الخطة الإدارة الرقمية، وأساليب الرقابة والتحكم عن بُعد في مصانع ومعدات الشركة، إضافة إلى المباشرة بتطبيق أساليب التقرير الرقمية وتوفيرها لصانعي القرار، إلى جانب عملها على تقييم ودراسة تطبيق الذكاء الاصطناعي في المواقع التي يمكن تطبيق تلك الحلول فيها، ومن المتوقع أن يتم الانتهاء من إجراءات التحول في العام 2022.
APOT|2022-04-27|NotesListOfNotes|ifrs-full_DisclosureOfEntitysReportableSegmentsExplanatory|0|en|10,APOT,2022-04-27,en,NotesListOfNotes,0.0005,0,none,,False,False,,0,"Management therefore applied the core principle of IFRS 8, Operating Segments , in determining which of the overlapping financial information sets should form the basis of operating segments."
ARBK|2023-04-30|DisclosuresDirectorsReport|jsc_DescriptionOfCompanysMainActivitiesWithTheirRespectiveGeographicalLocationsSizeOfCapitalInvestmentAndNumberOfEmployees|0|ar|13,ARBK,2023-04-30,ar,DisclosuresDirectorsReport,0.9987,1,AI/ML,AI/ML,False,False,,1,بالإضافة الى ما سبق يعمل البنك على ركائز يقود بموجبها استراتيجيته الرقمية وتلك الخاصة بالابتكار ومن أهمها الذكاء الاصطناعي والتحليل الاستباقي.
ARBK|2023-04-30|DisclosuresDirectorsReport|jsc_DisclosureOfCompanysContributionToEnvironmentalProtectionAndLocalCommunityService|0|ar|13,ARBK,2023-04-30,ar,DisclosuresDirectorsReport,0.0005,0,none,,False,False,,0,• تطبيق العديد من المبادرات التي تستهدف تقليل الطباعة واستخدام الورق ومن بينها: - أتمتة التقارير الداخلية في العديد من دوائر البنك.
ASAS|2025-04-06|DisclosuresDirectorsReport|jsc_TheMembersOfBoardOfDirectorsNamesAndNamesAndRanksOfSeniorExecutiveManagementWithBriefResumeOfEach|0|en|48,ASAS,2025-04-06,en,DisclosuresDirectorsReport,0.003,0,none,,False,False,,0,"Member of the Canadian Corporate Finance Institute Financial Controller at Amin Kawar & Sons Group Executive Finance Manager at ATI Holding Group / Jordan, Iraq, Saudi Arabia, and the United Arab Emirates Financial Manager at Amwal Holding for Investment Head of the Accounting Department at Munir Sukhtian Trading Group Senior Accountant at DHL Danzas Group Senior Accountant at Air France Financial Controller - Orange Jordan Solar Power Plant Project Financial Controller - Shams Ma'an Solar Power Plant Project Financial Controller - Al Hussein Youth City Project - Solar Energy Financial Controller - Yarmouk University Solar Energy Project Financial Controller - Union Bank Solar Energy Project Financial Controller - Ayla Oasis Solar Energy Project Financial Valuation Analyst Specialist in Computer Information Systems and ERP Systems Financial Consultant in Financial and Administrative Restructuring, Valuation, Acquisitions, Listing on the Stock Exchange, and Tax Issues / Jordan and Saudi Arabia"
BOJX|2021-04-30|DisclosuresChairmansStatement|jsc_DisclosureOfStatementOfBoardOfDirectorsChairman|0|en|38,BOJX,2021-04-30,en,DisclosuresChairmansStatement,0.9926,1,Cloud,Cloud,True,True,invest_in,2,And we continue to invest in the technical infrastructure such as Cloud-based computing and information security.
BOJX|2021-04-30|DisclosuresChairmansStatement|jsc_DisclosureOfStatementOfBoardOfDirectorsChairman|0|ar|41,BOJX,2021-04-30,ar,DisclosuresChairmansStatement,0.0008,0,none,,False,False,,0,هذا بالإضافة إلى استكمال المشاريع المتعلقة بأنظمة البيانات الضخمة وذلك في محاولة من البنك لأتمتة عملية استخراج البيانات وجمعها ومعالجتها وعرضها بصورة أكثر فعالية وكفاءة لدعم متخذي القرار.
BOJX|2021-04-30|DisclosuresDirectorsReport|jsc_DisclosureOfCompanysAccomplishmentsSupportedByQuantitativeIndicatorsAndDescriptionOfSignificantOccurrencesToCompanyDuringFiscalYear|0|en|119,BOJX,2021-04-30,en,DisclosuresDirectorsReport,0.9986,1,Big Data,Big Data,True,False,automate,1,"To increase data dependability, the Bank was keen to continue working on strategic projects and speed up on-the-ground implementation, especially Big Data projects aimed to effectively and efficiently automate data extraction, collection, processing and presentation to support decision-makers."
BOJX|2021-04-30|DisclosuresDirectorsReport|jsc_DisclosureOfCompanysAccomplishmentsSupportedByQuantitativeIndicatorsAndDescriptionOfSignificantOccurrencesToCompanyDuringFiscalYear|0|en|126,BOJX,2021-04-30,en,DisclosuresDirectorsReport,0.9982,1,Cloud,Cloud,True,True,automate,2,"Some iterative processes were also automated, as well as the reliance upon cloud computing for several major and innovative systems."
BOJX|2021-04-30|DisclosuresDirectorsReport|jsc_DisclosureOfCompanysAccomplishmentsSupportedByQuantitativeIndicatorsAndDescriptionOfSignificantOccurrencesToCompanyDuringFiscalYear|0|en|172,BOJX,2021-04-30,en,DisclosuresDirectorsReport,0.0005,0,none,,False,False,,0,"The Bank was also the golden sponsor of Injaz’s School Adoption Program (SAP), through which the buildings of Shmeisani Elementary School were completely renovated."
BOJX|2021-04-30|DisclosuresDirectorsReport|jsc_DisclosureOfCompanysAccomplishmentsSupportedByQuantitativeIndicatorsAndDescriptionOfSignificantOccurrencesToCompanyDuringFiscalYear|0|ar|103,BOJX,2021-04-30,ar,DisclosuresDirectorsReport,0.0005,0,none,,False,False,,0,وعلى مستوى المشاريع المتعلقة بتطوير كفاءة العمليات جاري العمل على تطوير نظام إدارة المحتوى الإلكتروني والذي يعتبر من اهم المشاريع على مستوى قطاع العمليات وعلى مستوى استراتيجية البنك حيث ان الحاجة التاريخية للبنك كانت تتمثل بإدارة المحتوى الورقي والتخفيف من اعباء التداول الورقي والذي يلبي بذات الوقت المتطلبات الرقابية والحاجة للاحتفاظ بالمستندات.كما يتم أتمتة بعض العمليات المتكررة، كذلك استمر العمل بأعتماد الحوسبة السحابية على عدة أنظمة رئيسية ومستحدثة.
BOJX|2021-04-30|DisclosuresDirectorsReport|jsc_DisclosureOfCompanysAccomplishmentsSupportedByQuantitativeIndicatorsAndDescriptionOfSignificantOccurrencesToCompanyDuringFiscalYear|0|ar|111,BOJX,2021-04-30,ar,DisclosuresDirectorsReport,0.9986,1,Big Data,Big Data,False,False,,1,كما تم إعداد دراسة تنظيمية لفرع البحرين وتم إضافة عدد من الوظائف بما يواكب توسع أعمال الفرع أبرزها وظيفة محلل بيانات بحيث جاء ذلك ليتوافق مع ما هو مقترح تطبيقه على مستوى الادارة العامة من إضافة وظائف متخصصة في تحليل البيانات على مستوى مخاطر محافظ الائتمان وبما يساعد ويساهم في تطوير وتحسين جودة القرار الائتماني على مستوى دوائر تنمية الأعمال، بالإضافة الى وظيفة خبير اقتصادي Economist .
BOJX|2021-04-30|DisclosuresDirectorsReport|jsc_DisclosureOfImportantProspectiveDevelopmentsIncludingAnyNewExpansionsAndProjectsCompanysProposedPlanForAtLeastOneUpcomingYearAndBoardOfDirectorsForecastsForOutcomesOfCompanyActivities|0|en|10,BOJX,2021-04-30,en,DisclosuresDirectorsReport,0.9986,1,Big Data,Big Data,True,False,develop,1,Data Management and Analytics: With an aim to develop the information and data systems infrastructure at the Group level by completing the implementation of the Big Data project for effectively analyzing and presenting data to support decision-making processes and developing various aspects of the Bank’s operations to be based on information and analytics.
BOJX|2021-04-30|DisclosuresDirectorsReport|jsc_DisclosureOfImportantProspectiveDevelopmentsIncludingAnyNewExpansionsAndProjectsCompanysProposedPlanForAtLeastOneUpcomingYearAndBoardOfDirectorsForecastsForOutcomesOfCompanyActivities|0|en|15,BOJX,2021-04-30,en,DisclosuresDirectorsReport,0.9979,1,Big Data,Big Data,False,False,develop,1,"Staff Empowerment: The training plan was developed in line with the Bank's strategic directions, especially the implementation of the ERM project, the Big Data Project, and the Performance Management Framework."
BOJX|2021-04-30|DisclosuresDirectorsReport|jsc_DisclosureOfImportantProspectiveDevelopmentsIncludingAnyNewExpansionsAndProjectsCompanysProposedPlanForAtLeastOneUpcomingYearAndBoardOfDirectorsForecastsForOutcomesOfCompanyActivities|0|ar|5,BOJX,2021-04-30,ar,DisclosuresDirectorsReport,0.9986,1,Big Data,Big Data,False,False,,1,تطوير منظومة إدارة البيانات والتحليل: بهدف تهيئة البنية التحتية لأنظمة المعلومات والبيانات على مستوى المجموعة من خلال استكمال العمل على تطبيق منظومة البيانات الضخمة Big Data وتحليل وعرض البيانات، لدعم عمليات صنع القرار، وتطوير مختلف جوانب العمل بالبنك بالاستناد إلى المعلومات.
BOJX|2021-04-30|DisclosuresDirectorsReport|jsc_DisclosureOfImportantProspectiveDevelopmentsIncludingAnyNewExpansionsAndProjectsCompanysProposedPlanForAtLeastOneUpcomingYearAndBoardOfDirectorsForecastsForOutcomesOfCompanyActivities|0|ar|8,BOJX,2021-04-30,ar,DisclosuresDirectorsReport,0.9986,1,Big Data,Big Data,True,False,ب+مصدر,1,تمكين فريق العمل : تم بناء خطة التدريب بالتوافق مع توجهات البنك الاستراتيجية؛ وخاصة تطبيق مشروع ERM ، وتطبيق منظومة البيانات الضخمة Big Data وكذلك تطبيق مشروع إدارة الأداء المالي المؤسسي، حيث سيعمل البنك على توفير الفرص التدريبية اللازمة التي تتناسب والاحتياجات الفعلية بما يساهم في الارتقاء بمستويات الأداء، وسوف يستمر في تحسين بيئة العمل في البنك من خلال تطوير وأتمتة خدمات وعمليات الموارد البشرية، وبناء وتطوير أنظمة وسياسات العمل المرن والعمل عن بعد.
CAPL|2024-04-29|DisclosuresDirectorsReport|jsc_DisclosureOfDirectorsReport|0|en|80,CAPL,2024-04-29,en,DisclosuresDirectorsReport,0.9982,1,ERP,ERP,True,True,develop,2,"The IT asset management system was upgraded to include all information systems assets. 38 Board of Directors Report Software Development In the area of software development, the bank adopted the international standards for flexible and secure development in developing digital services, starting with Capital Mobile, Blink, MuleSoft API / Middleware."
CAPL|2024-04-29|DisclosuresDirectorsReport|jsc_DisclosureOfDirectorsReport|0|en|83,CAPL,2024-04-29,en,DisclosuresDirectorsReport,0.9969,1,ERP,ERP,False,False,launch,1,The project to replace the IBM Middleware system with the MuleSoft API / Middleware system was launched.
CAPL|2024-04-29|DisclosuresDirectorsReport|jsc_DisclosureOfDirectorsReport|0|en|94,CAPL,2024-04-29,en,DisclosuresDirectorsReport,0.9977,1,Cloud|ERP,Cloud|ERP,False,True,operate,1,"Cybersecurity benchmarks were adopted on various operating systems (Windows, Linux, AIX) as well as the operating cloud computing systems (Office 365, Oracle Cloud)."
CAPL|2024-04-29|DisclosuresDirectorsReport|jsc_DisclosureOfDirectorsReport|0|en|125,CAPL,2024-04-29,en,DisclosuresDirectorsReport,0.9959,1,SAR,SAR,False,False,,1,Work is underway to complete the archiving of Société Générale Bank’s documents. 2. The completion of electronic archiving of portfolios and daily operations.
CAPL|2024-04-29|DisclosuresDirectorsReport|jsc_DisclosureOfDirectorsReport|0|en|132,CAPL,2024-04-29,en,DisclosuresDirectorsReport,0.9984,1,AI/ML,AI/ML,False,False,develop,1,"Data and Artificial Intelligence Division In 2023, more than 140 reports and dashboards were developed and published, bringing the total to more than 250 reports and dashboards covering more than 500 key performance indicators (KPI)."
CAPL|2024-04-29|DisclosuresDirectorsReport|jsc_DisclosureOfDirectorsReport|0|en|133,CAPL,2024-04-29,en,DisclosuresDirectorsReport,0.9986,1,Big Data,Big Data,False,False,,1,"Here are some notable examples: 1. Acquiring Business Dashboard: A comprehensive performance dashboard for acquiring business that provides insights into merchant onboarding, merchant withdrawal, top merchant categories, pointof- sale transaction analyses, revenue breakdowns and behavioral analytics. 2. Mobile Banking Board KPIs: Provides updates on KPIs required by a bank's Board of Directors for mobile banking performance, including new registrations, engagement, transactions, adoption and more. 3. Branch Dashboards: Covers sales and service performance indicators related to waiting times, service times, sales numbers, customer digital migration, etc. 4. Blink Exco Dashboard: A data-focused dashboard for Blink's executive committee that provides updates on all key areas of the bank’s business including customer acquisition, sales, delays and collections, transactions, customer behavior by target personas and more."
CAPL|2024-04-29|DisclosuresDirectorsReport|jsc_DisclosureOfDirectorsReport|0|en|135,CAPL,2024-04-29,en,DisclosuresDirectorsReport,0.9986,1,AI/ML,AI/ML,False,False,develop,1,A detailed data governance policy covering the components identified in the data governance framework was also prepared. 45 Capital Bank | Annual Report 2023 Two machine learning models were developed to market and sell personal loans and credit cards that are designed to identify existing bank customers who have not taken out any personal loans or credit card and who are most likely to get one.
CAPL|2024-04-29|DisclosuresDirectorsReport|jsc_DisclosureOfDirectorsReport|0|en|137,CAPL,2024-04-29,en,DisclosuresDirectorsReport,0.9987,1,AI/ML,AI/ML,False,False,develop,1,One machine learning model was developed to help improve phone calls by employees to persuade customers to register on the bank’s app.
CAPL|2024-04-29|DisclosuresDirectorsReport|jsc_DisclosureOfDirectorsReport|0|en|139,CAPL,2024-04-29,en,DisclosuresDirectorsReport,0.9987,1,AI/ML,AI/ML,False,False,,1,"Various initiatives were introduced that directly impacted the strategic transformation of the bank's digital platform, including dashboards for the bank's app and website, dashboards for digital transformation behavior of customers, digital customer acquisition ratio, efficiency and reliability of digital channels, a machine learning model for mobile bank registrations to accelerate registrations, digital service standards, and many other initiatives."
CAPL|2024-04-29|DisclosuresDirectorsReport|jsc_DisclosureOfDirectorsReport|0|en|141,CAPL,2024-04-29,en,DisclosuresDirectorsReport,0.9987,1,Big Data,Big Data,True,False,use,1,"The most prominent of these initiatives are: 1. Automating the complex manual process of Visa Settlement Services (VSS) that previously involved manually extracting data from multiple text files for one-click execution through machine learningenhanced software in the Python programming language. 2. Certificates of Financial Position and Interest: Automating the complex manual process of issuing certificates of financial position, credit interest and debit interest for one-click execution through a BPM application based on data supplied from the EDWH data warehouse. 3. Sequestration (Courts): Automating the manual process of searching customers (one by one) listed on court sequestration orders across the bank's core systems, which used to require navigating among multiple screens individually."
CAPL|2024-04-29|DisclosuresDirectorsReport|jsc_DisclosureOfDirectorsReport|0|ar|91,CAPL,2024-04-29,ar,DisclosuresDirectorsReport,0.012,0,none,,False,False,,0,"تم اعتماد معايير الأمن السيبراني ) Security Benchmarks ( على مختلف أنظمة التشغيل ) )Windows, Linux, AIX وأنظمة الحوسبة السحابية العاملة ) Oracle Cloud , Office 365 ( ، كما تمت ترقية أنظمة التشغيل والأنظمة الحيوية وإغلاق العديد من الثغرات ."
CAPL|2024-04-29|DisclosuresDirectorsReport|jsc_DisclosureOfDirectorsReport|0|ar|145,CAPL,2024-04-29,ar,DisclosuresDirectorsReport,0.9986,1,Big Data,Big Data,False,False,,1,تم تقديم مبادرات مختلفة تؤثر مباشرة على التحول الاستراتيجي لمنصة البنك الرقمية بما في ذلك لوحات المعلومات لتطبيق البنك وموقع الإنترنت، لوحات لسلوك التحول الرقمي للعملاء، ونسبة الاستحواذ الرقمي على العملاء، وكفاءة وموثوقية القنوات الرقمية، ونموذج التعلم الآلي لتسجيلات البنك المتنقل لتسريع التسجيلات، ومعايير الخدمات الرقمية، والعديد من المبادرات الأخرى .
CAPL|2024-04-29|DisclosuresDirectorsReport|jsc_DisclosureOfDirectorsReport|0|ar|148,CAPL,2024-04-29,ar,DisclosuresDirectorsReport,0.0007,0,none,,False,False,,0,2 شهادات المركز المالي والفوائد : أتمتة العملية اليدوية المعقدة لإصدار شهادات المركز المالي، والفائدة الدائنة، والفائدة المدينة لتنفيذها بنقرة واحدة من خلال تطبيق إدارة عمليات الأعمال BPM استناداً إلى البيانات المزودة من مستودع البيانات .EDWH .
CAPL|2024-04-29|DisclosuresDirectorsReport|jsc_DisclosureOfDirectorsReport|0|ar|242,CAPL,2024-04-29,ar,DisclosuresDirectorsReport,0.9986,1,Big Data,Big Data,False,False,,1,ويتم استخدام تحليل البيانات إلى تعزيز جهود البيع والنمو، وستعزز الجهود أيضاً كفاءة الفروع وتنفيذ استراتيجية « بدون فروع بنكية » ، كما سيتم التركيز على تطوير الخدمات المصرفية المفتوحة .
CAPL|2024-04-29|DisclosuresDirectorsReport|jsc_DisclosureOfImportantProspectiveDevelopmentsIncludingAnyNewExpansionsAndProjectsCompanysProposedPlanForAtLeastOneUpcomingYearAndBoardOfDirectorsForecastsForOutcomesOfCompanyActivities|0|en|7,CAPL,2024-04-29,en,DisclosuresDirectorsReport,0.9986,1,AI/ML,AI/ML,True,True,leverage,2,"Moreover, we at Capital Bank Group are leveraging the power of artificial intelligence and machine learning to revolutionize electronic services."
CAPL|2024-04-29|DisclosuresDirectorsReport|jsc_DisclosureOfImportantProspectiveDevelopmentsIncludingAnyNewExpansionsAndProjectsCompanysProposedPlanForAtLeastOneUpcomingYearAndBoardOfDirectorsForecastsForOutcomesOfCompanyActivities|0|ar|2,CAPL,2024-04-29,ar,DisclosuresDirectorsReport,0.9985,1,Big Data,Big Data,False,False,,1,كما نعمل في مجموعة بنك كابيتال على إدخال تكنولوجيا الذكاء االصطناعي وخاصية تعلم اآللة لتوفير الخدمات اإللكترونية من خالل تحليل البيانات والتعرف على أنسب الحلول المصممة خصيصا لتالئم احتياجات العميل بناء على مقترحات وتوصيات التنبؤ المسبق والتحليل الذكي، عدا عن توفير خدمات الرد اآللي الذكي وعلى مدار الساعة كافة أيام االسبوع .
DERA|2022-04-25|NotesListOfNotes|ifrs-full_DisclosureOfEntitysReportableSegmentsExplanatory|0|en|0,DERA,2022-04-25,en,NotesListOfNotes,0.0006,0,none,,False,False,,0,Segment reporting Business segments represent distinguishable components of the Group that are engaged in providing products or services which are subject to risks and rewards that are different from those of other segments and are measured based on the reports sent to the chief operating decision maker.
HPIC|2024-03-30|DisclosuresDirectorsReport|jsc_DisclosureOfIssuingCompanysOrganizationalChartNumberOfItsEmployeesAndTheirClassesOfQualificationAndItsPersonnelQualifyingAndTrainingPrograms|0|en|5,HPIC,2024-03-30,en,DisclosuresDirectorsReport,0.9981,1,AI/ML|ERP,AI/ML|ERP,True,True,use,2,"Hayat maintains records of the training obtained by each employee, as shown below: No. of Attendees External Training Courses No. 1 Critical Thinking Approach in Computer System Validation in Line with ISPE GAMP 5 2nd Edition & FDAs Computer Software Approach 27 Quality Risk Management 1 Introducing Smart Data Collection and Tools to Cut Energy Cost 1 Energy Efficiency Technologies and Waste Management 1 The Billing System and Income Tax 1 Principles of Pharmacovigilance & Advanced Pharmacovigilance 1 An introductory to the necessary requirements, application mechanism and eligibility conditions, to support industrial establishments in achieving benefit from the programs of the Social Development Fund 2 Dust Control System 24 Data Integrity 2 Cost Management 1 Increasing Sales And Building Marketing Plans Using Artificial Intelligence 2 Bioequivalence In Tech Transfer Products 2 Nitrosamine Impurities & Risk Assessment 2 Data Exclusivity in the Pharmaceutical Industry 1 Micro Instruments Devices 69 Total Attendees 48 Total Beneficiaries * No. of Attendees Internal Training Courses No. 20 Safety in production areas 21 Good Documentation Practices in Production 3 Methods of measuring temperature and humidity rates in the raw materials warehouse and the finished materials warehouse 24 Personal Hygiene in Production 8 Good Documentation Practices in Warehouse 21 Good Documentation Practices in Packaging 18 Personal Hygiene in Packaging 19 Cleaning the production and packaging areas and changing rooms 17 Standard working method for the products’ secondary packaging process 6 R&D Product Development cycle 5 Write daily formulation experiment in the personal note book 4 Validation/Verification of Analytical Method 4 Stability testing of new products 21 Maintenance Activity 7 The standard operations procedure for using Maintenance Module on ERP system 7 Comprehensive security and protection procedures 4 Change Control Procedures 5 Corrective and Preventive Actions (CAPA) Program 3 Deviation Management 5 Process Validation 5 Acceptance Sampling for Manufactured/Packaged Products 4 Calibration 3 Computer System Validation 9 Necessary procedures upon completion of work inside the laboratory 22 Public safety in laboratories 19 Micro/QCL laboratory waste disposal 2 84 Total Attendees 148 Total Beneficiaries * * The number of beneficiaries differs from the number of attendees because some workers attend more than one training course The employee turnover rate in 2023 was about 14%."
INVB|2023-04-27|DisclosuresDirectorsReport|jsc_DisclosureOfCompanysRiskExposure|0|ar|33,INVB,2023-04-27,ar,DisclosuresDirectorsReport,0.9987,1,Big Data,Big Data,False,False,,1,- تحليل البيانات والقوائم المالية الخاصة بالعميل لإستخراج أهم النسب المالية والمؤشرات التي تساعد في اتخاذ القرارات الإئتمانية .
INVB|2023-04-27|DisclosuresDirectorsReport|jsc_DisclosureOfCompanysRiskExposure|0|ar|79,INVB,2023-04-27,ar,DisclosuresDirectorsReport,0.9986,1,Big Data,Big Data,False,False,,1,-8 احتساب نسبة الخسارة بإفتراض التعثر ) LGD ( حيث قام البنك بعملية الاحتساب من خال تحليل البيانات التاريخية لمعدلات التحصيات للبنك ) Recovery Rates ( وذلك بعد الاخذ بعن الاعتبار مجموعة من العوامل أهمها طبيعة الضمانات والمنتجات وتصنيف العميل وبناءً عليه فقد تم تطوير نسب ) LGD ( على مستوى إفرادي للعماء المصنفن وغير المصنفين من خلال نظام التصنيف الإئتماني الداخلي .__
INVB|2023-04-27|DisclosuresDirectorsReport|jsc_DisclosureOfIssuingCompanysOrganizationalChartNumberOfItsEmployeesAndTheirClassesOfQualificationAndItsPersonnelQualifyingAndTrainingPrograms|0|en|7,INVB,2023-04-27,en,DisclosuresDirectorsReport,0.0007,0,none,,False,False,,0,"Following is the number of employees in each location: d. Head Office and Branches/INVESTBANK Item Number Head Office/ Abdul Hamid Sharaf Street 283 Main Branch / Head Office 14 Prime clients service center / Head office 12 Makkah Branch / Makkah Street 6 Emar Branch / Emar Towers 7 Taj Mall Branch / Taj Mall 9 Sweifiyah Branch / Wakalat Street 6 Wihdat Branch / Al Sharq Al Awsat Roundabout 5 Sahab Branch / Sahab Industrial City 5 Zarqa Branch / King Hussein Street 4 Irbid Branch / Wasfi Eltal Street 5 Aqaba Branch / AlNahda Street 5 Abdoun Branch / Suleiman Qudah Street 4 Dabouq Branch / Mohammad Ahmad Tareef Street 5 Sales Department 166 Total 536 Subsidiaries/ INVESTBANK: Subsidiaries Al Istethmari Letamweel Selselat Al IMDAD / Al Juwaideh 45 Tamkeen Leasing Company / Makkah Street 24 Jordan Trade Facilities Company / Shmeisani 85 Bindar for Trade and Investment Company * A subsidiary of Tamkeen Leasing Company 82 Total 236 e. Development of employee skills: The Bank is keen on qualifying its staff and developing the knowledge, skills and abilities of its employees to enable them to carry out their work efficiently and effectively, and contribute to improving the performance and productivity of the Bank and providing the best level of services. 90% of the Bank's staff participated in a number of specialized training courses and workshops, including: Training Course Advance time management Advanced Excel Certified Global banking specialist CMA COBIT 2019 Commercial banking and credit analysis CORM Cyber Security Audit Confirmation DIGITAL MARKETING Discover Microsoft Security Disruptive Strategy Excel ECIH Financial Modeling & Valuation Analyst FINCON JO 2022 GTC- GLABLA TRADE CERTIFICATE IFRS9 IFRS9 IFRS17 IFRS 16 ISACA Conference Nat+Java ORACLE 19 SQL ORACLE 19 Oracle DBA PMP Power Bi specialized professional risk diploma Tbeleau Course Risk management and financial derivatives Time management and work pressure management Strategies of positive thinking during the crises Cybersecurity and challenges of banking stability Training program on technical analysis and theories of price cycles in the financial market Comprehensive training program for bankers Comprehensive training program for bank tellers Training program for developing the skills of customer service and call center agents Electronic cards and banking services Digital banks Basic and advanced financial analysis Bank marketing and customer service Banking legislation related to credit Corporate governance Specialized professional diploma in banking credit Specialized professional diploma in financial analysis Specialized professional diploma for qualification of new bankers Risk management group annual meeting Master’s degree in finance and banks Advanced sales Legal aspects of banking transactions Training workshop on “AML and CFT” from the perspective of supervisory bodies Basics of sanctions and embargoes Basics of combating fraud Program for development of leadership and administrative skills Training on the business continuity plan Evaluation of collection staff skills in debt follow up and collection Evaluation of risk management, and internal control systems Foreign trade finance and bank guarantees Development of leadership skills ACH direct debit service Diploma in management of bank branches Study and analysis of customer complaints Confidentiality of banking operations Certified Internal Control Specialist ( CICS ) Issues related to protection of financial customers and customer complaints Detecting bank counterfeit and forgery International Cybersecurity Summit Introduction to banks Introduction to bank products and services AML and CFT Information technology governance forum Presentation and communications skills Leadership and motivation skills Developing the skills of call center and customer service agents Cybersecurity summit conference A workshop on cyber insurance A workshop on re-development of the scoring assessment system A workshop on Common Reporting Standard (CRS)"
INVB|2023-04-27|NotesListOfNotes|ifrs-full_DisclosureOfCreditRiskExplanatory|0|ar|4,INVB,2023-04-27,ar,NotesListOfNotes,0.9987,1,Big Data,Big Data,False,False,,1,تحليل البيانات والقوائم المالية الخاصة بالعميل لإستخراج أهم النسب المالية والمؤشرات التي تساعد في اتخاذ القرارات الإئتمانية.
INVB|2023-04-27|NotesListOfNotes|ifrs-full_DisclosureOfCreditRiskExplanatory|0|ar|50,INVB,2023-04-27,ar,NotesListOfNotes,0.9986,1,Big Data,Big Data,False,False,,1,احتساب نسبة الخسارة بإفتراض التعثر ( LGD ) حيث قام البنك بعملية الاحتساب من خلال تحليل البيانات التاريخية لمعدلات التحصيلات للبنك ( Recovery Rates ) وذلك بعد الاخذ بعين الاعتبار مجموعة من العوامل أهمها طبيعة الضمانات والمنتجات وتصنيف العميل وبناءً عليه فقد تم تطوير نسب ( LGD ) على مستوى إفرادي للعملاء المصنفين وغير المصنفين من خلال نظام التصنيف الإئتماني الداخلي.
JCBK|2022-03-31|DisclosuresDirectorsReport|jsc_DisclosureOfCompanysAccomplishmentsSupportedByQuantitativeIndicatorsAndDescriptionOfSignificantOccurrencesToCompanyDuringFiscalYear|0|en|99,JCBK,2022-03-31,en,DisclosuresDirectorsReport,0.9984,1,Cloud,Cloud,True,False,develop,1,"IT Department: The IT Department continued to work to improve the efficiency of its various services by providing support and assistance to the Bank's various business sectors, as well as providing innovative technical solutions at the level of equipment, systems, and networks, with the goal of achieving the following strategic objectives and considerations: The cloud e-mail services have been activated after updating the infrastructure of servers, operating systems, and communication equipment to ensure uninterrupted service provision and to develop and improve the level and speed of performance."
JCBK|2022-03-31|DisclosuresDirectorsReport|jsc_DisclosureOfCompanysAccomplishmentsSupportedByQuantitativeIndicatorsAndDescriptionOfSignificantOccurrencesToCompanyDuringFiscalYear|0|ar|76,JCBK,2022-03-31,ar,DisclosuresDirectorsReport,0.9546,1,Cloud,Cloud,False,False,,1,دائرة تكنولوجيا المعلومات واصلــت دائــرة تكنولوجيـا المعلومـات جهودهـا لتطويــر ورفــع كفــاءة خدماتها المختلفـة من خلال تقديم الدعــم والمسـاندة لمختلف قطاعــات العمل في البنك، وتقديــم الحلـول التقنيــة المبتكـرة علـى مســتوى الأجهزة والخـوادم والأنظمة والشــبكات، مـع الاخذ بعيـن الاعتبار تطبيق أعلـى درجــات الامن والحمايـة لدعــم وإنجــاح تطلعـات البنــك وأهدافه الاستراتيجية، وذلك كما يلي: تحديـث البنيـة التحتيـة مـن خـوادم، وأنظمـة تشـغيل ومعـدات اتصال لضمـان اسـتمراريـة تقديــم الخدمــات علــى أكمــل وجــه دون توقــف أو انقطــاع، ولتطويــر وتحســين مســتوى وســرعة الأداء، تم الانتهاء من تفعيل خدمات البريد الالكتروني على الحوسبة السحابية.
JEIH|2024-04-04|NotesListOfNotes|ifrs-full_DisclosureOfEntitysReportableSegmentsExplanatory|0|en|0,JEIH,2024-04-04,en,NotesListOfNotes,0.0006,0,none,,False,False,,0,"Segment reporting The Company is engaged mainly in investment in financial assets and real estate and brokerage activities as follow: 2023 2022 Inside Jordan Outside Jordan Inside Jordan Outside Jordan Income from investment in financial assets 258,184 1,525,494 307,228 (174,468) Income from brokerage activities 387,711 - 327,198 - Assets related to investment in financial assets 5,684,026 8,154,736 4,527,490 8,217,734 Assets related to investment in real estate 2,897,534 - 2,846,481 - Assets related to brokerage activities 1,253,174 - 1,327,511 -"
JEIH|2024-04-04|NotesListOfNotes|ifrs-full_DisclosureOfNotesAndOtherExplanatoryInformationExplanatory|0|en|106,JEIH,2024-04-04,en,NotesListOfNotes,0.0006,0,none,,False,False,,0,"Segment reporting The Company is engaged mainly in investment in financial assets and real estate and brokerage activities as follow: 2023 2022 Inside Jordan Outside Jordan Inside Jordan Outside Jordan Income from investment in financial assets 258,184 1,525,494 307,228 (174,468) Income from brokerage activities 387,711 - 327,198 - Assets related to investment in financial assets 5,684,026 8,154,736 4,527,490 8,217,734 Assets related to investment in real estate 2,897,534 - 2,846,481 - Assets related to brokerage activities 1,253,174 - 1,327,511 - 24 ."
JOEP|2024-04-30|DisclosuresChairmansStatement|jsc_DisclosureOfStatementOfBoardOfDirectorsChairman|0|ar|1,JOEP,2024-04-30,ar,DisclosuresChairmansStatement,0.0008,0,none,,False,False,,0,حضرات المساهمين الكرام في مجال إستراتيجية الاتصال المؤسسي فقد تم الانتهاء من أعمال تقييم وصياغة استراتيجية وخطط تنفيذية خاصة بالشركة لتتوافق مع أهدافها وتطلعاتها المستقبلية وتدعم مشاريع التطوير التي يتم تنفيذها في مجالات العدادات الذكية والارتقاء في خدمات المشتركين ومراكز وفروع الشركة ومعالجة المخاطر المحتملة سواء على المستوى الاستراتيجي او التنفيذي والتشغيلي وبما يؤدي في النهاية الى تكريس صورة ايجابية عن الشركة ونشاطاتها والقيمة المضافة التي تشكلها للاقتصاد الاردني والمساهمين والمشتركين على حدّ سواء .
JOEP|2024-04-30|DisclosuresDirectorsReport|jsc_DescriptionOfSubsidiaryCompaniesNatureOfTheirBusinessAndTheirAreasOfActivity|0|en|0,JOEP,2024-04-30,en,DisclosuresDirectorsReport,0.0007,0,none,,False,False,,0,"SUBSIDIARY AND AFFILIATE COMPANIES - The company owns 100% of the shares of LIGHTING GATE FOR CLOUD SERVICES amounting to (250,000) dinars/shares. this company, which is located at Khalda/amman, carries OUT CLOUD computing work for electricity companies and other sectors inside and outside Jordan.the company employes ) 34) people The company owns a 51% of the shares of Fibertech,(private limited company) the total number of shares is 40million dinars /share. this company, based in Amman at Jabal Amman's 3rd circle, offers new communication infrastructure by extending a suspended fiber-optic network in the working areas of Jepco."
JOEP|2024-04-30|DisclosuresDirectorsReport|jsc_DescriptionOfSubsidiaryCompaniesNatureOfTheirBusinessAndTheirAreasOfActivity|0|ar|0,JOEP,2024-04-30,ar,DisclosuresDirectorsReport,0.0005,0,none,,False,False,,0,الشركات التابعة والحليفة - تمتلك الشركه ما نسبته 100% من أسهم شركة بوابة البرق للحوسبة السحابية والبالغة (250) ألف دينار / سهم وتقوم هذه الشركة والتي تقع مكاتبها في جبل عمان – الدوار الثالث بأعمال الحوسبة السحابية لشركات الكهرباء والقطاعات الأخرى داخل المملكة وخارجها ، ويبلغ عدد موظفي الشركة (34) موظفاً .
JOEP|2024-04-30|DisclosuresDirectorsReport|jsc_DescriptionOfSubsidiaryCompaniesNatureOfTheirBusinessAndTheirAreasOfActivity|0|ar|2,JOEP,2024-04-30,ar,DisclosuresDirectorsReport,0.0005,0,none,,False,False,,0,م ) والبالغة (40) مليون دينار / سهم وتقوم هذه الشركة والتي تقع مكاتبها في عمان / جبل عمان – الدوار الثالث بتوفير بنية تحتية جديدة للإتصالات عبر مد شبكة للألياف الضوئية المعلقة في مناطق عمل شركة الكهرباء الأردنية وربط العدادات الذكية ومكونات الشبكة الكهربائية المملوكة لها، وتقديم خدمات الإنترنت الفائقة السرعة بالجملة لشركات الإتصالات ومزودي خدمات الإنترنت، ويبلغ عدد موظفي الشركة (42) موظفاً .
JOEP|2024-04-30|DisclosuresDirectorsReport|jsc_TheMembersOfBoardOfDirectorsNamesAndNamesAndRanksOfSeniorExecutiveManagementWithBriefResumeOfEach|0|en|3,JOEP,2024-04-30,en,DisclosuresDirectorsReport,0.0005,0,none,,False,False,,0,CHAIRMAN/JORDAN INSURANCE COMPANY CHAIRMAN OF THE BOARD OF TRUSTEES OF THE GERMAN JORDANIAN UNIVERSITY BOARD OF DIRECTORS' CHAIRMAN OF (LIGHTNING GATE FOR CLOUD SERVICES CO.) BOARD OF DIRECTORS' CHAIRMAN OF (FIBERTECH) CHAIRMAN / MEMBER OF BOARD OF DIRECTORS FOR MANY CHARITY ASSOCIATIONS.
JOEP|2024-04-30|DisclosuresDirectorsReport|jsc_TheMembersOfBoardOfDirectorsNamesAndNamesAndRanksOfSeniorExecutiveManagementWithBriefResumeOfEach|0|en|7,JOEP,2024-04-30,en,DisclosuresDirectorsReport,0.0006,0,none,,False,False,,0,"CO, BOARD OF DIRECTORS' CHAIRMAN OF (NEAR EAST TOURIST CENTER) BOARD OF DIRECTORS' MEMBER OF (ARABIAN INSURANCE CO. / BEIRUT) BOARD OF DIRECTORS' MEMBER OF (ARAB INTERNATIONAL INSURANCE CO. / BAHRAIN) BOARD OF DIRECTORS' MEMBER OF (ARAB GENERAL INSURANCE CO. / AMMAN) BOARD OF DIRECTORS' MEMBER OF (LIGHTING GATE FOR CLOUD SERVICES CO.) MR. YASIN KHALIL YASIN AL-TALHONI /BOARD MEMBER DATE OF BIRTH: 1973 BACHELOR OF ECONOMIC SCIENCES FROM (GEORGE TOWN UNIVERSITY) IN 1994 PRACTICAL EXPERIENCE GENERAL MANAGER OF ZARA INVESTMENT (HOLDING) BOARD OF DIRECTROS' MEMBER / ZARA INVESTMENT (HOLDING) BOARD OF DIRECTROS' VICE CHAIRMAN / JORDAN HOTELS & TOURISM CO. BOARD OF DIRECTROS' MEMBER / JORDAN HIMMEH CO. LTD. BOARD OF DIRECTROS' MEMBER / CAIRO AMMAN BANK."
JOEP|2024-04-30|DisclosuresDirectorsReport|jsc_TheMembersOfBoardOfDirectorsNamesAndNamesAndRanksOfSeniorExecutiveManagementWithBriefResumeOfEach|0|en|20,JOEP,2024-04-30,en,DisclosuresDirectorsReport,0.0005,0,none,,False,False,,0,MEMBER OF THE BOARD OF DIRECTORS OF LIGHTNING CLOUD COMPUTING GATE.
JOEP|2024-04-30|DisclosuresDirectorsReport|jsc_TheMembersOfBoardOfDirectorsNamesAndNamesAndRanksOfSeniorExecutiveManagementWithBriefResumeOfEach|0|en|24,JOEP,2024-04-30,en,DisclosuresDirectorsReport,0.0005,0,none,,False,False,,0,BOARD OF DIRECTORS' MEMBER & SECRETARY TRUSTEE OF (LIGHTNING GATE FOR CLOUD SERVICES CO.) BOARD OF DIRECTORS' MEMBER AT (FIBERTECH) COMPANY.
JOEP|2024-04-30|NotesListOfNotes|ifrs-full_DisclosureOfBasisOfConsolidationExplanatory|0|en|9,JOEP,2024-04-30,en,NotesListOfNotes,0.993,1,Cloud,Cloud,True,False,use,1,"The Group owns the following subsidiary as of December 31, 2023: Company Name Authorized Capital Paid up Capital Ownership Percentage Main Activity Location Lightning Gate for Cloud Services 250,000 250,000 100% Providing technology services to facilitate bills payment and claims electronically Amman- Jordan The following table shows the financial position and financial performance of the subsidiary: In Jordanian Dinar Total Assets Total Liabilities Total Revenues Profit for the year 31 December 2023 707,967 434,074 1,039,388 25,720 31 December 2022 784,783 532,678 925,985 6,099 The Group recognizes combining of the business using the consolidation method when control is transferred to the Group and the transferred benefits from the merger are measured at fair value and are determined by the net asset value."
JOEP|2024-04-30|NotesListOfNotes|ifrs-full_DisclosureOfBasisOfPreparationOfFinancialStatementsExplanatory|0|en|9,JOEP,2024-04-30,en,NotesListOfNotes,0.9936,1,Cloud,Cloud,True,False,use,1,"All assets, liabilities, equity, income and expenses relating to transactions and balances between the company and subsidiary are eliminated on consolidation The Group owns the following subsidiary as of December 31, 2023: Company Name Authorized Capital Paid up Capital Ownership Percentage Main Activity Location Lightning Gate for Cloud Services 250,000 250,000 100% Providing technology services to facilitate bills payment and claims electronically Amman- Jordan The following table shows the financial position and financial performance of the subsidiary: In Jordanian Dinar Total Assets Total Liabilities Total Revenues Profit for the year 31 December 2023 707,967 434,074 1,039,388 25,720 31 December 2022 784,783 532,678 925,985 6,099 The Group recognizes combining of the business using the consolidation method when control is transferred to the Group and the transferred benefits from the merger are measured at fair value and are determined by the net asset value."
JOEP|2024-04-30|NotesListOfNotes|ifrs-full_DisclosureOfEntitysReportableSegmentsExplanatory|0|ar|3,JOEP,2024-04-30,ar,NotesListOfNotes,0.0005,0,none,,False,False,,0,قطاع الأنشطة الأساسية الأخرى تحصيل رسوم النفايات، تحصيل رسوم التلفزيون، دراسات ربط انظمة الطاقة المتجددة ، بيع مواد مرتجعة تالفة (خردة) وبيع أصول، تأجير نقاط تعليق على الأعمدة و تأجير شبكات الياف ضوئية، صيانة إنارة الشوارع ، واستثمارات أخرى من خلال الربح والخسارة والاستثمارات المحتسبة وفقاً لطريقة حقوق الملكية.
JOEP|2024-04-30|NotesListOfNotes|ifrs-full_DisclosureOfIncomeTaxExplanatory|0|en|5,JOEP,2024-04-30,en,NotesListOfNotes,0.0013,0,none,,False,False,,0,"Gate lightning for Cloud services - Subsidiary company: The income tax provision has been calculated on the company’s business results for the year ended December 31, 2023, and previous years in accordance with Income Tax Law No. 38 of 2018 and its subsequent amendments."
JOEP|2024-04-30|NotesListOfNotes|ifrs-full_DisclosureOfIntangibleAssetsExplanatory|0|en|1,JOEP,2024-04-30,en,NotesListOfNotes,0.9655,1,ERP,ERP,True,True,develop,2,"The Company calculate the assets and obligations value to acquire the license and recognized its value at the present value of the payments at a discount rate of 8%, ) Systems under development This item represents payments incurred by the Company against the purchase of a new accounting system (SAP), cost to develop ERP system and mobile application, the development of these systems was not completed as of the date of the consolidated financial statements."
JOEP|2024-04-30|NotesListOfNotes|ifrs-full_DisclosureOfRelatedPartyExplanatory|0|en|2,JOEP,2024-04-30,en,NotesListOfNotes,0.0006,0,none,,False,False,,0,"(12-a) Due from related parties Nature of relationship Balance as of December 31* In Jordanian Dinar 2023 2022 Jordanian Advanced Optical Fiber Company Joint venture 1,725,612 1,990,333 Solidarity Fund Fund - 4,255,374 1,725,612 6,245,707 (12-b) Due to related parties Nature of relationship Balance as of December 31* In Jordanian Dinar 2023 2022 Electrical Equipment Industries Company Associated Company 2,111,647 726,575 Solidarity Fund Fund 80,386 - 2,192,033 726,575 (12-c) Transactions with Related Parties Transactions value In Jordanian Dinar Nature of relationship Nature of transactions 2023 2022 Electrical Equipment Industries Company Associate Company Purchases 7,726,413 4,948,330 Jordanian Advanced Optical Fiber Company Joint Venture Leasing and Supervision 3,846,929 3,836,163 Solidarity Fund Fund Contribution 607,336 640,169 In accordance with the agreement to connect smart meters and substations and the permit, the Jordanian Electricity Company agrees to install the fiber-optic network on the suspension points on the poles of the electrical network, and since the Jordanian Electricity Company desires to exploit the fiber-optic network to support the objectives of electronic transformation for the purposes of the existing license and in order to implement the smart meter program, since in accordance with For the license, the electricity company has the right to practice non-core activities approved by the Authority, which includes leasing electrical networks for other activities in accordance with what exists when the license is granted, which includes telecommunications services ."
JOEP|2024-04-30|NotesListOfNotes|ifrs-full_DisclosureOfRelatedPartyExplanatory|0|ar|2,JOEP,2024-04-30,ar,NotesListOfNotes,0.0005,0,none,,False,False,,0,"( 12 -أ) ذمم مدينة من أطراف ذات علاقة طبيعة الرصيد القائم كما في 31 كانون الأول * بالدينار الأردني العلاقة 2023 2022 الشركة الاردنية المتطورة للألياف الضوئية مشروع مشترك 1,725,612 1,990,333 صندوق التكافل صندوق - 4,255,374 1,725,612 6,245,707 ( 12 -ب) ذمم دائنة لأطراف ذات علاقة طبيعة الرصيد القائم كما في 31 كانون الأول * بالدينار الأردني العلاقة 2023 2022 شركة صناعة المعدات الكهربائية شركة حليفة 2,111,647 726,575 صندوق التكافل صندوق 80,386 - 2,192,033 726,575 ( 12 -ج) المعاملات مع أطراف ذات علاقة طبيعة طبيعة حجم التعامل خلال السنة المنتهية في 31 كانون الأول بالدينار الأردني العلاقة التعامل 2023 2022 شركة صناعة المعدات الكهربائية شركة حليفة مشتريات 7,726,413 4,948,330 الشركة الاردنية المتطورة للألياف الضوئية * مشروع مشترك تأجير واشراف 3,846,929 3,836,163 صندوق التكافل صندوق مساهمة 607,336 640,169 وفقا لاتفاقية ربط العدادات الذكية والمحطات الفرعية والتصريح توافق شركة الكهرباء الأردنية على تركيب شبكة الألياف الضوئية على نقاط التعليق على أعمدة الشبكة الكهربائية وحيث أن شركة الكهرباء الأردنية ترغب في استغلال شبكة الألياف الضوئية لدعم أهداف التحول الالكتروني لغايات الرخصة القائمة ومن أجل تنفيذ برنامج العدادات الذكية حيث أنه وفقا للرخصة يحق لشركة الكهرباء ممارسة الأنشطة غير الأساسية الموافق عليها من قبل الهيئة والتي من ضمنها تأجير الشبكات الكهربائية لأنشطة أخرى وفقاً لما هو قائم عند منح الرخصة والتي يندرج من ضمنها خدمات الاتصالات."
JOEP|2024-04-30|NotesListOfNotes|jsc-rep_DisclosureOfOtherRevenue|0|ar|14,JOEP,2024-04-30,ar,NotesListOfNotes,0.0005,0,none,,False,False,,0,واردات دراسات ربط انظمة الطاقة المتجددة يتم الاعتراف بالإيرادات في نقطة زمنية عندما يتم تسليم الخردة او الأصل للعميل.
JOIB|2023-04-30|NotesListOfNotes|ifrs-full_DisclosureOfCreditRiskExplanatory|0|ar|59,JOIB,2023-04-30,ar,NotesListOfNotes,0.9985,1,Big Data,Big Data,False,True,ب+مصدر,1,احتساب احتمال التعثر ( PIT PD ) باستخدام النظام من خلال تحليل البيانات التاريخية.
JOKB|2025-04-17|DisclosuresChairmansStatement|jsc_DisclosureOfStatementOfBoardOfDirectorsChairman|0|en|38,JOKB,2025-04-17,en,DisclosuresChairmansStatement,0.9983,1,AI/ML,AI/ML,True,False,upgrade,1,"Furthermore, we upgraded the technological infrastructure of our Cyprus branch and enhanced operation efficiency with Robotic Process Automation (RPA) technologies ."
JOKB|2025-04-17|DisclosuresChairmansStatement|jsc_DisclosureOfStatementOfBoardOfDirectorsChairman|0|en|56,JOKB,2025-04-17,en,DisclosuresChairmansStatement,0.9986,1,AI/ML,AI/ML,False,False,,1,"These efforts were recognized with several prestigious international awards in 2024, including “Jordan’s Best Domestic Private Bank” and “Best Local Bank in Jordan for Environmental, Social, and Governance (ESG) Practices” from Euromoney , “Best Corporate Social Responsibility Bank” and “Best SME Bank” in Jordan from Global Banking & Finance Review , the “Award for Excellence in Artificial Intelligence and Machine Learning” from Asian Banking and Finance , and the “ Best Straight-Through Processing (STP) Rate Award” from Citibank , further affirming the bank’s leadership and innovation in providing cutting-edge banking solutions."
JOKB|2025-04-17|DisclosuresChairmansStatement|jsc_DisclosureOfStatementOfBoardOfDirectorsChairman|0|ar|48,JOKB,2025-04-17,ar,DisclosuresChairmansStatement,0.9986,1,AI/ML,AI/ML,False,False,,1,كما نال البنك جائزة الذكاء الاصطناعي والتعلم الآلي من Asian Banking and Finance ، وجائزة أفضل نسبة حوالات صادرة ( STP ) لعام 2023 من سيتي بنك، تأكيداً على ريادته وابتكاره في تقديم حلول مصرفية متقدمة.
JOKB|2025-04-17|DisclosuresDirectorsReport|jsc_DisclosureOfCompanysAccomplishmentsSupportedByQuantitativeIndicatorsAndDescriptionOfSignificantOccurrencesToCompanyDuringFiscalYear|0|en|30,JOKB,2025-04-17,en,DisclosuresDirectorsReport,0.9986,1,AI/ML,AI/ML,False,False,automate,1,"The implementation of Robotic Process Automation (RPA), allowed an additional 60 internal banking processes to be automated during the year, reducing manual work and increasing accuracy."
JOKB|2025-04-17|DisclosuresDirectorsReport|jsc_DisclosureOfCompanysAccomplishmentsSupportedByQuantitativeIndicatorsAndDescriptionOfSignificantOccurrencesToCompanyDuringFiscalYear|0|en|31,JOKB,2025-04-17,en,DisclosuresDirectorsReport,0.0008,0,none,,False,False,,0,"Additionally, Oracle Vault was deployed to enhance database security, reinforcing the bank’s cybersecurity framework."
JOKB|2025-04-17|DisclosuresDirectorsReport|jsc_DisclosureOfCompanysAccomplishmentsSupportedByQuantitativeIndicatorsAndDescriptionOfSignificantOccurrencesToCompanyDuringFiscalYear|0|en|33,JOKB,2025-04-17,en,DisclosuresDirectorsReport,0.9987,1,Big Data,Big Data,False,False,,1,"Recognizing the importance of data in enhancing efficiency, The Business Intelligence an Analytics Department introduced 60+ interactive dashboards during the year."
JOKB|2025-04-17|DisclosuresDirectorsReport|jsc_DisclosureOfCompanysAccomplishmentsSupportedByQuantitativeIndicatorsAndDescriptionOfSignificantOccurrencesToCompanyDuringFiscalYear|0|en|38,JOKB,2025-04-17,en,DisclosuresDirectorsReport,0.9987,1,AI/ML,AI/ML,True,True,launch,2,"Further highlighting its commitment to technological advancement, Asian Banking and Finance awarded Jordan Kuwait Bank the “Artificial Intelligence and Machine Learning Award” for its launch of MASA, an AI-powered personal financial assistant integrated into the Jordan Kuwait Bank Mobile banking app, enhancing customers’ banking experiences through smart technology."
JOKB|2025-04-17|DisclosuresDirectorsReport|jsc_DisclosureOfCompanysAccomplishmentsSupportedByQuantitativeIndicatorsAndDescriptionOfSignificantOccurrencesToCompanyDuringFiscalYear|0|en|67,JOKB,2025-04-17,en,DisclosuresDirectorsReport,0.9987,1,AI/ML,AI/ML,True,True,leverage,2,"In the area of Compliance, the bank deployed the AI-powered ISP anti-fraud System, designed to detect and prevent fraudulent activities in real time, leveraging machine learning and predictive analytics."
JOKB|2025-04-17|DisclosuresDirectorsReport|jsc_DisclosureOfCompanysAccomplishmentsSupportedByQuantitativeIndicatorsAndDescriptionOfSignificantOccurrencesToCompanyDuringFiscalYear|0|ar|15,JOKB,2025-04-17,ar,DisclosuresDirectorsReport,0.9983,1,Big Data,Big Data,True,False,ب+مصدر,1,وانطلاقا ً من أهمية البيانات في زيادة كفاءة الأعمال المصرفية، استمرت دائرة تحليل ذكاء الأعمال بتطوير وتحسين لوحات القيادة التفاعلية لتصل إلى ما يزيد عن 60 لوحة قيادة تفاعلية محدثة آلياً، تقدم المعلومات المتعلقة بمؤشرات أداء الأعمال وقواعد العملاء والعمليات والخدمات والمنتجات المصرفية المختلفة، لتوفير ما يلزم لتعزيز بيئة اتخاذ القرار المبني على البيانات بشكل سريع وفعال، الأمر الذي نتج عنه تخفيض في كلف نقد الصرافات بنسبة 75 % من خلال استحداث تقرير آلي يومي لإدارة النقد داخل الصرافات الآلية التابعة لدائرة تنفيذ العمليات.
JOKB|2025-04-17|DisclosuresDirectorsReport|jsc_DisclosureOfCompanysAccomplishmentsSupportedByQuantitativeIndicatorsAndDescriptionOfSignificantOccurrencesToCompanyDuringFiscalYear|0|ar|16,JOKB,2025-04-17,ar,DisclosuresDirectorsReport,0.9985,1,AI/ML,AI/ML,True,True,ب+مصدر,2,"كما استمر البنك بتعزيز شراكاته مع شركات التكنولوجيا المالية من خلال مختبر JOIN Fincubator وغيره، بصفته شريكاً لتقديم خدمات Banking-as-a-Service ، وتم خلال العام تكريم البنك بجائزة الذكاء الاصطناعي والتعلم الآلي من مجلة Asian Banking and Finance ، وذلك عن إطلاق المساعد الشخصي المالي ""ماسة "" (MASA) على تطبيق الموبايل البنكي JKBMobile ، والذي يتيح تجربة مصرفية متقدمة باستخدام تقنيات الذكاء الاصطناعي ."
JOKB|2025-04-17|DisclosuresDirectorsReport|jsc_DisclosureOfCompanysAccomplishmentsSupportedByQuantitativeIndicatorsAndDescriptionOfSignificantOccurrencesToCompanyDuringFiscalYear|0|ar|34,JOKB,2025-04-17,ar,DisclosuresDirectorsReport,0.9984,1,AI/ML,AI/ML,False,False,,1,أما في مجال الامتثال، فقد تم تطبيق نظام مكافحة الاحتيال ISP الذي يتميز باعتماده على الذكاء الاصطناعي والتعلم الآلي، بالإضافة نظام آلي جديد ( Pelican ) لغايات مقارنة البيانات الواردة في رسائل السويفت الصادرة والواردة وأسماء العملاء مع الأسماء والكيانات المدرجة على قوائم العقوبات الدولية، بحيث يلبي هذا النظام جميع المتطلبات ويعالج جميع أوجه القصور وتحسين وتطوير عمليات فحص رسائل السويفت ( Fuzzy match & Logic ) بشكل أفضل عما هو مطبق حالياً.
JOKB|2025-04-17|DisclosuresDirectorsReport|jsc_DisclosureOfImportantProspectiveDevelopmentsIncludingAnyNewExpansionsAndProjectsCompanysProposedPlanForAtLeastOneUpcomingYearAndBoardOfDirectorsForecastsForOutcomesOfCompanyActivities|0|en|5,JOKB,2025-04-17,en,DisclosuresDirectorsReport,0.9986,1,AI/ML,AI/ML,True,True,leverage,2,"As part of this effort, the bank will also enhance its data governance and analytics strategy by leveraging artificial intelligence and advanced data technologies to optimize operations, strengthen data infrastructure, and enable more informed, data-driven decision-making."
JOKB|2025-04-17|DisclosuresDirectorsReport|jsc_DisclosureOfImportantProspectiveDevelopmentsIncludingAnyNewExpansionsAndProjectsCompanysProposedPlanForAtLeastOneUpcomingYearAndBoardOfDirectorsForecastsForOutcomesOfCompanyActivities|0|ar|2,JOKB,2025-04-17,ar,DisclosuresDirectorsReport,0.9985,1,AI/ML,AI/ML,False,False,,1,تطوير استراتيجية حوكمة وتحليل البيانات، مع التركيــز علــى اســتخدام أحــدث التقنيــات فــي الــذكاء الاصطناعي والبيانــات، لتحســين العمليــات، ودعـم البنيـة التحتيـة للبيانـات، لتعزيـز اتخـاذ القـرارات المسـتندة إلـى البيانـات.
JOPH|2025-04-22|DisclosuresDirectorsReport|jsc_DescriptionOfCompanysMainActivitiesWithTheirRespectiveGeographicalLocationsSizeOfCapitalInvestmentAndNumberOfEmployees|0|ar|45,JOPH,2025-04-22,ar,DisclosuresDirectorsReport,0.9986,1,AI/ML,AI/ML,False,False,,1,تحليل الأسواق واستشراف المستقبل: تقديم دراسات تحليلية عن الأسواق، استكشاف الفرص التجارية، واستخدام الذكاء الاصطناعي لفهم المنافسة واتجاهات السوق.
JOPH|2025-04-22|DisclosuresDirectorsReport|jsc_DisclosureOfBenefitsAndRemunerationsOfChairmanMembersOfBoardOfDirectorsAndSeniorExecutiveManagementDuringTheFiscalYearIncludingPaymentsReceivedByAnyOfThemSuchAsFeesSalariesBonusesAndOtherwiseAndTheirTravelAndTransportExpensesWithinKingdomAndAbroad|0|ar|68,JOPH,2025-04-22,ar,DisclosuresDirectorsReport,0.0007,0,none,,False,False,,0,لجان المجلس عضو في لجنة العطاءات الفرعية اللجان التنفيذية - مناصب/عضويات سابقة خارج الشركة المهندس موفق ابوحويلة المنصـــــــــــب: المكلف بتسيير أعمال إدارة التزويد والمشتريات اعتباراً من ١/١٢/٢٠٢٣ تاريخ الميلاد: ١٥/١١/١٩٧٦ تاريخ التعيين: ١٣/٧/١٩٩٨ بكالوريوس في الهندسة الميكانيكية/الجامعة الأردنية بكالوريوس في الإدارة الصناعية حاصل على شهادة : Certified Supply Chain Professional ( CSCP )/ APICS / USA دورة في التصميم الهندسي/ الولايات المتحدة الأمريكية من عام ٢٠٠٩ ولغاية ٢٠١١ المؤهل العلمي مهندس في شركة مناجم الفوسفات مدير مشتريات محلية في شركة مناجم الفوسفات من عام ٢٠١٨ ولغاية ٢٠٢٣ العمل في شركات أمريكية خلال الفترة من ٢٠٠٩ ولغاية ٢٠١٠ الخبرات السابقة عضو في مجلس إدارة شركة ترافنتين/ ترافكو مناصب وعضويات امين سر لجنة العطاءات الرئيسة امين سر لجنة مشتريات المواد الاولية لجان المجلس عضو في لجنة العطاءات الفرعية رئيس لجنة الترميز اللجان التنفيذية عضو سابق في هيئة مديري الشركة الاردنية للاستثمار وتنمية الجنوب عضو في Association for Supply Chain Management ( ASCM )/ USA مناصب/ عضويات خارج الشركة المهندس عبد العزيز العراكزة المنصــــــــــــب: مدير إدارة المجمع الصناعي تاريخ الميلاد: ٨/١/١٩٦١ تاريخ التعيين: ١/٩/٢٠١٩ بكالوريوس هندسة كيماوية من جامعة سبليت/ يوغسلافيا عام ١٩٨٧ المؤهل العلمي ضابط بالقوات المسلحة من عام ١٩٨٧ ولغاية عام ١٩٨٩ مهندس في مصفاة البترول الأردنية من عام ١٩٨٩ ولغاية عام ١٩٩٠ العمل في المجمع الصناعي في شركة مناجم الفوسفات الأردنية من عام ١٩٩٠ ولغاية عام .١٩٩٦ العمل في الشركة الهندية الأردنية للكيماويات ذ.م.
JOPH|2025-04-22|DisclosuresDirectorsReport|jsc_DisclosureOfCompanysContributionToEnvironmentalProtectionAndLocalCommunityService|0|en|46,JOPH,2025-04-22,en,DisclosuresDirectorsReport,0.9986,1,AI/ML,AI/ML,False,False,,1,"Market Analysis and Future Insights: Conducting analytical market studies, exploring business opportunities, and applying artificial intelligence to understand competition and market trends."
JOPH|2025-04-22|DisclosuresDirectorsReport|jsc_DisclosureOfImportantProspectiveDevelopmentsIncludingAnyNewExpansionsAndProjectsCompanysProposedPlanForAtLeastOneUpcomingYearAndBoardOfDirectorsForecastsForOutcomesOfCompanyActivities|0|ar|31,JOPH,2025-04-22,ar,DisclosuresDirectorsReport,0.9986,1,AI/ML,AI/ML,False,False,,1,تحليل الأسواق واستشراف المستقبل : تقديم دراسات تحليلية عن الأسواق، استكشاف الفرص التجارية، واستخدام الذكاء الاصطناعي لفهم المنافسة واتجاهات السوق .
JOPT|2024-04-30|DisclosuresDirectorsReport|jsc_CompanysCompetitivePositionWithinItsSectorAndMainMarketSegmentsAsWellAsItsShareOfLocalMarketAndInternationalMarketIfPossible|0|en|117,JOPT,2024-04-30,en,DisclosuresDirectorsReport,0.0006,0,none,,False,False,,0,"The company produces more than (100) types of different lube oils to meet the needs of the local and foreign markets with a high degree of quality based on the Jordanian standard specifications, the specifications of the American Petroleum Institute (API, American Petroleum Institute), and the specifications of the Society of Automotive Engineers (SAE, Society of Automotive Engineers), European specifications (ACEA), OEM specifications, and US Army specifications (Military Standards)."
JOPT|2024-04-30|DisclosuresDirectorsReport|jsc_DisclosureOfCompanysAccomplishmentsSupportedByQuantitativeIndicatorsAndDescriptionOfSignificantOccurrencesToCompanyDuringFiscalYear|0|en|19,JOPT,2024-04-30,en,DisclosuresDirectorsReport,0.0005,0,none,,False,False,,0,"Lubricating Oils (Jopetrol): Jordan Lube Oil Manufacturing Company (a wholly owned subsidiary) is manufacturing, production and filling more than (100) different multiuse grades of lube oils to cover most local and foreign markets requirements, lube oil products are based on Jordanian specifications, American Petroleum Institute (API) standards, the Society of Automobiles Engineers (SAE) standards, European standards (ACEA), Original Equipment manufacturers (OEM) specifications and the American Army Military standards (Military Standard)."
JOPT|2024-04-30|DisclosuresDirectorsReport|jsc_DisclosureOfImportantProspectiveDevelopmentsIncludingAnyNewExpansionsAndProjectsCompanysProposedPlanForAtLeastOneUpcomingYearAndBoardOfDirectorsForecastsForOutcomesOfCompanyActivities|0|en|73,JOPT,2024-04-30,en,DisclosuresDirectorsReport,0.0006,0,none,,False,False,,0,"In order to expand the company's share in the local market, the company will renovate, develop and produce new types of lube oils according to needs of the market and global trends, as the company is currently heading to develop its products by improving performance levels of oils and producing new types such as gasoline engine oil with a performance level (API SP) and diesel engine oils with performance levels (CK4 and CJ4), where the related improvers have been purchased."
JOPT|2024-04-30|DisclosuresDirectorsReport|jsc_DisclosureOfImportantProspectiveDevelopmentsIncludingAnyNewExpansionsAndProjectsCompanysProposedPlanForAtLeastOneUpcomingYearAndBoardOfDirectorsForecastsForOutcomesOfCompanyActivities|0|en|76,JOPT,2024-04-30,en,DisclosuresDirectorsReport,0.0006,0,none,,False,False,,0,"There is a follow up to obtain international accreditations for Jopetrol oils (such as Mercedes-Benz, API and others) to support the marketing campaigns and keeping both the ISO 9001 certificate and the Jordanian Quality Mark."
JOPT|2024-04-30|NotesListOfNotes|jsc-rep_AdoptionOfNewAndRevisedInternationalFinancialReportingStandards|0|ar|20,JOPT,2024-04-30,ar,NotesListOfNotes,0.0006,0,none,,False,False,,0,تعديلات على معيار المحاسبة الدولي (7) قائمة التدفقات النقدية والمعيار الدولي لإعداد التقارير المالية (7) الأدوات المالية: الإفصاحات - ترتيبات تمويل الموردين تضيف التعديلات هدف إفصاح إلى معيار المحاسبة الدولي (7) ينص على أن الشركة مطالبة بالإفصاح عن معلومات حول ترتيبات تمويل الموردين الخاصة بها والتي تمكن مستخدمي القوائم المالية من تقييم آثار تلك الترتيبات على التزامات الشركة وتدفقاتها النقدية ، بالإضافة إلى ذلك تم تعديل المعيار الدولي لإعداد التقارير المالية رقم (7) لإضافة ترتيبات تمويل الموردين كمثال ضمن متطلبات الإفصاح عن المعلومات حول تعرض الشركة لمخاطر تركز مخاطر السيولة.
JOPT|2024-04-30|NotesListOfNotes|jsc-rep_DisclosureOfFuturePlan|0|en|32,JOPT,2024-04-30,en,NotesListOfNotes,0.0006,0,none,,False,False,,0,"There is a follow up on obtaining international accreditations for Jopetrol oils (such as Mercedes-Benz, API and others) to support the marketing campaigns and keeping both the ISO 9001 certificate and the Jordanian Quality Mark."
JOPT|2024-04-30|NotesListOfNotes|jsc-rep_DisclosureOfSectorialAndGeographicalDistribution|0|en|0,JOPT,2024-04-30,en,NotesListOfNotes,0.0009,0,none,,False,False,,0,Distribution of assets liabilities and operations results by sector The information regarding the disclosed sectors of the Company is explained below in accordance with IFRS 8 where IFRS 8 requires the identification of reportable sectors on the basis of internal reports that are regularly reviewed by the main operating decision maker in the Company and are used to allocate Resources for sectors and assess their performance.
JOTF|2022-03-27|NotesListOfNotes|ifrs-full_DisclosureOfAllowanceForCreditLossesExplanatory|0|ar|32,JOTF,2022-03-27,ar,NotesListOfNotes,0.9986,1,Big Data,Big Data,False,False,,1,احتساب نسبة الخسارة بإفتراض التعثر ( LGD ) حيث قامت الشركة بعملية الاحتساب من خلال تحليل البيانات التاريخية لمعدلات التحصيلات للشركة ( Recovery Rates ) وذلك بعد الاخذ بعين الاعتبار مجموعة من العوامل أهمها طبيعة الضمانات والمنتجات وتصنيف العميل وبناءً عليه فقد تم تطوير نسب ( LGD ) إما على مستوى إفرادي للعملاء المصنفين وغير المصنفين من خلال نظام التصنيف الإئتماني الداخلي.
JOWM|2025-02-20|NotesListOfNotes|ifrs-full_DisclosureOfGeneralInformationAboutFinancialStatementsExplanatory|0|ar|6,JOWM,2025-02-20,ar,NotesListOfNotes,0.0005,0,none,,False,False,,0,ج - بموجب قرار الهيئة العامة غير العادي المنعقد بتاريخ 28 آذار 2024 ، تمت الموافقة على تعديل غايات الشركة حتى تتوائم مع نظام الترميز الحالي المعتمد لدى دائرة مراقبة الشركات وبما يتناسب مع طبيعة عمل الشركة ووفقاً للإجراءات المتبعة لدى دائرة مراقبة الشركات لتصبح غايات الشركة كما يلي : [131200] صناعة الاقمشة المنسوجة.
JTEL|2024-04-25|CorporateGovernanceReport|jsc-rep_DisclosureOfInformationAndDetailsRegardingApplicationOfProvisionsOfTheseInstructionsAndCorporateGovernanceRulesInCompany|0|en|1,JTEL,2024-04-25,en,CorporateGovernanceReport,0.9986,1,XBRL,XBRL,False,False,,1,"The Company works to ensure full compliance with all laws, regulations and instructions issued by the official authorities (Ministry of Industry and Trade/ Companies Controller Department, the Securities Commission and Amman Stook Exchange), including all provisions of the governance directive and corporate governance codes, as well as full compliance with the disclosure requirements and publication of its business outcomes through the Company’s website, which includes the annual report and the resolutions of the general assembly meetings and ensures disclosure to the Jordan Securities Commission and Amman Stook Exchange through the XBRL disclosure system."
JTEL|2024-04-25|DisclosuresDirectorsReport|jsc_DisclosureOfAnalysisOfCompanysFinancialStatusAndOfResultsOfItsActivitiesForFiscalYear|0|en|2,JTEL,2024-04-25,en,DisclosuresDirectorsReport,0.0177,0,none,,False,False,,0,"In July 2023, we launched 5G services, bringing advanced connectivity to our customers and opening up new possibilities for IoT, smart cities, and industrial solutions."
JTEL|2024-04-25|DisclosuresDirectorsReport|jsc_DisclosureOfAnalysisOfCompanysFinancialStatusAndOfResultsOfItsActivitiesForFiscalYear|0|ar|1,JTEL,2024-04-25,ar,DisclosuresDirectorsReport,0.0005,0,none,,False,False,,0,أطلقنا في شهر تموز من ال عام 2023 خدمات الجيل الخامس (G5)، مما أتاح خدمات اتصال متقدمة وفتح آفاق جديدة مثل إنترنت الأشياء والمدن الذكية والحلول الصناعية.
JTEL|2024-04-25|DisclosuresDirectorsReport|jsc_DisclosureOfCompanysAccomplishmentsSupportedByQuantitativeIndicatorsAndDescriptionOfSignificantOccurrencesToCompanyDuringFiscalYear|0|ar|1,JTEL,2024-04-25,ar,DisclosuresDirectorsReport,0.0005,0,none,,False,False,,0,أطلقنا في شهر تموز من ال عام 2023 خدمات الجيل الخامس ( G 5)، مما أتاح خدمات اتصال متقدمة وفتح آفاق جديدة مثل إنترنت الأشياء والمدن الذكية والحلول الصناعية.
JTEL|2024-04-25|DisclosuresDirectorsReport|jsc_DisclosureOfCompanysContributionToEnvironmentalProtectionAndLocalCommunityService|0|en|14,JTEL,2024-04-25,en,DisclosuresDirectorsReport,0.9986,1,AI/ML,AI/ML,False,False,,1,Sponsoring the Artificial Intelligence in Defense Technologies and Cyber Security Exhibition and Conference - AIDTSEC 2023 for the second consecutive time.
JTEL|2024-04-25|DisclosuresDirectorsReport|jsc_DisclosureOfCompanysContributionToEnvironmentalProtectionAndLocalCommunityService|0|en|20,JTEL,2024-04-25,en,DisclosuresDirectorsReport,0.9985,1,AI/ML,AI/ML,True,True,launch,2,Launching the second cohort of the Artificial Intelligence Incubator in partnership with the Innovative Startups and SMEs Fund in partnership with Princess Sumaya University for Technology .
JTEL|2024-04-25|DisclosuresDirectorsReport|jsc_DisclosureOfCompanysContributionToEnvironmentalProtectionAndLocalCommunityService|0|ar|13,JTEL,2024-04-25,ar,DisclosuresDirectorsReport,0.0005,0,none,,False,False,,0,عقد اتفاقية استراتيجية مع شركة كهرباء محافظة إربد تقدم من خلالها حلول العدادات الذكية .
JTEL|2024-04-25|DisclosuresDirectorsReport|jsc_DisclosureOfCompanysContributionToEnvironmentalProtectionAndLocalCommunityService|0|ar|14,JTEL,2024-04-25,ar,DisclosuresDirectorsReport,0.9986,1,AI/ML,AI/ML,False,False,,1,رعاية معرض ومؤتمر الذكاء الاصطناعي في تكنولوجيا الدفاع والأمن السيبراني AIDTSEC 2023 للمرة الثانية على التوالي .
JTEL|2024-04-25|DisclosuresDirectorsReport|jsc_DisclosureOfImportantProspectiveDevelopmentsIncludingAnyNewExpansionsAndProjectsCompanysProposedPlanForAtLeastOneUpcomingYearAndBoardOfDirectorsForecastsForOutcomesOfCompanyActivities|0|en|9,JTEL,2024-04-25,en,DisclosuresDirectorsReport,0.9981,1,AI/ML|Cloud,AI/ML|Cloud,False,False,,1,"The objective is to be aligned with the latest trends that shape the global technological landscape such as Cloud Computing, Artificial Intelligence, and more."
JTEL|2024-04-25|DisclosuresDirectorsReport|jsc_DisclosureOfImportantProspectiveDevelopmentsIncludingAnyNewExpansionsAndProjectsCompanysProposedPlanForAtLeastOneUpcomingYearAndBoardOfDirectorsForecastsForOutcomesOfCompanyActivities|0|ar|5,JTEL,2024-04-25,ar,DisclosuresDirectorsReport,0.9987,1,Cloud,Cloud,False,False,,1,كما سنعمل على توسيع نطاق حلول الأعمال لتوظيف أحدث الاتجاهات التي ترسم المشهد التكنولوجي العالمي مثل الحوسبة السحابية والذكاء الاصطناعي وغيرها، فلن نتمكن من قيادة المستقبل إذا لم نستبق اتجاهاته ونعي التغيرات المتوقعة فيه.
JTEL|2024-04-25|NotesListOfNotes|ifrs-full_DisclosureOfRestrictedCashAndCashEquivalentsExplanatory|0|ar|3,JTEL,2024-04-25,ar,NotesListOfNotes,0.0005,0,none,,False,False,,0,** حصلت المجموعة على 4 منح (منحتين خلال عام 2020 و منحتين خلال العام 2021) لتوفير التمويل لتعزيز مبادرات الابتكار الخاصة بشركة الاتصالات الأردنية، بما في ذلك أكاديمية الترميز التابعة للمجموعة والبرامج الأكاديمية الأخرى.
JTEL|2024-04-25|NotesListOfNotes|jsc-rep_DisclosureOfAccruedExpenses|0|ar|0,JTEL,2024-04-25,ar,NotesListOfNotes,0.0006,0,none,,False,False,,0,"ذمم وأرصدة دائنة أخرى 2022 2023 يتكون هذا البند مما يلي : دينار دينار 66.181.439 75.486.338 الدائنون التجاريون 5.541.600 6.071.730 مخصصات أخرى 18,900,737 17.434.231 مصاريف مستحقة 16.208.918 15.547.316 تأمينات المشتركين 8.243.724 9.307.839 مبالغ مستحقة لأطراف ذات علاقة (إيضاح 27) 1.288.795 1.410.369 أمانات المساهمين - ارباح موزعة 94.879 983.449 منح مقيدة* (ايضاح 14) 174.801 161.068 أمانات المساهمين - تخفيض رأس المال 116,634,893 126.402.340 * حصلت المجموعة على 4 منح (منحتين خلال عام 2020 و منحتين خلال العام 2021) لتوفير التمويل لتعزيز مبادرات الابتكار الخاصة بالاتصالات الأردنية ، بما في ذلك أكاديمية الترميز التابعة للمجموعة والبرامج الأكاديمية الأخرى."
JTEL|2024-04-25|NotesListOfNotes|jsc-rep_DisclosureOfAccruedExpenses|0|ar|10,JTEL,2024-04-25,ar,NotesListOfNotes,0.9987,1,AI/ML,AI/ML,False,False,ب+مصدر,1,منحة الصندوق الأردني للريادة خلال عام 2021 ، وقعت شركة الاتصالات الأردنية اتفاقية منحة مع الصندوق الأردني للريادة ( ISSF ) لتمويل حاضنة الذكاء الاصطناعي ، والتي تعزز دور الشركات الناشئة من خلال بناء المهارات وتطوير المنتجات والوصول إلى الفرص.
MANE|2021-04-28|DisclosuresAuditorsReport|jsc_AuditorsReportOnFinancialStatements|0|en|81,MANE,2021-04-28,en,DisclosuresAuditorsReport,0.0007,0,none,,False,False,,0,Segment reporting A business segment is a group of assets and operations engaged in providing products or services that are subject to risks and returns that are different from those of other business segments which are measured based on the reporting to management and the decision makers in the Group.
NDAR|2024-03-31|DisclosuresDirectorsReport|jsc_DisclosureOfCompanysAccomplishmentsSupportedByQuantitativeIndicatorsAndDescriptionOfSignificantOccurrencesToCompanyDuringFiscalYear|0|en|1,NDAR,2024-03-31,en,DisclosuresDirectorsReport,0.0005,0,none,,False,False,,0,Nutridar IT Department accomplished upgrading Oracle E-Business Suite to the latest release 12.2.11 and its Database to latest 19c release .
NDAR|2024-03-31|DisclosuresDirectorsReport|jsc_DisclosureOfIssuingCompanysOrganizationalChartNumberOfItsEmployeesAndTheirClassesOfQualificationAndItsPersonnelQualifyingAndTrainingPrograms|0|ar|7,NDAR,2024-03-31,ar,DisclosuresDirectorsReport,0.9608,1,AI/ML,AI/ML,False,False,,1,"المؤهل العلمي عدد الموظفين داخل الأردن ماجستير 3 بكالوريوس 49 دبلوم 14 ثانوية عامة 45 مركز تدريب مهني 4 إجمالي عدد الموظفين 115 ج.برامج التأهيل والتدريب لموظفي الشركة: Training Courses # HRM Strategies Improving Performance 1 Appraisal and Performance Management 1 Six Sigma- Black Belt 1 Enterprise Risk Managment 1 Root Cause Analysis 2 Leadership Skills 8 Occupational safety and health engineering diploma 1 Project Management 2 Proposal Writing for NGOs (Tenders) 3 Advanced Presentation Skills 2 Advanced selling Skills 4 Best Practice of TQM 2 Chat GPT 4 Communication Skills 8 Customer Service 1 Successful Apprenticeships and gender inclusive workspace 1 The Fundamentals of Digital Marketing 2 Train of Trainers -TOT 2 Using Excel Applications in HR 1 Advanced Excel 7 Data Analyst in Power BI 2 Basic and Intermediate Excel 9 ICDL 1 Good Manufacturing Practice (GMP) 50 Food Management System (ISO22000:2018) 65 Good Documentation Practice (GDP) 30 Documentation Management System 18 Energy Efficiency of Electrical Motor 2 English Language 12 FSSC Version 6 نظام سلامة الغذاء العالمي الإصدار 3 Hazard Analysis 2 HVAC Machines, Ducting and layout 5 Industrial Control Course 1 Internal Quality Audit 2 اخطار المود الكيماوية 5 ادارة العمليات 6 ادارة وتنظيم الوقت وتمالك الضغوط 31 الأساليب المتقدمة في محاسبة التكاليف للمنشآت الصناعية والخدمية 2 الأساليب المعاصرة في تحليل الدورات التدريبية 2 التخطيط ومراقبة المخزون 2 العلامة التجارية وأسرار نجاحها 1 تطبيقات الذكاء الاصطناعي 2 تعزيز ادراك وفهم اساسيات العمل المهني 4 حل المشكلات واتخاذ القرارات 5 خطة العمل ودراسة الجدوى المالية 1 مفاهيم الثورة الصناعية الرابعة وتعزيز الجاهزية لتطبيقها في القطاع الصناعي 1"
RMCC|2022-03-30|DisclosuresDirectorsReport|jsc_DisclosureOfImportantProspectiveDevelopmentsIncludingAnyNewExpansionsAndProjectsCompanysProposedPlanForAtLeastOneUpcomingYearAndBoardOfDirectorsForecastsForOutcomesOfCompanyActivities|0|en|0,RMCC,2022-03-30,en,DisclosuresDirectorsReport,0.1013,0,none,,False,False,,0,"15-A- The company's future plan: 1 - Maintaining the level of administrative and financial costs in all departments of the company at their lowest levels, while continuing to work on reducing them. 2 - Development of employees through training courses to include all departments to work as one team. 3- Complete the work on linking all the company’s factories to the Oracle system and the central laboratory in a way that activates the control over the quality and quantities of production, in addition to the quantities of raw materials consumed by taking offers from international and local companies 15-B- Significant future developments and expectations of the Board of Directors: The company is working to develop its products to obtain an environmentally friendly product."
RMCC|2022-03-30|DisclosuresDirectorsReport|jsc_DisclosureOfImportantProspectiveDevelopmentsIncludingAnyNewExpansionsAndProjectsCompanysProposedPlanForAtLeastOneUpcomingYearAndBoardOfDirectorsForecastsForOutcomesOfCompanyActivities|0|ar|2,RMCC,2022-03-30,ar,DisclosuresDirectorsReport,0.0005,0,none,,False,False,,0,3- استكمال العمل على ربط كافة مصانع الشركة بنظام الاوراكل والمختبر المركزي بطريقة يتم تفعيل السيطرة على نوعية وكميات الإنتاج، وبالإضافة إلى الكميات من مواد الخام المستهلكة بأخذ العروض من الشركات العالمية والمحلية 15- ب - التطورات المستقبلية الهامة وتوقعات مجلس الإدارة : 1- تعمل الشركة على تطوير منتجاتها للحصول على منتج صديق للبيئة .
RMCC|2022-03-30|DisclosuresDirectorsReport|jsc_DisclosureOfIssuingCompanysOrganizationalChartNumberOfItsEmployeesAndTheirClassesOfQualificationAndItsPersonnelQualifyingAndTrainingPrograms|0|en|1,RMCC,2022-03-30,en,DisclosuresDirectorsReport,0.0293,0,none,,False,False,,0,Course title Number of Employee Amount-JD Advanced Excel 1 150 General safety course 1 155 Certified management accountant 1 685 990 JOD Boards of Directors Naminaation & Reward Committee CEO Audit Committee Governance Commision Executive Vice President Risk Committee Development Manager Executive Secretary Intrnal Auditor Operations Manager HSEQ Manager Supported Unit Manager Financial Director Financial Operations Manager Production Manager Lab Manager Maintenance manager Branches Manager HSEQ Enigineer Procurement Manager HR Manager IT Manager Oracle Manager Head of Payable & Budgeting Sales officer Production Manager Assistant QC Supervisor Maintenance Engineer Safety Supervisor Procurement Manager HR Officer IT officer Applications Supervisor Payable Accountant Doctor
UBSI|2024-03-31|DisclosuresDirectorsReport|jsc_DisclosureOfCompanysAccomplishmentsSupportedByQuantitativeIndicatorsAndDescriptionOfSignificantOccurrencesToCompanyDuringFiscalYear|0|ar|19,UBSI,2024-03-31,ar,DisclosuresDirectorsReport,0.9987,1,Big Data,Big Data,False,False,,1,ساعدنا تحليل البيانات على فهم احتياجات عملائنا وتلبيتها بصورة استباقية.
UBSI|2024-03-31|DisclosuresDirectorsReport|jsc_DisclosureOfCompanysAccomplishmentsSupportedByQuantitativeIndicatorsAndDescriptionOfSignificantOccurrencesToCompanyDuringFiscalYear|0|ar|121,UBSI,2024-03-31,ar,DisclosuresDirectorsReport,0.9987,1,AI/ML,AI/ML,True,True,طور,2,استجابةً للتعقيدات المتزايدة لمخططات الاحتيال المالي، طوّرنا بنجاح نظاماً للتنبؤ بالاحتيال ومنعه باستخدام الذكاء الاصطناعي.
UBSI|2024-03-31|NotesListOfNotes|jsc-rep_AdoptionOfNewAndRevisedInternationalFinancialReportingStandards|0|ar|36,UBSI,2024-03-31,ar,NotesListOfNotes,0.0006,0,none,,False,False,,0,تعديلات على معيار المحاسبة الدولي 7 قائمة التدفقات النقدية والمعيار الدولي لإعداد التقارير المالية 7 الأدوات المالية: الإفصاحات - ترتيبات تمويل الموردين تضيف التعديلات هدف إفصاح إلى معيار المحاسبة الدولي (7) ينص على أن المنشأة مطالبة بالإفصاح عن معلومات حول ترتيبات تمويل الموردين الخاصة بها والتي تمكن مستخدمي القوائم المالية من تقييم آثار تلك الترتيبات على التزامات المنشأة وتدفقاتها النقدية.
VFED|2024-02-29|CorporateGovernanceReport|jsc-rep_DisclosureOfInformationAndDetailsRegardingApplicationOfProvisionsOfTheseInstructionsAndCorporateGovernanceRulesInCompany|0|en|0,VFED,2024-02-29,en,CorporateGovernanceReport,0.9986,1,XBRL,XBRL,True,False,implement,1,"Governance report for the year 2023 The Board of Directors of Al Shamkha Real Estate and Financial Investments Company is committed to implementing all provisions of the Governance Instructions for Listed Joint Stock Companies for the year 2017, and this report was prepared to clarify information and details related to the extent of our compliance with these instructions, which are as follows: Firstly: Board of Directors : 1 The new Board of Directors was elected in accordance with Article 132/A of the Companies Law on 04/27/2023, and the disclosure was made via an electronic disclosure via XBRL on 04/27/2023."
VFED|2024-02-29|CorporateGovernanceReport|jsc-rep_DisclosureOfInformationAndDetailsRegardingApplicationOfProvisionsOfTheseInstructionsAndCorporateGovernanceRulesInCompany|0|ar|0,VFED,2024-02-29,ar,CorporateGovernanceReport,0.9986,1,XBRL,XBRL,True,False,ب+مصدر,1,"تقرير الحوكمة لسنه 2023 إن مجلس الإدارة في الشركة الشامخة للإستثمارات العقارية والمالية ملتزمون بتطبيق جميع بنود تعليمات حوكمة الشركات المساهمة المدرجة لسنة 2017, وتم إعداد هذا التقرير ليوضح المعلومات والتفاصيل المتعلقة بمدى امتثالنا لهذه التعليمات وهي كالتالي: أولاً: مجلس الإدارة : تم انتخاب مجلس الإدارة الجديد وحسب المادة 132/أ من قانون الشركات بتاريخ 27/04/2023, وتم الافصاح بموجب افصاح الكتروني عبر XBRL بتاريخ 27 /04/ 2023 ."
ZEIC|2022-02-24|DisclosuresChairmansStatement|jsc_DisclosureOfStatementOfBoardOfDirectorsChairman|0|en|5,ZEIC,2022-02-24,en,DisclosuresChairmansStatement,0.9957,1,AI/ML,AI/ML,False,False,,1,"On the academic side, accreditations were obtained for new specializations, most notably the Diploma in Education, Cyber Security, and Artificial Intelligence, and began receiving students there."
ZEIC|2022-02-24|DisclosuresDirectorsReport|jsc_DisclosureOfCompanysAccomplishmentsSupportedByQuantitativeIndicatorsAndDescriptionOfSignificantOccurrencesToCompanyDuringFiscalYear|0|en|14,ZEIC,2022-02-24,en,DisclosuresDirectorsReport,0.9986,1,AI/ML,AI/ML,False,False,,1,Second: The University Supports Many Scientific Researches and Conferences. - Participation in the International Conference on Quran and Language Sciences on 11/1/2021. - Participation in the Pharmaceutical and Medical Research and Opinions Conference during the Corona Pandemic on 23/3/2021. - Participation in the Artificial Intelligence Conference for Defense Technology on 11/1/2021. - Participation in the International Symposium on Information Services in Information Institutions and Libraries on 5/4/2021 - The University's Business Incubator Unit held a workshop entitled Assessing the Technical Needs for Entrepreneurial Business on 26/5/2021 Fourth: Scholarships The university has sent many students on scholarships in master's and doctoral programs to many local and foreign universities.
ZEIC|2022-02-24|DisclosuresDirectorsReport|jsc_DisclosureOfCompanysAccomplishmentsSupportedByQuantitativeIndicatorsAndDescriptionOfSignificantOccurrencesToCompanyDuringFiscalYear|0|ar|15,ZEIC,2022-02-24,ar,DisclosuresDirectorsReport,0.9986,1,AI/ML,AI/ML,False,False,,1,المشاركة في مؤتمر الذكاء الاصطناعي لتكنولوجيا الدفاع بتاريخ 1/11/2021.
ABCO|2024-03-30|Declarations|jsc-rep_DeclarationAffirmingCorrectnessAccuracyAndCompletenessOfInformationAndDataStatedInReportSignedByChairmanOfBoardOfDirectorsCompanysChiefExecutiveOfficerAndChiefFinancialOfficer|0|en|0,ABCO,2024-03-30,en,Declarations,0.9986,1,XBRL,XBRL,False,False,,1,"Representation of the Authenticity of the Financial Statements The Management of Bank ABC in Jordan represents the authenticity, accuracy and precision of the information and financial statements cited in this report. * Signatures are included in the PDF version of the annual report in Arabic that has been uploaded to the XBRL system."
ABCO|2024-03-30|Declarations|jsc-rep_DeclarationByBoardOfDirectorsAffirmingItsResponsibilityForPreparationOfFinancialStatementsAndForProvisionOfEffectiveSystemOfControlsWithinCompany|0|en|0,ABCO,2024-03-30,en,Declarations,0.9986,1,XBRL,XBRL,False,False,,1,Representation of the Board of Directors The Board of Directors of Bank ABC in Jordan represents its responsibility for preparing the financial statements; that the information cited in the Board of Directors’ Report is in line with the enclosed financial statements; and that the Bank has an effective and efficient Internal Control System. * Signatures are included in the PDF version of the annual report in Arabic that has been uploaded to the XBRL system.
ABCO|2024-03-30|Declarations|jsc-rep_DeclarationFromBoardOfDirectorsThatThereAreNoSubstantialMattersDisaffectingCompanysContinuityDuringNextFiscalYear|0|en|0,ABCO,2024-03-30,en,Declarations,0.9983,1,XBRL,XBRL,False,False,,1,"Representation of the Board of Directors The Board of Directors of Bank ABC in Jordan represents, as far as it knows and believes, that there are no fundamental issues that could affect the Bank’s ability to continue its activity throughout the next fiscal year of 2024. * Signatures are included in the PDF version of the annual report in Arabic that has been uploaded to the XBRL system."
ABCO|2024-03-30|Declarations|jsc-rep_DisclosureOfOtherDeclarations|0|en|0,ABCO,2024-03-30,en,Declarations,0.9984,1,XBRL,XBRL,False,False,,1,Representation of the Board of Directors The Board of Directors of Bank ABC in Jordan acknowledge that they have not received personally or any of their relatives any materialistic or in-kind benefits during their work at the Bank and have not disclosed them for the year 2023. * Signatures are included in the PDF version of the annual report in Arabic that has been uploaded to the XBRL system.
ABCO|2024-03-30|DisclosuresDirectorsReport|jsc_DescriptionOfCompanysMainActivitiesWithTheirRespectiveGeographicalLocationsSizeOfCapitalInvestmentAndNumberOfEmployees|0|en|6,ABCO,2024-03-30,en,DisclosuresDirectorsReport,0.9987,1,AI/ML,AI/ML,False,True,utilise,1,The application is supported by Bank ABC in Jordan and utilizes artificial intelligence and data analysis in its design.
ABCO|2024-03-30|DisclosuresDirectorsReport|jsc_DisclosureOfIssuingCompanysOrganizationalChartNumberOfItsEmployeesAndTheirClassesOfQualificationAndItsPersonnelQualifyingAndTrainingPrograms|0|en|0,ABCO,2024-03-30,en,DisclosuresDirectorsReport,0.0006,0,none,,False,False,,0,"Number of employees of the Bank and the Arab Co-operation Financial Investments Co. and their qualifications No. of Employees of the Arab Co-operation Financial Investments Co . No. of Bank Employees Degree - 3 PhD 7 46 Masters - - Higher Diploma 22 441 Bachelor 3 35 Diploma - 5 General Secondary Education 1 20 Below General Secondary Education 33 550 Total no. of employees Qualification and training programs for employees of the Bank and the Arab Co-operation Financial Investments Co. 201 courses were organized in-house, externally and in the Bank’s training centre with the participation of 4,422 employees, as detailed below: The Bank and the Arab Co-operation Financial Investments Co. The Bank and the Arab Co-operation Financial Investments Co. Description No. of Participants # of courses Type of training course 1,197 86 Courses provided by the Bank’s training centre 649 100 Courses provided by local institutes in Jordan 8 4 Courses provided by institutes abroad 2,568 11 Online courses (e-learning) 4,422 201 Total Types of courses # Course Type No. of Participants 1 Human resources and skills development courses 158 2 Banking marketing, credit cards and customer service courses 380 3 Participation in local and external conferences and meetings 19 4 Investment and treasury operations courses 7 5 Banking risks and crises management, audit, monitoring, compliance control and anti-money laundering courses 2,200 6 Information technology and systems courses 1,548 7 Banking facilities and project financing courses 12 8 Internal and external banking operations courses 27 9 Courses on laws, regulations and instructions 57 10 Accounting courses 14 Total 4,422 * The organizational structure for the Bank and ABCI couldn’t be uploaded correctly (proper copy has been included in the PDF copy of the Annual Report that has been uploaded on XBRL system)"
ABCO|2024-03-30|NotesListOfNotes|ifrs-full_DisclosureOfAccountingJudgementsAndEstimatesExplanatory|0|ar|70,ABCO,2024-03-30,ar,NotesListOfNotes,0.9985,1,Big Data,Big Data,False,False,استخدم,1,استخدم البنك بيانات وتوقعات الاقتصاد الكلي من نظام Moody’s macro-economic models كما استخدم البيانات التي نشرتها الهيئات الحكومية والسلطات النقدية مثل البنك المركزي الأردني وصندوق النقد الدولي والبنك الدولي لدمج معلومات النظرة المستقبلية في نموذج إحتمالية التعثر لكل سيناريو تم تطوير العلاقات المتوقعة بين مؤشرات الاقتصاد الكلي الرئيسية ومعدلات التخلف عن السداد لمحافظ الموجودات المالية المعنية بناءً على تحليل البيانات التاريخية على مدى السنوات الخمسة الماضية.
ABCO|2024-03-30|NotesListOfNotes|jsc-rep_AdoptionOfNewAndRevisedInternationalFinancialReportingStandards|0|ar|36,ABCO,2024-03-30,ar,NotesListOfNotes,0.0006,0,none,,False,False,,0,تعديلات على معيار المحاسبة الدولي 7 قائمة التدفقات النقدية والمعيار الدولي لإعداد التقارير المالية 7 الأدوات المالية: الإفصاحات - ترتيبات تمويل الموردين تضيف التعديلات هدف إفصاح إلى معيار المحاسبة الدولي (7) ينص على أن المنشأة مطالبة بالإفصاح عن معلومات حول ترتيبات تمويل الموردين الخاصة بها والتي تمكن مستخدمي القوائم المالية من تقييم آثار تلك الترتيبات على التزامات المنشأة وتدفقاتها النقدية.
AHLI|2021-05-09|DisclosuresChairmansStatement|jsc_DisclosureOfStatementOfBoardOfDirectorsChairman|0|en|18,AHLI,2021-05-09,en,DisclosuresChairmansStatement,0.9987,1,AI/ML|ERP,AI/ML|ERP,True,True,develop,2,"Ahli Bank was able to provide this service by being the first bank to join the artificial intelligence and blockchain-based eKYC-as-a-service platform “Anameen”, a capability incubated and developed by Ahli Fintech’s accelerator and developed by Jordanian talents and minds in partnership with Microsoft and Oracle."
AHLI|2021-05-09|DisclosuresChairmansStatement|jsc_DisclosureOfStatementOfBoardOfDirectorsChairman|0|ar|6,AHLI,2021-05-09,ar,DisclosuresChairmansStatement,0.9987,1,AI/ML,AI/ML,True,False,ب+مصدر,1,لقد قطع البنك الأهلي الأردني أشواطاً متقدمة في مسيرته لتبني التطور والإبداع كرؤية مستقبلية ونهج لتحسين وتطوير تجربة العميل والذي تُرجم من خلال الإستثمار في التكنولوجيا المالية وتكنولوجيا المعلومات والإتصالات وحقق نجاحاً مميزاً في إطلاق تطبيقات الخدمات المصرفية المستحدثة من خلال التقنيات والمنصات الرقمية تزامناً مع تقنيات العمل عن بعد والظروف الإستثنائية التي عايشتها المملكة خلال الجائحة، وقد كان من أبرزها إطلاق خدمة “ فتح حساب لحظي ”(Instant Account Opening) لأول مرة في السوق الأردني، حيث تتيح هذه الخدمة لجمهور العملاء الحاليين والمحتملين من القيام بفتح حساباتهم البنكية فوراً، وبشكل إلكتروني ودون الحاجة لزيارة أي من فروع البنك وذلك من خلال تسخير تقنيات الذكاء الإصطناعي و تقنيات تعزيز الواقع والبلوكتشين والتي تعد التقنية الأكثر أماناً بالعالم .
AHLI|2021-05-09|DisclosuresDirectorsReport|jsc_DescriptionOfSubsidiaryCompaniesNatureOfTheirBusinessAndTheirAreasOfActivity|0|en|33,AHLI,2021-05-09,en,DisclosuresDirectorsReport,0.9985,1,AI/ML,AI/ML,True,True,develop,2,"Achievements of the company in 2020 During early 2020, the AHLI FINTECH became a UiPathTM️ Gold Partner, enabling it to develop Robotic Process Automation (RPA) solutions that automated over 19 processes for Jordan Ahli Bank, providing significant savings and process improvements for the bank."
AHLI|2021-05-09|DisclosuresDirectorsReport|jsc_DescriptionOfSubsidiaryCompaniesNatureOfTheirBusinessAndTheirAreasOfActivity|0|en|34,AHLI,2021-05-09,en,DisclosuresDirectorsReport,0.9987,1,AI/ML,AI/ML,False,True,leverage,1,"AHLI FINTECH incubated the internally innovated AI and Blockchain - based eKYC - as - a - Service platform, Meen World, and the AnaMeen digital identity mobile app, leveraging 5th generation technologies including Deep Learning, Machine Learning and Artificial Intelligence to aid in validating and authenticating the digital identities of its users."
AHLI|2021-05-09|DisclosuresDirectorsReport|jsc_DisclosureOfCompanysAccomplishmentsSupportedByQuantitativeIndicatorsAndDescriptionOfSignificantOccurrencesToCompanyDuringFiscalYear|0|en|49,AHLI,2021-05-09,en,DisclosuresDirectorsReport,0.0006,0,none,,False,False,,0,"Upgrade the following systems and applications (SWIFT, T24 Cyprus, Oracle 19c, HID and Moody’s)."
AHLI|2021-05-09|DisclosuresDirectorsReport|jsc_DisclosureOfCompanysContributionToEnvironmentalProtectionAndLocalCommunityService|0|en|55,AHLI,2021-05-09,en,DisclosuresDirectorsReport,0.9983,1,AI/ML,AI/ML,False,True,automate,1,More than 19 processes were automated through our strategic partnership with UiPath for Robotic Process Automation (RPA) solutions Digital innovation Reducing debit interest rates and postponing installments on facilities and programs offered to our clients.
AHLI|2021-05-09|DisclosuresDirectorsReport|jsc_DisclosureOfImportantProspectiveDevelopmentsIncludingAnyNewExpansionsAndProjectsCompanysProposedPlanForAtLeastOneUpcomingYearAndBoardOfDirectorsForecastsForOutcomesOfCompanyActivities|0|ar|24,AHLI,2021-05-09,ar,DisclosuresDirectorsReport,0.0007,0,none,,False,False,,0,مكتب الاستراتيجيات و إدارة المشاريع لتفعيل الدور الأمثل لمكتب الاستراتيجيات وإدارة المشاريع ولخلق استمرارية العمل وتطبيق الحوكمة، سيتم استخدام أداة شاملة مصممة ضمن أفضل ممارسات إدارة المشاريع، وذلك لإدارة مشاريع البنك الأهلي من خلال أتمتة عمليات إدارة المشاريع وإدارة المستندات وإنشاء لوحات المعلومات والتقارير، إلى جانب تحديث إجراءات مكتب إدارة المشاريع وتوفير التدريب والتوجيه لمفاهيم وممارسات إدارة المشاريع للإدارات الأخرى .
AHLI|2025-04-30|DisclosuresChairmansStatement|jsc_DisclosureOfStatementOfBoardOfDirectorsChairman|0|en|45,AHLI,2025-04-30,en,DisclosuresChairmansStatement,0.9985,1,AI/ML,AI/ML,True,True,focus_on,2,"The bank made significant progress in its innovation journey throughout 2024, guided by a comprehensive strategy focused on artificial intelligence, digital transformation, and venture-building."
AHLI|2025-04-30|DisclosuresChairmansStatement|jsc_DisclosureOfStatementOfBoardOfDirectorsChairman|0|en|47,AHLI,2025-04-30,en,DisclosuresChairmansStatement,0.9987,1,AI/ML,AI/ML,True,True,launch,2,"Additionally, the bank has developed an ambitious artificial intelligence plan, which included launching an intelligent chatbot to enhance customer service and integrating AI-driven decision-making technologies into credit scoring processes."
AHLI|2025-04-30|DisclosuresChairmansStatement|jsc_DisclosureOfStatementOfBoardOfDirectorsChairman|0|en|48,AHLI,2025-04-30,en,DisclosuresChairmansStatement,0.9985,1,Big Data,Big Data,False,False,,1,"These advancements, coupled with the transition to a paperless work environment and the expansion of data analytics capabilities, reaffirmed the bank’s commitment to modernizing and improving its services for both individuals and businesses."
AHLI|2025-04-30|DisclosuresChairmansStatement|jsc_DisclosureOfStatementOfBoardOfDirectorsChairman|0|en|59,AHLI,2025-04-30,en,DisclosuresChairmansStatement,0.9977,1,AI/ML,AI/ML,False,False,,1,"Through the Generative AI-powered credit scoring engine, exclusively owned by Zypl.ai, Ahli Group has successfully tackled a nationwide challenge in Jordan."
AHLI|2025-04-30|DisclosuresChairmansStatement|jsc_DisclosureOfStatementOfBoardOfDirectorsChairman|0|ar|25,AHLI,2025-04-30,ar,DisclosuresChairmansStatement,0.9986,1,AI/ML,AI/ML,True,True,ركز على,2,أحرز البنك تقدّمًا ملموسًا في مسيرته نحو الابتكار خلال عام 2024، مستندًا إلى إستراتيجية شاملة ركّزت على الذكاء الاصطناعي والتحوّل الرقمي وبناء المشاريع.
AHLI|2025-04-30|DisclosuresChairmansStatement|jsc_DisclosureOfStatementOfBoardOfDirectorsChairman|0|ar|27,AHLI,2025-04-30,ar,DisclosuresChairmansStatement,0.9986,1,AI/ML,AI/ML,True,True,طور,2,كما طوّر البنك خطّة طموحة للذكاء الاصطناعي، تضمنت إطلاق روبوت دردشة ذكي لتحسين خدمة العملاء، إلى جانب دمج تقنيات اتخاذ القرار القائمة على الذكاء الاصطناعي في عمليات تقييم الائتمان.
AHLI|2025-04-30|DisclosuresChairmansStatement|jsc_DisclosureOfStatementOfBoardOfDirectorsChairman|0|ar|35,AHLI,2025-04-30,ar,DisclosuresChairmansStatement,0.9986,1,AI/ML,AI/ML,False,False,,1,فمن خلال محرك تقييم الائتمان المعتمد على تقنية الذكاء الاصطناعي التوليدي (generative AI) المحتكر من قبل شركة zypl.ai ، تمكنت مجموعة الأهلي من معالجة التحدي الشمولي في الأردن والذي من المتوقع أن يكون له أثر إيجابي ملحوظ على التنمية الاجتماعية والاقتصادية للمملكة.
AHLI|2025-04-30|DisclosuresDirectorsReport|jsc_DisclosureOfCompanysAccomplishmentsSupportedByQuantitativeIndicatorsAndDescriptionOfSignificantOccurrencesToCompanyDuringFiscalYear|0|en|67,AHLI,2025-04-30,en,DisclosuresDirectorsReport,0.0042,0,none,,False,False,,0,"The Bank continued to market its innovative solutions for financial institutions especially in terms of API cross-border payment services which enable the clients of our foreign correspondents to transfer funds to beneficiaries in Jordan instantly, creating a fast, convenient, and cost-efficient remittance experience."
AHLI|2025-04-30|DisclosuresDirectorsReport|jsc_DisclosureOfCompanysAccomplishmentsSupportedByQuantitativeIndicatorsAndDescriptionOfSignificantOccurrencesToCompanyDuringFiscalYear|0|en|92,AHLI,2025-04-30,en,DisclosuresDirectorsReport,0.9987,1,AI/ML,AI/ML,False,True,integrate,1,"The key achievements were as follows: Enhancing ArtificialIntelligence: Acomprehensive strategy document and roadmap for artificial intelligence were developed at Jordan Ahli Bank, laying a strong foundation for seamlessly integrating AI into the Bank’s operations."
AHLI|2025-04-30|DisclosuresDirectorsReport|jsc_DisclosureOfCompanysAccomplishmentsSupportedByQuantitativeIndicatorsAndDescriptionOfSignificantOccurrencesToCompanyDuringFiscalYear|0|en|93,AHLI,2025-04-30,en,DisclosuresDirectorsReport,0.9988,1,AI/ML,AI/ML,True,True,launch,2,"The Bank also initiated the development of a core AI platform and successfully launched its first AI-powered product, the ahliGPT chatbot, designed to interact with customers on the Bank’s website, providing intelligent support and instant responses."
AHLI|2025-04-30|DisclosuresDirectorsReport|jsc_DisclosureOfCompanysAccomplishmentsSupportedByQuantitativeIndicatorsAndDescriptionOfSignificantOccurrencesToCompanyDuringFiscalYear|0|ar|56,AHLI,2025-04-30,ar,DisclosuresDirectorsReport,0.9986,1,AI/ML,AI/ML,False,False,,1,وتمثلت أبرز الإنجازات في الآتي : تعزيز الذكاء الاصطناعي: جرى إعداد وثيقة إستراتيجية شاملة وخريطة طريق للذكاء الاصطناعي على مستوى البنك، مما وضع أساسًا قويًا لدمج الذكاء الاصطناعي بسلاسة في عمليات البنك.
AHLI|2025-04-30|DisclosuresDirectorsReport|jsc_DisclosureOfCompanysAccomplishmentsSupportedByQuantitativeIndicatorsAndDescriptionOfSignificantOccurrencesToCompanyDuringFiscalYear|0|ar|57,AHLI,2025-04-30,ar,DisclosuresDirectorsReport,0.9986,1,AI/ML,AI/ML,True,True,اطلق,2,كما بدأ العمل على تطوير منصة الذكاء الاصطناعي الأساسية، وأطلق البنك بنجاح أول منتج مدعوم بالذكاء الاصطناعي، وهو روبوت الدردشة ahliGPT للتفاعل مع العملاء على موقع البنك الإلكتروني، مما يوفر دعمًا ذكيًا واستجابات فورية.
AHLI|2025-04-30|DisclosuresDirectorsReport|jsc_DisclosureOfCompanysAccomplishmentsSupportedByQuantitativeIndicatorsAndDescriptionOfSignificantOccurrencesToCompanyDuringFiscalYear|0|ar|62,AHLI,2025-04-30,ar,DisclosuresDirectorsReport,0.997,1,Big Data,Big Data,False,False,,1,ومن خلال التعاون بين مختلف الأقسام في البنك تم بناء لوحات معلومات Power BI ، لتعزيز رؤية البيانات واتخاذ القرارات .
AHLI|2025-04-30|DisclosuresDirectorsReport|jsc_DisclosureOfCompanysContributionToEnvironmentalProtectionAndLocalCommunityService|0|en|124,AHLI,2025-04-30,en,DisclosuresDirectorsReport,0.9985,1,AI/ML,AI/ML,False,False,,1,We collaborate with schools and universities by offering advanced courses in technology and artificial intelligence.
AHLI|2025-04-30|DisclosuresDirectorsReport|jsc_DisclosureOfImportantProspectiveDevelopmentsIncludingAnyNewExpansionsAndProjectsCompanysProposedPlanForAtLeastOneUpcomingYearAndBoardOfDirectorsForecastsForOutcomesOfCompanyActivities|0|en|19,AHLI,2025-04-30,en,DisclosuresDirectorsReport,0.9986,1,AI/ML,AI/ML,False,False,,1,"Among the plans for 2025 is the deployment of additional artificial intelligence technologies to benefit both customers and employees, simplifying processes to ensure smoother interactions and more efficient operations."
AHLI|2025-04-30|DisclosuresDirectorsReport|jsc_DisclosureOfImportantProspectiveDevelopmentsIncludingAnyNewExpansionsAndProjectsCompanysProposedPlanForAtLeastOneUpcomingYearAndBoardOfDirectorsForecastsForOutcomesOfCompanyActivities|0|en|33,AHLI,2025-04-30,en,DisclosuresDirectorsReport,0.9986,1,AI/ML,AI/ML,False,False,,1,"In 2025, the bank aims to significantly increase operational efficiency and reduce costs by expanding its automation initiatives beyond Robotic Process Automation (RPA) to include intelligent process automation."
AHLI|2025-04-30|DisclosuresDirectorsReport|jsc_DisclosureOfImportantProspectiveDevelopmentsIncludingAnyNewExpansionsAndProjectsCompanysProposedPlanForAtLeastOneUpcomingYearAndBoardOfDirectorsForecastsForOutcomesOfCompanyActivities|0|en|35,AHLI,2025-04-30,en,DisclosuresDirectorsReport,0.9986,1,Big Data,Big Data,True,True,invest_in,2,"Complementing these efforts, the bank will continue to invest in its AI roadmap and integrating data-driven insights via an enterprise data warehouse and data lakehouse."
AHLI|2025-04-30|DisclosuresDirectorsReport|jsc_DisclosureOfImportantProspectiveDevelopmentsIncludingAnyNewExpansionsAndProjectsCompanysProposedPlanForAtLeastOneUpcomingYearAndBoardOfDirectorsForecastsForOutcomesOfCompanyActivities|0|ar|14,AHLI,2025-04-30,ar,DisclosuresDirectorsReport,0.9986,1,AI/ML,AI/ML,False,False,ب+مصدر,1,ومن ضمن الخطط الموضوعة على أجندة العام 2025 نشر تقنيات إضافية في مجال الذكاء الاصطناعي لصالح العملاء والموظفين على حد سواء، من خلال تبسيط العمليات باستخدام الذكاء الاصطناعي، لجعل التفاعلات أكثر سلاسة والعمليات أكثر كفاءة.
AHLI|2025-04-30|DisclosuresDirectorsReport|jsc_DisclosureOfImportantProspectiveDevelopmentsIncludingAnyNewExpansionsAndProjectsCompanysProposedPlanForAtLeastOneUpcomingYearAndBoardOfDirectorsForecastsForOutcomesOfCompanyActivities|0|ar|23,AHLI,2025-04-30,ar,DisclosuresDirectorsReport,0.9986,1,AI/ML,AI/ML,False,False,,1,وإيمانا منه بضرورة تعزيز التحول الرقمي ليكون ركيزة أساسية في تطوير العمليات المصرفية، يسعى البنك الأهلي الأردني إلى زيادة كفاءة العمليات بشكل كبير وتقليل التكاليف التشغيلية من خلال رفع مستوى الأتمتة، وذلك بالتوسع في استخدام تقنيات الأتمتة الروبوتية للعمليات التي ساهمت في تقليل التدخل البشري، وتسريع المعاملات، وتقليل احتمالات الخطأ البشري، مما يعزز تجربة العملاء ويدعم فاعلية العمل.
AMAL|2022-06-30|DisclosuresDirectorsReport|jsc_DisclosureOfIssuingCompanysOrganizationalChartNumberOfItsEmployeesAndTheirClassesOfQualificationAndItsPersonnelQualifyingAndTrainingPrograms|0|en|0,AMAL,2022-06-30,en,DisclosuresDirectorsReport,0.1961,1,XBRL,XBRL,False,False,,1,Board of Directors Audit Committee Risk Committee Investment Committee Governance Committee Nomination & Remuneration Committee Chairman of the Board Risk Officer Internal Audit General Manager Legal Consultant Executive Secretary Business and Brokerage Finance Administration and support Marketing and Client Relationship Financial Research Brokerage Cashier Accounting Support Services Shareholders Archiving HR Marketing Depository Center Local Customer Service Internaional 9.B- Qualification and training programs for company staff: # Qualification and Training Programs Number of Staff 1 Workshop - National assessment stages of money laundering and terrorist financing risks and important outcomes and clarifying obligations of national entities. 2 2 Workshop – Preparation of annual report in XBRL format – held by Jordan Securities Commission 2 3 Implementation of Security Council resolutions - Anti-Money Laundering and Terrorist Financing Unit 1 4 Introduction to Securities and Investments 1
ARAS|2021-04-30|NotesListOfNotes|jsc-rep_DisclosureOfInsuranceRiskClaimsDevelopmentInsuranceRiskSensitivityAndConcentrationOfRisk|0|ar|12,ARAS,2021-04-30,ar,NotesListOfNotes,0.0005,0,none,,False,False,,0,تقوم الشركة بمتابعة تصنيف معيدي التامين الاختياري والاتفاقي شهريا للتأكد من عدم تغيير التصنيف إلى ما هو دون الدرجة الأولى أو الثانية.
ARBK|2024-04-28|DisclosuresDirectorsReport|jsc_DescriptionOfCompanysMainActivitiesWithTheirRespectiveGeographicalLocationsSizeOfCapitalInvestmentAndNumberOfEmployees|0|en|10,ARBK,2024-04-28,en,DisclosuresDirectorsReport,0.9986,1,Big Data,Big Data,True,False,maintain,1,"Data analytics contributed to the decision-making process, maintaining competitiveness, and keeping pace with developments within the corporate business and digital banking landscape."
ARBK|2024-04-28|DisclosuresDirectorsReport|jsc_DescriptionOfCompanysMainActivitiesWithTheirRespectiveGeographicalLocationsSizeOfCapitalInvestmentAndNumberOfEmployees|0|en|26,ARBK,2024-04-28,en,DisclosuresDirectorsReport,0.9986,1,AI/ML,AI/ML,True,True,focus_on,2,"The bank remains focused on the strategic pillars that drive its digital strategy, including a focus on innovation and information technology, most importantly artificial intelligence and predictive analytics."
ARBK|2024-04-28|DisclosuresDirectorsReport|jsc_DescriptionOfCompanysMainActivitiesWithTheirRespectiveGeographicalLocationsSizeOfCapitalInvestmentAndNumberOfEmployees|0|ar|5,ARBK,2024-04-28,ar,DisclosuresDirectorsReport,0.9986,1,Big Data,Big Data,False,False,,1,وساهمت تحليلات البيانات في عملية اتخاذ القرارات والحفاظ على القدرة التنافسية ومواكبة التطورات.
ARBK|2024-04-28|DisclosuresDirectorsReport|jsc_DescriptionOfCompanysMainActivitiesWithTheirRespectiveGeographicalLocationsSizeOfCapitalInvestmentAndNumberOfEmployees|0|ar|15,ARBK,2024-04-28,ar,DisclosuresDirectorsReport,0.9986,1,AI/ML,AI/ML,False,False,,1,بالإضافة الى ما سبق يعمل البنك على ركائز يقود بموجبها استراتيجيته الرقمية وتلك الخاصة بالابتكار وتكنولوجيا المعلومات ومن أهمها الذكاء الاصطناعي والتحليل الاستباقي.
ARBK|2024-04-28|DisclosuresDirectorsReport|jsc_DisclosureOfCompanysAccomplishmentsSupportedByQuantitativeIndicatorsAndDescriptionOfSignificantOccurrencesToCompanyDuringFiscalYear|0|en|66,ARBK,2024-04-28,en,DisclosuresDirectorsReport,0.9987,1,AI/ML,AI/ML,False,False,automate,1,"During the year, the Al-Arabi chatbot for automated smart conversations was enhanced to answer a wide range of customer inquiries."
ARBK|2024-04-28|DisclosuresDirectorsReport|jsc_DisclosureOfCompanysAccomplishmentsSupportedByQuantitativeIndicatorsAndDescriptionOfSignificantOccurrencesToCompanyDuringFiscalYear|0|en|67,ARBK,2024-04-28,en,DisclosuresDirectorsReport,0.9986,1,AI/ML,AI/ML,False,True,use,1,"This involved expanding the chatbot’s knowledge base and adding new features, such as voice interactions, image display, and tutorial videos to help customers use the chatbot."
ARBK|2024-04-28|DisclosuresDirectorsReport|jsc_DisclosureOfCompanysContributionToEnvironmentalProtectionAndLocalCommunityService|0|en|18,ARBK,2024-04-28,en,DisclosuresDirectorsReport,0.9985,1,SAR,SAR,True,True,implement,2,"The operations department also started a project to review and update the record matrix and retention periods for the bank’s documents, while continuing to implement the electronic archiving system."
ARBK|2024-04-28|DisclosuresDirectorsReport|jsc_DisclosureOfImportantProspectiveDevelopmentsIncludingAnyNewExpansionsAndProjectsCompanysProposedPlanForAtLeastOneUpcomingYearAndBoardOfDirectorsForecastsForOutcomesOfCompanyActivities|0|en|28,ARBK,2024-04-28,en,DisclosuresDirectorsReport,0.9987,1,AI/ML,AI/ML,False,False,,1,"Data analysis solutions, including artificial intelligence and machine learning, are part of the future foundation of Consumer Banking’s personalized customer engagement plans."
ARBK|2024-04-28|DisclosuresDirectorsReport|jsc_DisclosureOfImportantProspectiveDevelopmentsIncludingAnyNewExpansionsAndProjectsCompanysProposedPlanForAtLeastOneUpcomingYearAndBoardOfDirectorsForecastsForOutcomesOfCompanyActivities|0|en|33,ARBK,2024-04-28,en,DisclosuresDirectorsReport,0.9986,1,Big Data,Big Data,False,False,use,1,"Treasury’s growing use of technology will help ensure that the bank remains relevant and retains its competitive advantage in decision support information, data analytics, and customer service."
ARBK|2024-04-28|DisclosuresDirectorsReport|jsc_DisclosureOfImportantProspectiveDevelopmentsIncludingAnyNewExpansionsAndProjectsCompanysProposedPlanForAtLeastOneUpcomingYearAndBoardOfDirectorsForecastsForOutcomesOfCompanyActivities|0|ar|18,ARBK,2024-04-28,ar,DisclosuresDirectorsReport,0.9986,1,Big Data,Big Data,False,False,ب+مصدر,1,كما سيتم مواصلة العمل على تحسين المزايا المتعلقة بمنتج القرض الرقمي والتمويل العقاري الرقمي ومختلف منتجات الإقراض وذلك بتطوير أنظمة إدارة الإقراض والتحصيل مما سينعكس إيجابا على مستوى المرونة والتنوع واستخدام تحليل البيانات في سياسات المنح الائتماني دون الاخلال بتعليمات الرقابة والتحكم.
ARBK|2024-04-28|DisclosuresDirectorsReport|jsc_DisclosureOfImportantProspectiveDevelopmentsIncludingAnyNewExpansionsAndProjectsCompanysProposedPlanForAtLeastOneUpcomingYearAndBoardOfDirectorsForecastsForOutcomesOfCompanyActivities|0|ar|24,ARBK,2024-04-28,ar,DisclosuresDirectorsReport,0.9986,1,AI/ML,AI/ML,False,True,استخدم,1,ستكون هذه الرؤية مدعمة بالتحليل الرقمي للبيانات لبناء خوارزميات شاملة تستخدم الذكاء الاصطناعي وتعلم الآلة ( Machine Learning ) كأسس يبنى عليها مستقبل الخدمات المصرفية للأفراد مما يمكّن البنك من الوصول الى مستويات عالية من التواصل الرقمي الموائم لكل عميل، الأمر الذي سيكون له الأثر الإيجابي بالمحافظة على قاعدة العملاء وتعزيز مستوى الرضا لديهم.
ARBK|2024-04-28|NotesListOfNotes|ifrs-full_DisclosureOfEntitysReportableSegmentsExplanatory|0|en|25,ARBK,2024-04-28,en,NotesListOfNotes,0.9987,1,AI/ML,AI/ML,False,False,,1,"In addition to the above, the bank is working on pillars according to which it leads its digital and innovation strategies, the most important of which are artificial intelligence and proactive analysis."
ARBK|2024-04-28|NotesListOfNotes|ifrs-full_DisclosureOfEntitysReportableSegmentsExplanatory|0|ar|29,ARBK,2024-04-28,ar,NotesListOfNotes,0.9987,1,AI/ML,AI/ML,False,False,,1,بالإضافة الى ما سبق يعمل البنك على ركائز يقود بموجبها استراتيجيته الرقمية وتلك الخاصة بالابتكار ومن أهمها الذكاء الاصطناعي والتحليل الاستباقي.
ARBK|2024-04-28|NotesListOfNotes|jsc-rep_AdoptionOfNewAndRevisedInternationalFinancialReportingStandards|0|ar|36,ARBK,2024-04-28,ar,NotesListOfNotes,0.0006,0,none,,False,False,,0,تعديلات على معيار المحاسبة الدولي 7 قائمة التدفقات النقدية والمعيار الدولي لإعداد التقارير المالية 7 الأدوات المالية: الإفصاحات - ترتيبات تمويل الموردين تضيف التعديلات هدف إفصاح إلى معيار المحاسبة الدولي (7) ينص على أن المنشأة مطالبة بالإفصاح عن معلومات حول ترتيبات تمويل الموردين الخاصة بها والتي تمكن مستخدمي القوائم المالية من تقييم آثار تلك الترتيبات على التزامات المنشأة وتدفقاتها النقدية.
ATTA|2024-04-21|DisclosuresDirectorsReport|jsc_TheMembersOfBoardOfDirectorsNamesAndNamesAndRanksOfSeniorExecutiveManagementWithBriefResumeOfEach|0|en|31,ATTA,2024-04-21,en,DisclosuresDirectorsReport,0.012,0,none,,False,False,,0,"Date of birth: March 28, 1978 Educational qualifications: Bachelor of Electronics, Princess Sumaya University for Technology 1999-2000 Work experience: Al Sayegh Group of Companies: Responsible for developing ERP Solutions (2002-3/2004) CCC Contractors International Company: Nigeria, General Safety Manager for Oil Projects 5/2004 – 7/2005 Mutashan Interior Design and Decoration Company: General Manager of the Company (8/2005- 3/2014) Al-Sirah Advertising and Public Relations Company: General Manager of the Company (2009 -2012)."
BOJX|2022-03-31|NotesListOfNotes|jsc-rep_AdoptionOfNewAndRevisedInternationalFinancialReportingStandards|0|en|3,BOJX,2022-03-31,en,NotesListOfNotes,0.0006,0,none,,False,False,,0,"January 1, 2023 Amendment for IFRS 8- accounting policies , chandes in accounting estimation and judjment, definition for accounting estimation 1,January,2023 Amendment for IFRS 12 , tax, defeered tax asset and liabilites January 1, 2023 Classification of liabilities into current or non-current liabilities (Amendments to IAS 1) January 1, 2023 IFRS 17 “Insurance Contracts” and Amendments to IFRS 17 “Insurance Contracts” January 1, 2023 Sale or grant of assets between an investor and an affiliate company or a joint venture (amendments to IFRS 10 and IAS 28) Available for optional application / application date postponed Management expects to apply these new standards, interpretations, and amendments to the consolidated financial statements of the Bank when they are applicable."
CABK|2024-04-08|CorporateGovernanceReport|jsc-rep_DisclosureOfExecutivePositionsInCompanyAndNamesOfThePersonsWhoOccupyThem|0|ar|14,CABK,2024-04-08,ar,CorporateGovernanceReport,0.0008,0,none,,False,False,,0,السيد زيد جمال زهدي حميد - المدير التنفيذي / إدارة امن المعلومات و مكافحة الجرائم المالية تاريخ الميلاد 18/5/1986 تاريخ التعيين 27/12/2011 المؤهلات العلمية بكالوريوس ادارة اعمال ٢٠١١ الخبرات العملية مدير تنفيذي ادارة امن المعلومات ومكافحة الجرائم المالية من 4/2023 لغاية الان مدير الجرائم المالية و الامن السيبراني لدى بنك القاهرة عمان من 2/2021 لغاية 4/2023 مدير دائرة مكافحة الجرائم المالية لدى بنك القاهرة عمان من 10/2019 لغاية 2/2021 مسؤول قسم التحقيقات و اعرف عميلك لدى بنك القاهرة عمان من 4/2017 لغاية 10/2019 مسؤول قسم مراقبة المعلومات و التحقيق لدى بنك القاهرة عمان من 7/2014 لغاية 4/2017 السيد فؤاد نبيل الخوري اسبير فؤاد الصناع - مدير دائرة التخطيط الاستراتيجي وتطوير الأعمال تاريخ الميلاد 10/6/1992 تاريخ التعيين 1/11/2015 المؤهلات العلمية درجة الماجستير العلوم المالية و المصرفية ٢٠١٥ بكالوريوس اقتصاديات المال والاعمال 2014 الخبرات العملية مدير دائرة التخطيط الاستراتيجي و التطوير الاعمال من 08/2023 لغاية الان مدير دائرة الاستراتيجية و تنقيب البيانات لدى بنك القاهرة عمان من 04/2020 لغاية 08/2023 محلل اقتصادي رئيسي لدى بنك القاهرة عمان من 01/2019 لغاية 04/2020 محلل اقتصادي لدى بنك القاهرة عمان من 11/2015 لغاية 01/2019
CABK|2024-04-08|DisclosuresDirectorsReport|jsc_DisclosureOfImportantProspectiveDevelopmentsIncludingAnyNewExpansionsAndProjectsCompanysProposedPlanForAtLeastOneUpcomingYearAndBoardOfDirectorsForecastsForOutcomesOfCompanyActivities|0|ar|9,CABK,2024-04-08,ar,DisclosuresDirectorsReport,0.9986,1,Big Data,Big Data,False,False,,1,إستقطاب العملاء من كافة فئات و شرائح المجتمع مع التركيز على شريحة الشباب ضمن الفئة العمرية 18 – 40 سنة على وجهه الخصوص لتلقي مختلف انواع الخدمات المصرفية وفقا لاحتياجاتهم تعزيز قدرات تحليل البيانات واستباط المعرفة القيمة وفهم سلوكيات العملاء عن طريق استغلال مصادر البيانات المختلفة .
CABK|2024-04-08|DisclosuresDirectorsReport|jsc_DisclosureOfImportantProspectiveDevelopmentsIncludingAnyNewExpansionsAndProjectsCompanysProposedPlanForAtLeastOneUpcomingYearAndBoardOfDirectorsForecastsForOutcomesOfCompanyActivities|0|ar|10,CABK,2024-04-08,ar,DisclosuresDirectorsReport,0.9986,1,AI/ML,AI/ML,False,False,,1,تعزيز قدرات التقنيات التكنولوجية المتطورة وتوسيع رقعة مهام الذكاء الاصطناعي وهندسة المعرفة من خلال اتمتتة العمليات والوصول الى العملاء عبر قنوات رقمية متنوعة تمتاز بالتطور والابتكار .
CAPL|2025-04-29|DisclosuresChairmansStatement|jsc_DisclosureOfStatementOfBoardOfDirectorsChairman|0|en|43,CAPL,2025-04-29,en,DisclosuresChairmansStatement,0.9986,1,AI/ML,AI/ML,True,True,invest_in,2,"Furthermore, we are committed to investing in artificial intelligence technologies to enhance operational efficiency, elevate customer experience, and provide more advanced and secure banking services."
CAPL|2025-04-29|DisclosuresChairmansStatement|jsc_DisclosureOfStatementOfBoardOfDirectorsChairman|0|ar|29,CAPL,2025-04-29,ar,DisclosuresChairmansStatement,0.9986,1,AI/ML,AI/ML,False,False,,1,ومع استمرارنا في تنفيذ استراتيجيتنا الطموحة، فإننا نهدف إلى تقديم قيمة مستدامة لمساهمينا، ودعم الاقتصاد الوطني من خلال تمويل المشاريع التنموية، وتعزيز الشمول المالي، والابتكار في الحلول المصرفية الرقمية، كما سنواصل الاستثمار في تقنيات الذكاء الاصطناعي لتعزيز كفاءتنا التشغيلية، بتحسين تجربة العملاء، وتقديم خدمات مصرفية أكثر تطوراً وأماناً.
CAPL|2025-04-29|DisclosuresDirectorsReport|jsc_DisclosureOfDirectorsReport|0|ar|70,CAPL,2025-04-29,ar,DisclosuresDirectorsReport,0.0006,0,none,,False,False,,0,لوحات المعلومات والتقارير الشهرية قمنا بتطبيق لوحات معلومات وتقارير شهرية لمراقبة أهم تدفقات معاملات العملاء وتجاربهم، وتحديد أسباب الفشل والمشكلات المتكررة، ودعم خطط العمل الاستباقية.
CAPL|2025-04-29|DisclosuresDirectorsReport|jsc_DisclosureOfImportantProspectiveDevelopmentsIncludingAnyNewExpansionsAndProjectsCompanysProposedPlanForAtLeastOneUpcomingYearAndBoardOfDirectorsForecastsForOutcomesOfCompanyActivities|0|en|3,CAPL,2025-04-29,en,DisclosuresDirectorsReport,0.9986,1,AI/ML,AI/ML,False,True,adopt,1,"Furthermore, by adopting effective artificial intelligence tools, the group will continue developing its banking systems, infrastructure, and information security systems."
CAPL|2025-04-29|DisclosuresDirectorsReport|jsc_DisclosureOfImportantProspectiveDevelopmentsIncludingAnyNewExpansionsAndProjectsCompanysProposedPlanForAtLeastOneUpcomingYearAndBoardOfDirectorsForecastsForOutcomesOfCompanyActivities|0|ar|3,CAPL,2025-04-29,ar,DisclosuresDirectorsReport,0.9987,1,AI/ML,AI/ML,False,False,,1,كما ستعمل المجموعة على تطوير الأنظمة البنكية الخاصة بها من خلال التحسينات المستمرة على البنية التحتية ونظم أمن المعلومات، بالإضافة إلى إدخال المزيد من أدوات الذكاء الاصطناعي .
DERA|2023-04-30|NotesListOfNotes|ifrs-full_DisclosureOfEntitysReportableSegmentsExplanatory|0|en|0,DERA,2023-04-30,en,NotesListOfNotes,0.0006,0,none,,False,False,,0,Segment reporting Business segments represent distinguishable components of the Group that are engaged in providing products or services which are subject to risks and rewards that are different from those of other segments and are measured based on the reports sent to the chief operating decision maker.
FUTR|2025-04-30|DisclosuresDirectorsReport|jsc_DisclosureOfIssuingCompanysOrganizationalChartNumberOfItsEmployeesAndTheirClassesOfQualificationAndItsPersonnelQualifyingAndTrainingPrograms|0|en|1,FUTR,2025-04-30,en,DisclosuresDirectorsReport,0.7477,1,AI/ML|Big Data,AI/ML|Big Data,True,True,use,2,B. Number of company employees and their qualification : Academic qualification Future Arab Investment Quqa Trading Company Ithmar Industry and Distribution Company Quqa Import and Export Company (Free Zone) Future Motors Import & Export Company Master 0 1 0 0 1 Bachelor 3 27 6 3 15 diploma 0 15 0 0 4 High school or below 0 27 7 2 19 Total of employees 3 70 13 5 39 C. Training courses for the company’s employees (the group): No Course name Number of employees 1 Financial analysis of financial statements 1 2 Financial analysis of corporate financial statements using Excel 1 3 Managing and analyzing big data using artificial intelligence Power BI 4 4 Finance for Non-Financials 1 5 Excel Applications: From Beginner to Professional 1 6 First aid and CPR 2 7 Multitasking Management: Scheduling Work to Improve Effectiveness and Efficiency 1 8 Practical applications in the General Sales Tax Law 2 9 Salaries Calculation for all sectors (practical applications) 2
FUTR|2025-04-30|DisclosuresDirectorsReport|jsc_DisclosureOfIssuingCompanysOrganizationalChartNumberOfItsEmployeesAndTheirClassesOfQualificationAndItsPersonnelQualifyingAndTrainingPrograms|0|ar|2,FUTR,2025-04-30,ar,DisclosuresDirectorsReport,0.9985,1,AI/ML|Big Data,AI/ML|Big Data,False,True,ب+مصدر,1,برامج التأهيل والتدريب لموظفي الشركة ( المجموعة ) : الرقم اسم الدورة عدد الموظفين التحليل المالي للقوائم المالية 1 التحليل المالي للقوائم المالية للشركات باستخدام اكسل 1 ادارة وتحليل البيانات الضخمة باستخدام الذكاء الاصطناعي Power BI 4 المالية لغير الماليين 1 تطبيقات اكسل : من البداية الى الاحتراف 1 الاسعافات الاولية والإنعاش القلبي الرئو ي 2 إدارة المهام المتعددة : جدولة الأعمال لتحسين الفاعلية والكفاءة 1 تطبيقات عملية في قانون الضريبة العامة على المبيعات 2 احتساب الرواتب الشاملة لجميع القطاعات (تطبيقات عملية) 2
HPIC|2024-04-28|DisclosuresDirectorsReport|jsc_DisclosureOfIssuingCompanysOrganizationalChartNumberOfItsEmployeesAndTheirClassesOfQualificationAndItsPersonnelQualifyingAndTrainingPrograms|0|en|5,HPIC,2024-04-28,en,DisclosuresDirectorsReport,0.9981,1,AI/ML|ERP,AI/ML|ERP,True,True,use,2,"Hayat maintains records of the training obtained by each employee, as shown below: No. of Attendees External Training Courses No. 1 Critical Thinking Approach in Computer System Validation in Line with ISPE GAMP 5 2nd Edition & FDAs Computer Software Approach 27 Quality Risk Management 1 Introducing Smart Data Collection and Tools to Cut Energy Cost 1 Energy Efficiency Technologies and Waste Management 1 The Billing System and Income Tax 1 Principles of Pharmacovigilance & Advanced Pharmacovigilance 1 An introductory to the necessary requirements, application mechanism and eligibility conditions, to support industrial establishments in achieving benefit from the programs of the Social Development Fund 2 Dust Control System 24 Data Integrity 2 Cost Management 1 Increasing Sales And Building Marketing Plans Using Artificial Intelligence 2 Bioequivalence In Tech Transfer Products 2 Nitrosamine Impurities & Risk Assessment 2 Data Exclusivity in the Pharmaceutical Industry 1 Micro Instruments Devices 69 Total Attendees 48 Total Beneficiaries * No. of Attendees Internal Training Courses No. 20 Safety in production areas 21 Good Documentation Practices in Production 3 Methods of measuring temperature and humidity rates in the raw materials warehouse and the finished materials warehouse 24 Personal Hygiene in Production 8 Good Documentation Practices in Warehouse 21 Good Documentation Practices in Packaging 18 Personal Hygiene in Packaging 19 Cleaning the production and packaging areas and changing rooms 17 Standard working method for the products’ secondary packaging process 6 R&D Product Development cycle 5 Write daily formulation experiment in the personal note book 4 Validation/Verification of Analytical Method 4 Stability testing of new products 21 Maintenance Activity 7 The standard operations procedure for using Maintenance Module on ERP system 7 Comprehensive security and protection procedures 4 Change Control Procedures 5 Corrective and Preventive Actions (CAPA) Program 3 Deviation Management 5 Process Validation 5 Acceptance Sampling for Manufactured/Packaged Products 4 Calibration 3 Computer System Validation 9 Necessary procedures upon completion of work inside the laboratory 22 Public safety in laboratories 19 Micro/QCL laboratory waste disposal 2 84 Total Attendees 148 Total Beneficiaries * * The number of beneficiaries differs from the number of attendees because some workers attend more than one training course The employee turnover rate in 2023 was about 14%."
INVB|2021-03-31|DisclosuresDirectorsReport|jsc_DisclosureOfCompanysRiskExposure|0|ar|36,INVB,2021-03-31,ar,DisclosuresDirectorsReport,0.9987,1,Big Data,Big Data,False,False,,1,- تحليل البيانات والقوائم المالية الخاصة بالعميل لإستخراج أهم النسب المالية والمؤشرات التي تساعد في اتخاذ القرارات الإئتمانية.
INVB|2024-04-29|DisclosuresDirectorsReport|jsc_DisclosureOfIssuingCompanysOrganizationalChartNumberOfItsEmployeesAndTheirClassesOfQualificationAndItsPersonnelQualifyingAndTrainingPrograms|0|en|6,INVB,2024-04-29,en,DisclosuresDirectorsReport,0.0007,0,none,,False,False,,0,"The distribution of these employees is as follows : - Management and Branches / The Investment Bank Statement No. General Management / Abdul Hamid Sharaf Street 296 Main Branch / General Management 18 PRIME Customer Service Center for VIP Customers / General Management 14 Mecca Street Branch / Mecca Street 8 Emaar Branch / Emaar Towers 7 Taj Mall Branch / Taj Mall 7 Sweifieh Branch / Agencies Street 7 Al-Wihdat Branch / Middle East Roundabout 7 Sahab Branch / Sahab Industrial City 5 Zarqa Branch / King Hussein Street 4 Irbid Branch / Wasfi al-Tal Street 6 Aqaba Branch / Al-Nahda Street 6 Abdoun Branch / Suleiman Al-Quda Street 6 Dabouq Branch / Mohammed Ahmed Tarif Street 4 Sales Department 168 Total 563 Affiliated Companies / Invest Bank Affiliated Companies Invest Bank Supply Chain Financing Company / Al-Qastal 36 Tamkeen Leasing Company / Mecca Street 23 Jordan Commercial Facilities Company (Subsidiary of Tamkeen Leasing Company) / Shmeisani 85 Bandar Trading and Investment Company (Subsidiary of Tamkeen Leasing Company) / Madina Munawara Street 78 Total 222 4. Employee Skill Development : Stemming from the bank’s commitment to enhancing the efficiency of its employees and developing their knowledge, skills, and abilities to enable them to perform their tasks efficiently and effectively, which contributes to improving the bank’s performance and productivity and providing the highest level of services, 85% of the bank’s employees participated in a number of specialized training courses and workshops, including : Program Name Number of Employees Management Diploma Human Resource 1 Persuasive Impact Amplify Your 1 Intelligence Integration for non-AI specialists - for Managers Artificial & Executives 1 ASP.NET 9 Business writing 7 money Laundering Specialist CAMS - Certified Anti 1 Analysis Cash Flow 4 Infrastructure CBJ Public Key 4 CCNA 2 Manager (CCM) Certified Compliance 3 Examiner Certified Fraud 2 Security Manager Certified Information 1 Chat GPT 2 international Financial Reporting Diploma In 1 Dot Cyber Summit 1 Of Work AI To Augment Human HR Experts The Future Generative Workshop 1 Initiative (GRI) training course Global Reporting 1 IFRS9 6 Fintech Introduction to 1 Management Investment 1 Relations Investors 1 ISO 2007 1 Fundamental’s IT RISK 1 ITIL Foundation v4 8 Management: Advanced Skills and Competencies Legal Affairs 1 Palo Alto Training 2 leaders People skills for 1 Power BI 1 Workshop Strategic Management 3 TOT 1 Recent Amendments to the Social Security, Labor, and Tax Law 1 Priority Management and Task Completion 27 Anger and Stress Management 5 Risk Management and Financial Derivatives 5 Regulatory Compliance for Managers 1 Comprehensive Training Program for Teller Employees 6 Banking Cards and Electronic Banking Services 5 Advanced Bank Selling 4 Banking Marketing and Customer Service 13 Accounts, Bank Checks, and Electronic Clearing 6 Professional Diploma in Documentary Credits 1 Professional Diploma in Banking Credit 1 Professional Diploma for Training New Bankers 5 Master's in Finance and Banking 7 Legal Aspects of Banking Operations 8 Compliance Awareness Program for All Bank Employees 294 Cybersecurity Awareness Program for All Bank Employees 480 Operational Risk Awareness Program for All Bank Employees 381 Professional Diploma Program in Financial Analysis 3 Leadership Skills Development Program 17 English Language Training 10 Corporate Risk Rating 2 Financial Technology Applications 9 Development of Supervisors and Front-Line Managers 17 Development of Communication Skills for Employees 4 Skill Development for Collection Staff in Following Up and Collecting Debts 4 International Trade Finance and Bank Guarantees 2 Linking Financial Analysis Results to Estimating Financing Needs for Companies 2 Banking Secrecy 7 Certified Internal Control Specialist (CICS) Credential 1 Incorporating Artificial Intelligence in Banking Services 2 Syndicated Loans 1 Detecting Banking Fraud and Forgery 2 International Professional in Human Resources (PHRI) 1 Creativity and Innovation Skills 31 Sales and Marketing Skills 2"
INVB|2024-04-29|DisclosuresDirectorsReport|jsc_DisclosureOfIssuingCompanysOrganizationalChartNumberOfItsEmployeesAndTheirClassesOfQualificationAndItsPersonnelQualifyingAndTrainingPrograms|0|ar|1,INVB,2024-04-29,ar,DisclosuresDirectorsReport,0.0006,0,none,,False,False,,0,وفيما يلي استعراض لأعداد الموظفين تبعاً لمؤهلاتهم، وتوزيعهم بين الإدارة العامة والفروع والشركات التابعة : عدد موظفي البنك والشركات التابعة وفئات مؤهلاتهم : عدد موظفي البنك وفق مؤهلاتهم (بدون الشركات التابعة): البيان العدد دكتوراه 0 ماجستير 30 دبلوم عالي 0 بكالوريوس 458 دبلوم 37 ثانوية عامة 13 دون الثانوية العامة 25 الاجمالي 563 شركة بندار البيان العدد دكتوراه 0 ماجستير 2 دبلوم عالي 0 بكالوريوس 61 دبلوم 4 ثانوية عامة 10 دون الثانوية العامة 1 الاجمالي 78 ج- شركة التسهيلات البيان العدد دكتوراه 0 ماجستير 5 دبلوم عالي 0 بكالوريوس 67 دبلوم 6 ثانوية عامة 4 دون الثانوية العامة 3 الاجمالي 85 د- شركة تمكين البيان العدد دكتوراه 0 ماجستير 2 دبلوم عالي 0 بكالوريوس 18 دبلوم 1 ثانوية عامة 2 دون الثانوية العامة 0 الاجمالي 23 هـ - شركة امداد البيان العدد دكتوراه 0 ماجستير 1 دبلوم عالي 0 بكالوريوس 17 دبلوم 3 ثانوية عامة 0 دون الثانوية العامة 15 الاجمالي 36 المستقيلين من الادارة التنفيذية العليا: السيدة / روند زياد محمد الترك / مدير تنفيذي دائرة الامتثال استقالة منذ 13/09/2023 توزيع الموظفين بين الإدارة العامة وفروع البنك والشركات التابعة: يتوزع الموظفون على كل من الإدارة العامة والفروع وشركة الاستثماري لتمويل سلسلة الإمداد وشركة تمكين للتأجير التمويلي وشركة بندار للتجارة والاستثمار وشركة التسهيلات التجارية الأردنية وفق متطلبات العمل والحاجة وبما يكفل حسن القيام بالمهام المطلوبة من كل واحد منهم ويسمح بأعلى مستويات الأداء والإنتاجية، حيث يتوزع هؤلاء الموظفون كما يلي : - الادارة والفروع /البنك الاستثماري البيان العدد الادارة العامة / شارع عبدالحميد شرف 296 الفرع الرئيسي / الادارة العامة 18 PRIME مركز خدمة كبار العملاء / الادارة العامة 14 فرع مكة / شارع مكة 8 فرع اعمار / أبراج إعمار 7 فرع تاج مول / تاج مول 7 فرع الصويفية /شارع الوكالات 7 فرع الوحدات / دوار الشرق الأوسط 7 فرع سحاب / مدينة سحاب الصناعية 5 فرع الزرقاء / شارع الملك حسين 4 فرع اربد / شارع وصفي التل 6 فرع العقبة / شارع النهضة 6 فرع عبدون / شارع سليمان القضاة 6 فرع دابوق / شارع محمد احمد طريف 4 دائرة المبيعات 168 المجموع 563 - الشركات التابعة/ البنك الاستثماري: الشركات التابعة شركة الاستثماري لتمويل سلسلة الإمداد / القسطل 36 شركة تمكين للتأجير التمويلي / شارع مكة 23 شركة التسهيلات التجارية الأردنية (تابعة لشركة تمكين للتأجير التمويلي)/ الشميساني *تابعة لشركة تمكين للتأجير التمويلي 85 شركة بندار للتجارة والاستثمار (تابعة لشركة تمكين للتأجير التمويلي)/ شارع المدينة المنورة 78 المجموع 222 تطوير مهارات الموظفين: انطلاقا من حرص البنك على تعزيز كفاءة موظفيه وتطوير معارف ومهارات وقدرات موظفيه بما يمكنهم من القيام بأعمالهم بكفاءة وفعالية ويساهم في الارتقاء بمستوى أداء وإنتاجية البنك وتقديم أفضل مستوى من الخدمات، فقد شارك ما نسبته 85 % من موظفي البنك في عدد من الدورات التدريبية المتخصصة وورشات العمل ومنها : اسم البرنامج عدد الموظفين Human Resource Management Diploma 1 Amplify Your Persuasive Impact 1 Artificial Intelligence Integration for non-AI specialists - for Managers & Executives 1 ASP.NET 9 Business writing 7 CAMS - Certified Anti money Laundering Specialist 1 Cash Flow Analysis 4 CBJ Public Key Infrastructure 4 CCNA 2 Certified Compliance Manager (CCM) 3 Certified Fraud Examiner 2 Certified Information Security Manager 1 Chat GPT 2 Diploma In international Financial Reporting 1 Dot Cyber Summit 1 Generative AI To Augment Human HR Experts The Future Of Work Workshop 1 Global Reporting Initiative (GRI) training course 1 IFRS9 6 Introduction to Fintech 1 Investment Management 1 Investors Relations 1 ISO 2007 1 IT RISK Fundamental’s 1 ITIL Foundation v4 8 Legal Affairs Management: Advanced Skills and Competencies 1 Palo Alto Training 2 People skills for leaders 1 Power BI 1 Strategic Management Workshop 3 TOT 1 اخر التعديدلات على قانون الضمان والعمل والضريبة 1 ادارة الاولويات و انجاز المهام 27 ادارة الغضب و التوتر 5 ادارة المخاطر و المشتقات المالية 5 الامتثال الرقابي للمدراء 1 البرنامج التدريبي الشامل لموظفي التلر 6 البطاقات المصرفية والخدمات المصرفية الالكترونية 5 البيع المصرفي المتقدم 4 التسويق المصرفي و خدمة العملاء 13 الحسابات والشيكات المصرفية والمقاصة الالكترونية 6 الدبلوم المهني المتخصص في الاعتمادات المستندية 1 الدبلوم المهني المتخصص في الائتمان المصرفي 1 الدبلوم المهني المتخصص لتأهيل المصرفيين الجدد 5 الماجستير في التمويل والمصارف 7 النواحي القانونية للعمليات المصرفية 8 برنامج التوعية بالامتثال لجميع موظفي البنك 294 برنامج التوعيه بالامن السيبراني لجميع موظفي البنك 480 برنامج التوعيه بمخاطر التشغيل لجميع موظفي البنك 381 برنامج الدبلوم المهني المتخصص في التحليل المالي 3 برنامج تطوير المهارات القيادية 17 تدريب اللغه الانجليزية 10 تصنيف المخاطر للشركات 2 تطبيقات التكنولوجيا المالية 9 تطوير المشرفين و مدراء الخطوط الامامية 17 تطوير مهارات موظفي الاتصال 4 تطوير مهارات موظفي التحصيل في متابعة وتحصيل الديون 4 تمويل التجارة الخارجية والكفالات المصرفية 2 ربط نتائج التحليل المالي بتقدير الإحتياجات التمويلية للشركات 2 سرية الاعمال المصرفية 7 شهادة متخصص معتمد في الرقابة الداخلية CICS 1 غرس الذكاء الإصطناعي في الخدمات المصرفية 2 قروض التجمع البنكي 1 كشف التزوير و التزييف المصرفي 2 محترف الموارد البشرية الدولي PHRI 1 مهارات الابداع و الابتكار 31 مهارات البيع و التسويق 2
JDFS|2022-03-27|NotesListOfNotes|ifrs-full_DisclosureOfSummaryOfSignificantAccountingPoliciesExplanatory|0|en|0,JDFS,2022-03-27,en,NotesListOfNotes,0.0006,0,none,,False,False,,0,(2-4) Significant Accounting Policies Segment reporting A business segment is a group of assets and operations engaged in providing products or services that are subject to risks and returns that are different from those of other business segments which are measured based on the reporting to executive manager and the decision maker in the Group.
JMRC|2025-03-02|DisclosuresDirectorsReport|jsc_DisclosureOfIssuingCompanysOrganizationalChartNumberOfItsEmployeesAndTheirClassesOfQualificationAndItsPersonnelQualifyingAndTrainingPrograms|0|en|2,JMRC,2025-03-02,en,DisclosuresDirectorsReport,0.9983,1,AI/ML,AI/ML,False,False,,1,The following list shows the training courses attended by staff members during 202 4 : - The number of participants Institute Number of sessions Course Name 1 Al-Wateen Electronic Systems Company 1 File Security Management Conference 2 Institute Of Banking Studies 1 AI and Machine Learning In Fintech Realm 1 Institute Of Banking Studies 1 Open Banking 1 Institute Of Banking Studies 1 Course Of Preparing and Presenting The internal auditors Report and Working Papers 1 Fintech Academy 1 ABCs Of Fintech
JMRC|2025-03-02|DisclosuresDirectorsReport|jsc_DisclosureOfIssuingCompanysOrganizationalChartNumberOfItsEmployeesAndTheirClassesOfQualificationAndItsPersonnelQualifyingAndTrainingPrograms|0|ar|2,JMRC,2025-03-02,ar,DisclosuresDirectorsReport,0.9986,1,AI/ML,AI/ML,False,False,,1,وفيما يلي بيان بالدورات التي شارك بها موظفو الشركة خلال عام 2024: عدد المشاركين المعهد عدد الدورات الدورة 1 شركة الوتين للأنظمة الإلكترونية 1 ادارة أمن الملفات 2 معهد الدراسات المصرفية 1 الذكاء الاصطناعي والتعليم الآلي في عالم التكنولوجيا المالية 1 معهد الدراسات المصرفية 1 الخدمات المصرفية المفتوحة 1 معهد الدراسات المصرفية 1 اعداد وعرض تقرير المدقق الداخلي واوراق عمله 1 أكاديمية الفنتك الأردنية 1 أبجديات التكنولوجيا المالية
JOEP|2021-04-25|CorporateGovernanceReport|jsc-rep_DisclosureOfNameOfChairmanAndMembersOfAuditCommitteeAndADescriptionOfTheirQualificationsAndExperienceInFinancialOrAccountingMatters|0|en|0,JOEP,2021-04-25,en,CorporateGovernanceReport,0.0006,0,none,,False,False,,0,"AUDITING COMMITTEE MR. ISSAM BDEIR REPRESENTATIVE OF (OPTIMAL DIMENSION CO. FOR INVESTMENT) DATE OF BIRTH: 1932 GRADUATED FROM (ISLAMIC EDUCATIONAL COLLEGE) , SECONDARY SCHOOL CERTIFICATE IN 1951 BACHELOR OF BUSINESS ADMINISTRATION & ACCOUNTING FROM (THE AMERICAN UNIVERSITY / BEIRUT) IN 1955 MASTER DEGREE IN BUSINESS ADMINISTRATION & ACCOUNTING FROM (UNIVERSITY OF MICHIGAN) U.S.A IN 1958 PRACTICAL EXPERIENCE PRIVATE BUSINESS AT THE BEGINNING OF 1958 & SUPERVISING THE (JORDANIAN BUILDING MATERIALS CO.) BOARD OF DIRECTORS' MEMBER OF (JORDAN KUWAIT BANK) UNTIL THE END OF OCT., 2017 CHAIRMAN OF THE BOARD OF DIRECTORS / ELICO CHAIRMAN / MEMBER OF BOARD OF DIRECTORS FOR MANY COMPANIES AND CHARITIES MEMBER OF THE ADMINISTRATIVE BOARD OF THE (JORDANIAN BUSINESSMEN ASSOCIATION) MEMBER OF THE NATIONAL COMMITTEE FOR DRAFTING (THE NATIONAL CHARTER) 1990 – 1991 FORMER BOARD OF DIRECTORS' MEMBER FOR (NATIONAL AID FUND) FORMER MEMBER OF (THE JORDANIAN SENATES) FORMER MEMBER OF THE BOARD OF TRUSTEES OF THE UNIVERSITY OF JORDAN FORMER BOARD OF DIRECTORS' MEMBER / CHAIRMAN OF (AMMAN CHAMBER OF INDUSTRY) FORMER BOARD OF DIRECTORS' MEMBER FOR (DEPOSITE INSURANCE CORPORATION) FORMER MEMBER OF CURRICULUM ADMINISTRATION / MINISTRY OF EDUCATION - MR. FARES AL-MUASHER DATE OF BIRTH: 1949 BACHELOR OF CIVIL ENGINEERING FROM (THE AMERICAN UNIVERSITY / BEIRUT) IN 1972 PRACTICAL EXPERIENCE BOARD OF DIRECTORS' MEMBER OF (FIBERTECH) BOARD OF DIRECTORS' VICE CHAIRMAN OF (LIGHTNING GATE FOR CLOUD SERVICES CO.) GENERAL MANAGER FOR (MUASHER BROS."
JOEP|2021-04-25|DisclosuresChairmansStatement|jsc_DisclosureOfStatementOfBoardOfDirectorsChairman|0|ar|4,JOEP,2021-04-25,ar,DisclosuresChairmansStatement,0.0006,0,none,,False,False,,0,وفي مجال العدادات الذكية تم هذا العام تركيب (41870) عداداً جديداً مقابل (17700) عداداً ركبت في العام الماضي، وقد سبق وأن أوضحنا في التقرير السابق بأن هذه العدادات تتيح للشركة قراءة كمية الإستهلاك وفصل وإعادة وصل التيار وإكتشاف حالات العبث من موقع الشركة دون الحاجة إلى الوصول إلى موقع العداد لدى المشترك مما يوفر الكثير من الوقت والجهد والنفقات، وتأمل شركتكم وفق الخطة الموضوعة لهذه الغاية تركيب المزيد من هذه العدادات خلال العام القادم.
JOEP|2021-04-25|DisclosuresDirectorsReport|jsc_DescriptionOfSubsidiaryCompaniesNatureOfTheirBusinessAndTheirAreasOfActivity|0|en|3,JOEP,2021-04-25,en,DisclosuresDirectorsReport,0.0005,0,none,,False,False,,0,"THE NUMBER OF THE (ELICO’S) EMPLOYEES IS ABOUT (40) EMPLOYEES. - THE COMPANY OWNS 100% OF THE SHARES OF LIGHTNING GATE FOR CLOUD SERVICES , AMOUNTING TO (250) THOUSAND DINARS / SHARE."
JOEP|2021-04-25|DisclosuresDirectorsReport|jsc_DescriptionOfSubsidiaryCompaniesNatureOfTheirBusinessAndTheirAreasOfActivity|0|en|4,JOEP,2021-04-25,en,DisclosuresDirectorsReport,0.0005,0,none,,False,False,,0,"THIS COMPANY, WHOSE OFFICES ARE LOCATED IN AMMAN / KHALDA, CONDUCTS CLOUD COMPUTING WORK FOR ELECTRICITY COMPANIES AND OTHER SECTORS INSIDE AND OUTSIDE THE KINGDOM. - THE COMPANY OWNS 51% OF THE SHARES OF THE JORDANIAN FIBER-OPTIC ADVANCED COMPANY (FIBER-TECH COMPANY LLC), AMOUNTING TO (40) MILLION DINARS / SHARE."
JOEP|2021-04-25|DisclosuresDirectorsReport|jsc_DescriptionOfSubsidiaryCompaniesNatureOfTheirBusinessAndTheirAreasOfActivity|0|ar|1,JOEP,2021-04-25,ar,DisclosuresDirectorsReport,0.0005,0,none,,False,False,,0,تمتلك الشركه ما نسبته 100% من أسهم شركة بوابة البرق للحوسبة السحابية والبالغة (250) ألف دينار/سهم وتقوم هذه الشركة والتي تقع مكاتبها في عمان/خلدا بأعمال الحوسبة السحابية لشركات الكهرباء والقطاعات الأخرى داخل المملكة وخارجها.
JOEP|2021-04-25|DisclosuresDirectorsReport|jsc_DescriptionOfSubsidiaryCompaniesNatureOfTheirBusinessAndTheirAreasOfActivity|0|ar|2,JOEP,2021-04-25,ar,DisclosuresDirectorsReport,0.0007,0,none,,False,False,,0,تمتلك الشركة ما نسبته 51% من أسهم الشركة الأردنية المتطورة للألياف الضوئية Fibertech (شركة خصوصية ذ.م.م) والبالغة (40) مليون دينار/سهم وتقوم هذه الشركة والتي تقع مكاتبها في عمان/ جبل عمان – الدوار الثالث بتوفير بنية تحتية جديدة للإتصالات عبر مد شبكة للألياف الضوئية المعلقة في مناطق عمل شركة الكهرباء الأردنية وربط العدادات الذكية ومكونات الشبكة الكهربائية المملوكة لها، وتقديم خدمات الإنترنت الفائقة السرعة بالجملة لشركات الإتصالات ومزودي خدمات الإنترنت.
JOEP|2021-04-25|DisclosuresDirectorsReport|jsc_DisclosureOfAmountOfAuditingFeesForCompanyAndItsSubsidiariesAndAnyOtherFeesReceivedOrReceivableByAuditor|0|en|0,JOEP,2021-04-25,en,DisclosuresDirectorsReport,0.0006,0,none,,False,False,,0,"AUDITOR'S FEES • KPMG'S EXTERNAL AUDITOR'S FEES FOR AUDITING THE COMPANY'S ACCOUNTS FOR THE YEAR 2020 AMOUNTED TO (33,640) DINARS, INCLUDING 16% SALES TAX • KPMG'S FEES FOR AUDITING ADDITIONAL WORK FOR THE YEAR 2019 (WHICH WERE CARRIED OUT IN COOPERATION WITH THEIR PARTNERS IN THE KINGDOM OF SAUDI ARABIA TO AUDIT AND CONFORM THE TWO BILLING SYSTEMS : THE NEW SAP AND THE OLD ORACLE DURING 2020) AMOUNTED TO (30,000) DINARS, INCLUDING 16% SALES TAX • THE KPMG EXTERNAL AUDITOR DID NOT RECEIVE ANY AMOUNTS FOR THEIR FINANCIAL CONSULTATIONS DURING THE YEAR 2020. • KPMG'S FEES FOR AUDITING THE ACCOUNTS OF THE SUBSIDIARY CO. (LIGHTNING GATE COMPANY FOR SERVICES ) FOR THE YEAR 2020 AMOUNTED TO (4640) DINARS, INCLUDING 16% SALES TAX. • DELOITTE JORDAN EXTERNAL AUDITOR'S FEES FOR AUDITING THE ACCOUNTS OF THE SUBSIDIARY CO. (THE JORDANIAN ADVANCED FIBERTECH COMPANY) FOR THE YEAR 2020 AMOUNTED TO (6380) DINARS, INCLUDING 16% SALES TAX. • KPMG'S FEES FOR AUDITING THE FINANCIAL STATEMENTS OF THE SUBSIDIARY CO. (THE JORDANIAN ADVANCED FIBERTECH COMPANY) FOR THE YEAR 2020 AMOUNTED TO (2,900) DINARS, INCLUDING 16% SALES TAX."
JOEP|2021-04-25|DisclosuresDirectorsReport|jsc_DisclosureOfImportantProspectiveDevelopmentsIncludingAnyNewExpansionsAndProjectsCompanysProposedPlanForAtLeastOneUpcomingYearAndBoardOfDirectorsForecastsForOutcomesOfCompanyActivities|0|en|5,JOEP,2021-04-25,en,DisclosuresDirectorsReport,0.0006,0,none,,False,False,,0,"DURING 2021, THE COMPANY IS EXPECTED TO EXECUTE THE FOLLOWING CAPITAL PROJECTS WITH AN EXPENDITURE AMOUNTING TO 86.4 MILLION DINARS WHICH INCLUDES PART OF THE SMART METER REPLACEMENT PROJECT: ELECTRIFICATION AND OPERATION OF THE FOLLOWING MAIN SUBSTATIONS: INDUSTRIAL MADABA, ALRWAAQ-ARJAN, INDUSTRIAL MARKA, BURQA, QADISIYAH, INDUSTRIAL SAHAB, INDUSTRIAL SALT CITY, ALQASTAL, LAND PORT AND CENTRAL ZARQA."
JOEP|2021-04-25|DisclosuresDirectorsReport|jsc_DisclosureOfImportantProspectiveDevelopmentsIncludingAnyNewExpansionsAndProjectsCompanysProposedPlanForAtLeastOneUpcomingYearAndBoardOfDirectorsForecastsForOutcomesOfCompanyActivities|0|ar|3,JOEP,2021-04-25,ar,DisclosuresDirectorsReport,0.0005,0,none,,False,False,,0,أهم المشاريع المتوقع إنجازها خلال عام 2021: من المتوقع أن تقوم الشركة خلال عام 2021 بتنفيذ المشاريع الرأسمالية المبينة تفاصيلها أدناه وبحجم إنفاق يصل إلى (80.12) مليون دينارتتضمن جزء من مشروع إستبدال العدادات الذكية: كهربة وتشغيل محطات التحويل الرئيسية التالية: مادبا الصناعية، الرواق-عرجان، ماركا الصناعية، برقع، القادسية، سحاب الصناعية، مدينة السلط الصناعية، القسطل، الميناء البري والزرقاء المركزية.
JOEP|2021-04-25|DisclosuresDirectorsReport|jsc_DisclosureOfIssuingCompanysOrganizationalChartNumberOfItsEmployeesAndTheirClassesOfQualificationAndItsPersonnelQualifyingAndTrainingPrograms|0|ar|1,JOEP,2021-04-25,ar,DisclosuresDirectorsReport,0.0008,0,none,,False,False,,0,وفيما يلي بيان لتوزيع أعداد الموظفين والمستخدمين حسب فئاتهم ومناطق عملهم: المنطقة عام 2019 عام 2020 العدد النسبة من مجموع موظفي الشركة العدد النسبة من مجموع موظفي الشركة عمان 2021 79.8 % 1927 79.1% الزرقاء 279 11 % 269 11% السلط 80 3.1 % 77 3.2% مادبا 156 6.1 % 162 6.7% المجموع 2536 100% 2435 100% الفئة عام 2019 عام 2020 العدد النسبة من مجموع موظفي الشركة العدد النسبة من مجموع موظفي الشركة فنيون 1144 45.1 % 1098 45.1 % إداريون وماليون 1146 45.2 % 1100 45.2 % مهندسون 219 8.6 % 210 8.6 % دائرة الحاسوب 27 1.1 % 27 1.1 % المجموع 2536 100% 2435 100% الجدول التالييبين توزيع أعداد الموظفين في الشركة حسب مؤهلاتهم عام 2020 بالمقارنة مع عام 2019: المؤهل عام 2019 عام 2020 العدد النسبة من مجموع موظفي الشركة العدد النسبة من مجموع موظفي الشركة دكتوراه 4 0.1 % 4 0.2 % ماجستير 23 0.9 % 24 1 % بكالوريوس 494 19.5 % 478 19.6 % دبلوم 338 13.3 % 314 12.9 % توجيهي 459 18.1 % 460 18.9 % خريجو مراكز التدريب المهني وإعدادي 963 38 % 869 35.7 % ثانوي وما دون 255 10.1 % 286 11.7 % المجموع 2536 100 % 2435 100 % دورات لتطوير وتحديث أساليب العمل: تحرص الشركة على تطوير مهارات موظفيها من أجل أداء مهمات وظائفهم في المجالات الفنية والإدارية والمالية من خلال إشراكهم في دورات متخصصة وعامة، وقد بلغ عدد الموظفين الذين تم إشراكهم في دورات خلال عام 2020 (2120) موظفاً مقابل (1356) موظفاً لعام 2019،وتفصيل ذلك في الجدول التالي: الدورات عام 2019 عام 2020 العدد النسبة من مجموع موظفي الشركة العدد النسبة من مجموع موظفي الشركة دورات مختلفة داخل الأردن 714 28.2 % 107 4.4 % دورات ومهمات خارج الأردن 54 2.1 % 9 0.4 % التدريب في مركز التدريب التابع للشركة 492 19.4 % 170 7 % دورات ثقافة عمالية 96 3.8 % 32 1.3 % دورات تدريبية عن بُعد 0 0 % 1802 74% المجموع 1356 53.5 % 2120 87.1% وتتوزع الدورات التي تم إشراك موظفي الشركة فيها خلال عام 2020مقارنة مع عام 2019على النحو التالي: نوع الدورة عام 2019 عام 2020 العدد النسبة من مجموع موظفي الشركة العدد النسبة من مجموع موظفي الشركة تكنولوجيا المعلومات 493 19.4 % 101 4.1 % ثقافة عمالية 96 3.8 % 32 1.3 % تأهيل ورفع كفاءة الموظفين الفنيين/داخل الشركة وخارجها 208 8.2 % 29 1.2 % مهارات إدارية ومالية 505 19.9 % 1949 80 % دورات ومهمات خارج الأردن 54 2.1 % 9 0.4 % المجموع 1356 53.5 % 2120 87.1 % الإطــــــــــــار العـــــــــام للهيكــــــــــــل التنظيــــــــــــــــــمي للشــركــــــــــة مجلس الادارة مدققو الحسابات لجنة التدقيق أمانة سر مجلس الإدارة المدير العـــام الإستشارات القانونية نائب المدير العـــام مدير تخطيط الشبكات مدير الشبكة الكهربائية والتخطيط الإستراتيجي مدير تنفيذ المشاريع والصيانة مدير خدمات المشتركين مدير الموارد البشرية المدير المالي مدير التدقيق الداخلي دائرة المواصفات دائرة التخطيط دائرة المراقبة والتحكم دائرة الطوارئ دائرة الهندسة المدنية دائرة التنفيذ دائرة منطقة عمان الاولى دائرة منطقة عمان الثانية دائرة التأمين الصحي دائرة شؤون الموظفين الدائرة المالية دائرة التدقيق الداخلي قسم النفقات وتعويضات الموظفين قسم المساهمين قسم التدقيق المالي دائرة الحركة والصيانة الميكانيكية قسم شؤون الموظفين دائرة العطاءات دائرة الدراسات دائرة فحص عدادات كبار المشتركين دائرة الإتصالات دائرة المحطات الرئيسية دائرة المحطات الفرعية دائرة منطقة عمان الرابعة دائرة منطقة عمان الثالثة والسلط قسم الموازنة والاحصاء والكلفة قسم التأمين دائرة السلامة والجودة والتدريب المهني قسم إدارة الأداء والحوافز دائرة الرقابة والتفتيش دائرة دراسات العبث دائرة صيانة خطوط النقل والتعارضات دائرة النقل وكهربة الريف دائرة مأدبا دائرة منطقة الزرقاء دائرة الكمبيوتر دائرة تشغيل كمبيوتر الجباية قسم العلاقات العامة قسم التدريب وتطوير الكفاءات قسم محاسبة المستودعات قسم الحسابات وإعداد الميزانيات قسم المتابعة والمراجعات دائرة تركيب وصيانة شبكات الضغط المنخفض والعدادات دائرة الصيانة ومعالجة الأعطال دائرة إنارة الشوارع دائرة فحص وتفتيش العدادات دائرة الجباية دائرة جباية كبار المشتركين الديوان العام قسم التخطيط والإستقطاب قسم الرواتب قسم الذمم وتأمينات المشتركين قسم الإستملاك دائرة معالجة الفاقد وكفاءة الطاقة دائرة المتابعة لشؤون هيئة التنظيم طوارئ السلط دائرة دراسة وتأهيل شبكات الضغط المنخفض قسم صيانة مكاتب الشركة قسم الاعلام دائرة الخدمات الرقمية والتميز دائرة متابعة قضايا العبث قسم الصناديق قسم حسابات الريف ومساهمات المشتركين دائرةالمعلومات الجغرافية دائرة العدادات الذكية قسم السيارات المستأجرة قسم الأمن والحماية والمقاسم قسم الدراسات المالية قسم الواردات ومحطات التحويل دائرة الأتمتة والطاقة المتجددة المستودعات قسم المراجعات قسم العمليات المصرفية
JOEP|2021-04-25|DisclosuresDirectorsReport|jsc_TheMembersOfBoardOfDirectorsNamesAndNamesAndRanksOfSeniorExecutiveManagementWithBriefResumeOfEach|0|en|1,JOEP,2021-04-25,en,DisclosuresDirectorsReport,0.0007,0,none,,False,False,,0,MR. OTHMAN “MOH'D ALI” OTHMAN BDEIR / VICE CHAIRMAN DATE OF BIRTH: 1938 BACHELOR OF BUSINESS ADMINISTRATION FROM (THE UNIVERSITY OF TENNESSEE) U.S.A IN 1963 BACHELOR OF CIVIL ENGINEERING FROM (THE UNIVERSITY OF TENNESSEE) U.S.A IN 1966 PRACTICAL EXPERIENCE CHAIRMAN / MEMBER OF BOARD OF DIRECTORS FOR MANY PRIVATE AND PUBLIC COMPANIES FORMER HEAD OF THE JORDANIAN INSURANCE FEDERATION FORMER CHAIRMAN OF THE BOARD OF TRUSTEES OF THE GERMAN JORDANIAN UNIVERSITY BOARD OF DIRECTORS' CHAIRMAN OF (LIGHTNING GATE FOR CLOUD SERVICES CO.) BOARD OF DIRECTORS' CHAIRMAN OF (FIBERTECH) CHAIRMAN / MEMBER OF BOARD OF DIRECTORS FOR MANY CHARITIES MR. FARES ELIAS EISA AL-MUASHER / MEMBER DATE OF BIRTH: 1949 BACHELOR OF CIVIL ENGINEERING FROM (THE AMERICAN UNIVERSITY / BEIRUT) IN 1972 PRACTICAL EXPERIENCE BOARD OF DIRECTORS' MEMBER OF (FIBERTECH) BOARD OF DIRECTORS' VICE CHAIRMAN OF (LIGHTNING GATE FOR CLOUD SERVICES CO.) GENERAL MANAGER FOR (MUASHER BROS.
JOEP|2021-04-25|DisclosuresDirectorsReport|jsc_TheMembersOfBoardOfDirectorsNamesAndNamesAndRanksOfSeniorExecutiveManagementWithBriefResumeOfEach|0|en|7,JOEP,2021-04-25,en,DisclosuresDirectorsReport,0.0005,0,none,,False,False,,0,"MR. BASSAM MARWAN MOHAMMAD MADI / MEMBER DATE OF BIRTH : 1967 BACHELOR OF COMPUTER ENGINEERING FROM (IOWA STATE UNIVERSITY ) U.S.A IN 1987 MASTER DEGREE IN COMPUTER SCIENCES FROM (IOWA STATE UNIVERSITY ) U.S.A IN 1990 MASTER DEGREE IN BUSINESS ADMINISTRATION FROM (SOUTHERN METHODIST / SMU UNIVERSITY ) U.S.A IN 1995 PRACTICAL EXPERIENCE TECHNICAL & MANAGEMENT POSITIONS AT ERICCSSON 1990 - 2001 MANAGEMENT POSITIONS AT INFORMATICS & COMMUNICATION COMPANIES / U.S.A AND JORDAN 2001 – 2005 GENERAL MANAGER OF EUROPE, AFRICA AND MIDDLE EAST REGION AT (MOBILIYUM) FROM 2005 MR. NAJIB BAKHIT NAJIB AL-BAKHIT / MEMBER AS OF 11 JUNE, 2020 DATE OF BIRTH: 1984 BACHELOR OF BUSINESS ADMINISTRATION WITH INFORMATION TECHNOLOGY FROM (UNIVERSITY OF LEEDS) / UNITED KINGDOM IN 2005 MASTER DEGREE IN PROJECT MANAGEMENT FROM ( LEEDS BECKETT UNIVERSITY ) / UNITED KINGDOM IN 2006 PRACTICAL EXPERIENCE SALES AND MARKETING DIRECTOR OF (MODERN FLOUR MILLS & MACARONI FACTORIES CO. LTD.) FROM 2007 - 2009 SALES AND MARKETING DIRECTOR OF (MODERN FLOUR MILLS & MACARONI FACTORIES CO. LTD.) FROM 2015 - PRESENT BOARD OF DIRECTORS' MEMBER / (MODERN FLOUR MILLS & MACARONI FACTORIES CO. LTD.) FROM 2019 - PRESENT SALES DIRECTOR OF (TRIAL TECHNICAL SERVICES CO. / ABU JABER GROUP) AMMAN – DUBAI 2009 - 2015 SOCIAL SECURITY CORPORATION / MEMBER REPRESENTED BY MR. ZAIDOUN MAMDOUH ABDULRAHMAN ABU HASSAN / MEMBER DATE OF BIRTH : 1968 BACHELOR OF FINANCIAL MANAGEMENT AND BUSINESS ADMINISTRATION FROM (UNIVERSITY OF SOUTHERN CALIFORNIA / USC) / IN 1988 TRAINING PROJECT AT BANK OF AMERICA PREFERRED BANKING PROGRAM PRACTICAL EXPERIENCE HEAD ASSISTANT OF BANK OF AMERICA – U.S.A / CALIFORNIA BANK OF AMERICA LOS ANGELES PREFERRED BANKING OFFICER 1989 – 1993 GENERAL MANAGER OF ORIENT ARTS FOUNDATION FOR ANTIQUES AND GIFTS / FREE BUSINESS IN THE MANUFACTURE OF CERAMICS, ORIENTAL ANTIQUES AND GIFTS/COMMERCIAL MANAGER FOR IMPORTING AND DISTRIBUTING ALL SEAFOOD 1993 – 2000 DIRECTOR OF THE FINANCE UNIT AT JAIDAH MOTORS / DOUHA- QATAR 2000 – 2001 CONTRACTS MANAGER AT UNITED MACHINERY COMPANY AGENT OF IBM (UBM UNITED BUSINESS MACHINES) ERP SOLUTIONS JD EDWARDS – JORDAN 2001 – 2002 SEVERAL POSITIONS AT SOCIAL SECURITY INVESTMENT FUND SINCE ITS ESTABLISHMENT IN 2002 TO THE PRESENT TIME, THE MOST RECENT IS A CONSULTANT OF THE HEAD OF SOCIAL SECURITY INVESTMENT FUND."
JOEP|2021-04-25|DisclosuresDirectorsReport|jsc_TheMembersOfBoardOfDirectorsNamesAndNamesAndRanksOfSeniorExecutiveManagementWithBriefResumeOfEach|0|en|8,JOEP,2021-04-25,en,DisclosuresDirectorsReport,0.0008,0,none,,False,False,,0,"DIRECTOR OF THE FINANCIAL, ADMINISTRATIVE & HUMAN RESOURCES DEPARTMENT - STRATEGIC INVESTMENT CONSULTANT AND RESEARCHER TO THE GENERAL MANAGER OF SOCIAL SECURITY CORP. FROM 2008 – 2011 AND LATER DIRECTOR OF FINANCING PROJECTS AND SPECIAL CONTRIBUTIONS BOARD OF DIRECTORS' MEMBER / (LIGHTNING GATE FOR CLOUDSERVICES CO.) FROM 16 AUG., 2020 FORMER BOARD OF DIRECTORS' MEMBER / ARAB ALUMINIUM INDUSTRY CO. LTD. (ARAL) , ALRAI, GENERAL ELECTRICITY GENERATING CO. MEMBER AT JORDAN STRATEGY FORUM WRITER AND EDITOR OF SEVERAL COLUMNS, ARTICLES, ECONOMIC AND SOCIAL ARTICLES WHICH WERE PUBLISHED IN THE LOCAL NEWSPAPERS (ALRAI, AL GHAD AND JORDAN TIMES) SOCIAL SECURITY CORPORATION / MEMBER REPRESENTED BY MR. MOUSA ABDULLTAIF HUSSEIN AL-SUBEIHI / MEMBER UNTIL 15 AUG., 2020 DATE OF BIRTH : 1962 BACHELOR OF LAW / DIPLOMA IN INFORMATION TECHNOLOGY PRACTICAL EXPERIENCE JOURNALIST AND WRITER CULTURAL AND MEDIA AFFAIRS OFFICIAL – PRINCE ABDULRAHMAN AL- SUDAIRY FOUNDATION / KINGDOM OF SAUDI ARABIA AND SECRETARY EDITOR OF (ADUMATU JOURNAL) SPECIALIZES IN RESEARCHES RELATED TO THE ANTIQUITIES OF THE ARAB WORLD ( 1997 – 2000) HEAD OF MEDIA & PUBLIC RELATIONS – SOCIAL SECURITY CORP.( 2001-2003) GENERAL ADMINISTRATIVE & MEDIA COORDINATOR / GENERAL RETIREMENT AND SOCIAL INSURANCE AUTHORITY / QATAR (2004 – 2008) MEDIA CENTER DIRECTOR & OFFICIAL SPOKSMAN OF SOCIAL SECURITY CORP. 2008 – 15 SEPT., 2020 GENERAL MANAGER OF FOR SOCIAL SECURITY CORP. / NORTH AMMAN FROM 16 SEPT., 2020 – PRESENT BOARD OF DIRECTORS' MEMBER – ADDUSTOUR NEWSPAPER (2009 – 2017) AND FOR SEVERAL CYCLES MEMBER AT ARAB ORGANIZATION FOR HUMAN RIGHTS MEMBER AT JORDANIAN WRITERS ASSOCIATION MEMBER OF THE CONSTITUENT BODY AND BOARD OF DIRECTORS' MEMBER OF THE ETTIDAL FORUM FOR THOUGHT AND CULTURE BOARD OF DIRECTORS' MEMBER / (LIGHTNING GATE FOR CLOUD SERVICES CO.) UNTIL 15 AUG., 2020 BOARD OF DIRECTORS' MEMBER / JRCD AS FROM 16 AUG., 2020 SOCIAL SECURITY CORPORATION / MEMBER REPRESENTED BY MR. NATHEER MOH'D SALEM AL-SMADI / MEMBER AS OF 16 AUG., 2020 DATE OF BIRTH : 1962 BACHELOR OF PUBLIC RELATIONS / JOURNALISM & MEDIA IN 1985 PRACTICAL EXPERIENCE ASSISTANT GENERAL MANAGER / SOCIAL SECURITY CORP. FOR SOUTH AFFAIRS BOARD OF DIRECTORS' MEMBER / MOTRABETAH INVESTMENT CO. (P.S.C) BOARD OF DIRECTORS' MEMBER / SHERCO (SHBC) BOARD OF DIRECTORS' MEMBER / ARAB EAST INVESTMENT CO. SENIOR EXECUTIVE MANAGEMENT ENG."
JOEP|2021-04-25|DisclosuresDirectorsReport|jsc_TheMembersOfBoardOfDirectorsNamesAndNamesAndRanksOfSeniorExecutiveManagementWithBriefResumeOfEach|0|en|10,JOEP,2021-04-25,en,DisclosuresDirectorsReport,0.0006,0,none,,False,False,,0,"MR. HASSAN MAHMOUD HASSAN ABDULLAH GENERAL MANAGER AS OF 7 JAN., 2020 DATE OF BIRTH : 1969 DATE OF APPOINTMENT : 1993 BACHELOR OF ELECTRICAL ENGINEERING FROM (UNIVERSITY OF JORDAN) IN 1992 BOARD OF DIRECTORS' MEMBER & SECRETARY OF (LIGHTNING GATE FOR CLOUD SERVICES CO.) BOARD OF DIRECTORS' MEMBER OF (FIBERTECH) BOARD OF DIRECTORS' MEMBER OF (MIYAHUNA) VICE PRESIDENT OF THE JORDANIAN SEGRI ASSOCIATION PRACTICAL EXPERIENCE THE JORDANIAN ELECTRIC POWER CO. LTD. (JEPCO) / ELECTRICAL ENGINEER AT PACKAGE SUBSTATIONS DEPARTMENT ENGINEER / CONSTRUCTION & EXECUTION DEPARTMENT ENGINEER / PLANNING & STUDIES DIVISION HEAD OF TECHNICAL SYSTEMS DEPARTMENT / HE UNDERTOOK THE PROJECTS OF REPLACING AND DEVELOPING SCADA SYSTEM, GIS SYSTEM, CALL CENTER SYSTEM, OPTICAL FIBER SYSTEM AND SUBSTATIONS AUTOMATION PROJECT HEAD OF TECHNICAL SYSTEMS DIVISION HEAD OF TECHNICAL SYSTEMS AND BILLING DIVISION MANGER OF ELECTRICAL NETWORK AND STRATEGIC PLANNING GENERAL MANAGER OF JEPCO AS OF 7 JAN., 2020 MR. AYMAN KHALIL OTHMAN ABU SHANAB DEPUTY GENERAL MANAGER / FINANCIAL MANAGER DATE OF BIRTH : 1963 DATE OF APPOINTMENT : 1985 BACHELOR OF ACCOUNTING & BUSINESS ADMINISTRATION FROM (UNIVERSITY OF JORDAN) IN 1983 MASTER DEGREE IN FINANCIAL MANAGEMENT AND FINANCE FROM THE ARAB ACADEMY FOR BANKING & FINANCIAL SCIENCES IN 2002 CCFC , CHMC , CCS CERTIFICATES PRACTICAL EXPERIENCE FORMER ACCOUNTANT AT THE MINISTRY OF DEFENSE / THE SPECIAL COMMUNICATIONS COMMISSION / AMMAN ACCOUNTANT AT JEPCO IN 1985 ASSISTANT HEAD OF ACCOUNTING DEPT."
JOEP|2021-04-25|NotesListOfNotes|ifrs-full_DisclosureOfBasisOfConsolidationExplanatory|0|en|8,JOEP,2021-04-25,en,NotesListOfNotes,0.9972,1,Cloud,Cloud,False,False,,1,"The Group owns the following subsidiary as of December 31, 2020: Company Name Authorized Capital Paid up Capital Ownership Percentage Main Activity Location Lightning Gate for Cloud Services* 250,000 250,000 100 % Providing technology to facilitate payment of bills and claims by electronic means Amman – Jordan *On November 27, 2019, the Company has acquired non-controlling intrest in Lighting Gate for Cloud Services at which all of the related procedures have been completed at the end if the year 2019, accordingly, non-controling interest rights have been calculated in the consolidated statement of profit or loss to the date of transfering the shares to Jordan Electric Power Company on December 31, 2019."
JOEP|2021-04-25|NotesListOfNotes|ifrs-full_DisclosureOfIntangibleAssetsExplanatory|0|en|1,JOEP,2021-04-25,en,NotesListOfNotes,0.9865,1,ERP,ERP,True,True,develop,2,"The Company calculate the assets and obligations value to aquire the license and recognized its value at the present value of the payments at a discount rate of 8%, where the detailed is as follows: B) Systems under development This item represents payments incurred by the Company against the purchase of a new accounting system (SAP), cost to develop ERP system and mobile application, the development of these systems was not completed as of the date of the consolidated financial statements."
JOEP|2025-04-30|DisclosuresChairmansStatement|jsc_DisclosureOfStatementOfBoardOfDirectorsChairman|0|ar|1,JOEP,2025-04-30,ar,DisclosuresChairmansStatement,0.0006,0,none,,False,False,,0,"حضرات المساهمين الكرام مع نهاية السنة تكون شركتكم قد أتمت السنة السابعة والثمانين من الإنجازات التي تميزت بقدرٍ عالٍٍ من الكفاءة والأداء لتبقى شركتكم رائدة بين مؤسسات هذا الوطن ومحتفظة بدورها المميز في خدمة الاقتصاد الوطني والنهضة العمرانية والصناعية وغيرها من النشاطات الحياتية وتلبية كافة الطلبات الجديدة للإشتراك بالتيار الكهربائي والتي بلغ عددها هذا العام 32,346 طلباً إحتاجت إلى إقامة أعمدة وتمديد شبكات وكوابل كهربائية وكذلك بناء عدد من المغذيات الكهربائية الرئيسية والفرعية في المناطق التي تشهد نمواً سكانياً وعمرانياً، وقد بلغ عدد المشتركين بالتيار الكهربائي هذا العام 1,646,537 مشتركاً مقابل 1,614,191 مشتركاً العام الماضي بنسبة زيادة بلغت 2% ، أما عدد العدادات الذكية التي تم تركيبها أو إستبدالها هذا العام فقد بلغ حوالي 470,406 عداداً وبذلك أصبح إجمالي عدد العدادات الذكية العاملة لدى الشركة 943,519 عداداً وسيرد تفاصيل ذلك في سياق هذا التقرير ."
JOEP|2025-04-30|DisclosuresDirectorsReport|jsc_DescriptionOfSubsidiaryCompaniesNatureOfTheirBusinessAndTheirAreasOfActivity|0|en|0,JOEP,2025-04-30,en,DisclosuresDirectorsReport,0.9746,1,Cloud,Cloud,False,False,,1,"Subsidiary and affiliate companies: The company owns 100% of the shares of lighting gate for cloud services amounting to 250,000 JOD/share."
JOEP|2025-04-30|DisclosuresDirectorsReport|jsc_DescriptionOfSubsidiaryCompaniesNatureOfTheirBusinessAndTheirAreasOfActivity|0|en|1,JOEP,2025-04-30,en,DisclosuresDirectorsReport,0.0013,0,none,,False,False,,0,"This company, which is located in Jabal Amman, carries out cloud computing work for electricity companies and other sectors inside and outside Jordan."
JOEP|2025-04-30|DisclosuresDirectorsReport|jsc_DescriptionOfSubsidiaryCompaniesNatureOfTheirBusinessAndTheirAreasOfActivity|0|ar|0,JOEP,2025-04-30,ar,DisclosuresDirectorsReport,0.0005,0,none,,False,False,,0,الشركات التابعة والحليفة: تمتلك الشركة ما نسبته 100% من رأسمالٍ شركة بوابة البرق للحوسبة السحابية والبالغة 250 ألف دينار / سهم وتقوم هذه الشركة والتي تقع مكاتبها في جبلٍ عمان – الدوار الثالث بأعمالٍ الحوسبة السحابية لشركات الكهرباء والقطاعات الأخرى داخلٍ المملكة وخارجها، ويبلغ عدد موظفي الشركة 31 موظفاً .
JOEP|2025-04-30|DisclosuresDirectorsReport|jsc_DescriptionOfSubsidiaryCompaniesNatureOfTheirBusinessAndTheirAreasOfActivity|0|ar|2,JOEP,2025-04-30,ar,DisclosuresDirectorsReport,0.0005,0,none,,False,False,,0,"م والمكتتب به والمدفوع والبالغ 21,873,761 دينار / سهم وتقومهذه الشركة والتي تقع مكاتبها في عمان / جبل عمان – الدوار الثالث بتوفير بنية تحتية جديدة للاتصالات من خلالٍ شبكة للألياف الضوئية المعلقة في مناطق عملٍ شركة الكهرباء الأردنية لتقديم خدمات الإنترنت فائقة السرعة بالجملة لشركات الاتصالات ومزودي خدمات الإنترنت، وخدمات ربط العدادات الذكية ومكونات الشبكة الكهربائية، ويبلغ عدد موظفي الشركة 50 موظفاً ."
JOEP|2025-04-30|DisclosuresDirectorsReport|jsc_DisclosureOfAmountOfAuditingFeesForCompanyAndItsSubsidiariesAndAnyOtherFeesReceivedOrReceivableByAuditor|0|en|2,JOEP,2025-04-30,en,DisclosuresDirectorsReport,0.0006,0,none,,False,False,,0,"The audit fees for the external auditor, KPMG, for auditing the accounts of the subsidiary company (lightening gate for cloud computing) for the year 2024 amounted to (6,000) JOD."
JOEP|2025-04-30|DisclosuresDirectorsReport|jsc_TheMembersOfBoardOfDirectorsNamesAndNamesAndRanksOfSeniorExecutiveManagementWithBriefResumeOfEach|0|en|4,JOEP,2025-04-30,en,DisclosuresDirectorsReport,0.9279,1,Cloud,Cloud,False,False,,1,Board of directors' chairman of lightning gate for cloud services co. Board of directors' chairman of FIBERTECH.
JOEP|2025-04-30|DisclosuresDirectorsReport|jsc_TheMembersOfBoardOfDirectorsNamesAndNamesAndRanksOfSeniorExecutiveManagementWithBriefResumeOfEach|0|en|12,JOEP,2025-04-30,en,DisclosuresDirectorsReport,0.8779,1,Cloud,Cloud,False,False,,1,Board of directors' member of Arab general insurance co. / Amman Board of directors' member of lighting gate for cloud services co. Board of directors' member of AL-BARQ for energy services (ALBARQ JO).
JOEP|2025-04-30|DisclosuresDirectorsReport|jsc_TheMembersOfBoardOfDirectorsNamesAndNamesAndRanksOfSeniorExecutiveManagementWithBriefResumeOfEach|0|en|53,JOEP,2025-04-30,en,DisclosuresDirectorsReport,0.0011,0,none,,False,False,,0,Member of the board of directors of lightning cloud computing gate.
JOEP|2025-04-30|DisclosuresDirectorsReport|jsc_TheMembersOfBoardOfDirectorsNamesAndNamesAndRanksOfSeniorExecutiveManagementWithBriefResumeOfEach|0|en|60,JOEP,2025-04-30,en,DisclosuresDirectorsReport,0.0008,0,none,,False,False,,0,"Contributed in the establishment of lightening gate for cloud computing company, which is 100% owned by JEPCO."
JOEP|2025-04-30|DisclosuresDirectorsReport|jsc_TheMembersOfBoardOfDirectorsNamesAndNamesAndRanksOfSeniorExecutiveManagementWithBriefResumeOfEach|0|en|68,JOEP,2025-04-30,en,DisclosuresDirectorsReport,0.0036,0,none,,False,False,,0,Member and Secretary of the board of directors of lightening gate for cloud computing co. Deputy General Manager for financial affairs Mr. Ayman Khalil Othman Abu Shanab Date of birth: 1963 Bachelor of accounting & business administration from university of Jordan in 1983.
JOEP|2025-04-30|NotesIncomeTax|jsc-rep_DisclosureOfTaxStatus|0|en|5,JOEP,2025-04-30,en,NotesIncomeTax,0.0013,0,none,,False,False,,0,"Gate lightning for Cloud services - Subsidiary company: The income tax provision has been calculated on the company’s business results for the year ended December 31, 2023, and previous years in accordance with Income Tax Law No. 38 of 2018 and its subsequent amendments."
JOEP|2025-04-30|NotesListOfNotes|ifrs-full_DisclosureOfBasisOfConsolidationExplanatory|0|en|8,JOEP,2025-04-30,en,NotesListOfNotes,0.9907,1,Cloud,Cloud,False,False,,1,"All assets, liabilities, equity, income and expenses relating to transactions and balances between the company and subsidiary are eliminated on consolidation The Group owns the following subsidiaries as of December 31, 2024: Company Name Authorized Capital Paid up Capital Ownership Percentage Main Activity Location Lightning Gate for Cloud Services 250,000 250,000 100% Providing technology services to facilitate the electronic settlement of bills and claims."
JOEP|2025-04-30|NotesListOfNotes|ifrs-full_DisclosureOfBasisOfConsolidationExplanatory|0|en|9,JOEP,2025-04-30,en,NotesListOfNotes,0.0013,0,none,,False,False,,0,"Amman- Jordan Al-Baraq for Energy Services 500,000 500,000 100% Electrical Services Amman- Jordan The following table shows the financial position and financial performance of the subsidiaries as of 31 December 2024, and of 31 December 2023: In Jordanian Dinar As of 31 December 2024, For the Year Ended December 31, 2024 Total Assets Total Liabilities Total Revenues Proft (loss) for the year Lightning Gate for Cloud Services 606,223 322,773 187,475 8,810 Al-Baraq for Energy Services 607,347 115,035 128,598 (7,688) In Jordanian Dinar As of 31 December 2023, For the Year Ended December 31, 2023 Total Assets Total Liabilities Total Revenues loss for the year Lightning Gate for Cloud Services 707,967 434,074 75,710 (25,720) The Group recognizes combining of the business using the consolidation method when control is transferred to the Group and the transferred benefits from the merger are measured at fair value and are determined by the net asset value."
JOEP|2025-04-30|NotesListOfNotes|ifrs-full_DisclosureOfEntitysReportableSegmentsExplanatory|0|ar|3,JOEP,2025-04-30,ar,NotesListOfNotes,0.0005,0,none,,False,False,,0,قطاع الأنشطة الأساسية الأخرى تحصيل رسوم النفايات، تحصيل رسوم التلفزيون، دراسات ربط انظمة الطاقة المتجددة ، بيع مواد مرتجعة تالفة (خردة) وبيع أصول، تأجير نقاط تعليق على الأعمدة وتأجير شبكات الياف ضوئية، صيانة إنارة الشوارع ، واستثمارات أخرى من خلال الربح والخسارة والاستثمارات المحتسبة وفقاً لطريقة حقوق الملكية.
JOEP|2025-04-30|NotesListOfNotes|ifrs-full_DisclosureOfIntangibleAssetsExplanatory|0|en|1,JOEP,2025-04-30,en,NotesListOfNotes,0.9847,1,ERP,ERP,True,True,develop,2,"The Company calculate the assets and obligations value to acquire the license and recognized its value at the present value of the payments at a discount rate of 8% Systems under development This item represents payments incurred by the Company against the purchase of a new accounting system (SAP), cost to develop (ERP) system and (mobile application), the development of these systems was not completed as of the date of the consolidated financial statements."
JOEP|2025-04-30|NotesListOfNotes|ifrs-full_DisclosureOfRelatedPartyExplanatory|0|en|2,JOEP,2025-04-30,en,NotesListOfNotes,0.0005,0,none,,False,False,,0,"(12-a) Due from related parties Nature of relationship Balance as of December 31* In Jordanian Dinar 2024 2023 Jordanian Advanced Optical Fiber Company Joint venture 2,884,150 1,725,612 Post retirement health insurance Employee Benefits Fund 295,159 - 3,179,309 1,725,612 (12-b) Due to related parties Nature of relationship Balance as of December 31* In Jordanian Dinar 2024 2023 Electrical Equipment Industries Company Associated Company 808,118 2,111,647 Provident Fund Employee Benefits Fund 6,729,513 5,596,402 Medical Services Fund Employee Benefits Fund 4,103,170 4,505,166 Solidarity Fund Employee Benefits Fund 208,878 80,386 Post retirement health insurance Employee Benefits Fund - 642,600 11,849,679 12,936,201 (12-c) Transactions with Related Parties Transactions value In Jordanian Dinar Nature of relationship Nature of transactions 2024 2023 Electrical Equipment Industries Company Associate Company Purchases 6,933,644 7,726,413 Jordanian Advanced Optical Fiber Company* Joint Venture Leasing and Supervision 3,295,824 3,846,929 Provident Fund Fund Contribution 3,836,607 3,960,505 Medical Services Fund Fund Contribution 1,939,836 1,998,379 Post retirement health insurance Fund Contribution 297,276 306,396 Solidarity Fund Fund Contribution 676,440 607,336 *In accordance with the agreement to connect smart meters and substations and the permit, the Jordanian Electricity Company agrees to install the fiber-optic network on the suspension points on the poles of the electrical network, and since the Jordanian Electricity Company desires to exploit the fiber-optic network to support the objectives of electronic transformation for the purposes of the existing license and in order to implement the smart meter program, since in accordance with For the license, the electricity company has the right to practice non-core activities approved by the Authority, which includes leasing electrical networks for other activities in accordance with what exists when the license is granted, which includes telecommunications services ."
JOEP|2025-04-30|NotesListOfNotes|ifrs-full_DisclosureOfRelatedPartyExplanatory|0|ar|2,JOEP,2025-04-30,ar,NotesListOfNotes,0.0005,0,none,,False,False,,0,"( 12 -أ) ذمم مدينة من أطراف ذات علاقة الرصيد القائم كما في 31 كانون الأول بالدينار الأردني طبيعة العلاقة 2024 2023 الشركة الاردنية المتطورة للألياف الضوئية مشروع مشترك 2,884,15 0 1,725,612 صندوق التامين الصحي بعد التقاعد صندوق منافع موظفي الشركة 295,159 - 3,179,309 1,725,612 ( 12 -ب) ذمم دائنة لأطراف ذات علاقة الرصيد القائم كما في 31 كانون الأول الرصيد القائم كما في 31 كانون الأول بالدينار الأردني طبيعة العلاقة 2024 2023 شركة صناعة المعدات الكهربائية شركة حليفة 808,118 2,111,647 صندوق الادخار صندوق منافع موظفي الشركة 6,729,513 5,596,402 صندوق الخدمات الطبية صندوق منافع موظفي الشركة 4,103,170 4,505,166 صندوق التكافل صندوق منافع موظفي الشركة 208,87 8 80,386 صندوق التامين الصحي بعد التقاعد صندوق منافع موظفي الشركة - 642,600 11,849,679 12,936,201 ( 12 -ج) المعاملات مع أطراف ذات علاقة طبيعة طبيعة حجم التعامل خلال السنة المنتهية في 31 كانون الأول بالدينار الأردني العلاقة التعامل 2024 2023 شركة صناعة المعدات الكهربائية شركة حليفة مشتريات 6,933,644 7,726,413 الشركة الاردنية المتطورة للألياف الضوئية * مشروع مشترك تأجير واشراف 3,295,824 3,846,929 صندوق الادخار صندوق مساهمة الشركة 3,836,607 3,960,505 صندوق الخدمات الطبية صندوق مساهمة الشركة 1,939,836 1,99 8 , 379 صندوق التامين الصحي بعد التقاعد صندوق مساهمة الشركة 297,276 306,396 صندوق التكافل صندوق مساهمة الشركة 676,440 607,336 * لدى الشركة اتفاقيتين مع الشركة الاردنية المتطورة للألياف الضوئية (مشروع مشترك) حيث وفقاً لاتفاقية ربط العدادات الذكية والمحطات الفرعية والتصريح توافق شركة الكهرباء الأردنية على تركيب شبكة الألياف الضوئية على نقاط التعليق على أعمدة الشبكة الكهربائية وحيث أن شركة الكهرباء الأردنية ترغب في استغلال شبكة الألياف الضوئية لدعم أهداف التحول الالكتروني لغايات الرخصة القائمة ومن أجل تنفيذ برنامج العدادات الذكية حيث أنه وفقا للرخصة يحق لشركة الكهرباء ممارسة الأنشطة غير الأساسية الموافق عليها من قبل الهيئة والتي من ضمنها تأجير الشبكات الكهربائية لأنشطة أخرى وفقاً لما هو قائم عند منح الرخصة والتي يندرج من ضمنها خدمات الاتصالات."
JOEP|2025-04-30|NotesListOfNotes|ifrs-full_DisclosureOfSignificantInvestmentsInSubsidiariesExplanatory|0|en|0,JOEP,2025-04-30,en,NotesListOfNotes,0.9927,1,Cloud,Cloud,False,False,,1,"The Group owns the following subsidiaries as of December 31, 2024: Company Name Authorized Capital Paid up Capital Ownership Percentage Main Activity Location Lightning Gate for Cloud Services 250,000 250,000 100% Providing technology services to facilitate the electronic settlement of bills and claims."
JOEP|2025-04-30|NotesListOfNotes|jsc-rep_DisclosureOfOtherRevenue|0|ar|14,JOEP,2025-04-30,ar,NotesListOfNotes,0.0005,0,none,,False,False,,0,واردات دراسات ربط انظمة الطاقة المتجددة يتم الاعتراف بالإيرادات في نقطة زمنية عندما يتم تسليم الخردة او الأصل للعميل.
JOIB|2024-04-30|NotesListOfNotes|ifrs-full_DisclosureOfCreditRiskExplanatory|0|ar|61,JOIB,2024-04-30,ar,NotesListOfNotes,0.9985,1,Big Data,Big Data,False,True,ب+مصدر,1,احتساب احتمال التعثر ( PIT PD ) باستخدام النظام من خلال تحليل البيانات التاريخية.
JOPH|2022-04-26|NotesListOfNotes|ifrs-full_DisclosureOfSummaryOfSignificantAccountingPoliciesExplanatory|0|en|149,JOPH,2022-04-26,en,NotesListOfNotes,0.0006,0,none,,False,False,,0,"Segment reporting For the purpose of reporting to management and the decision makers in the Group, a business segment is a group of assets and operations engaged in providing products or services that are subject to risks and returns that are different from those of other business segments."
JOPT|2021-06-16|DisclosuresDirectorsReport|jsc_DescriptionOfSubsidiaryCompaniesNatureOfTheirBusinessAndTheirAreasOfActivity|0|en|25,JOPT,2021-06-16,en,DisclosuresDirectorsReport,0.0005,0,none,,False,False,,0,"Lube oil products comply with the Jordanian specifications, the American Petroleum Institute (API- American Petroleum Institute) standards, the Society of Automobiles Engineers (SAE Society of Automotive Engineers) standards, European standards (ACEA), Original Equipment manufacturers (OEM) specifications and the American Army Military standards (Military Standard), The products are subjected to the most stringent quality control tests carried out in modern specialized laboratories."
JOPT|2021-06-16|DisclosuresDirectorsReport|jsc_DisclosureOfCompanysAccomplishmentsSupportedByQuantitativeIndicatorsAndDescriptionOfSignificantOccurrencesToCompanyDuringFiscalYear|0|en|9,JOPT,2021-06-16,en,DisclosuresDirectorsReport,0.0005,0,none,,False,False,,0,"Lube oil products comply with the Jordanian specifications, the American Petroleum Institute (API) standards, the Society of Automobiles Engineers (SAE Society of Automotive Engineers) standards, European standards (ACEA), Original Equipment manufacturers (OEM) specifications and the American Army Military standards (Military Standard), and these lube oils are subjected to the most stringent quality control tests carried out in modern specialized laboratories."
JOPT|2021-06-16|DisclosuresDirectorsReport|jsc_DisclosureOfImportantProspectiveDevelopmentsIncludingAnyNewExpansionsAndProjectsCompanysProposedPlanForAtLeastOneUpcomingYearAndBoardOfDirectorsForecastsForOutcomesOfCompanyActivities|0|en|22,JOPT,2021-06-16,en,DisclosuresDirectorsReport,0.0004,0,none,,False,False,,0,"Purchase of (3) water circulation pumps for API separator at an estimated cost of (70,000) JOD."
JOPT|2025-04-30|DisclosuresDirectorsReport|jsc_CompanysCompetitivePositionWithinItsSectorAndMainMarketSegmentsAsWellAsItsShareOfLocalMarketAndInternationalMarketIfPossible|0|en|124,JOPT,2025-04-30,en,DisclosuresDirectorsReport,0.0006,0,none,,False,False,,0,"The company produces more than (100) types of different lube oils to meet the needs of the local and foreign markets with a high degree of quality based on the Jordanian standard specifications, the specifications of the American Petroleum Institute (API, American Petroleum Institute), and the specifications of the Society of Automotive Engineers (SAE, Society of Automotive Engineers), European specifications (ACEA), OEM specifications, and US Army specifications (Military Standards)."
JOPT|2025-04-30|DisclosuresDirectorsReport|jsc_CompanysCompetitivePositionWithinItsSectorAndMainMarketSegmentsAsWellAsItsShareOfLocalMarketAndInternationalMarketIfPossible|0|en|136,JOPT,2025-04-30,en,DisclosuresDirectorsReport,0.0004,0,none,,False,False,,0,"Jopetrol oils are distinguished by obtaining (6) approvals from the American Petroleum Institute (API) for oils: Jopetrol Super Diesel 16-15W/40, CI4 performance level, Jopetrol Super Diesel Synthetic- 10W/40, Jopetrol Perfect 10W/40 and 20W/50, Jopetrol Extra 5W/30, and Jopetrol Hyper 5W/20."
JOPT|2025-04-30|DisclosuresDirectorsReport|jsc_DisclosureOfCompanysAccomplishmentsSupportedByQuantitativeIndicatorsAndDescriptionOfSignificantOccurrencesToCompanyDuringFiscalYear|0|en|20,JOPT,2025-04-30,en,DisclosuresDirectorsReport,0.0005,0,none,,False,False,,0,"Lubricating Oils (Jopetrol): Jordan Lube Oil Manufacturing Company (a wholly owned subsidiary) is manufacturing, production and filling more than (100) different multiuse grades of lube oils to cover most local and foreign markets requirements, lube oil products are based on Jordanian specifications, American Petroleum Institute (API) standards, the Society of Automobiles Engineers (SAE) standards, European standards (ACEA), Original Equipment manufacturers (OEM) specifications and the American Army Military standards (Military Standard)."
JOPT|2025-04-30|DisclosuresDirectorsReport|jsc_DisclosureOfImportantProspectiveDevelopmentsIncludingAnyNewExpansionsAndProjectsCompanysProposedPlanForAtLeastOneUpcomingYearAndBoardOfDirectorsForecastsForOutcomesOfCompanyActivities|0|en|35,JOPT,2025-04-30,en,DisclosuresDirectorsReport,0.9987,1,AI/ML,AI/ML,True,True,use,2,"Work is also underway to implement an energy consumption audit system using artificial intelligence, which monitors load behavior and generation sources."
JOPT|2025-04-30|DisclosuresDirectorsReport|jsc_DisclosureOfImportantProspectiveDevelopmentsIncludingAnyNewExpansionsAndProjectsCompanysProposedPlanForAtLeastOneUpcomingYearAndBoardOfDirectorsForecastsForOutcomesOfCompanyActivities|0|ar|12,JOPT,2025-04-30,ar,DisclosuresDirectorsReport,0.9986,1,AI/ML,AI/ML,True,True,ب+مصدر,2,كما من المخطط له الاستمرار في زيادة محطات الشحن السريع للمركبات الكهربائية في محطات الشركة وخارجها من خلال تركيبها في مختلف محطات الشركة ومواقع العملاء كالمولات ومواقف المركبات، كما تعمل الشركة حالياً على أتمتة طلبات المحطات من المحروقات من خلال الربط إلكتروني بين الأنظمة، ويجري العمل حالياً على تطبيق نظام تدقيق استهلاك الطاقة باستخدام الذكاء الاصطناعي من خلال مراقبة سلوك الأحمال ومصادر التوليد.
JOPT|2025-04-30|NotesListOfNotes|jsc-rep_DisclosureOfSectorialAndGeographicalDistribution|0|en|0,JOPT,2025-04-30,en,NotesListOfNotes,0.0008,0,none,,False,False,,0,Distribution of assets liabilities and operations results by sector The information regarding the disclosed sectors of the Company is explained below in accordance with IFRS (8) where IFRS (8) requires the identification of reportable sectors on the basis of internal reports that are regularly reviewed by the main operating decision maker in the Company and are used to allocate Resources for sectors and assess their performance.
JOTF|2023-03-27|NotesListOfNotes|ifrs-full_DisclosureOfAllowanceForCreditLossesExplanatory|0|ar|32,JOTF,2023-03-27,ar,NotesListOfNotes,0.9986,1,Big Data,Big Data,False,False,,1,احتساب نسبة الخسارة بإفتراض التعثر ( LGD ) حيث قامت الشركة بعملية الاحتساب من خلال تحليل البيانات التاريخية لمعدلات التحصيلات للشركة ( Recovery Rates ) وذلك بعد الاخذ بعين الاعتبار مجموعة من العوامل أهمها طبيعة الضمانات والمنتجات وتصنيف العميل وبناءً عليه فقد تم تطوير نسب ( LGD ) على مستوى إفرادي للعملاء المصنفين وغير المصنفين من خلال نظام التصنيف الإئتماني الداخلي.
JTEL|2021-04-29|DisclosuresChairmansStatement|jsc_DisclosureOfStatementOfBoardOfDirectorsChairman|0|en|45,JTEL,2021-04-29,en,DisclosuresChairmansStatement,0.0004,0,none,,False,False,,0,New technologies like 5G and the Internet of Things cannot be attained in Jordan with the current pricing of frequencies.
JTEL|2021-04-29|NotesListOfNotes|ifrs-full_DisclosureOfOtherCurrentLiabilitiesExplanatory|0|ar|0,JTEL,2021-04-29,ar,NotesListOfNotes,0.0006,0,none,,False,False,,0,19- ذمم وأرصدة دائنة أخرى 2019 2020 دينـــــار أردني دينـــــار أردني 66.886.670 56.939.459 الدائنون التجاريون 36.870.765 40.916.584 مخصصات أخرى 18.439.918 18.815.651 مصاريف مستحقة 16.765.558 16.659.402 تأمينات المشتركين 8.622.343 9.792.533 مخصص ضريبة الدخل (إيضاح 7) 3.977.839 4.116.342 حصة الحكومة من الإيرادات 8.502.388 9.524.659 مبالغ مستحقة لأطراف ذات علاقة (إيضاح 24) 1.372.712 1.578.294 أمانات المساهمين - ارباح موزعة - 1.632.237 منح مقيدة* (ايضاح 11) 277.980 267.268 أمانات المساهمين - تخفيض رأس المال 161.716.173 160.242.429 * خلال عام 2020 ، حصلت المجموعة على منحتين لتوفير التمويل لتعزيز مبادرات الابتكار الخاصة بالاتصالات الأردنية ، بما في ذلك أكاديمية الترميز التابعة للمجموعة والبرامج الأكاديمية الأخرى.
JTEL|2021-04-29|NotesListOfNotes|ifrs-full_DisclosureOfRestrictedCashAndCashEquivalentsExplanatory|0|ar|3,JTEL,2021-04-29,ar,NotesListOfNotes,0.0005,0,none,,False,False,,0,11- النقد وما في حكمه (تتمة) ** خلال عام 2020، حصلت المجموعة على منحتين لتوفير التمويل لتعزيز مبادرات الابتكار الخاصة بشركة الاتصالات الأردنية، بما في ذلك أكاديمية الترميز التابعة للمجموعة والبرامج الأكاديمية الأخرى.
JTEL|2025-04-24|DisclosuresDirectorsReport|jsc_DisclosureOfCompanysContributionToEnvironmentalProtectionAndLocalCommunityService|0|ar|32,JTEL,2025-04-24,ar,DisclosuresDirectorsReport,0.9986,1,AI/ML,AI/ML,False,False,,1,دعم هاكاثون الذكاء الاصطناعي الذي استقطب أكثر من 200 مبدع ومبتكر كشريك الاتصالات الحصري.
JTEL|2025-04-24|DisclosuresDirectorsReport|jsc_DisclosureOfCompanysContributionToEnvironmentalProtectionAndLocalCommunityService|0|ar|47,JTEL,2025-04-24,ar,DisclosuresDirectorsReport,0.9987,1,AI/ML,AI/ML,False,False,,1,تعزيز معارف الطلاب حول الذكاء الاصطناعي والحوسبة الكمية في عدد من الجامعات الأردنية.
JTEL|2025-04-24|DisclosuresDirectorsReport|jsc_DisclosureOfCompanysContributionToEnvironmentalProtectionAndLocalCommunityService|0|ar|89,JTEL,2025-04-24,ar,DisclosuresDirectorsReport,0.9986,1,AI/ML,AI/ML,False,False,,1,مراكز أورنج المجتمعية الرقمية عقد سلسلة من الدورات التدريبية الوجاهية أو الإلكترونية في مراكز أورنج المجتمعية الرقمية حول مهارات الذكاء الاصطناعي وغيرها من المعارف الهامة في العالم الرقمي، مستهدفة 14900 مشاركة ومشارك بالإضافة إلى 7900 على أورنج Coursat .
JTEL|2025-04-24|DisclosuresDirectorsReport|jsc_DisclosureOfImportantProspectiveDevelopmentsIncludingAnyNewExpansionsAndProjectsCompanysProposedPlanForAtLeastOneUpcomingYearAndBoardOfDirectorsForecastsForOutcomesOfCompanyActivities|0|en|5,JTEL,2025-04-24,en,DisclosuresDirectorsReport,0.9984,1,AI/ML|Cloud,AI/ML|Cloud,False,False,,1,"Meanwhile, we will expand our Orange Business Solutions to align with global technological advancements, including cloud computing, artificial intelligence, and more."
JTEL|2025-04-24|DisclosuresDirectorsReport|jsc_DisclosureOfImportantProspectiveDevelopmentsIncludingAnyNewExpansionsAndProjectsCompanysProposedPlanForAtLeastOneUpcomingYearAndBoardOfDirectorsForecastsForOutcomesOfCompanyActivities|0|ar|7,JTEL,2025-04-24,ar,DisclosuresDirectorsReport,0.9987,1,Cloud,Cloud,False,False,,1,ولأننا دايماً مع جميع زبائننا أفراداً وشركات، يعد توسيع نطاق حلول Orange Business هدفاً نسعى لتحقيقه اتساقاً مع الاتجاهات التكنولوجية الحديثة والتي تشمل الحوسبة السحابية والذكاء الاصطناعي وغيرها.
JTEL|2025-04-24|DisclosuresDirectorsReport|jsc_TheMembersOfBoardOfDirectorsNamesAndNamesAndRanksOfSeniorExecutiveManagementWithBriefResumeOfEach|0|en|151,JTEL,2025-04-24,en,DisclosuresDirectorsReport,0.9267,1,Cloud,Cloud,False,False,,1,"He served as Director of Data & AI at Orange Belgium from 2022 to 2024, where he led a major cloud migration project."
JTEL|2025-04-24|DisclosuresDirectorsReport|jsc_TheMembersOfBoardOfDirectorsNamesAndNamesAndRanksOfSeniorExecutiveManagementWithBriefResumeOfEach|0|ar|115,JTEL,2025-04-24,ar,DisclosuresDirectorsReport,0.9986,1,Cloud,Cloud,False,False,شغل,1,فقد شغل منصب مدير البيانات والذكاء الاصطناعي في أورنج بلجيكا من 2022 إلى 2024، حيث قاد مشروعاً كبيراً للتّحول إلى الحوسبة السحابيّة.
JTEL|2025-04-24|NotesListOfNotes|ifrs-full_DisclosureOfRestrictedCashAndCashEquivalentsExplanatory|0|ar|3,JTEL,2025-04-24,ar,NotesListOfNotes,0.0005,0,none,,False,False,,0,** حصلت المجموعة على 7 منح (منحتين خلال عام 2020 و منحتين خلال العام 2021 وثلاث منح خلال العام 2024) لتوفير التمويل لتعزيز مبادرات الابتكار الخاصة بشركة الاتصالات الأردنية، بما في ذلك أكاديمية الترميز التابعة للمجموعة والبرامج الأكاديمية الأخرى.
JTEL|2025-04-24|NotesListOfNotes|jsc-rep_DisclosureOfAccruedExpenses|0|ar|0,JTEL,2025-04-24,ar,NotesListOfNotes,0.0006,0,none,,False,False,,0,ذمم وأرصدة دائنة أخرى 2023 2024 يتكون هذا البند مما يلي : دينار دينار 81.566.325 75.012.534 الدائنون التجاريون 17.434.231 18.038.240 مصاريف مستحقة 15.547.316 15.103.442 تأمينات المشتركين 9.307.839 11.029.430 مبالغ مستحقة لأطراف ذات علاقة (إيضاح 27) 1.410.369 1.508.569 أمانات المساهمين - ارباح موزعة 983.449 784.071 منح مقيدة * (ايضاح 14) 161.068 143.168 أمانات المساهمين - تخفيض رأس المال 126.410.597 121.619.454 * حصلت المجموعة على 7 منح (منحتين خلال عام 2020 و منحتين خلال العام 2021 وثلاث منح خلال العام 2024 ) لتوفير التمويل لتعزيز مبادرات الابتكار الخاصة بالاتصالات الأردنية ، بما في ذلك أكاديمية الترميز التابعة للمجموعة والبرامج الأكاديمية الأخرى.
JTEL|2025-04-24|NotesListOfNotes|jsc-rep_DisclosureOfAccruedExpenses|0|ar|10,JTEL,2025-04-24,ar,NotesListOfNotes,0.9987,1,AI/ML,AI/ML,False,False,ب+مصدر,1,منحة الصندوق الأردني للريادة خلال عام 2021 ، وقعت شركة الاتصالات الأردنية اتفاقية منحة مع الصندوق الأردني للريادة ( ISSF ) لتمويل حاضنة الذكاء الاصطناعي ، والتي تعزز دور الشركات الناشئة من خلال بناء المهارات وتطوير المنتجات والوصول إلى الفرص.
JVOI|2024-03-21|DisclosuresChairmansStatement|jsc_DisclosureOfStatementOfBoardOfDirectorsChairman|0|en|7,JVOI,2024-03-21,en,DisclosuresChairmansStatement,0.9983,1,ERP,ERP,False,False,implement,1,"The latest versions of ERP systems were purchased from Microsoft, which is a system Microsoft Dynamics 365 Finance & Operations expect to be fully implemented in 2024."
JVOI|2024-03-21|DisclosuresChairmansStatement|jsc_DisclosureOfStatementOfBoardOfDirectorsChairman|0|ar|6,JVOI,2024-03-21,ar,DisclosuresChairmansStatement,0.0005,0,none,,False,False,,0,وتم شراء احدث إصدارات أنظمة تخطيط موارد المؤسسات من شركة مايكروسوفت وهو نظــــــــــــــــــام Microsoft Dynamics 365 Finance & Operations ومن المتوقع الانتهاء من تنفيذه وتطبيقه بشكل كامل في منتصف عام 2024.
JVOI|2024-03-21|DisclosuresDirectorsReport|jsc_DisclosureOfCompanysAccomplishmentsSupportedByQuantitativeIndicatorsAndDescriptionOfSignificantOccurrencesToCompanyDuringFiscalYear|0|en|7,JVOI,2024-03-21,en,DisclosuresDirectorsReport,0.9983,1,ERP,ERP,True,False,implement,1,"The company has purchased the latest versions of ERP systems from Microsoft, a system Microsoft Dynamics 365 Finance & Operations expect to be completed and implemented in mid-2024."
JVOI|2024-03-21|DisclosuresDirectorsReport|jsc_DisclosureOfCompanysAccomplishmentsSupportedByQuantitativeIndicatorsAndDescriptionOfSignificantOccurrencesToCompanyDuringFiscalYear|0|ar|6,JVOI,2024-03-21,ar,DisclosuresDirectorsReport,0.0006,0,none,,False,False,,0,قامت الشركة بشراء احدث إصدارات أنظمة تخطيط موارد المؤسسات من شركة مايكروسوفت وهو نظام Microsoft Dynamics 365 Finance & Operations ومن المتوقع الانتهاء من تنفيذه وتطبيقه في منتصف عام 2024.
JVOI|2024-03-21|DisclosuresDirectorsReport|jsc_DisclosureOfImportantProspectiveDevelopmentsIncludingAnyNewExpansionsAndProjectsCompanysProposedPlanForAtLeastOneUpcomingYearAndBoardOfDirectorsForecastsForOutcomesOfCompanyActivities|0|en|3,JVOI,2024-03-21,en,DisclosuresDirectorsReport,0.0025,0,none,,False,False,,0,Activate Microsoft ERP systems.
JVOI|2024-03-21|DisclosuresDirectorsReport|jsc_DisclosureOfImportantProspectiveDevelopmentsIncludingAnyNewExpansionsAndProjectsCompanysProposedPlanForAtLeastOneUpcomingYearAndBoardOfDirectorsForecastsForOutcomesOfCompanyActivities|0|ar|0,JVOI,2024-03-21,ar,DisclosuresDirectorsReport,0.0005,0,none,,False,False,,0,15)أ-ب- التطورات المستقبلية والخطة المستقبلية للشركة لمدة سنة على الاقل : تفعيل أنظمة تخطيط موارد المؤسسات من شركة مايكروسوفت.
MANE|2022-04-28|DisclosuresAuditorsReport|jsc_AuditorsOpinionBasisExplanatory|0|en|95,MANE,2022-04-28,en,DisclosuresAuditorsReport,0.0007,0,none,,False,False,,0,Segment reporting A business segment is a group of assets and operations engaged in providing products or services that are subject to risks and returns that are different from those of other business segments which are measured based on the reporting to management and the decision makers in the Group.
NDAR|2021-04-15|NotesListOfNotes|ifrs-full_DisclosureOfSummaryOfSignificantAccountingPoliciesExplanatory|0|en|115,NDAR,2021-04-15,en,NotesListOfNotes,0.0007,0,none,,False,False,,0,The defined benefit obligation is calculated annually by management using the projected unit credit method. 2.18 Segment reporting Operating segments are reported in a manner consistent with the internal reporting provided to the Group’s chief operating decision maker.
NDAR|2025-04-28|DisclosuresDirectorsReport|jsc_DisclosureOfCompanysAccomplishmentsSupportedByQuantitativeIndicatorsAndDescriptionOfSignificantOccurrencesToCompanyDuringFiscalYear|0|en|1,NDAR,2025-04-28,en,DisclosuresDirectorsReport,0.0009,0,none,,False,False,,0,The Company's IT Department has completed the upgrade of the Oracle E-Business Suite system and its Oracle Database 19c database to the latest available version.
NDAR|2025-04-28|DisclosuresDirectorsReport|jsc_DisclosureOfCompanysAccomplishmentsSupportedByQuantitativeIndicatorsAndDescriptionOfSignificantOccurrencesToCompanyDuringFiscalYear|0|en|2,NDAR,2025-04-28,en,DisclosuresDirectorsReport,0.0005,0,none,,False,False,,0,Completion of the Computer System Validation requirements for Oracle EBS 12.2.
NDAR|2025-04-28|DisclosuresDirectorsReport|jsc_DisclosureOfCompanysAccomplishmentsSupportedByQuantitativeIndicatorsAndDescriptionOfSignificantOccurrencesToCompanyDuringFiscalYear|0|ar|3,NDAR,2025-04-28,ar,DisclosuresDirectorsReport,0.0005,0,none,,False,False,,0,الانتهاء من متطلبات الربط مع نظام الفوترة الوطني الاردني لدائرة ضريبة الدخل والمبيعات .
PROF|2025-04-27|DisclosuresDirectorsReport|jsc_TheMembersOfBoardOfDirectorsNamesAndNamesAndRanksOfSeniorExecutiveManagementWithBriefResumeOfEach|0|en|4,PROF,2025-04-27,en,DisclosuresDirectorsReport,0.0015,0,none,,False,False,,0,"Name of Representative Member of the Board of Directors: Engineer Ahmed Qasim Muhammad Al-Samara - Born in 1958 Position: Chairman of the Board of Directors, effective April 12, 2023 Academic Qualifications: Bachelor's Degree in Architecture (1981) Membership on the Boards of Directors of Other Companies and Professional Experience: 2018-Present: President of the Jordanian Engineers Association 2024-Present: Member of the Board of Directors of the Jordan Petroleum Refinery Company 2023-Present: Member of the Development Zones Council 2023-Present: Member of the Economic and Social Council 2022-Present: Member of the Board of Directors of the Jordan Petroleum Refinery Company 2022-Present: Chairman of the Board of Directors of the Arab Center for Engineering Arbitration 2022-2024: Member of the Board of Directors of the Jordan Oil Industries Company 2021-2022: President of the Federation of Arab Engineers 2018-Present: Member of the Jordanian National Building Council 2018-Present: Member of the Supreme Population Council 2018-Present Member of the Board of Directors of the General Corporation for Housing and Urban Development 2018-Present Chairman of the Higher Council for Professional Qualification and Accreditation 2018-Present Chairman of the Board of Trustees of the Center for Engineering Studies and Research 2016-Present Member of the Board of Trustees of the University of Science and Technology 1992-Present Founder and CEO of Mada Engineering Consulting Courses Total Quality Management - Jordan Engineers Association in cooperation with Lloyds Contracts and Claims - Arab Engineering Consulting Offices and Institutions Arbitration and Dispute Resolution - Arab Arbitration Council Strategic Planning - Jordan Engineers Association Committee Memberships Member of the Royal Commission to Investigate the Dead Sea Incident Member of the Political System Modernization Committee Member of the Local Administration Committee: Political System Conferences The Arab City and Contemporary Challenges - Jordan Engineers Association Energy Sector Policies and Climate Change - Jordan Society for Combating Desertification and Badia Safety in the Construction Sector - University of Jordan Housing and Financing Policies in Jordan - Jordan Engineers Association The Role of Arab Engineers in Development Plans - Federation of Arab Engineers Regional Planning and Local Administration - Governorate Damascus Towers and High-Rise Buildings - Greater Amman Municipality and the Jordanian Engineers Association Land and Resort Engineering - Jordanian Architects Association Numerous conferences on network security, cybersecurity, and artificial intelligence Numerous conferences on architectural, civil, chemical, and mechanical engineering # Board Member Profile 2 Arab East Company for Financial and Economic Investments As of April 11, 2023 - Public Shareholding Company - Registered under No. 268 - Date of Establishment: January 12, 1995 - Company Capital: 47,000,000 Jordanian Dinars - Company Principal Activity: Real Estate Investment and Development, and Financial Investments in Stocks and Companies. - Establishing various types of investment projects and participating and contributing with natural or legal persons in owning, managing, and investing in such projects."
PROF|2025-04-27|DisclosuresDirectorsReport|jsc_TheMembersOfBoardOfDirectorsNamesAndNamesAndRanksOfSeniorExecutiveManagementWithBriefResumeOfEach|0|ar|1,PROF,2025-04-27,ar,DisclosuresDirectorsReport,0.0006,0,none,,False,False,,0,"إسم ممثل عضو مجلس الإدارة المهندس أحمد قاسم محمد السمارة - مواليد عام 1958م المنصـب رئيس مجلس الإدارة إعتباراً من 12/04/2023 الشهادات العلمية بكالوريوس هندسة معمارية (1981)م العضوية في مجالس إدارة الشركات الأخرى والخبرات العملية 2018-لتاريخه نقيب المهندسين الأردنيين 2024-لتاريخه عضو مجلس إدارة شركة مصفاة البترول الأردنية 2023-لتاريخه عضو مجلس المناطق التنموية 2023-لتاريخه عضو المجلس الإقتصادي والاجتماعي 2022-لتاريخه عضو مجلس إدارة شركة مصفاة البترول الأردنية 2022-لتاريخه رئيس مجلس إدارة المركز العربي للتحكيم الهندسي 2022-2024 عضو مجلس إدارة الشركة الأردنية لصناعة الزيوت 2021-2022 رئيس إتحاد المهندسين العرب 2018-لتاريخه عضو مجلس البناء الوطني الأردني 2018-لتاريخه عضو المجلس الأعلى للسكان 2018-لتاريخه عضو مجلس إدارة المؤسسة العامة لل إسكان والتطوير الحضري 2018-لتاريخه رئيس المجلس الأعلى للتأهيل و الاعتماد المهني 2018-لتاريخه رئيس مجلس الأمناء مركز الدراسات والبحوث الهندسية 2016-لتاريخه عضو مجلس أمناء جامعة العلوم والتكنولوجيا 1992-لتاريخه المؤسس والرئيس ال تنفيذي –مدى للاستشارات الهندسية الدورات إدارة الجودة الشاملة - نقابة المهندسين الأردنيين بالتعاون مع LLOYDS العقود والمطالبات - هيئة المكاتب والمؤسسات الهندسية الإستشارية العربية التحكيم وتسوية المنازعات – مجلس التحكيم العربي التخطيط الاستراتيجي – نقابة المهندسين الأردنيين عضويات اللجان عضو اللجنة الملكية للتحقيق في حادثة البحر الميت عضو لجنة تحديث النظام السياسي عضو لجنة الإدارة المحلية النظام السياسي المؤتمرات المدينة العربية والتحديات المعاصرة – نقابة المهندسين الأردنيين سياسات قطاع الطاقة وتغير المناخ - الجمعية الأردنية لمكافحة التصحر والبادية السلامة في قطاع البناء – الجامعة الأردنية سياسات الإسكان والتمويل في الأردن – نقابة المهندسين الأردنيين دور المهندسين العرب في خطط التنمية - اتحاد المهندسين العرب التخطيط الإقليمي والإدارة المحلية - محافظة دمشق الأبراج والمباني الشاهقة - أمانة عمان الكبرى ونقابة المهندسين الأردنيين هندسة الأراضي والمنتجعات السياحية - جمعية المعماريين الأردنيين العديد من المؤتمرات حول أمن شبكات، الأمن السيبراني، الذكاء الاصطناعي العديد من المؤتمرات حول الهندسة المعمارية والمدنية والكيميائية والميكانيكية # عضو مجلس الإدارة نبذة تعريفية 2 شركة الشرق العربي للاستثمارات المالية والاقتصادية إعتباراً من 11/04/2023 شركة مساهمة عامة مسجلة تحت رقم 268 تاريخ التاسيس 12/01/1995 راس مال الشركة 47,000,000 دينار نشاط الشركة الرئيسي : الإستثمار والتطوير العقاري والإستثمارات المالية في الأسهم والشركات ."
RMCC|2023-03-06|DisclosuresDirectorsReport|jsc_DisclosureOfIssuingCompanysOrganizationalChartNumberOfItsEmployeesAndTheirClassesOfQualificationAndItsPersonnelQualifyingAndTrainingPrograms|0|en|0,RMCC,2023-03-06,en,DisclosuresDirectorsReport,0.0237,0,none,,False,False,,0,Boards of Directors Naminaation & Reward Committee CEO Audit Committee Governance Commision Executive Vice President Risk Committee Development Manager Executive Secretary Intrnal Auditor Operations Manager HSEQ Manager Supported Unit Manager Financial Director Financial Operations Manager Production Manager Lab Manager Maintenance manager Branches Manager HSEQ Enigineer Procurement Manager HR Manager IT Manager Oracle Manager Head of Payable & Budgeting Sales officer Production Manager Assistant QC Supervisor Maintenance Engineer Safety Supervisor Procurement Manager HR Officer IT officer Applications Supervisor Payable Accountant Doctor
VFED|2025-03-13|CorporateGovernanceReport|jsc-rep_DisclosureOfInformationAndDetailsRegardingApplicationOfProvisionsOfTheseInstructionsAndCorporateGovernanceRulesInCompany|0|en|0,VFED,2025-03-13,en,CorporateGovernanceReport,0.9986,1,XBRL,XBRL,True,False,implement,1,"Governance report for the year 2024 The Board of Directors of Al Shamkha Real Estate and Financial Investments Company is committed to implementing all provisions of the Governance Instructions for Listed Joint Stock Companies for the year 2017, and this report was prepared to clarify information and details related to the extent of our compliance with these instructions, which are as follows: Firstly: A. Board of Directors: 1. The new Board of Directors was elected in accordance with Article 132/A of the Companies Law on 04/27/2023, and the disclosure was made via an electronic disclosure via XBRL on 04/27/2023. 2. The members of the new council fulfilled all membership conditions in accordance with Articles 133-136 of the Companies Law. 3. The Chairman of the Board of Directors and his deputy were elected and the members authorized to sign were determined in accordance with Article 137/A of the Companies Law, and the Companies Controller was provided with copies of the data in accordance with Article 137/B of the Companies Law. 4. The Companies Controller shall be provided with a written acknowledgment from the Chairman of the Board, his deputy, the members, and the financial director of the shares they, their wives, and their minor children (if any) own in the company, and the names of other companies in which they have shares or shares (if any)."
VFED|2025-03-13|CorporateGovernanceReport|jsc-rep_DisclosureOfInformationAndDetailsRegardingApplicationOfProvisionsOfTheseInstructionsAndCorporateGovernanceRulesInCompany|0|ar|0,VFED,2025-03-13,ar,CorporateGovernanceReport,0.9986,1,XBRL,XBRL,True,False,ب+مصدر,1,") تقرير الحوكمة لسنه 2024 إن مجلس الإدارة في الشركة الشامخة للإستثمارات العقارية والمالية ملتزمون بتطبيق جميع بنود تعليمات حوكمة الشركات المساهمة المدرجة لسنة 2017, وتم إعداد هذا التقرير ليوضح المعلومات والتفاصيل المتعلقة بمدى امتثالنا لهذه التعليمات وهي كالتالي: أولاً: مجلس الإدارة : تم انتخاب مجلس الإدارة الجديد وحسب المادة 132/أ من قانون الشركات بتاريخ 27/04/2023, وتم الافصاح بموجب افصاح الكتروني عبر XBRL بتاريخ 27 /04/ 2023 ."
ZEIC|2023-02-07|DisclosuresDirectorsReport|jsc_DisclosureOfCompanysAccomplishmentsSupportedByQuantitativeIndicatorsAndDescriptionOfSignificantOccurrencesToCompanyDuringFiscalYear|0|en|6,ZEIC,2023-02-07,en,DisclosuresDirectorsReport,0.0009,0,none,,False,False,,0,"Second: Activities Held at the University 1. The Faculty of Economics and Administrative Sciences at Zarqa University obtained full AACSB membership on 26/1/2022. 2. Congratulations on the occasion of the birthday of His Majesty the King on 29/1/2022. 3. The British Council honors Dr. Bushra Zalloum, Head of the Architecture Department at the Faculty of Technology Engineering at Zarqa University, on 3/2/2022, in honor of her qualification for the final stage of the British University Graduates Award. 4. Zarqa University renews allegiance to His Majesty the King on 7/2/2022. 5. Zarqa University organizes courses for Public Security employees on 7/2/2022. 6. Zarqa University obtained the British Accreditation Certificate (ASIC) on 17/2/2022. 7. Students of the Faculty of Information Technology at Zarqa University won two awards in artificial intelligence on 13/3/2022. 8. looking into cooperation between Zarqa University and the global QS Foundation on 26/3/2022. 9. The Faculty of Economics at Zarqa University obtained a quality assurance certificate on 25/4/2022. 10."
ZEIC|2023-02-07|DisclosuresDirectorsReport|jsc_DisclosureOfCompanysAccomplishmentsSupportedByQuantitativeIndicatorsAndDescriptionOfSignificantOccurrencesToCompanyDuringFiscalYear|0|en|19,ZEIC,2023-02-07,en,DisclosuresDirectorsReport,0.9981,1,AI/ML,AI/ML,False,False,,1,"The International Engineering Conference on Electricity, Energy and Artificial Intelligence was held at Zarqa University on 6/12/2022."
ZEIC|2023-02-07|DisclosuresDirectorsReport|jsc_DisclosureOfCompanysAccomplishmentsSupportedByQuantitativeIndicatorsAndDescriptionOfSignificantOccurrencesToCompanyDuringFiscalYear|0|en|20,ZEIC,2023-02-07,en,DisclosuresDirectorsReport,0.9984,1,AI/ML,AI/ML,False,False,,1,"Participation in the twenty-third conference of the Association of Colleges of Computers and Information at Al Ain University - United Arab Emirates on 27/11/2022 under the auspices of His Excellency Omar bin Sultan Al Olamaa, Minister of State for Artificial Intelligence, Digital Economy and Remote Work Applications."
ZEIC|2023-02-07|DisclosuresDirectorsReport|jsc_DisclosureOfCompanysAccomplishmentsSupportedByQuantitativeIndicatorsAndDescriptionOfSignificantOccurrencesToCompanyDuringFiscalYear|0|en|37,ZEIC,2023-02-07,en,DisclosuresDirectorsReport,0.9979,1,AI/ML,AI/ML,False,False,,1,"Artificial Intelligence and Robotics Engineering C. University’s Schools and Kindergarten: Among the most important places achieved by the kindergarten and schools of Zarqa University at the level of the Kingdom, the Central Region and the Directorate : o First place and second place at the level of the central region and the directorate in (recitation and hadith competition, creativity competition in Arabic (story and poem), creativity competition in English language (essay and short story), music competition for instrumental and lyrical works, recitation and rhetoric competition, recitation and hadith competition, Reading Challenge competition, Luma Start Competition 2022, and Educational Best Practices, within The Planetarium Project Zarqa University Schools and Kindergarten have engaged their students with activities, and participated in competitions like the following : Participation in the football league held at the level of the Directorate of Education."
ZEIC|2023-02-07|DisclosuresDirectorsReport|jsc_DisclosureOfCompanysAccomplishmentsSupportedByQuantitativeIndicatorsAndDescriptionOfSignificantOccurrencesToCompanyDuringFiscalYear|0|ar|12,ZEIC,2023-02-07,ar,DisclosuresDirectorsReport,0.9987,1,AI/ML,AI/ML,False,False,,1,طلبة كلية تكنولوجيا المعلومات بجامعة الزرقاء يحصدون جائزتين في الذكاء الاصطناعي بتاريخ 13/3/2022.
ZEIC|2023-02-07|DisclosuresDirectorsReport|jsc_DisclosureOfCompanysAccomplishmentsSupportedByQuantitativeIndicatorsAndDescriptionOfSignificantOccurrencesToCompanyDuringFiscalYear|0|ar|49,ZEIC,2023-02-07,ar,DisclosuresDirectorsReport,0.9986,1,AI/ML,AI/ML,False,False,,1,هندسة الذكاء الاصطناعي والروبوتات ج- رياض ومدارس الجامعة : من اهم المراكز التي حققتها رياض ومدارس جامعة الزرقاء على مستوى المملكة وإقليم الوسط والمديرية : المركز الأول والمركز الثاني على مستوى إقليم الوسط والمديرية في (مسابقة التلاوة والحديث ومسابقة الإبداع اللغة العربية (القصة والقصيدة الشعرية ) ومسابقة الإبداع اللغة الإنجليزية (المقالة والقصة القصيرة)، ومسابقة الموسيقى للأعمال الآلية والغنائية، مسابقة الإلقاء والخطابة، ومسابقة التلاوة والحديث الشريف، ومسابقة تحدي القراءة ، ومسابقة لوما ستارت 2022 - الممارسات التعليمية الفضلى، ضمن مشروع القبة الفلكية The Planetarium ومن بعض النشاطات والمبادرات التي اقامتها أو شاركت بها رياض ومدارس جامعة الزرقاء المشاركة في دوري كرة القدم المقامة على مستوى مديرية التربية.
ZEIC|2023-02-07|DisclosuresDirectorsReport|jsc_DisclosureOfDirectorsReport|0|en|49,ZEIC,2023-02-07,en,DisclosuresDirectorsReport,0.0045,0,none,,False,False,,0,Secretariat * Consultants are from outside the company Audit and Internal Control Council's Secretariat 9 - B – The Organizational Structure of Zarqa University 202 1 Board of Trustees Consultants Internal Control Unit University President University Council President’s Office Deans’ Council Vices to the President President’s Counselors Secretariat of the Presidency and the Council Deanships Centers and Administrative Departments Dean of the Faculty of Sharea Dean of the Faculty of Arts Director of Public Relations Director of the Library Dean of the Faculty of Science Dean of the Faculty of Economics and Administrative Sciences Director of Financial Affairs Director of Development and Quality Assurance Unit Dean of the Faculty of Educational Sciences Dean of the Faculty of Law Director of Public Relations Director of Outside Projects Unit Dean of the Faculty of Medical Sciences Dean of the Faculty of Nursing Director of General Services Director of Translation Unit Dean of the Faculty of Engineering Technology Dean of the Faculty of Pharmacy Director of Medical Services and Insurance Director of Blended Learning Dean of the Faculty of Art and Design Dean of the Faculty of Mass Media Director of Supplies Director of Business Incubator Unit Dean of the Faculty of Information Technology Dean of Scientific Research Director of Islamic Cultural Center Director of Computer Center Dean of Students’ Affairs Dean of Admission and Registration Director of Continued Learning Center Director of Languages Center Dean of the Faculty of Dentistry Director of Electronic Learning Center Director of Energy Research Center 9 – C - The organizational Structure of Zarqa Technical Intermediate College Board of Trustees Audit and Control Unit Dean of the College Secretariat of the Council Department of Cyber Security and Artificial Intelligence Engineering Department of Digital Media and Animation Art Financial Department Secretariat Department of Architecture and Interior Design Department of Electric Vehicles Maintenance and Renewable Energy Technology College Council Deputy Dean Electric Vehicle Maintenance Artificial Intelligence Engineering Cyber Security Animation Arts Digital Media Renewable energy technology 9 – D - The organizational Structure of Zarqa University Schools and Kindergarten Chairman of Administrative Board General Director Deputy of General Director Supervision Unit Secretariat Archiving Supervision and Training Quality Assurance Registration and Student’s Affairs Financial Dept.
ZEIC|2023-02-07|DisclosuresDirectorsReport|jsc_DisclosureOfDirectorsReport|0|ar|54,ZEIC,2023-02-07,ar,DisclosuresDirectorsReport,0.0008,0,none,,False,False,,0,المستشارون * الهيئة العامة مجلس الإدارة رئيس مجلس الإدارة مدير عام المدارس مدير عام الشركة المستشارون · قسم المساهمين قسم اللوازم والعطاءات قسم المحاسبة شؤون الموظفين الديوان التدقيق و الرقابة الداخلية أمانة سر المجلس 9-أ - الهيكل ا+لتنظيمي للشركة الزرقاء للتعليم والاستثمار المستشارون من خارج الشركة 9- د - الهيكل التنظيمي لجامعة الزرقاء مجلس الأمناء المستشارون وحدة الرقابة الداخلية رئيس الجامعة مجلس الجامعة مكتب الرئيس مجلس العمداء نواب الرئيس مستشارو الرئيس ديوان الرئاسة وأمانة سر المجالس العمادات الدوائر والمراكز عميد كلية الشريعة عميد كلية الآداب عميدالبحث العلمي مدير العلاقات الثقافية والعامة مدير المكتبة عميد كلية العلوم عميد كلية الاقتصاد والعلوم الإدارية عميد الدراسات المسائية مدير الشؤون المالية مدير وحدة التطوير وضمان الجودة عميد كلية العلوم التربوية عميد كلية الحقوق عميد شؤون الطلبة مدير الموارد البشرية مدير وحدة التعاون الدولي عميد كلية العلوم الطبية عميد كلية التمريض عميد القبول والتسجيل مدير الخدمات العامة مدير وحدة الترجمة عميد كلية الهندسة التكنولوجية عميد كلية الصيدلة مدير الخدمات الطبية والتأمين الصحي مدير وحدة التعليم المدمج عميد كلية الفنون والتصميمم عميد الدراسات العليا مدير اللوازم والمشتريات مدير وحدة الابداع وريادة الأعمال عميد كلية الإعلام عميد كلية تكنولوجيا المعلومات مدير المركز الثقافي الإسلامي مدير مركز الحاسوب عميد كلية طب الأسنان مدير مركز التعليم المستمر مدير مركز اللغات مدير مركز التعلم الإلكتروني مدير مركز أبحاث الطاقة مجلس الأمناء أمانة سر المجلس عميد الكليـة وحدة الرقابة والتدقيق 9-ج - الهيكل التنظيمي لكلية الزرقاء التقنية المتوسطة نائب العميد مجلس الكلية قسم صيانة المركبات الكهربائية وتكنولوجيا الطاقة المتجددة قسم هندسة العمارة والتصميم الداخلي قسم الميديا الرقيمة (الإعلام الرقمي) وفنون الرسوم المتحركة قسم الأمن السيبراني وهندسة الذكاء الاصطناعي الديوان الدائرة المالية تخصص صيانة المركبات الكهربائية تخصص تكنولوجيا الطاقة المتجددة تخصص الميديا الرقمية تخصص فنون الرسوم المتحركة تخصص الأمن السيبراني تخصص هندسة الذكاء الاصطناعي 9- د - الهيكل التنظيمي لرياض ومدارس جامعة الزرقاء رئيس مجلس الإدارة المدير العام نائب المدير العام وحدة الإشراف قسم الديوان السكرتاريا قسم الإشراف والتدريب قسم ضمان الجودة قسم التسجيل وشؤون الطلبة قسم المالية قسم الموارد البشرية قسم نظم المعلومات قسم السيطرة قسم الخدمات العامة قسم التصميم والإعلام قسم العيادة الطبية شعبة المحاسبة شعبة الصندوق شعبة اللوازم والمشتريات شعبة الأمن شعبة خدمة المكاتب شعبة الحركة شعبة الصيانة شعبة العيادة الطبية (ثانوية البنات) شعبة العيادة الطبية (ثانوية البنين) مدير الروضة مدير المدرسة الأساسية مدير المدرسة الثانوية / بنات مدير المدرسة الثانوية/ بنين السكرتاريا مشرفة الطابق منسقة المادة السكرتاريا السكرتاريا السكرتاريا الهيئة التدريسية المساعدة المساعدة المساعد مشرفة المختبر مشرفوا المختبر مشرفوا المختبر منسقة المادة منسقة المادة منسق المادة مشرفة الطابق مشرفة الطابق مشرف الطابق الهيئة التدريسية الهيئة التدريسية الهيئة التدريسية أمينة المكتبة أمينة المكتبة أمين المكتبة المرشدة المرشدة المرشد معلمة المصادر مشرفة الثانوية العامة مشرف الثانوية العامة هيئة المديرين رئيس هيئة المديرين نائب رئيس هيئة المديرين المدير الإداري المستشارون · مدير قناة الإذاعة مدير قناة التلفزيون مدير مصنع مياه زاركي مدير مسرح زاركي المدير المالي الديوان 9-هـ - الهيكل التنظيمي للشركة التابعة [ شركة الضوء الساطع للبث الفضائي والإذاعي (ذ.م.م) ] المستشارون من خارج الشركة 9 -ب- عدد موظفي الشركة وفئات مؤهلاتهم : المؤهل العلمي عدد موظفي الشركة واستثماراتها عدد موظفي الشركة التابعة دكتوراه 292 - ماجستير 90 - دبلوم عالي 12 - بكالوريس 426 5 دبلوم 71 3 ثانوية عامة 156 1 دون الثانوية العامة 156 - إجمالي عدد الموظفين 1597 9 9 -ج- برامج التأهيل والتدريب لموظفي الشركة : تواصل الشركة رفع كفاءة ومهارة العاملين لديها من خلال برامج التدريب والتأهيل داخل وخارج الجامعة.
ZEIC|2023-02-07|DisclosuresDirectorsReport|jsc_DisclosureOfIssuingCompanysOrganizationalChartNumberOfItsEmployeesAndTheirClassesOfQualificationAndItsPersonnelQualifyingAndTrainingPrograms|0|ar|0,ZEIC,2023-02-07,ar,DisclosuresDirectorsReport,0.0009,0,none,,False,False,,0,الهيئة العامة مجلس الإدارة رئيس مجلس الإدارة مدير عام المدارس مدير عام الشركة المستشارون · قسم المساهمين قسم اللوازم والعطاءات قسم المحاسبة شؤون الموظفين الديوان التدقيق و الرقابة الداخلية أمانة سر المجلس 9-أ - الهيكل ا+لتنظيمي للشركة الزرقاء للتعليم والاستثمار المستشارون من خارج الشركة 9- د - الهيكل التنظيمي لجامعة الزرقاء مجلس الأمناء المستشارون وحدة الرقابة الداخلية رئيس الجامعة مجلس الجامعة مكتب الرئيس مجلس العمداء نواب الرئيس مستشارو الرئيس ديوان الرئاسة وأمانة سر المجالس العمادات الدوائر والمراكز عميد كلية الشريعة عميد كلية الآداب عميدالبحث العلمي مدير العلاقات الثقافية والعامة مدير المكتبة عميد كلية العلوم عميد كلية الاقتصاد والعلوم الإدارية عميد الدراسات المسائية مدير الشؤون المالية مدير وحدة التطوير وضمان الجودة عميد كلية العلوم التربوية عميد كلية الحقوق عميد شؤون الطلبة مدير الموارد البشرية مدير وحدة التعاون الدولي عميد كلية العلوم الطبية عميد كلية التمريض عميد القبول والتسجيل مدير الخدمات العامة مدير وحدة الترجمة عميد كلية الهندسة التكنولوجية عميد كلية الصيدلة مدير الخدمات الطبية والتأمين الصحي مدير وحدة التعليم المدمج عميد كلية الفنون والتصميمم عميد الدراسات العليا مدير اللوازم والمشتريات مدير وحدة الابداع وريادة الأعمال عميد كلية الإعلام عميد كلية تكنولوجيا المعلومات مدير المركز الثقافي الإسلامي مدير مركز الحاسوب عميد كلية طب الأسنان مدير مركز التعليم المستمر مدير مركز اللغات مدير مركز التعلم الإلكتروني مدير مركز أبحاث الطاقة مجلس الأمناء أمانة سر المجلس عميد الكليـة وحدة الرقابة والتدقيق 9-ج - الهيكل التنظيمي لكلية الزرقاء التقنية المتوسطة نائب العميد مجلس الكلية قسم صيانة المركبات الكهربائية وتكنولوجيا الطاقة المتجددة قسم هندسة العمارة والتصميم الداخلي قسم الميديا الرقيمة (الإعلام الرقمي) وفنون الرسوم المتحركة قسم الأمن السيبراني وهندسة الذكاء الاصطناعي الديوان الدائرة المالية تخصص صيانة المركبات الكهربائية تخصص تكنولوجيا الطاقة المتجددة تخصص الميديا الرقمية تخصص فنون الرسوم المتحركة تخصص الأمن السيبراني تخصص هندسة الذكاء الاصطناعي 9- د - الهيكل التنظيمي لرياض ومدارس جامعة الزرقاء رئيس مجلس الإدارة المدير العام نائب المدير العام وحدة الإشراف قسم الديوان السكرتاريا قسم الإشراف والتدريب قسم ضمان الجودة قسم التسجيل وشؤون الطلبة قسم المالية قسم الموارد البشرية قسم نظم المعلومات قسم السيطرة قسم الخدمات العامة قسم التصميم والإعلام قسم العيادة الطبية شعبة المحاسبة شعبة الصندوق شعبة اللوازم والمشتريات شعبة الأمن شعبة خدمة المكاتب شعبة الحركة شعبة الصيانة شعبة العيادة الطبية (ثانوية البنات) شعبة العيادة الطبية (ثانوية البنين) مدير الروضة مدير المدرسة الأساسية مدير المدرسة الثانوية / بنات مدير المدرسة الثانوية/ بنين السكرتاريا مشرفة الطابق منسقة المادة السكرتاريا السكرتاريا السكرتاريا الهيئة التدريسية المساعدة المساعدة المساعد مشرفة المختبر مشرفوا المختبر مشرفوا المختبر منسقة المادة منسقة المادة منسق المادة مشرفة الطابق مشرفة الطابق مشرف الطابق الهيئة التدريسية الهيئة التدريسية الهيئة التدريسية أمينة المكتبة أمينة المكتبة أمين المكتبة المرشدة المرشدة المرشد معلمة المصادر مشرفة الثانوية العامة مشرف الثانوية العامة هيئة المديرين رئيس هيئة المديرين نائب رئيس هيئة المديرين المدير الإداري المستشارون · مدير قناة الإذاعة مدير قناة التلفزيون مدير مصنع مياه زاركي مدير مسرح زاركي المدير المالي الديوان 9-هـ - الهيكل التنظيمي للشركة التابعة [ شركة الضوء الساطع للبث الفضائي والإذاعي (ذ.م.م) ] المستشارون من خارج الشركة 9 -ب- عدد موظفي الشركة وفئات مؤهلاتهم : المؤهل العلمي عدد موظفي الشركة واستثماراتها عدد موظفي الشركة التابعة دكتوراه 292 - ماجستير 90 - دبلوم عالي 12 - بكالوريس 426 5 دبلوم 71 3 ثانوية عامة 156 1 دون الثانوية العامة 156 - إجمالي عدد الموظفين 1597 9 9 -ج- برامج التأهيل والتدريب لموظفي الشركة : تواصل الشركة رفع كفاءة ومهارة العاملين لديها من خلال برامج التدريب والتأهيل داخل وخارج الجامعة.
