sent_id,symbol,lang,fold,gold,screen,prob,threshold,pred_model,pred_hybrid
ABCO|2025-08-14|DisclosuresDirectorsReport|jsc_DescriptionOfCompanysMainActivitiesWithTheirRespectiveGeographicalLocationsSizeOfCapitalInvestmentAndNumberOfEmployees|0|en|6,ABCO,en,1,1,1,0.9952,0.8200000000000002,1,1
ABCO|2025-08-14|DisclosuresDirectorsReport|jsc_DisclosureOfCompanysAccomplishmentsSupportedByQuantitativeIndicatorsAndDescriptionOfSignificantOccurrencesToCompanyDuringFiscalYear|0|en|54,ABCO,en,1,1,1,0.9954,0.8200000000000002,1,1
APOT|2024-04-29|DisclosuresDirectorsReport|jsc_DisclosureOfImportantProspectiveDevelopmentsIncludingAnyNewExpansionsAndProjectsCompanysProposedPlanForAtLeastOneUpcomingYearAndBoardOfDirectorsForecastsForOutcomesOfCompanyActivities|0|en|33,APOT,en,3,1,1,0.9979,0.66,1,1
APOT|2024-04-29|DisclosuresDirectorsReport|jsc_DisclosureOfImportantProspectiveDevelopmentsIncludingAnyNewExpansionsAndProjectsCompanysProposedPlanForAtLeastOneUpcomingYearAndBoardOfDirectorsForecastsForOutcomesOfCompanyActivities|0|en|34,APOT,en,3,1,1,0.998,0.66,1,1
ARBK|2025-04-06|DisclosuresChairmansStatement|jsc_DisclosureOfStatementOfBoardOfDirectorsChairman|0|en|33,ARBK,en,0,1,1,0.9952,0.1,1,1
ARBK|2025-04-06|DisclosuresChairmansStatement|jsc_DisclosureOfStatementOfBoardOfDirectorsChairman|0|en|41,ARBK,en,0,1,1,0.9952,0.1,1,1
ARBK|2025-04-06|DisclosuresDirectorsReport|jsc_DescriptionOfCompanysMainActivitiesWithTheirRespectiveGeographicalLocationsSizeOfCapitalInvestmentAndNumberOfEmployees|0|en|7,ARBK,en,0,1,1,0.9946,0.1,1,1
ARBK|2025-04-06|DisclosuresDirectorsReport|jsc_DescriptionOfCompanysMainActivitiesWithTheirRespectiveGeographicalLocationsSizeOfCapitalInvestmentAndNumberOfEmployees|0|en|11,ARBK,en,0,1,1,0.9942,0.1,1,1
ARBK|2025-04-06|DisclosuresDirectorsReport|jsc_DescriptionOfCompanysMainActivitiesWithTheirRespectiveGeographicalLocationsSizeOfCapitalInvestmentAndNumberOfEmployees|0|en|26,ARBK,en,0,1,1,0.9954,0.1,1,1
ARBK|2025-04-06|DisclosuresDirectorsReport|jsc_DescriptionOfCompanysMainActivitiesWithTheirRespectiveGeographicalLocationsSizeOfCapitalInvestmentAndNumberOfEmployees|0|en|39,ARBK,en,0,1,1,0.9941,0.1,1,1
ARBK|2025-04-06|DisclosuresDirectorsReport|jsc_DisclosureOfCompanysAccomplishmentsSupportedByQuantitativeIndicatorsAndDescriptionOfSignificantOccurrencesToCompanyDuringFiscalYear|0|en|10,ARBK,en,0,1,1,0.9955,0.1,1,1
ARBK|2025-04-06|DisclosuresDirectorsReport|jsc_DisclosureOfCompanysAccomplishmentsSupportedByQuantitativeIndicatorsAndDescriptionOfSignificantOccurrencesToCompanyDuringFiscalYear|0|en|46,ARBK,en,0,1,1,0.9955,0.1,1,1
ARBK|2025-04-06|DisclosuresDirectorsReport|jsc_DisclosureOfCompanysAccomplishmentsSupportedByQuantitativeIndicatorsAndDescriptionOfSignificantOccurrencesToCompanyDuringFiscalYear|0|en|47,ARBK,en,0,1,1,0.9952,0.1,1,1
ARBK|2025-04-06|DisclosuresDirectorsReport|jsc_DisclosureOfCompanysAccomplishmentsSupportedByQuantitativeIndicatorsAndDescriptionOfSignificantOccurrencesToCompanyDuringFiscalYear|0|en|51,ARBK,en,0,1,1,0.9956,0.1,1,1
ARBK|2025-04-06|DisclosuresDirectorsReport|jsc_DisclosureOfCompanysContributionToEnvironmentalProtectionAndLocalCommunityService|0|en|13,ARBK,en,0,1,1,0.0054,0.1,0,0
ARBK|2025-04-06|DisclosuresDirectorsReport|jsc_DisclosureOfCompanysRiskExposure|0|en|120,ARBK,en,0,1,1,0.9956,0.1,1,1
ARBK|2025-04-06|DisclosuresDirectorsReport|jsc_DisclosureOfCompanysRiskExposure|0|en|149,ARBK,en,0,1,1,0.9955,0.1,1,1
ARBK|2025-04-06|DisclosuresDirectorsReport|jsc_DisclosureOfCompanysRiskExposure|0|en|150,ARBK,en,0,1,1,0.9956,0.1,1,1
ARBK|2025-04-06|DisclosuresDirectorsReport|jsc_DisclosureOfImportantProspectiveDevelopmentsIncludingAnyNewExpansionsAndProjectsCompanysProposedPlanForAtLeastOneUpcomingYearAndBoardOfDirectorsForecastsForOutcomesOfCompanyActivities|0|en|8,ARBK,en,0,1,1,0.9956,0.1,1,1
ARBK|2025-04-06|DisclosuresDirectorsReport|jsc_DisclosureOfImportantProspectiveDevelopmentsIncludingAnyNewExpansionsAndProjectsCompanysProposedPlanForAtLeastOneUpcomingYearAndBoardOfDirectorsForecastsForOutcomesOfCompanyActivities|0|en|20,ARBK,en,0,1,1,0.9923,0.1,1,1
ARBK|2025-04-06|DisclosuresDirectorsReport|jsc_DisclosureOfImportantProspectiveDevelopmentsIncludingAnyNewExpansionsAndProjectsCompanysProposedPlanForAtLeastOneUpcomingYearAndBoardOfDirectorsForecastsForOutcomesOfCompanyActivities|0|en|21,ARBK,en,0,1,1,0.9955,0.1,1,1
ARBK|2025-04-06|DisclosuresDirectorsReport|jsc_DisclosureOfImportantProspectiveDevelopmentsIncludingAnyNewExpansionsAndProjectsCompanysProposedPlanForAtLeastOneUpcomingYearAndBoardOfDirectorsForecastsForOutcomesOfCompanyActivities|0|en|28,ARBK,en,0,1,1,0.9956,0.1,1,1
ARBK|2025-04-06|DisclosuresDirectorsReport|jsc_DisclosureOfImportantProspectiveDevelopmentsIncludingAnyNewExpansionsAndProjectsCompanysProposedPlanForAtLeastOneUpcomingYearAndBoardOfDirectorsForecastsForOutcomesOfCompanyActivities|0|en|30,ARBK,en,0,1,1,0.9956,0.1,1,1
ARBK|2025-04-06|DisclosuresDirectorsReport|jsc_DisclosureOfImportantProspectiveDevelopmentsIncludingAnyNewExpansionsAndProjectsCompanysProposedPlanForAtLeastOneUpcomingYearAndBoardOfDirectorsForecastsForOutcomesOfCompanyActivities|0|en|40,ARBK,en,0,1,1,0.9954,0.1,1,1
GIGJ|2023-03-31|DisclosuresChairmansStatement|jsc_DisclosureOfStatementOfBoardOfDirectorsChairman|0|en|22,GIGJ,en,3,1,1,0.9875,0.66,1,1
GIGJ|2023-03-31|DisclosuresChairmansStatement|jsc_DisclosureOfStatementOfBoardOfDirectorsChairman|0|en|23,GIGJ,en,3,1,1,0.9924,0.66,1,1
ICAG|2024-04-03|DisclosuresChairmansStatement|jsc_DisclosureOfStatementOfBoardOfDirectorsChairman|0|en|6,ICAG,en,1,1,1,0.9954,0.8200000000000002,1,1
JOPT|2022-04-21|DisclosuresDirectorsReport|jsc_CompanysCompetitivePositionWithinItsSectorAndMainMarketSegmentsAsWellAsItsShareOfLocalMarketAndInternationalMarketIfPossible|0|en|136,JOPT,en,0,0,1,0.0047,0.1,0,0
JOPT|2022-04-21|DisclosuresDirectorsReport|jsc_DisclosureOfDirectorsReport|0|en|236,JOPT,en,0,0,1,0.0037,0.1,0,0
JOPT|2022-04-21|DisclosuresDirectorsReport|jsc_DisclosureOfDirectorsReport|0|en|630,JOPT,en,0,0,1,0.0039,0.1,0,0
JOPT|2022-04-21|NotesListOfNotes|jsc-rep_DisclosureOfFuturePlan|0|en|27,JOPT,en,0,0,1,0.0031,0.1,0,0
JOPT|2022-04-21|NotesListOfNotes|jsc-rep_DisclosureOfSectorialAndGeographicalDistribution|0|en|0,JOPT,en,0,0,1,0.0029,0.1,0,0
JTEL|2022-04-27|DisclosuresDirectorsReport|jsc_DisclosureOfAnalysisOfCompanysFinancialStatusAndOfResultsOfItsActivitiesForFiscalYear|0|en|7,JTEL,en,2,0,1,0.9994,0.14,1,1
JTEL|2022-04-27|DisclosuresDirectorsReport|jsc_DisclosureOfCompanysContributionToEnvironmentalProtectionAndLocalCommunityService|0|en|5,JTEL,en,2,1,1,0.9992,0.14,1,1
JTEL|2022-04-27|DisclosuresDirectorsReport|jsc_DisclosureOfCompanysContributionToEnvironmentalProtectionAndLocalCommunityService|0|en|6,JTEL,en,2,1,1,0.9958,0.14,1,1
JVOI|2025-03-12|DisclosuresChairmansStatement|jsc_DisclosureOfStatementOfBoardOfDirectorsChairman|0|en|10,JVOI,en,0,1,1,0.9937,0.1,1,1
JVOI|2025-03-12|DisclosuresDirectorsReport|jsc_DisclosureOfCompanysAccomplishmentsSupportedByQuantitativeIndicatorsAndDescriptionOfSignificantOccurrencesToCompanyDuringFiscalYear|0|en|4,JVOI,en,0,0,1,0.9923,0.1,1,1
NAST|2021-03-16|DisclosuresChairmansStatement|jsc_DisclosureOfStatementOfBoardOfDirectorsChairman|0|en|0,NAST,en,0,1,1,0.0039,0.1,0,0
NDAR|2022-03-31|NotesListOfNotes|ifrs-full_DisclosureOfSummaryOfSignificantAccountingPoliciesExplanatory|0|en|116,NDAR,en,1,0,1,0.0544,0.8200000000000002,0,0
THBK|2024-03-31|DisclosuresDirectorsReport|jsc_DisclosureOfStatementThatIndicatesDonationsAndGrantsMadeByCompanyDuringFiscalYear|0|en|0,THBK,en,1,0,1,0.4038,0.8200000000000002,0,0
ABCO|2022-03-30|DisclosuresChairmansStatement|jsc_DisclosureOfStatementOfBoardOfDirectorsChairman|0|en|31,ABCO,en,1,1,1,0.9952,0.8200000000000002,1,1
ABCO|2022-03-30|DisclosuresDirectorsReport|jsc_DisclosureOfCompanysAccomplishmentsSupportedByQuantitativeIndicatorsAndDescriptionOfSignificantOccurrencesToCompanyDuringFiscalYear|0|en|22,ABCO,en,1,1,1,0.9954,0.8200000000000002,1,1
AMAL|2024-04-29|DisclosuresChairmansStatement|jsc_DisclosureOfStatementOfBoardOfDirectorsChairman|0|en|1,AMAL,en,3,1,1,0.9426,0.66,1,1
AMAL|2024-04-29|DisclosuresDirectorsReport|jsc_DisclosureOfCompanysAccomplishmentsSupportedByQuantitativeIndicatorsAndDescriptionOfSignificantOccurrencesToCompanyDuringFiscalYear|0|en|3,AMAL,en,3,1,1,0.389,0.66,0,0
APOT|2025-04-21|DisclosuresDirectorsReport|jsc_DisclosureOfImportantProspectiveDevelopmentsIncludingAnyNewExpansionsAndProjectsCompanysProposedPlanForAtLeastOneUpcomingYearAndBoardOfDirectorsForecastsForOutcomesOfCompanyActivities|0|en|1,APOT,en,3,1,1,0.9977,0.66,1,1
APOT|2025-04-21|DisclosuresDirectorsReport|jsc_DisclosureOfImportantProspectiveDevelopmentsIncludingAnyNewExpansionsAndProjectsCompanysProposedPlanForAtLeastOneUpcomingYearAndBoardOfDirectorsForecastsForOutcomesOfCompanyActivities|0|en|43,APOT,en,3,1,1,0.9977,0.66,1,1
APOT|2025-04-21|NotesListOfNotes|ifrs-full_DisclosureOfEntitysReportableSegmentsExplanatory|0|en|9,APOT,en,3,0,1,0.0018,0.66,0,0
APOT|2025-04-21|NotesListOfNotes|ifrs-full_DisclosureOfSummaryOfSignificantAccountingPoliciesExplanatory|0|en|115,APOT,en,3,0,1,0.0019,0.66,0,0
JOPT|2023-04-30|DisclosuresDirectorsReport|jsc_CompanysCompetitivePositionWithinItsSectorAndMainMarketSegmentsAsWellAsItsShareOfLocalMarketAndInternationalMarketIfPossible|0|en|142,JOPT,en,0,0,1,0.0036,0.1,0,0
JOPT|2023-04-30|DisclosuresDirectorsReport|jsc_DisclosureOfCompanysAccomplishmentsSupportedByQuantitativeIndicatorsAndDescriptionOfSignificantOccurrencesToCompanyDuringFiscalYear|0|en|20,JOPT,en,0,0,1,0.0036,0.1,0,0
JOPT|2023-04-30|DisclosuresDirectorsReport|jsc_DisclosureOfDirectorsReport|0|en|244,JOPT,en,0,0,1,0.0045,0.1,0,0
JOPT|2023-04-30|NotesListOfNotes|jsc-rep_DisclosureOfSectorialAndGeographicalDistribution|0|en|0,JOPT,en,0,0,1,0.0026,0.1,0,0
JTEL|2023-04-27|CorporateGovernanceReport|jsc-rep_DisclosureOfInformationAndDetailsRegardingApplicationOfProvisionsOfTheseInstructionsAndCorporateGovernanceRulesInCompany|0|en|1,JTEL,en,2,1,1,0.9983,0.14,1,1
JTEL|2023-04-27|DisclosuresDirectorsReport|jsc_DisclosureOfAnalysisOfCompanysFinancialStatusAndOfResultsOfItsActivitiesForFiscalYear|0|en|6,JTEL,en,2,0,1,0.9994,0.14,1,1
NATA|2022-03-21|DisclosuresAuditorsReport|jsc_DisclosureOfAuditorsReportTextBlock|0|en|120,NATA,en,1,0,1,0.0212,0.8200000000000002,0,0
NDAR|2023-03-30|DisclosuresDirectorsReport|jsc_DisclosureOfCompanysAccomplishmentsSupportedByQuantitativeIndicatorsAndDescriptionOfSignificantOccurrencesToCompanyDuringFiscalYear|0|en|1,NDAR,en,1,0,1,0.0254,0.8200000000000002,0,0
NDAR|2023-03-30|NotesListOfNotes|ifrs-full_DisclosureOfSummaryOfSignificantAccountingPoliciesExplanatory|0|en|118,NDAR,en,1,0,1,0.0581,0.8200000000000002,0,0
ABCO|2023-04-05|DisclosuresDirectorsReport|jsc_DescriptionOfCompanysMainActivitiesWithTheirRespectiveGeographicalLocationsSizeOfCapitalInvestmentAndNumberOfEmployees|0|en|6,ABCO,en,1,1,1,0.9952,0.8200000000000002,1,1
ABCO|2023-04-05|DisclosuresDirectorsReport|jsc_DisclosureOfCompanysAccomplishmentsSupportedByQuantitativeIndicatorsAndDescriptionOfSignificantOccurrencesToCompanyDuringFiscalYear|0|en|22,ABCO,en,1,1,1,0.9954,0.8200000000000002,1,1
AIFE|2024-03-14|DisclosuresDirectorsReport|jsc_DisclosureOfImportantProspectiveDevelopmentsIncludingAnyNewExpansionsAndProjectsCompanysProposedPlanForAtLeastOneUpcomingYearAndBoardOfDirectorsForecastsForOutcomesOfCompanyActivities|0|en|5,AIFE,en,2,1,1,0.9991,0.14,1,1
AMAL|2025-04-24|DisclosuresDirectorsReport|jsc_DisclosureOfCompanysAccomplishmentsSupportedByQuantitativeIndicatorsAndDescriptionOfSignificantOccurrencesToCompanyDuringFiscalYear|0|en|3,AMAL,en,3,1,1,0.0247,0.66,0,0
APOT|2022-04-27|DisclosuresChairmansStatement|jsc_DisclosureOfStatementOfBoardOfDirectorsChairman|0|en|55,APOT,en,3,1,1,0.998,0.66,1,1
APOT|2022-04-27|DisclosuresDirectorsReport|jsc_DisclosureOfDirectorsReport|0|en|68,APOT,en,3,1,1,0.9978,0.66,1,1
APOT|2022-04-27|NotesListOfNotes|ifrs-full_DisclosureOfEntitysReportableSegmentsExplanatory|0|en|10,APOT,en,3,0,1,0.0017,0.66,0,0
JOKB|2025-04-17|DisclosuresChairmansStatement|jsc_DisclosureOfStatementOfBoardOfDirectorsChairman|0|en|38,JOKB,en,2,1,1,0.9991,0.14,1,1
JOKB|2025-04-17|DisclosuresChairmansStatement|jsc_DisclosureOfStatementOfBoardOfDirectorsChairman|0|en|56,JOKB,en,2,1,1,0.9995,0.14,1,1
JOKB|2025-04-17|DisclosuresDirectorsReport|jsc_DisclosureOfCompanysAccomplishmentsSupportedByQuantitativeIndicatorsAndDescriptionOfSignificantOccurrencesToCompanyDuringFiscalYear|0|en|30,JOKB,en,2,1,1,0.9989,0.14,1,1
JOKB|2025-04-17|DisclosuresDirectorsReport|jsc_DisclosureOfCompanysAccomplishmentsSupportedByQuantitativeIndicatorsAndDescriptionOfSignificantOccurrencesToCompanyDuringFiscalYear|0|en|31,JOKB,en,2,0,1,0.9987,0.14,1,1
JOKB|2025-04-17|DisclosuresDirectorsReport|jsc_DisclosureOfCompanysAccomplishmentsSupportedByQuantitativeIndicatorsAndDescriptionOfSignificantOccurrencesToCompanyDuringFiscalYear|0|en|33,JOKB,en,2,1,1,0.999,0.14,1,1
JOKB|2025-04-17|DisclosuresDirectorsReport|jsc_DisclosureOfCompanysAccomplishmentsSupportedByQuantitativeIndicatorsAndDescriptionOfSignificantOccurrencesToCompanyDuringFiscalYear|0|en|38,JOKB,en,2,1,1,0.9992,0.14,1,1
JOKB|2025-04-17|DisclosuresDirectorsReport|jsc_DisclosureOfCompanysAccomplishmentsSupportedByQuantitativeIndicatorsAndDescriptionOfSignificantOccurrencesToCompanyDuringFiscalYear|0|en|67,JOKB,en,2,1,1,0.9991,0.14,1,1
JOKB|2025-04-17|DisclosuresDirectorsReport|jsc_DisclosureOfImportantProspectiveDevelopmentsIncludingAnyNewExpansionsAndProjectsCompanysProposedPlanForAtLeastOneUpcomingYearAndBoardOfDirectorsForecastsForOutcomesOfCompanyActivities|0|en|5,JOKB,en,2,1,1,0.9992,0.14,1,1
JOPT|2024-04-30|DisclosuresDirectorsReport|jsc_CompanysCompetitivePositionWithinItsSectorAndMainMarketSegmentsAsWellAsItsShareOfLocalMarketAndInternationalMarketIfPossible|0|en|117,JOPT,en,0,0,1,0.006,0.1,0,0
JOPT|2024-04-30|DisclosuresDirectorsReport|jsc_DisclosureOfCompanysAccomplishmentsSupportedByQuantitativeIndicatorsAndDescriptionOfSignificantOccurrencesToCompanyDuringFiscalYear|0|en|19,JOPT,en,0,0,1,0.0034,0.1,0,0
JOPT|2024-04-30|DisclosuresDirectorsReport|jsc_DisclosureOfImportantProspectiveDevelopmentsIncludingAnyNewExpansionsAndProjectsCompanysProposedPlanForAtLeastOneUpcomingYearAndBoardOfDirectorsForecastsForOutcomesOfCompanyActivities|0|en|73,JOPT,en,0,0,1,0.0033,0.1,0,0
JOPT|2024-04-30|DisclosuresDirectorsReport|jsc_DisclosureOfImportantProspectiveDevelopmentsIncludingAnyNewExpansionsAndProjectsCompanysProposedPlanForAtLeastOneUpcomingYearAndBoardOfDirectorsForecastsForOutcomesOfCompanyActivities|0|en|76,JOPT,en,0,0,1,0.0078,0.1,0,0
JOPT|2024-04-30|NotesListOfNotes|jsc-rep_DisclosureOfFuturePlan|0|en|32,JOPT,en,0,0,1,0.0081,0.1,0,0
JOPT|2024-04-30|NotesListOfNotes|jsc-rep_DisclosureOfSectorialAndGeographicalDistribution|0|en|0,JOPT,en,0,0,1,0.0026,0.1,0,0
JTEL|2024-04-25|CorporateGovernanceReport|jsc-rep_DisclosureOfInformationAndDetailsRegardingApplicationOfProvisionsOfTheseInstructionsAndCorporateGovernanceRulesInCompany|0|en|1,JTEL,en,2,1,1,0.9984,0.14,1,1
JTEL|2024-04-25|DisclosuresDirectorsReport|jsc_DisclosureOfAnalysisOfCompanysFinancialStatusAndOfResultsOfItsActivitiesForFiscalYear|0|en|2,JTEL,en,2,0,1,0.9993,0.14,1,1
JTEL|2024-04-25|DisclosuresDirectorsReport|jsc_DisclosureOfCompanysContributionToEnvironmentalProtectionAndLocalCommunityService|0|en|14,JTEL,en,2,1,1,0.9993,0.14,1,1
JTEL|2024-04-25|DisclosuresDirectorsReport|jsc_DisclosureOfCompanysContributionToEnvironmentalProtectionAndLocalCommunityService|0|en|20,JTEL,en,2,1,1,0.9993,0.14,1,1
JTEL|2024-04-25|DisclosuresDirectorsReport|jsc_DisclosureOfImportantProspectiveDevelopmentsIncludingAnyNewExpansionsAndProjectsCompanysProposedPlanForAtLeastOneUpcomingYearAndBoardOfDirectorsForecastsForOutcomesOfCompanyActivities|0|en|9,JTEL,en,2,1,1,0.9993,0.14,1,1
NDAR|2024-03-31|DisclosuresDirectorsReport|jsc_DisclosureOfCompanysAccomplishmentsSupportedByQuantitativeIndicatorsAndDescriptionOfSignificantOccurrencesToCompanyDuringFiscalYear|0|en|1,NDAR,en,1,0,1,0.0254,0.8200000000000002,0,0
VFED|2024-02-29|CorporateGovernanceReport|jsc-rep_DisclosureOfInformationAndDetailsRegardingApplicationOfProvisionsOfTheseInstructionsAndCorporateGovernanceRulesInCompany|0|en|0,VFED,en,4,1,1,0.0033,0.3600000000000001,0,0
ABCO|2024-03-30|DisclosuresDirectorsReport|jsc_DescriptionOfCompanysMainActivitiesWithTheirRespectiveGeographicalLocationsSizeOfCapitalInvestmentAndNumberOfEmployees|0|en|6,ABCO,en,1,1,1,0.9952,0.8200000000000002,1,1
ARBK|2024-04-28|DisclosuresDirectorsReport|jsc_DescriptionOfCompanysMainActivitiesWithTheirRespectiveGeographicalLocationsSizeOfCapitalInvestmentAndNumberOfEmployees|0|en|10,ARBK,en,0,1,1,0.9937,0.1,1,1
ARBK|2024-04-28|DisclosuresDirectorsReport|jsc_DescriptionOfCompanysMainActivitiesWithTheirRespectiveGeographicalLocationsSizeOfCapitalInvestmentAndNumberOfEmployees|0|en|26,ARBK,en,0,1,1,0.9955,0.1,1,1
ARBK|2024-04-28|DisclosuresDirectorsReport|jsc_DisclosureOfCompanysAccomplishmentsSupportedByQuantitativeIndicatorsAndDescriptionOfSignificantOccurrencesToCompanyDuringFiscalYear|0|en|66,ARBK,en,0,1,1,0.9943,0.1,1,1
ARBK|2024-04-28|DisclosuresDirectorsReport|jsc_DisclosureOfCompanysAccomplishmentsSupportedByQuantitativeIndicatorsAndDescriptionOfSignificantOccurrencesToCompanyDuringFiscalYear|0|en|67,ARBK,en,0,1,1,0.9935,0.1,1,1
ARBK|2024-04-28|DisclosuresDirectorsReport|jsc_DisclosureOfCompanysContributionToEnvironmentalProtectionAndLocalCommunityService|0|en|18,ARBK,en,0,1,1,0.0038,0.1,0,0
ARBK|2024-04-28|DisclosuresDirectorsReport|jsc_DisclosureOfImportantProspectiveDevelopmentsIncludingAnyNewExpansionsAndProjectsCompanysProposedPlanForAtLeastOneUpcomingYearAndBoardOfDirectorsForecastsForOutcomesOfCompanyActivities|0|en|28,ARBK,en,0,1,1,0.9955,0.1,1,1
ARBK|2024-04-28|DisclosuresDirectorsReport|jsc_DisclosureOfImportantProspectiveDevelopmentsIncludingAnyNewExpansionsAndProjectsCompanysProposedPlanForAtLeastOneUpcomingYearAndBoardOfDirectorsForecastsForOutcomesOfCompanyActivities|0|en|33,ARBK,en,0,1,1,0.9937,0.1,1,1
ARBK|2024-04-28|NotesListOfNotes|ifrs-full_DisclosureOfEntitysReportableSegmentsExplanatory|0|en|25,ARBK,en,0,1,1,0.9956,0.1,1,1
JOPT|2021-06-16|DisclosuresDirectorsReport|jsc_DescriptionOfSubsidiaryCompaniesNatureOfTheirBusinessAndTheirAreasOfActivity|0|en|25,JOPT,en,0,0,1,0.0047,0.1,0,0
JOPT|2021-06-16|DisclosuresDirectorsReport|jsc_DisclosureOfCompanysAccomplishmentsSupportedByQuantitativeIndicatorsAndDescriptionOfSignificantOccurrencesToCompanyDuringFiscalYear|0|en|9,JOPT,en,0,0,1,0.0043,0.1,0,0
JOPT|2021-06-16|DisclosuresDirectorsReport|jsc_DisclosureOfImportantProspectiveDevelopmentsIncludingAnyNewExpansionsAndProjectsCompanysProposedPlanForAtLeastOneUpcomingYearAndBoardOfDirectorsForecastsForOutcomesOfCompanyActivities|0|en|22,JOPT,en,0,0,1,0.0051,0.1,0,0
JOPT|2025-04-30|DisclosuresDirectorsReport|jsc_CompanysCompetitivePositionWithinItsSectorAndMainMarketSegmentsAsWellAsItsShareOfLocalMarketAndInternationalMarketIfPossible|0|en|124,JOPT,en,0,0,1,0.006,0.1,0,0
JOPT|2025-04-30|DisclosuresDirectorsReport|jsc_CompanysCompetitivePositionWithinItsSectorAndMainMarketSegmentsAsWellAsItsShareOfLocalMarketAndInternationalMarketIfPossible|0|en|136,JOPT,en,0,0,1,0.0075,0.1,0,0
JOPT|2025-04-30|DisclosuresDirectorsReport|jsc_DisclosureOfCompanysAccomplishmentsSupportedByQuantitativeIndicatorsAndDescriptionOfSignificantOccurrencesToCompanyDuringFiscalYear|0|en|20,JOPT,en,0,0,1,0.0034,0.1,0,0
JOPT|2025-04-30|DisclosuresDirectorsReport|jsc_DisclosureOfImportantProspectiveDevelopmentsIncludingAnyNewExpansionsAndProjectsCompanysProposedPlanForAtLeastOneUpcomingYearAndBoardOfDirectorsForecastsForOutcomesOfCompanyActivities|0|en|35,JOPT,en,0,1,1,0.9955,0.1,1,1
JOPT|2025-04-30|NotesListOfNotes|jsc-rep_DisclosureOfSectorialAndGeographicalDistribution|0|en|0,JOPT,en,0,0,1,0.0026,0.1,0,0
JTEL|2021-04-29|DisclosuresChairmansStatement|jsc_DisclosureOfStatementOfBoardOfDirectorsChairman|0|en|45,JTEL,en,2,0,1,0.9951,0.14,1,1
JTEL|2025-04-24|DisclosuresDirectorsReport|jsc_DisclosureOfImportantProspectiveDevelopmentsIncludingAnyNewExpansionsAndProjectsCompanysProposedPlanForAtLeastOneUpcomingYearAndBoardOfDirectorsForecastsForOutcomesOfCompanyActivities|0|en|5,JTEL,en,2,1,1,0.9992,0.14,1,1
JVOI|2024-03-21|DisclosuresChairmansStatement|jsc_DisclosureOfStatementOfBoardOfDirectorsChairman|0|en|7,JVOI,en,0,1,1,0.993,0.1,1,1
JVOI|2024-03-21|DisclosuresDirectorsReport|jsc_DisclosureOfCompanysAccomplishmentsSupportedByQuantitativeIndicatorsAndDescriptionOfSignificantOccurrencesToCompanyDuringFiscalYear|0|en|7,JVOI,en,0,1,1,0.9936,0.1,1,1
JVOI|2024-03-21|DisclosuresDirectorsReport|jsc_DisclosureOfImportantProspectiveDevelopmentsIncludingAnyNewExpansionsAndProjectsCompanysProposedPlanForAtLeastOneUpcomingYearAndBoardOfDirectorsForecastsForOutcomesOfCompanyActivities|0|en|3,JVOI,en,0,1,1,0.9909,0.1,1,1
NDAR|2021-04-15|NotesListOfNotes|ifrs-full_DisclosureOfSummaryOfSignificantAccountingPoliciesExplanatory|0|en|115,NDAR,en,1,0,1,0.0544,0.8200000000000002,0,0
NDAR|2025-04-28|DisclosuresDirectorsReport|jsc_DisclosureOfCompanysAccomplishmentsSupportedByQuantitativeIndicatorsAndDescriptionOfSignificantOccurrencesToCompanyDuringFiscalYear|0|en|1,NDAR,en,1,0,1,0.538,0.8200000000000002,0,0
NDAR|2025-04-28|DisclosuresDirectorsReport|jsc_DisclosureOfCompanysAccomplishmentsSupportedByQuantitativeIndicatorsAndDescriptionOfSignificantOccurrencesToCompanyDuringFiscalYear|0|en|2,NDAR,en,1,0,1,0.0114,0.8200000000000002,0,0
VFED|2025-03-13|CorporateGovernanceReport|jsc-rep_DisclosureOfInformationAndDetailsRegardingApplicationOfProvisionsOfTheseInstructionsAndCorporateGovernanceRulesInCompany|0|en|0,VFED,en,4,1,1,0.0034,0.3600000000000001,0,0
ARBK|2025-04-06|DisclosuresDirectorsReport|jsc_DisclosureOfCompanysAccomplishmentsSupportedByQuantitativeIndicatorsAndDescriptionOfSignificantOccurrencesToCompanyDuringFiscalYear|0|en|52,ARBK,en,0,0,0,0.0039,0.1,0,0
ZARA|2022-04-27|NotesListOfNotes|ifrs-full_DisclosureOfBorrowingsExplanatory|0|en|43,ZARA,en,1,0,0,0.0209,0.8200000000000002,0,0
JOPT|2025-04-30|DisclosuresAuditorsReport|jsc_AuditorsReportOnFinancialStatements|0|en|56,JOPT,en,0,0,0,0.0027,0.1,0,0
ZARA|2023-04-30|NotesListOfNotes|ifrs-full_DisclosureOfLiquidityRiskExplanatory|0|en|2,ZARA,en,1,0,0,0.0397,0.8200000000000002,0,0
ARBK|2024-04-28|NotesListOfNotes|ifrs-full_DisclosureOfAccountingJudgementsAndEstimatesExplanatory|0|en|24,ARBK,en,0,0,0,0.0027,0.1,0,0
ZARA|2025-04-30|NotesListOfNotes|ifrs-full_DisclosureOfBasisOfConsolidationExplanatory|0|en|19,ZARA,en,1,0,0,0.024,0.8200000000000002,0,0
ARBK|2023-04-30|NotesListOfNotes|ifrs-full_DisclosureOfSummaryOfSignificantAccountingPoliciesExplanatory|0|en|113,ARBK,en,0,0,0,0.003,0.1,0,0
AMAL|2021-04-30|NotesListOfNotes|ifrs-full_DisclosureOfPropertyPlantAndEquipmentExplanatory|0|en|4,AMAL,en,3,0,0,0.0016,0.66,0,0
JOPT|2024-04-30|NotesListOfNotes|ifrs-full_DisclosureOfServiceConcessionArrangementsExplanatory|0|en|29,JOPT,en,0,0,0,0.005,0.1,0,0
JOPT|2023-04-30|Declarations|jsc-rep_DisclosureOfOtherDeclarations|0|en|25,JOPT,en,0,0,0,0.0062,0.1,0,0
ABCO|2022-03-30|DisclosuresDirectorsReport|jsc_DisclosureOfCompanysAccomplishmentsSupportedByQuantitativeIndicatorsAndDescriptionOfSignificantOccurrencesToCompanyDuringFiscalYear|0|en|0,ABCO,en,1,0,0,0.011,0.8200000000000002,0,0
ARBK|2025-04-06|DisclosuresDirectorsReport|jsc_DisclosureOfImportantProspectiveDevelopmentsIncludingAnyNewExpansionsAndProjectsCompanysProposedPlanForAtLeastOneUpcomingYearAndBoardOfDirectorsForecastsForOutcomesOfCompanyActivities|0|en|31,ARBK,en,0,0,0,0.0049,0.1,0,0
AMAL|2021-04-30|DisclosuresDirectorsReport|jsc_DisclosureOfStatementThatIndicatesNumberOfSecuritiesIssuedByCompanyWhichAreOwnedByAnyMemberOfItsBoardOfDirectorsAnyMemberOfItsSeniorExecutiveManagementOrAnyOfTheirRelativesAListOfCompaniesControlledByAnyOfSuchProvidedAllOfTheAboveIsBenchmarkedAgainstThePrecedingYear|0|en|1,AMAL,en,3,0,0,0.0029,0.66,0,0
ABCO|2025-08-14|DisclosuresDirectorsReport|jsc_TheMembersOfBoardOfDirectorsNamesAndNamesAndRanksOfSeniorExecutiveManagementWithBriefResumeOfEach|0|en|112,ABCO,en,1,0,0,0.0245,0.8200000000000002,0,0
LEAS|2024-04-22|DisclosuresDirectorsReport|jsc_TheMembersOfBoardOfDirectorsNamesAndNamesAndRanksOfSeniorExecutiveManagementWithBriefResumeOfEach|0|en|12,LEAS,en,1,0,0,0.0133,0.8200000000000002,0,0
JOPT|2022-04-21|NotesListOfNotes|jsc-rep_DisclosureOfTradeAndOtherCurrentReceivables|0|en|6,JOPT,en,0,0,0,0.0057,0.1,0,0
AMAL|2025-04-24|DisclosuresDirectorsReport|jsc_TheMembersOfBoardOfDirectorsNamesAndNamesAndRanksOfSeniorExecutiveManagementWithBriefResumeOfEach|0|en|30,AMAL,en,3,0,0,0.0023,0.66,0,0
RICS|2025-03-20|DisclosuresAuditorsReport|jsc_AuditorsReportOnFinancialStatements|0|en|31,RICS,en,4,0,0,0.0041,0.3600000000000001,0,0
ZARA|2025-04-30|NotesListOfNotes|jsc-rep_DisclosureOfCapitalManagement|0|en|4,ZARA,en,1,0,0,0.0326,0.8200000000000002,0,0
ABCO|2025-08-14|NotesListOfNotes|ifrs-full_DisclosureOfIncomeTaxExplanatory|0|en|2,ABCO,en,1,0,0,0.0384,0.8200000000000002,0,0
JOPT|2024-04-30|NotesListOfNotes|ifrs-full_DisclosureOfCommitmentsAndContingentLiabilitiesExplanatory|0|en|6,JOPT,en,0,0,0,0.0033,0.1,0,0
APOT|2023-04-27|DisclosuresAuditorsReport|jsc_OtherInformationIncludedInBanksAnnualReportExplanatory|0|en|1,APOT,en,3,0,0,0.0024,0.66,0,0
APOT|2021-04-27|DisclosuresAuditorsReport|jsc_ReportOnOtherLegalAndRegulatoryRequirementsExplanatory|0|en|1,APOT,en,3,0,0,0.0031,0.66,0,0
JTEL|2022-04-27|NotesListOfNotes|jsc-rep_DisclosureOfNewAndRevisedStandardsNote|0|en|18,JTEL,en,2,0,0,0.0023,0.14,0,0
ABCO|2022-03-30|NotesListOfNotes|ifrs-full_DisclosureOfSummaryOfSignificantAccountingPoliciesExplanatory|0|en|635,ABCO,en,1,0,0,0.0614,0.8200000000000002,0,0
JOPT|2021-06-16|NotesListOfNotes|ifrs-full_DisclosureOfGeneralInformationAboutFinancialStatementsExplanatory|0|en|39,JOPT,en,0,0,0,0.0051,0.1,0,0
THBK|2023-03-31|DisclosuresAuditorsReport|jsc_KeyAuditMattersExplanatory|0|en|17,THBK,en,1,0,0,0.0542,0.8200000000000002,0,0
JVOI|2024-03-21|DisclosuresDirectorsReport|jsc_DisclosureOfBenefitsAndRemunerationsOfChairmanMembersOfBoardOfDirectorsAndSeniorExecutiveManagementDuringTheFiscalYearIncludingPaymentsReceivedByAnyOfThemSuchAsFeesSalariesBonusesAndOtherwiseAndTheirTravelAndTransportExpensesWithinKingdomAndAbroad|0|en|0,JVOI,en,0,0,0,0.0037,0.1,0,0
JOPT|2022-04-21|DisclosuresAuditorsReport|jsc_AuditorsResponsibilitiesForAuditOfFinancialStatementsExplanatory|0|en|17,JOPT,en,0,0,0,0.0038,0.1,0,0
APOT|2025-04-21|NotesListOfNotes|ifrs-full_DisclosureOfBasisOfConsolidationExplanatory|0|en|7,APOT,en,3,0,0,0.0016,0.66,0,0
LEAS|2025-04-06|DisclosuresDirectorsReport|jsc_DisclosureOfFinancialImpactOfNonRecurrentTransactionsDuringFiscalYearWhichAreNotPartOfCompanysMainActivities|0|en|1,LEAS,en,1,0,0,0.0231,0.8200000000000002,0,0
APOT|2023-04-27|DisclosuresDirectorsReport|jsc_DisclosureOfCompanysContributionToEnvironmentalProtectionAndLocalCommunityService|0|en|20,APOT,en,3,0,0,0.2107,0.66,0,0
APOT|2022-04-27|NotesListOfNotes|ifrs-full_DisclosureOfEntitysReportableSegmentsExplanatory|0|en|14,APOT,en,3,0,0,0.0018,0.66,0,0
NAST|2023-02-21|CorporateGovernanceReport|jsc-rep_DisclosureOfNameOfChairmanAndMembersOfNominationAndRemunerationCommitteeCorporateGovernanceCommitteeAndRiskManagementCommittee|0|en|2,NAST,en,0,0,0,0.0034,0.1,0,0
ARBK|2023-04-30|NotesListOfNotes|ifrs-full_DisclosureOfSummaryOfSignificantAccountingPoliciesExplanatory|0|en|151,ARBK,en,0,0,0,0.0026,0.1,0,0
THBK|2025-04-05|DisclosuresDirectorsReport|jsc_TheMembersOfBoardOfDirectorsNamesAndNamesAndRanksOfSeniorExecutiveManagementWithBriefResumeOfEach|0|en|159,THBK,en,1,0,0,0.0541,0.8200000000000002,0,0
ICAG|2022-04-26|DisclosuresDirectorsReport|jsc_DisclosureOfAnalysisOfCompanysFinancialStatusAndOfResultsOfItsActivitiesForFiscalYear|0|en|0,ICAG,en,1,0,0,0.0692,0.8200000000000002,0,0
LEIN|2024-03-06|DisclosuresDirectorsReport|jsc_DisclosureOfAmountOfAuditingFeesForCompanyAndItsSubsidiariesAndAnyOtherFeesReceivedOrReceivableByAuditor|0|en|0,LEIN,en,2,0,0,0.002,0.14,0,0
AMAL|2025-04-24|NotesListOfNotes|jsc-rep_DisclosureOfProjectsInProgress|0|en|2,AMAL,en,3,0,0,0.0014,0.66,0,0
NAAI|2023-03-31|DisclosuresAuditorsReport|jsc_ResponsibilitiesOfManagementAndThoseChargedWithGovernanceForFinancialStatementsExplanatory|0|en|58,NAAI,en,3,0,0,0.0016,0.66,0,0
JTEL|2025-04-24|DisclosuresAuditorsReport|jsc_AuditorsReportOnFinancialStatements|0|en|16,JTEL,en,2,0,0,0.0036,0.14,0,0
NDAR|2025-04-28|NotesListOfNotes|ifrs-full_DisclosureOfEntitysReportableSegmentsExplanatory|0|en|0,NDAR,en,1,0,0,0.0415,0.8200000000000002,0,0
ZARA|2023-04-30|CorporateGovernanceReport|jsc-rep_DisclosureOfInformationAndDetailsRegardingApplicationOfProvisionsOfTheseInstructionsAndCorporateGovernanceRulesInCompany|0|en|1,ZARA,en,1,0,0,0.0112,0.8200000000000002,0,0
ZARA|2023-04-30|DisclosuresAuditorsReport|jsc_DisclosureOfAuditorsReportTextBlock|0|en|21,ZARA,en,1,0,0,0.0364,0.8200000000000002,0,0
LEAS|2022-03-30|NotesListOfNotes|ifrs-full_DisclosureOfBasisOfConsolidationExplanatory|0|en|10,LEAS,en,1,0,0,0.0276,0.8200000000000002,0,0
RUMI|2021-04-29|DisclosuresAuditorsReport|jsc_KeyAuditMattersExplanatory|0|en|1,RUMI,en,0,0,0,0.0031,0.1,0,0
NDAR|2024-03-31|NotesListOfNotes|ifrs-full_DisclosureOfSummaryOfSignificantAccountingPoliciesExplanatory|0|en|31,NDAR,en,1,0,0,0.1583,0.8200000000000002,0,0
VFED|2022-03-24|NotesListOfNotes|jsc-rep_DisclosureOfChangesInAccountingPoliciesAccountingEstimatesAndErrors|0|en|4,VFED,en,4,0,0,0.0044,0.3600000000000001,0,0
ABCO|2025-08-14|NotesListOfNotes|ifrs-full_DisclosureOfBasisOfConsolidationExplanatory|0|en|149,ABCO,en,1,0,0,0.0378,0.8200000000000002,0,0
JTEL|2025-04-24|DisclosuresDirectorsReport|jsc_TheMembersOfBoardOfDirectorsNamesAndNamesAndRanksOfSeniorExecutiveManagementWithBriefResumeOfEach|0|en|6,JTEL,en,2,0,0,0.0021,0.14,0,0
JVOI|2022-03-15|DisclosuresDirectorsReport|jsc_TheMembersOfBoardOfDirectorsNamesAndNamesAndRanksOfSeniorExecutiveManagementWithBriefResumeOfEach|0|en|27,JVOI,en,0,0,0,0.0055,0.1,0,0
MSFT|2024-03-31|DisclosuresDirectorsReport|jsc_DisclosureOfIssuingCompanysOrganizationalChartNumberOfItsEmployeesAndTheirClassesOfQualificationAndItsPersonnelQualifyingAndTrainingPrograms|0|en|0,MSFT,en,2,0,0,0.0045,0.14,0,0
JOPT|2022-04-21|NotesListOfNotes|ifrs-full_DisclosureOfReservesAndOtherEquityInterestExplanatory|0|en|1,JOPT,en,0,0,0,0.006,0.1,0,0
VFED|2022-03-24|DisclosuresAuditorsReport|jsc_AuditorsReportOnFinancialStatements|0|en|18,VFED,en,4,0,0,0.0038,0.3600000000000001,0,0
ARBK|2022-04-03|NotesListOfNotes|ifrs-full_DisclosureOfSummaryOfSignificantAccountingPoliciesExplanatory|0|en|11,ARBK,en,0,0,0,0.0025,0.1,0,0
ZARA|2024-04-29|DisclosuresChairmansStatement|jsc_DisclosureOfStatementOfBoardOfDirectorsChairman|0|en|2,ZARA,en,1,0,0,0.048,0.8200000000000002,0,0
JOPT|2025-04-30|NotesListOfNotes|jsc-rep_AdoptionOfNewAndRevisedInternationalFinancialReportingStandards|0|en|9,JOPT,en,0,0,0,0.0025,0.1,0,0
ARBK|2024-04-28|DisclosuresDirectorsReport|jsc_DisclosureOfCompanysContributionToEnvironmentalProtectionAndLocalCommunityService|0|en|226,ARBK,en,0,0,0,0.003,0.1,0,0
ARBK|2021-05-20|NotesListOfNotes|ifrs-full_DisclosureOfSummaryOfSignificantAccountingPoliciesExplanatory|0|en|255,ARBK,en,0,0,0,0.0026,0.1,0,0
APOT|2024-04-29|DisclosuresAuditorsReport|jsc_ReportOnOtherLegalAndRegulatoryRequirementsExplanatory|0|en|1,APOT,en,3,0,0,0.0031,0.66,0,0
NAST|2024-03-10|DisclosuresAuditorsReport|jsc_AuditorsResponsibilitiesForAuditOfFinancialStatementsExplanatory|0|en|4,NAST,en,0,0,0,0.0028,0.1,0,0
JOPT|2024-04-30|NotesListOfNotes|jsc-rep_DisclosureOfTradeAndOtherCurrentPayables|0|en|29,JOPT,en,0,0,0,0.0032,0.1,0,0
ARBK|2025-04-06|NotesListOfNotes|ifrs-full_DisclosureOfSummaryOfSignificantAccountingPoliciesExplanatory|0|en|226,ARBK,en,0,0,0,0.0025,0.1,0,0
JTEL|2023-04-27|NotesListOfNotes|jsc-rep_DisclosureTradeAndOtherCurrentPayables|0|en|13,JTEL,en,2,0,0,0.9983,0.14,1,0
AMAL|2022-06-30|NotesListOfNotes|ifrs-full_DisclosureOfSummaryOfSignificantAccountingPoliciesExplanatory|0|en|13,AMAL,en,3,0,0,0.0016,0.66,0,0
JOKB|2025-04-17|CorporateGovernanceReport|jsc-rep_DisclosureOfNameOfChairmanAndMembersOfAuditCommitteeAndADescriptionOfTheirQualificationsAndExperienceInFinancialOrAccountingMatters|0|en|1,JOKB,en,2,0,0,0.0036,0.14,0,0
SURA|2025-04-06|FilingInformation|ifrs-full_NameOfReportingEntityOrOtherMeansOfIdentification|0|en|0,SURA,en,1,0,0,0.0116,0.8200000000000002,0,0
THBK|2025-04-05|DisclosuresDirectorsReport|jsc_DisclosureOfBenefitsAndRemunerationsOfChairmanMembersOfBoardOfDirectorsAndSeniorExecutiveManagementDuringTheFiscalYearIncludingPaymentsReceivedByAnyOfThemSuchAsFeesSalariesBonusesAndOtherwiseAndTheirTravelAndTransportExpensesWithinKingdomAndAbroad|0|en|2,THBK,en,1,0,0,0.0538,0.8200000000000002,0,0
JOKB|2025-04-17|NotesListOfNotes|ifrs-full_DisclosureOfSummaryOfSignificantAccountingPoliciesExplanatory|0|en|242,JOKB,en,2,0,0,0.002,0.14,0,0
ABCO|2024-03-30|NotesListOfNotes|ifrs-full_DisclosureOfSummaryOfSignificantAccountingPoliciesExplanatory|0|en|322,ABCO,en,1,0,0,0.0522,0.8200000000000002,0,0
MSFT|2024-03-31|DisclosuresChairmansStatement|jsc_DisclosureOfStatementOfBoardOfDirectorsChairman|0|en|5,MSFT,en,2,0,0,0.0022,0.14,0,0
THBK|2024-03-31|NotesListOfNotes|jsc-rep_DisclosureOfRetainedEarningsAndNoncontrollingInterests|0|en|1,THBK,en,1,0,0,0.0173,0.8200000000000002,0,0
JOPT|2025-04-30|CorporateGovernanceReport|jsc-rep_DisclosureOfAllMembershipsOfBoardsOfDirectorsHeldByAMemberOfBoardOfDirectorsInPublicShareholdingCompaniesIfAny|0|en|15,JOPT,en,0,0,0,0.004,0.1,0,0
JTEL|2025-04-24|DisclosuresAuditorsReport|jsc_KeyAuditMattersExplanatory|0|en|4,JTEL,en,2,0,0,0.9961,0.14,1,0
LEIN|2023-03-27|DisclosuresAuditorsReport|jsc_ResponsibilitiesOfManagementAndThoseChargedWithGovernanceForFinancialStatementsExplanatory|0|en|2,LEIN,en,2,0,0,0.0029,0.14,0,0
JTEL|2024-04-25|NotesListOfNotes|ifrs-full_DisclosureOfChangesInAccountingPoliciesExplanatory|0|en|17,JTEL,en,2,0,0,0.0025,0.14,0,0
JTEL|2024-04-25|DisclosuresAuditorsReport|jsc_AuditorsReportOnFinancialStatements|0|en|2,JTEL,en,2,0,0,0.0031,0.14,0,0
ARBK|2021-05-20|NotesListOfNotes|ifrs-full_DisclosureOfSummaryOfSignificantAccountingPoliciesExplanatory|0|en|199,ARBK,en,0,0,0,0.0025,0.1,0,0
ARBK|2024-04-28|CorporateGovernanceReport|jsc-rep_DisclosureOfInformationAndDetailsRegardingApplicationOfProvisionsOfTheseInstructionsAndCorporateGovernanceRulesInCompany|0|en|231,ARBK,en,0,0,0,0.0048,0.1,0,0
AMAL|2022-06-30|CorporateGovernanceReport|jsc-rep_DisclosureOfNameOfChairmanAndMembersOfAuditCommitteeAndADescriptionOfTheirQualificationsAndExperienceInFinancialOrAccountingMatters|0|en|0,AMAL,en,3,0,0,0.0035,0.66,0,0
JOPT|2022-04-21|CorporateGovernanceReport|jsc-rep_DisclosureOfNumberOfMeetingsOfCommitteesDuringYearWithStatementOfMembersPresent|0|en|3,JOPT,en,0,0,0,0.004,0.1,0,0
NCMD|2023-03-26|NotesListOfNotes|ifrs-full_DisclosureOfIncomeTaxExplanatory|0|en|0,NCMD,en,0,0,0,0.0032,0.1,0,0
JVOI|2023-02-21|DisclosuresAuditorsReport|jsc_OtherInformationIncludedInBanksAnnualReportExplanatory|0|en|4,JVOI,en,0,0,0,0.0028,0.1,0,0
JOPT|2023-04-30|NotesListOfNotes|jsc-rep_DisclosureOfTradeAndOtherCurrentReceivables|0|en|63,JOPT,en,0,0,0,0.0029,0.1,0,0
THBK|2024-03-31|NotesListOfNotes|ifrs-full_DisclosureOfLiquidityRiskExplanatory|0|en|3,THBK,en,1,0,0,0.0118,0.8200000000000002,0,0
JOPT|2022-04-21|NotesListOfNotes|ifrs-full_DisclosureOfSummaryOfSignificantAccountingPoliciesExplanatory|0|en|46,JOPT,en,0,0,0,0.0024,0.1,0,0
JTEL|2024-04-25|DisclosuresDirectorsReport|jsc_DisclosureOfCompanysAccomplishmentsSupportedByQuantitativeIndicatorsAndDescriptionOfSignificantOccurrencesToCompanyDuringFiscalYear|0|en|6,JTEL,en,2,0,0,0.9942,0.14,1,0
JTEL|2023-04-27|DisclosuresAuditorsReport|jsc_KeyAuditMattersExplanatory|0|en|7,JTEL,en,2,0,0,0.0019,0.14,0,0
JTEL|2025-04-24|NotesListOfNotes|jsc-rep_DisclosureOfChangesInAccountingPoliciesAccountingEstimatesAndErrors|0|en|9,JTEL,en,2,0,0,0.0028,0.14,0,0
VFED|2022-03-24|DisclosuresDirectorsReport|jsc_DescriptionOfCompanysMainActivitiesWithTheirRespectiveGeographicalLocationsSizeOfCapitalInvestmentAndNumberOfEmployees|0|en|1,VFED,en,4,0,0,0.003,0.3600000000000001,0,0
SPTI|2021-03-25|DisclosuresDirectorsReport|jsc_DescriptionOfSubsidiaryCompaniesNatureOfTheirBusinessAndTheirAreasOfActivity|0|en|0,SPTI,en,0,0,0,0.0025,0.1,0,0
ARBK|2025-04-06|CorporateGovernanceReport|jsc-rep_DisclosureOfInformationAndDetailsRegardingApplicationOfProvisionsOfTheseInstructionsAndCorporateGovernanceRulesInCompany|0|en|104,ARBK,en,0,0,0,0.0029,0.1,0,0
APOT|2022-04-27|DisclosuresDirectorsReport|jsc_DisclosureOfImportantProspectiveDevelopmentsIncludingAnyNewExpansionsAndProjectsCompanysProposedPlanForAtLeastOneUpcomingYearAndBoardOfDirectorsForecastsForOutcomesOfCompanyActivities|0|en|24,APOT,en,3,0,0,0.0022,0.66,0,0
ARBK|2022-04-03|NotesListOfNotes|ifrs-full_DisclosureOfSummaryOfSignificantAccountingPoliciesExplanatory|0|en|313,ARBK,en,0,0,0,0.0025,0.1,0,0
AIFE|2025-03-05|DisclosuresDirectorsReport|jsc_DisclosureOfImportantProspectiveDevelopmentsIncludingAnyNewExpansionsAndProjectsCompanysProposedPlanForAtLeastOneUpcomingYearAndBoardOfDirectorsForecastsForOutcomesOfCompanyActivities|0|en|2,AIFE,en,2,0,0,0.0036,0.14,0,0
JOPT|2022-04-21|DisclosuresDirectorsReport|jsc_DisclosureOfDirectorsReport|0|en|544,JOPT,en,0,0,0,0.0038,0.1,0,0
JOPT|2025-04-30|DisclosuresDirectorsReport|jsc_DisclosureOfImportantProspectiveDevelopmentsIncludingAnyNewExpansionsAndProjectsCompanysProposedPlanForAtLeastOneUpcomingYearAndBoardOfDirectorsForecastsForOutcomesOfCompanyActivities|0|en|8,JOPT,en,0,0,0,0.0027,0.1,0,0
THBK|2022-03-31|NotesListOfNotes|ifrs-full_DisclosureOfCreditRiskExplanatory|0|en|3,THBK,en,1,0,0,0.0324,0.8200000000000002,0,0
JOPT|2024-04-30|NotesListOfNotes|ifrs-full_DisclosureOfSummaryOfSignificantAccountingPoliciesExplanatory|0|en|57,JOPT,en,0,0,0,0.0025,0.1,0,0
ZARA|2024-04-29|DisclosuresDirectorsReport|jsc_DisclosureOfImportantProspectiveDevelopmentsIncludingAnyNewExpansionsAndProjectsCompanysProposedPlanForAtLeastOneUpcomingYearAndBoardOfDirectorsForecastsForOutcomesOfCompanyActivities|0|en|5,ZARA,en,1,0,0,0.0218,0.8200000000000002,0,0
JOPT|2021-06-16|DisclosuresDirectorsReport|jsc_DisclosureOfDirectorsReport|0|en|18,JOPT,en,0,0,0,0.0026,0.1,0,0
JTEL|2025-04-24|NotesListOfNotes|ifrs-full_DisclosureOfGeneralInformationAboutFinancialStatementsExplanatory|0|en|8,JTEL,en,2,0,0,0.0023,0.14,0,0
RICS|2022-03-13|NotesListOfNotes|ifrs-full_DisclosureOfTradeAndOtherReceivablesExplanatory|0|en|9,RICS,en,4,0,0,0.0028,0.3600000000000001,0,0
JOPT|2022-04-21|NotesListOfNotes|jsc-rep_DisclosureOfTradeAndOtherCurrentReceivables|0|en|1,JOPT,en,0,0,0,0.0037,0.1,0,0
SURA|2023-03-31|DisclosuresAuditorsReport|jsc_AuditorsReportOnFinancialStatements|0|en|1,SURA,en,1,0,0,0.0271,0.8200000000000002,0,0
ARBK|2024-04-28|DisclosuresDirectorsReport|jsc_DescriptionOfSubsidiaryCompaniesNatureOfTheirBusinessAndTheirAreasOfActivity|0|en|37,ARBK,en,0,0,0,0.0029,0.1,0,0
ZARA|2023-04-30|NotesListOfNotes|ifrs-full_DisclosureOfOtherCurrentLiabilitiesExplanatory|0|en|1,ZARA,en,1,0,0,0.0132,0.8200000000000002,0,0
JTEL|2024-04-25|DisclosuresDirectorsReport|jsc_TheMembersOfBoardOfDirectorsNamesAndNamesAndRanksOfSeniorExecutiveManagementWithBriefResumeOfEach|0|en|72,JTEL,en,2,0,0,0.0025,0.14,0,0
JTEL|2024-04-25|NotesListOfNotes|ifrs-full_DisclosureOfChangesInAccountingPoliciesExplanatory|0|en|19,JTEL,en,2,0,0,0.0033,0.14,0,0
JOKB|2025-04-17|DisclosuresDirectorsReport|jsc_DescriptionOfCompanysMainActivitiesWithTheirRespectiveGeographicalLocationsSizeOfCapitalInvestmentAndNumberOfEmployees|0|en|1,JOKB,en,2,0,0,0.002,0.14,0,0
JOPT|2022-04-21|DisclosuresDirectorsReport|jsc_CompanysCompetitivePositionWithinItsSectorAndMainMarketSegmentsAsWellAsItsShareOfLocalMarketAndInternationalMarketIfPossible|0|en|103,JOPT,en,0,0,0,0.0027,0.1,0,0
LEIN|2023-03-27|DisclosuresDirectorsReport|jsc_DisclosureOfDirectorsReport|0|en|37,LEIN,en,2,0,0,0.0024,0.14,0,0
JOPT|2025-04-30|NotesListOfNotes|ifrs-full_DisclosureOfSummaryOfSignificantAccountingPoliciesExplanatory|0|en|153,JOPT,en,0,0,0,0.0024,0.1,0,0
JOPT|2025-04-30|DisclosuresAuditorsReport|jsc_OtherMattersExplanatory|0|en|3,JOPT,en,0,0,0,0.0027,0.1,0,0
APOT|2022-04-27|DisclosuresDirectorsReport|jsc_DisclosureOfAnyGovernmentProtectionOrAnyConcessionGrantedToCompanyOrToAnyOfItsProductsPursuantToLawsRegulationsOrOtherwiseWithSpecificationOfEffectivePeriodThereofAsWellAsDescriptionOfAnyPatentsOrLicensingRightsObtainedByCompany|0|en|9,APOT,en,3,0,0,0.0018,0.66,0,0
JOPT|2023-04-30|NotesListOfNotes|jsc-rep_DisclosureOfTradeAndOtherCurrentReceivables|0|en|0,JOPT,en,0,0,0,0.0031,0.1,0,0
MSFT|2023-03-30|NotesListOfNotes|jsc-rep_DisclosureOfFinancialAssetsAtFairValueThroughOtherComprehensiveIncome|0|en|13,MSFT,en,2,0,0,0.0019,0.14,0,0
APOT|2021-04-27|CorporateGovernanceReport|jsc-rep_DisclosureOfInformationAndDetailsRegardingApplicationOfProvisionsOfTheseInstructionsAndCorporateGovernanceRulesInCompany|0|en|8,APOT,en,3,0,0,0.0055,0.66,0,0
MSFT|2024-03-31|CorporateGovernanceReport|jsc-rep_DisclosureOfInformationAndDetailsRegardingApplicationOfProvisionsOfTheseInstructionsAndCorporateGovernanceRulesInCompany|0|en|1,MSFT,en,2,0,0,0.9985,0.14,1,0
JTEL|2024-04-25|NotesListOfNotes|ifrs-full_DisclosureOfPrepaymentsAndOtherAssetsExplanatory|0|en|0,JTEL,en,2,0,0,0.0019,0.14,0,0
ICAG|2024-04-03|NotesListOfNotes|ifrs-full_DisclosureOfRelatedPartyExplanatory|0|en|0,ICAG,en,1,0,0,0.0428,0.8200000000000002,0,0
ABCO|2025-08-14|NotesListOfNotes|ifrs-full_DisclosureOfBasisOfConsolidationExplanatory|0|en|111,ABCO,en,1,0,0,0.0485,0.8200000000000002,0,0
ARBK|2024-04-28|CorporateGovernanceReport|jsc-rep_DisclosureOfInformationAndDetailsRegardingApplicationOfProvisionsOfTheseInstructionsAndCorporateGovernanceRulesInCompany|0|en|418,ARBK,en,0,0,0,0.0028,0.1,0,0
NCMD|2023-03-26|NotesListOfNotes|jsc-rep_DisclosureOfIssuanceDiscount|0|en|0,NCMD,en,0,0,0,0.005,0.1,0,0
JOPT|2021-06-16|NotesListOfNotes|jsc-rep_DisclosureOfTradeAndOtherCurrentPayables|0|en|25,JOPT,en,0,0,0,0.0029,0.1,0,0
JOPT|2021-06-16|DisclosuresDirectorsReport|jsc_DisclosureOfAnyGovernmentProtectionOrAnyConcessionGrantedToCompanyOrToAnyOfItsProductsPursuantToLawsRegulationsOrOtherwiseWithSpecificationOfEffectivePeriodThereofAsWellAsDescriptionOfAnyPatentsOrLicensingRightsObtainedByCompany|0|en|41,JOPT,en,0,0,0,0.0053,0.1,0,0
NATA|2024-04-28|NotesListOfNotes|ifrs-full_DisclosureOfInvestmentsAccountedForUsingEquityMethodExplanatory|0|en|1,NATA,en,1,0,0,0.0182,0.8200000000000002,0,0
SPTI|2025-03-19|DisclosuresDirectorsReport|jsc_TheExtentOfDependenceUponSpecificSuppliersAndOrMajorClientsLocalAndInternationalWhereThisConstitutesTenPercentOrMoreOfTotalPurchasesAndOrSalesOrRevenues|0|en|0,SPTI,en,0,0,0,0.0035,0.1,0,0
NDAR|2025-04-28|NotesListOfNotes|ifrs-full_DisclosureOfFairValueOfFinancialInstrumentsExplanatory|0|en|1,NDAR,en,1,0,0,0.0473,0.8200000000000002,0,0
JVOI|2021-03-28|DisclosuresDirectorsReport|jsc_DescriptionOfCompanysMainActivitiesWithTheirRespectiveGeographicalLocationsSizeOfCapitalInvestmentAndNumberOfEmployees|0|en|7,JVOI,en,0,0,0,0.0031,0.1,0,0
APOT|2023-04-27|NotesListOfNotes|jsc-rep_DisclosureOfFinancialAssetsAtAmortizedCost|0|en|2,APOT,en,3,0,0,0.0015,0.66,0,0
THBK|2023-03-31|DisclosuresDirectorsReport|jsc_DisclosureOfAnalysisOfCompanysFinancialStatusAndOfResultsOfItsActivitiesForFiscalYear|0|en|4,THBK,en,1,0,0,0.0192,0.8200000000000002,0,0
GIGJ|2023-03-31|NotesListOfNotes|jsc-rep_DisclosureOfStandardsIssuedButNotYetEffective|0|en|18,GIGJ,en,3,0,0,0.0016,0.66,0,0
NCMD|2023-03-26|NotesListOfNotes|ifrs-full_DisclosureOfIssuedCapitalExplanatory|0|en|4,NCMD,en,0,0,0,0.0025,0.1,0,0
ARBK|2025-04-06|DisclosuresDirectorsReport|jsc_DisclosureOfAnalysisOfCompanysFinancialStatusAndOfResultsOfItsActivitiesForFiscalYear|0|en|7,ARBK,en,0,0,0,0.0027,0.1,0,0
MSFT|2024-03-31|DisclosuresDirectorsReport|jsc_DisclosureOfBenefitsAndRemunerationsOfChairmanMembersOfBoardOfDirectorsAndSeniorExecutiveManagementDuringTheFiscalYearIncludingPaymentsReceivedByAnyOfThemSuchAsFeesSalariesBonusesAndOtherwiseAndTheirTravelAndTransportExpensesWithinKingdomAndAbroad|0|en|2,MSFT,en,2,0,0,0.0019,0.14,0,0
JOPT|2024-04-30|NotesListOfNotes|jsc-rep_DisclosureOfIncomeTaxProvision|0|en|9,JOPT,en,0,0,0,0.0033,0.1,0,0
JTEL|2022-04-27|NotesListOfNotes|ifrs-full_DisclosureOfSummaryOfSignificantAccountingPoliciesExplanatory|0|en|149,JTEL,en,2,0,0,0.0027,0.14,0,0
SPTI|2025-03-19|DisclosuresAuditorsReport|jsc_KeyAuditMattersExplanatory|0|en|0,SPTI,en,0,0,0,0.0033,0.1,0,0
SITT|2025-04-27|DisclosuresAuditorsReport|jsc_DisclosureOfAuditorsReportTextBlock|0|en|35,SITT,en,4,0,0,0.0052,0.3600000000000001,0,0
LEAS|2025-04-06|CorporateGovernanceReport|jsc-rep_DisclosureOfNameOfChairmanAndMembersOfNominationAndRemunerationCommitteeCorporateGovernanceCommitteeAndRiskManagementCommittee|0|en|35,LEAS,en,1,0,0,0.0555,0.8200000000000002,0,0
MSFT|2023-03-30|DisclosuresAuditorsReport|jsc_DisclosureOfAuditorsReportTextBlock|0|en|36,MSFT,en,2,0,0,0.0037,0.14,0,0
JVOI|2024-03-21|NotesListOfNotes|ifrs-full_DisclosureOfSummaryOfSignificantAccountingPoliciesExplanatory|0|en|15,JVOI,en,0,0,0,0.0026,0.1,0,0
JTEL|2025-04-24|DisclosuresChairmansStatement|jsc_DisclosureOfStatementOfBoardOfDirectorsChairman|0|en|6,JTEL,en,2,0,0,0.9963,0.14,1,0
JTEL|2021-04-29|NotesListOfNotes|jsc-rep_DisclosureOfFinanceLeaseObligation|0|en|10,JTEL,en,2,0,0,0.0022,0.14,0,0
JOPT|2023-04-30|DisclosuresDirectorsReport|jsc_DisclosureOfDirectorsReport|0|en|453,JOPT,en,0,0,0,0.0041,0.1,0,0
JTEL|2025-04-24|DisclosuresAuditorsReport|jsc_AuditorsReportOnFinancialStatements|0|en|24,JTEL,en,2,0,0,0.0033,0.14,0,0
PROF|2022-04-05|DisclosuresDirectorsReport|jsc_DisclosureOfStatementThatIndicatesNumberOfSecuritiesIssuedByCompanyWhichAreOwnedByAnyMemberOfItsBoardOfDirectorsAnyMemberOfItsSeniorExecutiveManagementOrAnyOfTheirRelativesAListOfCompaniesControlledByAnyOfSuchProvidedAllOfTheAboveIsBenchmarkedAgainstThePrecedingYear|0|en|1,PROF,en,2,0,0,0.0024,0.14,0,0
JOPT|2024-04-30|DisclosuresDirectorsReport|jsc_DisclosureOfImportantProspectiveDevelopmentsIncludingAnyNewExpansionsAndProjectsCompanysProposedPlanForAtLeastOneUpcomingYearAndBoardOfDirectorsForecastsForOutcomesOfCompanyActivities|0|en|7,JOPT,en,0,0,0,0.0036,0.1,0,0
ABCO|2023-04-05|NotesListOfNotes|jsc-rep_AdoptionOfNewAndRevisedInternationalFinancialReportingStandards|0|en|31,ABCO,en,1,0,0,0.0346,0.8200000000000002,0,0
JTEL|2024-04-25|NotesListOfNotes|ifrs-full_DisclosureOfSummaryOfSignificantAccountingPoliciesExplanatory|0|en|286,JTEL,en,2,0,0,0.002,0.14,0,0
VFED|2024-02-29|NotesListOfNotes|ifrs-full_DisclosureOfSummaryOfSignificantAccountingPoliciesExplanatory|0|en|47,VFED,en,4,0,0,0.0023,0.3600000000000001,0,0
JTEL|2024-04-25|DisclosuresAuditorsReport|jsc_AuditorsOpinionBasisExplanatory|0|en|11,JTEL,en,2,0,0,0.002,0.14,0,0
ZARA|2021-04-30|NotesListOfNotes|ifrs-full_DisclosureOfPrepaymentsAndOtherAssetsExplanatory|0|en|0,ZARA,en,1,0,0,0.0118,0.8200000000000002,0,0
JTEL|2025-04-24|DisclosuresDirectorsReport|jsc_DisclosureOfCompanysContributionToEnvironmentalProtectionAndLocalCommunityService|0|en|62,JTEL,en,2,0,0,0.9966,0.14,1,0
THBK|2024-03-31|NotesListOfNotes|ifrs-full_DisclosureOfCreditRiskExplanatory|0|en|41,THBK,en,1,0,0,0.0427,0.8200000000000002,0,0
ABCO|2021-04-25|NotesListOfNotes|ifrs-full_DisclosureOfSummaryOfSignificantAccountingPoliciesExplanatory|0|en|234,ABCO,en,1,0,0,0.0412,0.8200000000000002,0,0
ARBK|2023-04-30|NotesListOfNotes|ifrs-full_DisclosureOfSummaryOfSignificantAccountingPoliciesExplanatory|0|en|67,ARBK,en,0,0,0,0.0029,0.1,0,0
ARBK|2025-04-06|DisclosuresDirectorsReport|jsc_DisclosureOfCompanysContributionToEnvironmentalProtectionAndLocalCommunityService|0|en|248,ARBK,en,0,0,0,0.0046,0.1,0,0
ABCO|2021-04-25|NotesListOfNotes|jsc-rep_DisclosureOfRiskManagement|0|en|23,ABCO,en,1,0,0,0.3491,0.8200000000000002,0,0
JOPT|2022-04-21|DisclosuresDirectorsReport|jsc_DescriptionOfSubsidiaryCompaniesNatureOfTheirBusinessAndTheirAreasOfActivity|0|en|17,JOPT,en,0,0,0,0.0041,0.1,0,0
PROF|2022-04-05|DisclosuresDirectorsReport|jsc_DisclosureOfDirectorsReport|0|en|0,PROF,en,2,0,0,0.0023,0.14,0,0
NCMD|2024-03-10|DisclosuresAuditorsReport|jsc_DisclosureOfAuditorsReportTextBlock|0|en|17,NCMD,en,0,0,0,0.004,0.1,0,0
ABCO|2023-04-05|NotesListOfNotes|ifrs-full_DisclosureOfBasisOfConsolidationExplanatory|0|en|319,ABCO,en,1,0,0,0.0435,0.8200000000000002,0,0
PROF|2022-04-05|DisclosuresAuditorsReport|jsc_DisclosureOfAuditorsReportTextBlock|0|en|25,PROF,en,2,0,0,0.003,0.14,0,0
APOT|2022-04-27|NotesListOfNotes|jsc-rep_DisclosureOfNonCurrentBorrowings|0|en|3,APOT,en,3,0,0,0.0015,0.66,0,0
NATA|2022-03-21|CorporateGovernanceReport|jsc-rep_DisclosureOfInformationAndDetailsRegardingApplicationOfProvisionsOfTheseInstructionsAndCorporateGovernanceRulesInCompany|0|en|7,NATA,en,1,0,0,0.0256,0.8200000000000002,0,0
ICAG|2024-04-03|DisclosuresAuditorsReport|jsc_DisclosureOfAuditorsReportTextBlock|0|en|5,ICAG,en,1,0,0,0.0115,0.8200000000000002,0,0
APOT|2021-04-27|DisclosuresDirectorsReport|jsc_DisclosureOfImportantProspectiveDevelopmentsIncludingAnyNewExpansionsAndProjectsCompanysProposedPlanForAtLeastOneUpcomingYearAndBoardOfDirectorsForecastsForOutcomesOfCompanyActivities|0|en|0,APOT,en,3,0,0,0.0054,0.66,0,0
JVOI|2024-03-21|DisclosuresAuditorsReport|jsc_KeyAuditMattersExplanatory|0|en|4,JVOI,en,0,0,0,0.0029,0.1,0,0
APOT|2023-04-27|DisclosuresDirectorsReport|jsc_DisclosureOfImportantProspectiveDevelopmentsIncludingAnyNewExpansionsAndProjectsCompanysProposedPlanForAtLeastOneUpcomingYearAndBoardOfDirectorsForecastsForOutcomesOfCompanyActivities|0|en|10,APOT,en,3,0,0,0.003,0.66,0,0
AMAL|2023-04-30|DisclosuresChairmansStatement|jsc_DisclosureOfStatementOfBoardOfDirectorsChairman|0|en|7,AMAL,en,3,0,0,0.0019,0.66,0,0
JVOI|2022-03-15|DisclosuresAuditorsReport|jsc_AuditorsReportOnFinancialStatements|0|en|0,JVOI,en,0,0,0,0.0026,0.1,0,0
NATA|2022-03-21|DisclosuresAuditorsReport|jsc_DisclosureOfAuditorsReportTextBlock|0|en|79,NATA,en,1,0,0,0.0257,0.8200000000000002,0,0
THBK|2023-03-31|CorporateGovernanceReport|jsc-rep_DisclosureOfInformationAndDetailsRegardingApplicationOfProvisionsOfTheseInstructionsAndCorporateGovernanceRulesInCompany|0|en|2,THBK,en,1,0,0,0.0401,0.8200000000000002,0,0
ZARA|2025-04-30|NotesListOfNotes|jsc-rep_DisclosureOfNewAndRevisedStandardsNote|0|en|1,ZARA,en,1,0,0,0.0114,0.8200000000000002,0,0
ARBK|2025-04-06|CorporateGovernanceReport|jsc-rep_DisclosureOfInformationAndDetailsRegardingApplicationOfProvisionsOfTheseInstructionsAndCorporateGovernanceRulesInCompany|0|en|72,ARBK,en,0,0,0,0.0038,0.1,0,0
JOKB|2025-04-17|DisclosuresDirectorsReport|jsc_DisclosureOfCompanysAccomplishmentsSupportedByQuantitativeIndicatorsAndDescriptionOfSignificantOccurrencesToCompanyDuringFiscalYear|0|en|58,JOKB,en,2,0,0,0.0043,0.14,0,0
JOPT|2024-04-30|NotesListOfNotes|jsc-rep_DisclosureOfTradeAndOtherCurrentReceivables|0|en|89,JOPT,en,0,0,0,0.0027,0.1,0,0
APOT|2022-04-27|DisclosuresDirectorsReport|jsc_TheMembersOfBoardOfDirectorsNamesAndNamesAndRanksOfSeniorExecutiveManagementWithBriefResumeOfEach|0|en|134,APOT,en,3,0,0,0.0017,0.66,0,0
NDAR|2023-03-30|CorporateGovernanceReport|jsc-rep_DisclosureOfExecutivePositionsInCompanyAndNamesOfThePersonsWhoOccupyThem|0|en|1,NDAR,en,1,0,0,0.0497,0.8200000000000002,0,0
PROF|2024-04-18|CorporateGovernanceReport|jsc-rep_DisclosureOfNumberOfMeetingsOfCommitteesDuringYearWithStatementOfMembersPresent|0|en|0,PROF,en,2,0,0,0.3417,0.14,1,0
THBK|2024-03-31|NotesListOfNotes|jsc-rep_DisclosureOfRiskManagement|0|en|10,THBK,en,1,0,0,0.0216,0.8200000000000002,0,0
AMAL|2025-04-24|DisclosuresChairmansStatement|jsc_DisclosureOfStatementOfBoardOfDirectorsChairman|0|en|10,AMAL,en,3,0,0,0.0025,0.66,0,0
LEAS|2022-03-30|NotesListOfNotes|jsc-rep_DisclosureOfTradeAndOtherNonCurrentReceivables|0|en|4,LEAS,en,1,0,0,0.0482,0.8200000000000002,0,0
APOT|2021-04-27|DisclosuresDirectorsReport|jsc_TheMembersOfBoardOfDirectorsNamesAndNamesAndRanksOfSeniorExecutiveManagementWithBriefResumeOfEach|0|en|78,APOT,en,3,0,0,0.0057,0.66,0,0
NCMD|2025-02-24|DisclosuresDirectorsReport|jsc_DisclosureOfDirectorsReport|0|en|2,NCMD,en,0,0,0,0.004,0.1,0,0
LEAS|2022-03-30|NotesListOfNotes|ifrs-full_DisclosureOfImpairmentOfAssetsExplanatory|0|en|1,LEAS,en,1,0,0,0.0308,0.8200000000000002,0,0
ABCO|2025-08-14|DisclosuresDirectorsReport|jsc_TheMembersOfBoardOfDirectorsNamesAndNamesAndRanksOfSeniorExecutiveManagementWithBriefResumeOfEach|0|en|163,ABCO,en,1,0,0,0.0442,0.8200000000000002,0,0
ZARA|2021-04-30|NotesListOfNotes|ifrs-full_DisclosureOfBorrowingsExplanatory|0|en|12,ZARA,en,1,0,0,0.0493,0.8200000000000002,0,0
THBK|2024-03-31|DisclosuresAuditorsReport|jsc_KeyAuditMattersExplanatory|0|en|2,THBK,en,1,0,0,0.0169,0.8200000000000002,0,0
NCMD|2024-03-10|NotesListOfNotes|ifrs-full_DisclosureOfAccountingJudgementsAndEstimatesExplanatory|0|en|6,NCMD,en,0,0,0,0.0026,0.1,0,0
SURA|2024-04-23|DisclosuresChairmansStatement|jsc_DisclosureOfStatementOfBoardOfDirectorsChairman|0|en|4,SURA,en,1,0,0,0.0384,0.8200000000000002,0,0
SITT|2021-04-30|Declarations|jsc-rep_DeclarationAffirmingCorrectnessAccuracyAndCompletenessOfInformationAndDataStatedInReportSignedByChairmanOfBoardOfDirectorsCompanysChiefExecutiveOfficerAndChiefFinancialOfficer|0|en|0,SITT,en,4,0,0,0.0037,0.3600000000000001,0,0
ABCO|2023-04-05|DisclosuresDirectorsReport|jsc_DescriptionOfSubsidiaryCompaniesNatureOfTheirBusinessAndTheirAreasOfActivity|0|en|14,ABCO,en,1,0,0,0.032,0.8200000000000002,0,0
SURA|2022-05-08|DisclosuresAuditorsReport|jsc_AuditorsResponsibilitiesForAuditOfFinancialStatementsExplanatory|0|en|4,SURA,en,1,0,0,0.0266,0.8200000000000002,0,0
APOT|2022-04-27|CorporateGovernanceReport|jsc-rep_DisclosureOfNamesOfCurrentAndResigningBoardMembersDuringYearAndDeterminingWhetherMemberIsExecutiveNonExecutiveIndependentOrNonIndependent|0|en|0,APOT,en,3,0,0,0.005,0.66,0,0
JOPT|2022-04-21|DisclosuresDirectorsReport|jsc_DisclosureOfDirectorsReport|0|en|712,JOPT,en,0,0,0,0.0038,0.1,0,0
JTEL|2022-04-27|DisclosuresDirectorsReport|jsc_TheMembersOfBoardOfDirectorsNamesAndNamesAndRanksOfSeniorExecutiveManagementWithBriefResumeOfEach|0|en|72,JTEL,en,2,0,0,0.6179,0.14,1,0
JOPT|2022-04-21|DisclosuresDirectorsReport|jsc_DisclosureOfDirectorsReport|0|en|685,JOPT,en,0,0,0,0.0034,0.1,0,0
ABCO|2022-03-30|NotesListOfNotes|ifrs-full_DisclosureOfSummaryOfSignificantAccountingPoliciesExplanatory|0|en|104,ABCO,en,1,0,0,0.0652,0.8200000000000002,0,0
LEAS|2024-04-22|DisclosuresAuditorsReport|jsc_DisclosureOfAuditorsReportTextBlock|0|en|28,LEAS,en,1,0,0,0.0248,0.8200000000000002,0,0
ARBK|2025-04-06|DisclosuresAuditorsReport|jsc_DisclosureOfAuditorsReportTextBlock|0|en|49,ARBK,en,0,0,0,0.0031,0.1,0,0
JOPT|2025-04-30|DisclosuresDirectorsReport|jsc_DisclosureOfCompanysRiskExposure|0|en|43,JOPT,en,0,0,0,0.0026,0.1,0,0
ARBK|2022-04-03|NotesListOfNotes|ifrs-full_DisclosureOfSummaryOfSignificantAccountingPoliciesExplanatory|0|en|152,ARBK,en,0,0,0,0.0027,0.1,0,0
APOT|2022-04-27|NotesListOfNotes|ifrs-full_DisclosureOfLeasesExplanatory|0|en|6,APOT,en,3,0,0,0.0016,0.66,0,0
LEIN|2025-03-09|DisclosuresDirectorsReport|jsc_DisclosureOfDirectorsReport|0|en|40,LEIN,en,2,0,0,0.0022,0.14,0,0
AMAL|2024-04-29|NotesListOfNotes|jsc-rep_DisclosureOfFinancialAssetsAtFairValueThroughOtherComprehensiveIncome|0|en|1,AMAL,en,3,0,0,0.0016,0.66,0,0
APOT|2021-04-27|DisclosuresDirectorsReport|jsc_TheMembersOfBoardOfDirectorsNamesAndNamesAndRanksOfSeniorExecutiveManagementWithBriefResumeOfEach|0|en|68,APOT,en,3,0,0,0.003,0.66,0,0
ZARA|2024-04-29|CorporateGovernanceReport|jsc-rep_DisclosureOfAllMembershipsOfBoardsOfDirectorsHeldByAMemberOfBoardOfDirectorsInPublicShareholdingCompaniesIfAny|0|en|3,ZARA,en,1,0,0,0.0437,0.8200000000000002,0,0
ABCO|2023-04-05|CorporateGovernanceReport|jsc-rep_DisclosureOfNameOfChairmanAndMembersOfAuditCommitteeAndADescriptionOfTheirQualificationsAndExperienceInFinancialOrAccountingMatters|0|en|69,ABCO,en,1,0,0,0.0149,0.8200000000000002,0,0
NAST|2024-03-10|NotesListOfNotes|ifrs-full_DisclosureOfAccountingJudgementsAndEstimatesExplanatory|0|en|11,NAST,en,0,0,0,0.0025,0.1,0,0
ZARA|2023-04-30|NotesListOfNotes|jsc-rep_DisclosureOfRisksOfChangeInStockPrices|0|en|1,ZARA,en,1,0,0,0.0174,0.8200000000000002,0,0
ABCO|2022-03-30|NotesListOfNotes|ifrs-full_DisclosureOfSummaryOfSignificantAccountingPoliciesExplanatory|0|en|426,ABCO,en,1,0,0,0.0243,0.8200000000000002,0,0
JOPT|2021-06-16|NotesListOfNotes|ifrs-full_DisclosureOfGeneralInformationAboutFinancialStatementsExplanatory|0|en|85,JOPT,en,0,0,0,0.0026,0.1,0,0
ICAG|2024-04-03|DisclosuresAuditorsReport|jsc_DisclosureOfAuditorsReportTextBlock|0|en|17,ICAG,en,1,0,0,0.0297,0.8200000000000002,0,0
NCMD|2025-02-24|CorporateGovernanceReport|jsc-rep_DisclosureOfInformationAndDetailsRegardingApplicationOfProvisionsOfTheseInstructionsAndCorporateGovernanceRulesInCompany|0|en|2,NCMD,en,0,0,0,0.0029,0.1,0,0
DERA|2024-04-30|NotesListOfNotes|ifrs-full_DisclosureOfAccountingJudgementsAndEstimatesExplanatory|0|en|0,DERA,en,1,0,1,0.0239,0.8200000000000002,0,0
JOFR|2023-04-27|NotesListOfNotes|ifrs-full_DisclosureOfSummaryOfSignificantAccountingPoliciesExplanatory|0|en|24,JOFR,en,3,0,1,0.0018,0.66,0,0
JOFR|2023-04-27|NotesListOfNotes|jsc-rep_DisclosureOfAnalysisOfMainSectors|0|en|1,JOFR,en,3,0,1,0.0018,0.66,0,0
HPIC|2023-03-29|NotesListOfNotes|jsc-rep_DisclosureOfRiskManagement|0|en|19,HPIC,en,2,0,1,0.0027,0.14,0,0
DERA|2022-04-25|NotesListOfNotes|ifrs-full_DisclosureOfEntitysReportableSegmentsExplanatory|0|en|0,DERA,en,1,0,1,0.0239,0.8200000000000002,0,0
DERA|2023-04-30|NotesListOfNotes|ifrs-full_DisclosureOfEntitysReportableSegmentsExplanatory|0|en|0,DERA,en,1,0,1,0.0239,0.8200000000000002,0,0
JDFS|2022-03-27|NotesListOfNotes|ifrs-full_DisclosureOfSummaryOfSignificantAccountingPoliciesExplanatory|0|en|0,JDFS,en,3,0,1,0.0019,0.66,0,0
AIHO|2023-03-06|DisclosuresAuditorsReport|jsc_OtherInformationIncludedInBanksAnnualReportExplanatory|0|en|12,AIHO,en,0,0,0,0.0031,0.1,0,0
DERA|2024-04-30|NotesListOfNotes|ifrs-full_DisclosureOfFairValueMeasurementExplanatory|0|en|2,DERA,en,1,0,0,0.0662,0.8200000000000002,0,0
ENTK|2024-04-17|DisclosuresAuditorsReport|jsc_AuditorsReportOnFinancialStatements|0|en|16,ENTK,en,3,0,0,0.0017,0.66,0,0
AEIN|2021-04-28|DisclosuresDirectorsReport|jsc_DisclosureOfCompanysRiskExposure|0|en|0,AEIN,en,2,0,0,0.0023,0.14,0,0
JOTF|2024-03-21|NotesListOfNotes|jsc-rep_DisclosureOfFairValueHierarchy|0|en|3,JOTF,en,4,0,0,0.0028,0.3600000000000001,0,0
INVB|2024-04-29|NotesListOfNotes|ifrs-full_DisclosureOfNoncurrentAssetsHeldForSaleAndDiscontinuedOperationsExplanatory|0|en|2,INVB,en,1,0,0,0.0529,0.8200000000000002,0,0
JOFR|2023-04-27|NotesListOfNotes|jsc-rep_DisclosureOfStandardsIssuedButNotYetEffective|0|en|57,JOFR,en,3,0,0,0.0014,0.66,0,0
JOTF|2022-03-27|DisclosuresDirectorsReport|jsc_DisclosureOfDirectorsReport|0|en|26,JOTF,en,4,0,0,0.0042,0.3600000000000001,0,0
JOTF|2025-03-16|NotesListOfNotes|ifrs-full_DisclosureOfIncomeTaxExplanatory|0|en|2,JOTF,en,4,0,0,0.0066,0.3600000000000001,0,0
JDFS|2021-06-24|DisclosuresAuditorsReport|jsc_AuditorsResponsibilitiesForAuditOfFinancialStatementsExplanatory|0|en|18,JDFS,en,3,0,0,0.0017,0.66,0,0
AEIV|2021-05-04|DisclosuresDirectorsReport|jsc_DescriptionOfSubsidiaryCompaniesNatureOfTheirBusinessAndTheirAreasOfActivity|0|en|3,AEIV,en,3,0,0,0.0018,0.66,0,0
JOTF|2023-03-27|NotesListOfNotes|ifrs-full_DisclosureOfSummaryOfSignificantAccountingPoliciesExplanatory|0|en|37,JOTF,en,4,0,0,0.0025,0.3600000000000001,0,0
JMRC|2021-02-25|CorporateGovernanceReport|jsc-rep_DisclosureOfNamesOfRepresentativesOfLegalDirectorsAndDetermineWhetherRepresentativeIsExecutiveNonExecutiveIndependentOrNonIndependent|0|en|10,JMRC,en,4,0,0,0.0042,0.3600000000000001,0,0
JOFR|2023-04-27|NotesListOfNotes|jsc-rep_DisclosureOfStandardsIssuedButNotYetEffective|0|en|5,JOFR,en,3,0,0,0.0016,0.66,0,0
INVB|2023-04-27|DisclosuresDirectorsReport|jsc_DisclosureOfCompanysAccomplishmentsSupportedByQuantitativeIndicatorsAndDescriptionOfSignificantOccurrencesToCompanyDuringFiscalYear|0|en|41,INVB,en,1,0,0,0.1269,0.8200000000000002,0,0
JOTF|2024-03-21|NotesListOfNotes|jsc-rep_DisclosureOfIncomeTaxProvision|0|en|0,JOTF,en,4,0,0,0.0028,0.3600000000000001,0,0
HPIC|2023-03-29|NotesListOfNotes|ifrs-full_DisclosureOfSummaryOfSignificantAccountingPoliciesExplanatory|0|en|109,HPIC,en,2,0,0,0.002,0.14,0,0
AIHO|2023-03-06|DisclosuresAuditorsReport|jsc_AuditorsReportOnFinancialStatements|0|en|42,AIHO,en,0,0,0,0.0027,0.1,0,0
AIHO|2022-03-20|DisclosuresChairmansStatement|jsc_DisclosureOfStatementOfBoardOfDirectorsChairman|0|en|9,AIHO,en,0,0,0,0.0028,0.1,0,0
JMRC|2021-02-25|DisclosuresDirectorsReport|jsc_TheMembersOfBoardOfDirectorsNamesAndNamesAndRanksOfSeniorExecutiveManagementWithBriefResumeOfEach|0|en|109,JMRC,en,4,0,0,0.0052,0.3600000000000001,0,0
JOTF|2022-03-27|DisclosuresDirectorsReport|jsc_DisclosureOfDirectorsReport|0|en|8,JOTF,en,4,0,0,0.0025,0.3600000000000001,0,0
AIHO|2025-03-17|DisclosuresAuditorsReport|jsc_DisclosureOfAuditorsReportTextBlock|0|en|40,AIHO,en,0,0,0,0.0032,0.1,0,0
INVB|2024-04-29|DisclosuresDirectorsReport|jsc_DisclosureOfCompanysContributionToEnvironmentalProtectionAndLocalCommunityService|0|en|29,INVB,en,1,0,0,0.0159,0.8200000000000002,0,0
JOTF|2023-03-27|NotesListOfNotes|ifrs-full_DisclosureOfLeasesExplanatory|0|en|17,JOTF,en,4,0,0,0.006,0.3600000000000001,0,0
ENTK|2024-04-17|DisclosuresDirectorsReport|jsc_TheMembersOfBoardOfDirectorsNamesAndNamesAndRanksOfSeniorExecutiveManagementWithBriefResumeOfEach|0|en|1,ENTK,en,3,0,0,0.0023,0.66,0,0
JEDI|2022-03-17|NotesListOfNotes|ifrs-full_DisclosureOfSummaryOfSignificantAccountingPoliciesExplanatory|0|en|7,JEDI,en,4,0,0,0.004,0.3600000000000001,0,0
INVB|2021-04-28|NotesListOfNotes|ifrs-full_DisclosureOfInterestIncomeExplanatory|0|en|7,INVB,en,1,0,0,0.0762,0.8200000000000002,0,0
INVB|2021-03-31|NotesListOfNotes|ifrs-full_DisclosureOfObjectivesPoliciesAndProcessesForManagingCapitalExplanatory|0|en|2,INVB,en,1,0,0,0.0161,0.8200000000000002,0,0
JDFS|2021-06-24|DisclosuresDirectorsReport|jsc_DisclosureOfStatementThatIndicatesNumberOfSecuritiesIssuedByCompanyWhichAreOwnedByAnyMemberOfItsBoardOfDirectorsAnyMemberOfItsSeniorExecutiveManagementOrAnyOfTheirRelativesAListOfCompaniesControlledByAnyOfSuchProvidedAllOfTheAboveIsBenchmarkedAgainstThePrecedingYear|0|en|0,JDFS,en,3,0,0,0.002,0.66,0,0
AQAR|2025-04-27|DisclosuresAuditorsReport|jsc_DisclosureOfAuditorsReportTextBlock|0|en|28,AQAR,en,3,0,0,0.0022,0.66,0,0
AIHO|2023-03-06|DisclosuresChairmansStatement|jsc_DisclosureOfStatementOfBoardOfDirectorsChairman|0|en|4,AIHO,en,0,0,0,0.0031,0.1,0,0
FUTR|2025-04-30|NotesListOfNotes|ifrs-full_DisclosureOfCostOfSalesExplanatory|0|en|0,FUTR,en,1,0,0,0.01,0.8200000000000002,0,0
AQAR|2025-04-27|DisclosuresDirectorsReport|jsc_DescriptionOfCompanysMainActivitiesWithTheirRespectiveGeographicalLocationsSizeOfCapitalInvestmentAndNumberOfEmployees|0|en|2,AQAR,en,3,0,0,0.0035,0.66,0,0
JMRC|2024-02-29|DisclosuresDirectorsReport|jsc_TheMembersOfBoardOfDirectorsNamesAndNamesAndRanksOfSeniorExecutiveManagementWithBriefResumeOfEach|0|en|279,JMRC,en,4,0,0,0.0072,0.3600000000000001,0,0
HPIC|2021-04-01|NotesListOfNotes|ifrs-full_DisclosureOfAccountingJudgementsAndEstimatesExplanatory|0|en|74,HPIC,en,2,0,0,0.0022,0.14,0,0
JOTF|2023-03-27|DisclosuresAuditorsReport|jsc_DisclosureOfAuditorsReportTextBlock|0|en|44,JOTF,en,4,0,0,0.0068,0.3600000000000001,0,0
HPIC|2024-03-30|CorporateGovernanceReport|jsc-rep_DisclosureOfInformationAndDetailsRegardingApplicationOfProvisionsOfTheseInstructionsAndCorporateGovernanceRulesInCompany|0|en|10,HPIC,en,2,0,0,0.0024,0.14,0,0
JMRC|2025-03-02|DisclosuresDirectorsReport|jsc_TheMembersOfBoardOfDirectorsNamesAndNamesAndRanksOfSeniorExecutiveManagementWithBriefResumeOfEach|0|en|55,JMRC,en,4,0,0,0.0058,0.3600000000000001,0,0
JMRC|2023-02-22|DisclosuresAuditorsReport|jsc_OtherInformationIncludedInBanksAnnualReportExplanatory|0|en|5,JMRC,en,4,0,0,0.006,0.3600000000000001,0,0
JDFS|2021-06-24|NotesListOfNotes|jsc-rep_DisclosureOfFinancialAssetsAtFairValueThroughProfitOrLoss|0|en|1,JDFS,en,3,0,0,0.0016,0.66,0,0
INVB|2024-04-29|NotesListOfNotes|ifrs-full_DisclosureOfSummaryOfSignificantAccountingPoliciesExplanatory|0|en|241,INVB,en,1,0,0,0.0458,0.8200000000000002,0,0
INVB|2025-08-18|DisclosuresDirectorsReport|jsc_DisclosureOfChronologyOfRealizedProfitsOrLossesDividendsShareholdersNetEquityAndPricesOfSecuritiesIssuedByCompanyForMinimumPeriodOfFiveYearsOrForPeriodSinceEstablishmentOfCompanyWhicheverIsLessTogetherWithGraphicRepresentationThereofWherePossible|0|en|5,INVB,en,1,0,0,0.0164,0.8200000000000002,0,0
DERA|2022-04-25|NotesListOfNotes|jsc-rep_DisclosureOfRisksOfChangingInterestRates|0|en|2,DERA,en,1,0,0,0.0428,0.8200000000000002,0,0
JEDI|2022-03-17|NotesListOfNotes|jsc-rep_DisclosureOfTradeAndOtherNonCurrentReceivables|0|en|2,JEDI,en,4,0,0,0.0037,0.3600000000000001,0,0
JDFS|2021-06-24|NotesListOfNotes|jsc-rep_DisclosureOfFinanceLeaseObligation|0|en|6,JDFS,en,3,0,0,0.0017,0.66,0,0
HPIC|2023-03-29|NotesListOfNotes|jsc-rep_DisclosureOfRiskManagement|0|en|10,HPIC,en,2,0,0,0.0021,0.14,0,0
INVB|2024-04-29|DisclosuresAuditorsReport|jsc_DisclosureOfAuditorsReportTextBlock|0|en|17,INVB,en,1,0,0,0.0441,0.8200000000000002,0,0
JOTF|2022-03-27|NotesListOfNotes|ifrs-full_DisclosureOfImpairmentOfAssetsExplanatory|0|en|18,JOTF,en,4,0,0,0.0038,0.3600000000000001,0,0
JDFS|2022-03-27|NotesListOfNotes|ifrs-full_DisclosureOfSummaryOfSignificantAccountingPoliciesExplanatory|0|en|44,JDFS,en,3,0,0,0.0015,0.66,0,0
ABCO|2021-04-25|NotesListOfNotes|ifrs-full_DisclosureOfAccountingJudgementsAndEstimatesExplanatory|0|ar|73,ABCO,ar,1,0,1,0.9914,0.8200000000000002,1,1
ABCO|2025-08-14|DisclosuresDirectorsReport|jsc_DisclosureOfCompanysAccomplishmentsSupportedByQuantitativeIndicatorsAndDescriptionOfSignificantOccurrencesToCompanyDuringFiscalYear|0|ar|51,ABCO,ar,1,1,1,0.9953,0.8200000000000002,1,1
APOT|2024-04-29|DisclosuresDirectorsReport|jsc_DisclosureOfImportantProspectiveDevelopmentsIncludingAnyNewExpansionsAndProjectsCompanysProposedPlanForAtLeastOneUpcomingYearAndBoardOfDirectorsForecastsForOutcomesOfCompanyActivities|0|ar|33,APOT,ar,3,1,1,0.9982,0.66,1,1
ARBK|2025-04-06|DisclosuresChairmansStatement|jsc_DisclosureOfStatementOfBoardOfDirectorsChairman|0|ar|22,ARBK,ar,0,1,1,0.9959,0.1,1,1
ARBK|2025-04-06|DisclosuresChairmansStatement|jsc_DisclosureOfStatementOfBoardOfDirectorsChairman|0|ar|28,ARBK,ar,0,1,1,0.9956,0.1,1,1
ARBK|2025-04-06|DisclosuresDirectorsReport|jsc_DescriptionOfCompanysMainActivitiesWithTheirRespectiveGeographicalLocationsSizeOfCapitalInvestmentAndNumberOfEmployees|0|ar|6,ARBK,ar,0,1,1,0.9951,0.1,1,1
ARBK|2025-04-06|DisclosuresDirectorsReport|jsc_DescriptionOfCompanysMainActivitiesWithTheirRespectiveGeographicalLocationsSizeOfCapitalInvestmentAndNumberOfEmployees|0|ar|19,ARBK,ar,0,1,1,0.9957,0.1,1,1
ARBK|2025-04-06|DisclosuresDirectorsReport|jsc_DisclosureOfCompanysAccomplishmentsSupportedByQuantitativeIndicatorsAndDescriptionOfSignificantOccurrencesToCompanyDuringFiscalYear|0|ar|7,ARBK,ar,0,1,1,0.9958,0.1,1,1
ARBK|2025-04-06|DisclosuresDirectorsReport|jsc_DisclosureOfCompanysRiskExposure|0|ar|114,ARBK,ar,0,1,1,0.9959,0.1,1,1
ARBK|2025-04-06|DisclosuresDirectorsReport|jsc_DisclosureOfCompanysRiskExposure|0|ar|138,ARBK,ar,0,1,1,0.9956,0.1,1,1
ARBK|2025-04-06|DisclosuresDirectorsReport|jsc_DisclosureOfCompanysRiskExposure|0|ar|139,ARBK,ar,0,1,1,0.9958,0.1,1,1
ARBK|2025-04-06|DisclosuresDirectorsReport|jsc_DisclosureOfImportantProspectiveDevelopmentsIncludingAnyNewExpansionsAndProjectsCompanysProposedPlanForAtLeastOneUpcomingYearAndBoardOfDirectorsForecastsForOutcomesOfCompanyActivities|0|ar|5,ARBK,ar,0,1,1,0.9956,0.1,1,1
ARBK|2025-04-06|DisclosuresDirectorsReport|jsc_DisclosureOfImportantProspectiveDevelopmentsIncludingAnyNewExpansionsAndProjectsCompanysProposedPlanForAtLeastOneUpcomingYearAndBoardOfDirectorsForecastsForOutcomesOfCompanyActivities|0|ar|14,ARBK,ar,0,1,1,0.9946,0.1,1,1
ARBK|2025-04-06|DisclosuresDirectorsReport|jsc_DisclosureOfImportantProspectiveDevelopmentsIncludingAnyNewExpansionsAndProjectsCompanysProposedPlanForAtLeastOneUpcomingYearAndBoardOfDirectorsForecastsForOutcomesOfCompanyActivities|0|ar|15,ARBK,ar,0,1,1,0.9957,0.1,1,1
ARBK|2025-04-06|DisclosuresDirectorsReport|jsc_DisclosureOfImportantProspectiveDevelopmentsIncludingAnyNewExpansionsAndProjectsCompanysProposedPlanForAtLeastOneUpcomingYearAndBoardOfDirectorsForecastsForOutcomesOfCompanyActivities|0|ar|19,ARBK,ar,0,1,1,0.9958,0.1,1,1
ARBK|2025-04-06|DisclosuresDirectorsReport|jsc_DisclosureOfImportantProspectiveDevelopmentsIncludingAnyNewExpansionsAndProjectsCompanysProposedPlanForAtLeastOneUpcomingYearAndBoardOfDirectorsForecastsForOutcomesOfCompanyActivities|0|ar|21,ARBK,ar,0,1,1,0.996,0.1,1,1
GIGJ|2023-03-31|NotesListOfNotes|jsc-rep_DisclosureOfReinsuranceRisk|0|ar|8,GIGJ,ar,3,0,1,0.0014,0.66,0,0
INVB|2021-04-28|DisclosuresDirectorsReport|jsc_DisclosureOfCompanysRiskExposure|0|ar|36,INVB,ar,1,1,1,0.9857,0.8200000000000002,1,1
INVB|2025-08-18|NotesListOfNotes|ifrs-full_DisclosureOfCreditRiskExplanatory|0|ar|4,INVB,ar,1,1,1,0.9857,0.8200000000000002,1,1
JTEL|2022-04-27|DisclosuresDirectorsReport|jsc_DisclosureOfCompanysContributionToEnvironmentalProtectionAndLocalCommunityService|0|ar|10,JTEL,ar,2,1,1,0.9993,0.14,1,1
JTEL|2022-04-27|DisclosuresDirectorsReport|jsc_DisclosureOfCompanysContributionToEnvironmentalProtectionAndLocalCommunityService|0|ar|23,JTEL,ar,2,1,1,0.9992,0.14,1,1
JTEL|2022-04-27|NotesListOfNotes|ifrs-full_DisclosureOfRestrictedCashAndCashEquivalentsExplanatory|0|ar|3,JTEL,ar,2,0,1,0.4501,0.14,1,1
JTEL|2022-04-27|NotesListOfNotes|jsc-rep_DisclosureTradeAndOtherCurrentPayables|0|ar|0,JTEL,ar,2,0,1,0.0033,0.14,0,0
JTEL|2022-04-27|NotesListOfNotes|jsc-rep_DisclosureTradeAndOtherCurrentPayables|0|ar|10,JTEL,ar,2,1,1,0.9993,0.14,1,1
JVOI|2025-03-12|DisclosuresChairmansStatement|jsc_DisclosureOfStatementOfBoardOfDirectorsChairman|0|ar|8,JVOI,ar,0,0,1,0.9919,0.1,1,1
JVOI|2025-03-12|DisclosuresDirectorsReport|jsc_DisclosureOfCompanysAccomplishmentsSupportedByQuantitativeIndicatorsAndDescriptionOfSignificantOccurrencesToCompanyDuringFiscalYear|0|ar|4,JVOI,ar,0,0,1,0.9838,0.1,1,1
LEAS|2024-04-22|DisclosuresDirectorsReport|jsc_DisclosureOfCompanysAccomplishmentsSupportedByQuantitativeIndicatorsAndDescriptionOfSignificantOccurrencesToCompanyDuringFiscalYear|0|ar|3,LEAS,ar,1,0,1,0.0161,0.8200000000000002,0,0
SPTI|2021-03-25|NotesListOfNotes|ifrs-full_DisclosureOfPrepaymentsAndOtherAssetsExplanatory|0|ar|0,SPTI,ar,0,0,1,0.0027,0.1,0,0
ABCO|2022-03-30|NotesListOfNotes|ifrs-full_DisclosureOfAccountingJudgementsAndEstimatesExplanatory|0|ar|72,ABCO,ar,1,1,1,0.9914,0.8200000000000002,1,1
APOT|2025-04-21|DisclosuresDirectorsReport|jsc_DisclosureOfImportantProspectiveDevelopmentsIncludingAnyNewExpansionsAndProjectsCompanysProposedPlanForAtLeastOneUpcomingYearAndBoardOfDirectorsForecastsForOutcomesOfCompanyActivities|0|ar|1,APOT,ar,3,1,1,0.9981,0.66,1,1
APOT|2025-04-21|DisclosuresDirectorsReport|jsc_DisclosureOfImportantProspectiveDevelopmentsIncludingAnyNewExpansionsAndProjectsCompanysProposedPlanForAtLeastOneUpcomingYearAndBoardOfDirectorsForecastsForOutcomesOfCompanyActivities|0|ar|35,APOT,ar,3,1,1,0.998,0.66,1,1
ARBK|2022-04-03|DisclosuresDirectorsReport|jsc_DisclosureOfCompanysContributionToEnvironmentalProtectionAndLocalCommunityService|0|ar|97,ARBK,ar,0,1,1,0.9957,0.1,1,1
INVB|2021-05-18|DisclosuresDirectorsReport|jsc_DisclosureOfCompanysRiskExposure|0|ar|36,INVB,ar,1,1,1,0.9857,0.8200000000000002,1,1
JTEL|2023-04-27|DisclosuresDirectorsReport|jsc_DisclosureOfCompanysContributionToEnvironmentalProtectionAndLocalCommunityService|0|ar|14,JTEL,ar,2,1,1,0.9994,0.14,1,1
JTEL|2023-04-27|NotesListOfNotes|ifrs-full_DisclosureOfRestrictedCashAndCashEquivalentsExplanatory|0|ar|4,JTEL,ar,2,0,1,0.4501,0.14,1,1
JTEL|2023-04-27|NotesListOfNotes|jsc-rep_DisclosureTradeAndOtherCurrentPayables|0|ar|0,JTEL,ar,2,0,1,0.0033,0.14,0,0
JTEL|2023-04-27|NotesListOfNotes|jsc-rep_DisclosureTradeAndOtherCurrentPayables|0|ar|10,JTEL,ar,2,1,1,0.9993,0.14,1,1
ABCO|2023-04-05|NotesListOfNotes|ifrs-full_DisclosureOfSummaryOfSignificantAccountingPoliciesExplanatory|0|ar|72,ABCO,ar,1,1,1,0.9914,0.8200000000000002,1,1
AEIV|2021-05-04|CorporateGovernanceReport|jsc-rep_DisclosureOfNameOfChairmanAndMembersOfAuditCommitteeAndADescriptionOfTheirQualificationsAndExperienceInFinancialOrAccountingMatters|0|ar|1,AEIV,ar,3,0,1,0.0037,0.66,0,0
AEIV|2021-05-04|DisclosuresDirectorsReport|jsc_TheMembersOfBoardOfDirectorsNamesAndNamesAndRanksOfSeniorExecutiveManagementWithBriefResumeOfEach|0|ar|9,AEIV,ar,3,0,1,0.002,0.66,0,0
AIFE|2024-03-14|DisclosuresDirectorsReport|jsc_DisclosureOfCompanysContributionToEnvironmentalProtectionAndLocalCommunityService|0|ar|5,AIFE,ar,2,1,1,0.9993,0.14,1,1
AIFE|2024-03-14|DisclosuresDirectorsReport|jsc_DisclosureOfImportantProspectiveDevelopmentsIncludingAnyNewExpansionsAndProjectsCompanysProposedPlanForAtLeastOneUpcomingYearAndBoardOfDirectorsForecastsForOutcomesOfCompanyActivities|0|ar|5,AIFE,ar,2,1,1,0.9993,0.14,1,1
APOT|2022-04-27|DisclosuresChairmansStatement|jsc_DisclosureOfStatementOfBoardOfDirectorsChairman|0|ar|33,APOT,ar,3,1,1,0.9974,0.66,1,1
APOT|2022-04-27|DisclosuresDirectorsReport|jsc_DisclosureOfDirectorsReport|0|ar|33,APOT,ar,3,1,1,0.9979,0.66,1,1
ARBK|2023-04-30|DisclosuresDirectorsReport|jsc_DescriptionOfCompanysMainActivitiesWithTheirRespectiveGeographicalLocationsSizeOfCapitalInvestmentAndNumberOfEmployees|0|ar|13,ARBK,ar,0,1,1,0.9957,0.1,1,1
ARBK|2023-04-30|DisclosuresDirectorsReport|jsc_DisclosureOfCompanysContributionToEnvironmentalProtectionAndLocalCommunityService|0|ar|13,ARBK,ar,0,0,1,0.0032,0.1,0,0
INVB|2023-04-27|DisclosuresDirectorsReport|jsc_DisclosureOfCompanysRiskExposure|0|ar|33,INVB,ar,1,1,1,0.9923,0.8200000000000002,1,1
INVB|2023-04-27|DisclosuresDirectorsReport|jsc_DisclosureOfCompanysRiskExposure|0|ar|79,INVB,ar,1,1,1,0.8161,0.8200000000000002,0,0
INVB|2023-04-27|NotesListOfNotes|ifrs-full_DisclosureOfCreditRiskExplanatory|0|ar|4,INVB,ar,1,1,1,0.9884,0.8200000000000002,1,1
INVB|2023-04-27|NotesListOfNotes|ifrs-full_DisclosureOfCreditRiskExplanatory|0|ar|50,INVB,ar,1,1,1,0.9239,0.8200000000000002,1,1
JOKB|2025-04-17|DisclosuresChairmansStatement|jsc_DisclosureOfStatementOfBoardOfDirectorsChairman|0|ar|48,JOKB,ar,2,1,1,0.9993,0.14,1,1
JOKB|2025-04-17|DisclosuresDirectorsReport|jsc_DisclosureOfCompanysAccomplishmentsSupportedByQuantitativeIndicatorsAndDescriptionOfSignificantOccurrencesToCompanyDuringFiscalYear|0|ar|15,JOKB,ar,2,0,1,0.9993,0.14,1,1
JOKB|2025-04-17|DisclosuresDirectorsReport|jsc_DisclosureOfCompanysAccomplishmentsSupportedByQuantitativeIndicatorsAndDescriptionOfSignificantOccurrencesToCompanyDuringFiscalYear|0|ar|16,JOKB,ar,2,1,1,0.9994,0.14,1,1
JOKB|2025-04-17|DisclosuresDirectorsReport|jsc_DisclosureOfCompanysAccomplishmentsSupportedByQuantitativeIndicatorsAndDescriptionOfSignificantOccurrencesToCompanyDuringFiscalYear|0|ar|34,JOKB,ar,2,1,1,0.9993,0.14,1,1
JOKB|2025-04-17|DisclosuresDirectorsReport|jsc_DisclosureOfImportantProspectiveDevelopmentsIncludingAnyNewExpansionsAndProjectsCompanysProposedPlanForAtLeastOneUpcomingYearAndBoardOfDirectorsForecastsForOutcomesOfCompanyActivities|0|ar|2,JOKB,ar,2,1,1,0.9994,0.14,1,1
JOPT|2024-04-30|NotesListOfNotes|jsc-rep_AdoptionOfNewAndRevisedInternationalFinancialReportingStandards|0|ar|20,JOPT,ar,0,0,1,0.003,0.1,0,0
JOTF|2022-03-27|NotesListOfNotes|ifrs-full_DisclosureOfAllowanceForCreditLossesExplanatory|0|ar|32,JOTF,ar,4,1,1,0.3232,0.3600000000000001,0,0
JTEL|2024-04-25|DisclosuresDirectorsReport|jsc_DisclosureOfAnalysisOfCompanysFinancialStatusAndOfResultsOfItsActivitiesForFiscalYear|0|ar|1,JTEL,ar,2,0,1,0.9943,0.14,1,1
JTEL|2024-04-25|DisclosuresDirectorsReport|jsc_DisclosureOfCompanysAccomplishmentsSupportedByQuantitativeIndicatorsAndDescriptionOfSignificantOccurrencesToCompanyDuringFiscalYear|0|ar|1,JTEL,ar,2,0,1,0.9947,0.14,1,1
JTEL|2024-04-25|DisclosuresDirectorsReport|jsc_DisclosureOfCompanysContributionToEnvironmentalProtectionAndLocalCommunityService|0|ar|13,JTEL,ar,2,0,1,0.0028,0.14,0,0
JTEL|2024-04-25|DisclosuresDirectorsReport|jsc_DisclosureOfCompanysContributionToEnvironmentalProtectionAndLocalCommunityService|0|ar|14,JTEL,ar,2,1,1,0.9992,0.14,1,1
JTEL|2024-04-25|DisclosuresDirectorsReport|jsc_DisclosureOfImportantProspectiveDevelopmentsIncludingAnyNewExpansionsAndProjectsCompanysProposedPlanForAtLeastOneUpcomingYearAndBoardOfDirectorsForecastsForOutcomesOfCompanyActivities|0|ar|5,JTEL,ar,2,1,1,0.9992,0.14,1,1
JTEL|2024-04-25|NotesListOfNotes|ifrs-full_DisclosureOfRestrictedCashAndCashEquivalentsExplanatory|0|ar|3,JTEL,ar,2,0,1,0.4501,0.14,1,1
JTEL|2024-04-25|NotesListOfNotes|jsc-rep_DisclosureOfAccruedExpenses|0|ar|0,JTEL,ar,2,0,1,0.0033,0.14,0,0
JTEL|2024-04-25|NotesListOfNotes|jsc-rep_DisclosureOfAccruedExpenses|0|ar|10,JTEL,ar,2,1,1,0.9993,0.14,1,1
VFED|2024-02-29|CorporateGovernanceReport|jsc-rep_DisclosureOfInformationAndDetailsRegardingApplicationOfProvisionsOfTheseInstructionsAndCorporateGovernanceRulesInCompany|0|ar|0,VFED,ar,4,1,1,0.0028,0.3600000000000001,0,0
ABCO|2024-03-30|NotesListOfNotes|ifrs-full_DisclosureOfAccountingJudgementsAndEstimatesExplanatory|0|ar|70,ABCO,ar,1,1,1,0.9637,0.8200000000000002,1,1
ABCO|2024-03-30|NotesListOfNotes|jsc-rep_AdoptionOfNewAndRevisedInternationalFinancialReportingStandards|0|ar|36,ABCO,ar,1,0,1,0.0251,0.8200000000000002,0,0
ARBK|2024-04-28|DisclosuresDirectorsReport|jsc_DescriptionOfCompanysMainActivitiesWithTheirRespectiveGeographicalLocationsSizeOfCapitalInvestmentAndNumberOfEmployees|0|ar|5,ARBK,ar,0,1,1,0.9949,0.1,1,1
ARBK|2024-04-28|DisclosuresDirectorsReport|jsc_DescriptionOfCompanysMainActivitiesWithTheirRespectiveGeographicalLocationsSizeOfCapitalInvestmentAndNumberOfEmployees|0|ar|15,ARBK,ar,0,1,1,0.9957,0.1,1,1
ARBK|2024-04-28|DisclosuresDirectorsReport|jsc_DisclosureOfImportantProspectiveDevelopmentsIncludingAnyNewExpansionsAndProjectsCompanysProposedPlanForAtLeastOneUpcomingYearAndBoardOfDirectorsForecastsForOutcomesOfCompanyActivities|0|ar|18,ARBK,ar,0,1,1,0.9953,0.1,1,1
ARBK|2024-04-28|DisclosuresDirectorsReport|jsc_DisclosureOfImportantProspectiveDevelopmentsIncludingAnyNewExpansionsAndProjectsCompanysProposedPlanForAtLeastOneUpcomingYearAndBoardOfDirectorsForecastsForOutcomesOfCompanyActivities|0|ar|24,ARBK,ar,0,1,1,0.9958,0.1,1,1
ARBK|2024-04-28|NotesListOfNotes|ifrs-full_DisclosureOfEntitysReportableSegmentsExplanatory|0|ar|29,ARBK,ar,0,1,1,0.9957,0.1,1,1
ARBK|2024-04-28|NotesListOfNotes|jsc-rep_AdoptionOfNewAndRevisedInternationalFinancialReportingStandards|0|ar|36,ARBK,ar,0,0,1,0.0025,0.1,0,0
INVB|2021-03-31|DisclosuresDirectorsReport|jsc_DisclosureOfCompanysRiskExposure|0|ar|36,INVB,ar,1,1,1,0.9857,0.8200000000000002,1,1
JMRC|2025-03-02|DisclosuresDirectorsReport|jsc_DisclosureOfIssuingCompanysOrganizationalChartNumberOfItsEmployeesAndTheirClassesOfQualificationAndItsPersonnelQualifyingAndTrainingPrograms|0|ar|2,JMRC,ar,4,1,1,0.9618,0.3600000000000001,1,1
JOPT|2025-04-30|DisclosuresDirectorsReport|jsc_DisclosureOfImportantProspectiveDevelopmentsIncludingAnyNewExpansionsAndProjectsCompanysProposedPlanForAtLeastOneUpcomingYearAndBoardOfDirectorsForecastsForOutcomesOfCompanyActivities|0|ar|12,JOPT,ar,0,1,1,0.9956,0.1,1,1
JOTF|2023-03-27|NotesListOfNotes|ifrs-full_DisclosureOfAllowanceForCreditLossesExplanatory|0|ar|32,JOTF,ar,4,1,1,0.3265,0.3600000000000001,0,0
JTEL|2021-04-29|NotesListOfNotes|ifrs-full_DisclosureOfOtherCurrentLiabilitiesExplanatory|0|ar|0,JTEL,ar,2,0,1,0.0032,0.14,0,0
JTEL|2021-04-29|NotesListOfNotes|ifrs-full_DisclosureOfRestrictedCashAndCashEquivalentsExplanatory|0|ar|3,JTEL,ar,2,0,1,0.4327,0.14,1,1
JTEL|2025-04-24|DisclosuresDirectorsReport|jsc_DisclosureOfCompanysContributionToEnvironmentalProtectionAndLocalCommunityService|0|ar|32,JTEL,ar,2,1,1,0.9993,0.14,1,1
JTEL|2025-04-24|DisclosuresDirectorsReport|jsc_DisclosureOfCompanysContributionToEnvironmentalProtectionAndLocalCommunityService|0|ar|47,JTEL,ar,2,1,1,0.9991,0.14,1,1
JTEL|2025-04-24|DisclosuresDirectorsReport|jsc_DisclosureOfCompanysContributionToEnvironmentalProtectionAndLocalCommunityService|0|ar|89,JTEL,ar,2,1,1,0.9994,0.14,1,1
JTEL|2025-04-24|DisclosuresDirectorsReport|jsc_DisclosureOfImportantProspectiveDevelopmentsIncludingAnyNewExpansionsAndProjectsCompanysProposedPlanForAtLeastOneUpcomingYearAndBoardOfDirectorsForecastsForOutcomesOfCompanyActivities|0|ar|7,JTEL,ar,2,1,1,0.9992,0.14,1,1
JTEL|2025-04-24|NotesListOfNotes|ifrs-full_DisclosureOfRestrictedCashAndCashEquivalentsExplanatory|0|ar|3,JTEL,ar,2,0,1,0.2178,0.14,1,1
JTEL|2025-04-24|NotesListOfNotes|jsc-rep_DisclosureOfAccruedExpenses|0|ar|0,JTEL,ar,2,0,1,0.0033,0.14,0,0
JTEL|2025-04-24|NotesListOfNotes|jsc-rep_DisclosureOfAccruedExpenses|0|ar|10,JTEL,ar,2,1,1,0.9993,0.14,1,1
JVOI|2024-03-21|DisclosuresChairmansStatement|jsc_DisclosureOfStatementOfBoardOfDirectorsChairman|0|ar|6,JVOI,ar,0,0,1,0.9897,0.1,1,1
JVOI|2024-03-21|DisclosuresDirectorsReport|jsc_DisclosureOfCompanysAccomplishmentsSupportedByQuantitativeIndicatorsAndDescriptionOfSignificantOccurrencesToCompanyDuringFiscalYear|0|ar|6,JVOI,ar,0,0,1,0.9916,0.1,1,1
JVOI|2024-03-21|DisclosuresDirectorsReport|jsc_DisclosureOfImportantProspectiveDevelopmentsIncludingAnyNewExpansionsAndProjectsCompanysProposedPlanForAtLeastOneUpcomingYearAndBoardOfDirectorsForecastsForOutcomesOfCompanyActivities|0|ar|0,JVOI,ar,0,0,1,0.0037,0.1,0,0
NDAR|2025-04-28|DisclosuresDirectorsReport|jsc_DisclosureOfCompanysAccomplishmentsSupportedByQuantitativeIndicatorsAndDescriptionOfSignificantOccurrencesToCompanyDuringFiscalYear|0|ar|3,NDAR,ar,1,0,1,0.0254,0.8200000000000002,0,0
VFED|2025-03-13|CorporateGovernanceReport|jsc-rep_DisclosureOfInformationAndDetailsRegardingApplicationOfProvisionsOfTheseInstructionsAndCorporateGovernanceRulesInCompany|0|ar|0,VFED,ar,4,1,1,0.0028,0.3600000000000001,0,0
ABCO|2022-03-30|NotesListOfNotes|ifrs-full_DisclosureOfRelatedPartyExplanatory|0|ar|2,ABCO,ar,1,0,0,0.038,0.8200000000000002,0,0
HPIC|2025-03-24|NotesListOfNotes|ifrs-full_DisclosureOfSummaryOfSignificantAccountingPoliciesExplanatory|0|ar|17,HPIC,ar,2,0,0,0.0056,0.14,0,0
ABCO|2022-03-30|DisclosuresChairmansStatement|jsc_DisclosureOfStatementOfBoardOfDirectorsChairman|0|ar|18,ABCO,ar,1,0,0,0.0255,0.8200000000000002,0,0
JOPT|2023-04-30|DisclosuresAuditorsReport|jsc_AuditorsResponsibilitiesForAuditOfFinancialStatementsExplanatory|0|ar|3,JOPT,ar,0,0,0,0.0027,0.1,0,0
DERA|2024-04-30|DisclosuresAuditorsReport|jsc_AuditorsReportOnFinancialStatements|0|ar|13,DERA,ar,1,0,0,0.0096,0.8200000000000002,0,0
APOT|2023-04-27|DisclosuresDirectorsReport|jsc_DescriptionOfSubsidiaryCompaniesNatureOfTheirBusinessAndTheirAreasOfActivity|0|ar|4,APOT,ar,3,0,0,0.0018,0.66,0,0
APOT|2024-04-29|DisclosuresDirectorsReport|jsc_TheMembersOfBoardOfDirectorsNamesAndNamesAndRanksOfSeniorExecutiveManagementWithBriefResumeOfEach|0|ar|83,APOT,ar,3,0,0,0.0036,0.66,0,0
JOPT|2025-04-30|DisclosuresDirectorsReport|jsc_CompanysCompetitivePositionWithinItsSectorAndMainMarketSegmentsAsWellAsItsShareOfLocalMarketAndInternationalMarketIfPossible|0|ar|68,JOPT,ar,0,0,0,0.0027,0.1,0,0
JTEL|2022-04-27|CorporateGovernanceReport|jsc-rep_DisclosureOfNameOfCorporateGovernanceOfficer|0|ar|0,JTEL,ar,2,0,0,0.0027,0.14,0,0
ARBK|2025-04-06|CorporateGovernanceReport|jsc-rep_DisclosureOfInformationAndDetailsRegardingApplicationOfProvisionsOfTheseInstructionsAndCorporateGovernanceRulesInCompany|0|ar|105,ARBK,ar,0,0,0,0.0031,0.1,0,0
ABCO|2022-03-30|DisclosuresChairmansStatement|jsc_DisclosureOfStatementOfBoardOfDirectorsChairman|0|ar|11,ABCO,ar,1,0,0,0.0127,0.8200000000000002,0,0
DERA|2022-04-25|NotesListOfNotes|jsc-rep_DisclosureOfNewStandardAndInterpretationsNotYetAdopted|0|ar|28,DERA,ar,1,0,0,0.0233,0.8200000000000002,0,0
NCMD|2022-03-28|NotesListOfNotes|ifrs-full_DisclosureOfAccountingJudgementsAndEstimatesExplanatory|0|ar|7,NCMD,ar,0,0,0,0.0024,0.1,0,0
AMAL|2024-04-29|CorporateGovernanceReport|jsc-rep_DisclosureOfNameOfChairmanAndMembersOfAuditCommitteeAndADescriptionOfTheirQualificationsAndExperienceInFinancialOrAccountingMatters|0|ar|19,AMAL,ar,3,0,0,0.0017,0.66,0,0
MSFT|2022-03-29|DisclosuresDirectorsReport|jsc_TheMembersOfBoardOfDirectorsNamesAndNamesAndRanksOfSeniorExecutiveManagementWithBriefResumeOfEach|0|ar|1,MSFT,ar,2,0,0,0.0048,0.14,0,0
JVOI|2024-03-21|DisclosuresAuditorsReport|jsc_AuditorsReportOnFinancialStatements|0|ar|39,JVOI,ar,0,0,0,0.0045,0.1,0,0
ABCO|2022-03-30|NotesListOfNotes|jsc-rep_AdoptionOfNewAndRevisedInternationalFinancialReportingStandards|0|ar|16,ABCO,ar,1,0,0,0.0414,0.8200000000000002,0,0
JVOI|2023-02-21|NotesListOfNotes|jsc-rep_AdoptionOfNewAndRevisedInternationalFinancialReportingStandards|0|ar|9,JVOI,ar,0,0,0,0.003,0.1,0,0
JTEL|2025-04-24|NotesListOfNotes|ifrs-full_DisclosureOfSummaryOfSignificantAccountingPoliciesExplanatory|0|ar|293,JTEL,ar,2,0,0,0.0033,0.14,0,0
JVOI|2025-03-12|DisclosuresChairmansStatement|jsc_DisclosureOfStatementOfBoardOfDirectorsChairman|0|ar|2,JVOI,ar,0,0,0,0.0034,0.1,0,0
ABCO|2021-04-25|DisclosuresDirectorsReport|jsc_TheMembersOfBoardOfDirectorsNamesAndNamesAndRanksOfSeniorExecutiveManagementWithBriefResumeOfEach|0|ar|200,ABCO,ar,1,0,0,0.049,0.8200000000000002,0,0
JTEL|2022-04-27|DisclosuresDirectorsReport|jsc_DescriptionOfCompanysMainActivitiesWithTheirRespectiveGeographicalLocationsSizeOfCapitalInvestmentAndNumberOfEmployees|0|ar|0,JTEL,ar,2,0,0,0.0029,0.14,0,0
SPIC|2023-04-26|DisclosuresChairmansStatement|jsc_DisclosureOfStatementOfBoardOfDirectorsChairman|0|ar|4,SPIC,ar,0,0,0,0.003,0.1,0,0
ZARA|2023-04-30|NotesListOfNotes|jsc-rep_DisclosureOfNewAndRevisedStandardsNote|0|ar|12,ZARA,ar,1,0,0,0.0105,0.8200000000000002,0,0
APOT|2022-04-27|DisclosuresDirectorsReport|jsc_DisclosureOfCompanysContributionToEnvironmentalProtectionAndLocalCommunityService|0|ar|35,APOT,ar,3,0,0,0.0017,0.66,0,0
ZARA|2025-04-30|DisclosuresAuditorsReport|jsc_AuditorsReportOnFinancialStatements|0|ar|50,ZARA,ar,1,0,0,0.0426,0.8200000000000002,0,0
THBK|2025-04-05|NotesListOfNotes|ifrs-full_DisclosureOfSummaryOfSignificantAccountingPoliciesExplanatory|0|ar|141,THBK,ar,1,0,0,0.0265,0.8200000000000002,0,0
AMAL|2025-04-24|NotesListOfNotes|ifrs-full_DisclosureOfBasisOfPreparationOfFinancialStatementsExplanatory|0|ar|2,AMAL,ar,3,0,0,0.0014,0.66,0,0
AIHO|2025-03-17|DisclosuresDirectorsReport|jsc_DisclosureOfCompanysContributionToEnvironmentalProtectionAndLocalCommunityService|0|ar|32,AIHO,ar,0,0,0,0.0034,0.1,0,0
NAAI|2023-03-31|DisclosuresAuditorsReport|jsc_ResponsibilitiesOfManagementAndThoseChargedWithGovernanceForFinancialStatementsExplanatory|0|ar|41,NAAI,ar,3,0,0,0.0015,0.66,0,0
NDAR|2023-03-30|DisclosuresDirectorsReport|jsc_TheMembersOfBoardOfDirectorsNamesAndNamesAndRanksOfSeniorExecutiveManagementWithBriefResumeOfEach|0|ar|10,NDAR,ar,1,0,0,0.0393,0.8200000000000002,0,0
GIGJ|2023-03-31|NotesListOfNotes|jsc-rep_DisclosureOfRiskManagement|0|ar|26,GIGJ,ar,3,0,0,0.0019,0.66,0,0
JMRC|2024-02-29|DisclosuresDirectorsReport|jsc_TheMembersOfBoardOfDirectorsNamesAndNamesAndRanksOfSeniorExecutiveManagementWithBriefResumeOfEach|0|ar|44,JMRC,ar,4,0,0,0.0037,0.3600000000000001,0,0
ARBK|2024-04-28|NotesListOfNotes|ifrs-full_DisclosureOfSignificantInvestmentsInAssociatesExplanatory|0|ar|10,ARBK,ar,0,0,0,0.0026,0.1,0,0
JTEL|2024-04-25|NotesListOfNotes|ifrs-full_DisclosureOfSummaryOfSignificantAccountingPoliciesExplanatory|0|ar|42,JTEL,ar,2,0,0,0.0054,0.14,0,0
JTEL|2021-04-29|NotesListOfNotes|ifrs-full_DisclosureOfTradeAndOtherReceivablesExplanatory|0|ar|15,JTEL,ar,2,0,0,0.0031,0.14,0,0
NDAR|2021-04-15|DisclosuresDirectorsReport|jsc_DisclosureOfFinancialImpactOfNonRecurrentTransactionsDuringFiscalYearWhichAreNotPartOfCompanysMainActivities|0|ar|0,NDAR,ar,1,0,0,0.0235,0.8200000000000002,0,0
DERA|2021-04-30|NotesListOfNotes|ifrs-full_DisclosureOfIssuedCapitalExplanatory|0|ar|0,DERA,ar,1,0,0,0.0577,0.8200000000000002,0,0
JMRC|2023-02-22|DisclosuresDirectorsReport|jsc_TheMembersOfBoardOfDirectorsNamesAndNamesAndRanksOfSeniorExecutiveManagementWithBriefResumeOfEach|0|ar|78,JMRC,ar,4,0,0,0.0052,0.3600000000000001,0,0
ABCO|2021-04-25|CorporateGovernanceReport|jsc-rep_DisclosureOfNameOfChairmanAndMembersOfAuditCommitteeAndADescriptionOfTheirQualificationsAndExperienceInFinancialOrAccountingMatters|0|ar|90,ABCO,ar,1,0,0,0.03,0.8200000000000002,0,0
NDAR|2021-04-15|DisclosuresAuditorsReport|jsc_DisclosureOfAuditorsReportTextBlock|0|ar|57,NDAR,ar,1,0,0,0.0206,0.8200000000000002,0,0
INVB|2021-05-18|NotesListOfNotes|ifrs-full_DisclosureOfMarketRiskExplanatory|0|ar|4,INVB,ar,1,0,0,0.0264,0.8200000000000002,0,0
APOT|2024-04-29|DisclosuresDirectorsReport|jsc_DisclosureOfBenefitsAndRemunerationsOfChairmanMembersOfBoardOfDirectorsAndSeniorExecutiveManagementDuringTheFiscalYearIncludingPaymentsReceivedByAnyOfThemSuchAsFeesSalariesBonusesAndOtherwiseAndTheirTravelAndTransportExpensesWithinKingdomAndAbroad|0|ar|4,APOT,ar,3,0,0,0.0017,0.66,0,0
JEDI|2023-03-21|DisclosuresDirectorsReport|jsc_TheMembersOfBoardOfDirectorsNamesAndNamesAndRanksOfSeniorExecutiveManagementWithBriefResumeOfEach|0|ar|23,JEDI,ar,4,0,0,0.0032,0.3600000000000001,0,0
AMAL|2025-04-24|DisclosuresDirectorsReport|jsc_TheMembersOfBoardOfDirectorsNamesAndNamesAndRanksOfSeniorExecutiveManagementWithBriefResumeOfEach|0|ar|8,AMAL,ar,3,0,0,0.0026,0.66,0,0
THDI|2023-04-12|DisclosuresChairmansStatement|jsc_DisclosureOfStatementOfBoardOfDirectorsChairman|0|ar|0,THDI,ar,2,0,0,0.0047,0.14,0,0
GIGJ|2023-03-31|CorporateGovernanceReport|jsc-rep_DisclosureOfNameOfChairmanAndMembersOfNominationAndRemunerationCommitteeCorporateGovernanceCommitteeAndRiskManagementCommittee|0|ar|8,GIGJ,ar,3,0,0,0.0016,0.66,0,0
VFED|2023-03-26|DisclosuresAuditorsReport|jsc_DisclosureOfAuditorsReportTextBlock|0|ar|17,VFED,ar,4,0,0,0.0024,0.3600000000000001,0,0
ASPMM|2024-04-30|CorporateGovernanceReport|jsc-rep_DisclosureOfAllMembershipsOfBoardsOfDirectorsHeldByAMemberOfBoardOfDirectorsInPublicShareholdingCompaniesIfAny|0|ar|1,ASPMM,ar,3,0,0,0.0018,0.66,0,0
JOPT|2022-04-21|NotesListOfNotes|jsc-rep_DisclosureOfFuturePlan|0|ar|12,JOPT,ar,0,0,0,0.0106,0.1,0,0
THBK|2025-04-05|CorporateGovernanceReport|jsc-rep_DisclosureOfNumberOfMeetingsOfCommitteesDuringYearWithStatementOfMembersPresent|0|ar|1,THBK,ar,1,0,0,0.0109,0.8200000000000002,0,0
DERA|2025-07-31|CorporateGovernanceReport|jsc-rep_DisclosureOfNameOfChairmanAndMembersOfNominationAndRemunerationCommitteeCorporateGovernanceCommitteeAndRiskManagementCommittee|0|ar|1,DERA,ar,1,0,0,0.0422,0.8200000000000002,0,0
JOPT|2022-04-21|DisclosuresDirectorsReport|jsc_DisclosureOfDirectorsReport|0|ar|438,JOPT,ar,0,0,0,0.0024,0.1,0,0
ABCO|2021-04-25|NotesListOfNotes|ifrs-full_DisclosureOfSummaryOfSignificantAccountingPoliciesExplanatory|0|ar|32,ABCO,ar,1,0,0,0.0121,0.8200000000000002,0,0
RICS|2025-03-20|DisclosuresAuditorsReport|jsc_AuditorsReportOnFinancialStatements|0|ar|23,RICS,ar,4,0,0,0.0023,0.3600000000000001,0,0
SITT|2021-04-30|DisclosuresAuditorsReport|jsc_DisclosureOfAuditorsReportTextBlock|0|ar|13,SITT,ar,4,0,0,0.0027,0.3600000000000001,0,0
FUTR|2025-04-30|DisclosuresAuditorsReport|jsc_DisclosureOfAuditorsReportTextBlock|0|ar|14,FUTR,ar,1,0,0,0.0206,0.8200000000000002,0,0
JTEL|2025-04-24|NotesListOfNotes|ifrs-full_DisclosureOfBasisOfConsolidationExplanatory|0|ar|18,JTEL,ar,2,0,0,0.003,0.14,0,0
PROF|2025-04-27|CorporateGovernanceReport|jsc-rep_DisclosureOfNumberOfAuditCommitteeMeetingsWithExternalAuditorDuringYear|0|ar|0,PROF,ar,2,0,0,0.0025,0.14,0,0
THBK|2021-03-31|NotesListOfNotes|jsc-rep_DisclosureOfComparativeFigures|0|ar|0,THBK,ar,1,0,0,0.0119,0.8200000000000002,0,0
ARBK|2025-04-06|DisclosuresDirectorsReport|jsc_DisclosureOfCompanysRiskExposure|0|ar|111,ARBK,ar,0,0,0,0.0174,0.1,0,0
MSFT|2024-03-31|NotesListOfNotes|ifrs-full_DisclosureOfBasisOfPreparationOfFinancialStatementsExplanatory|0|ar|2,MSFT,ar,2,0,0,0.0027,0.14,0,0
THBK|2023-03-31|DisclosuresDirectorsReport|jsc_TheMembersOfBoardOfDirectorsNamesAndNamesAndRanksOfSeniorExecutiveManagementWithBriefResumeOfEach|0|ar|231,THBK,ar,1,0,0,0.0132,0.8200000000000002,0,0
AMAL|2025-04-24|DisclosuresDirectorsReport|jsc_TheMembersOfBoardOfDirectorsNamesAndNamesAndRanksOfSeniorExecutiveManagementWithBriefResumeOfEach|0|ar|94,AMAL,ar,3,0,0,0.0017,0.66,0,0
DERA|2023-04-30|NotesListOfNotes|ifrs-full_DisclosureOfNotesAndOtherExplanatoryInformationExplanatory|0|ar|41,DERA,ar,1,0,0,0.0134,0.8200000000000002,0,0
JOKB|2025-04-17|DisclosuresAuditorsReport|jsc_ReportOnOtherLegalAndRegulatoryRequirementsExplanatory|0|ar|29,JOKB,ar,2,0,0,0.0036,0.14,0,0
ARBK|2023-04-30|NotesListOfNotes|ifrs-full_DisclosureOfSummaryOfSignificantAccountingPoliciesExplanatory|0|ar|99,ARBK,ar,0,0,0,0.003,0.1,0,0
ARBK|2022-04-03|DisclosuresDirectorsReport|jsc_DisclosureOfCompanysRiskExposure|0|ar|90,ARBK,ar,0,0,0,0.0038,0.1,0,0
JOPT|2024-04-30|NotesListOfNotes|ifrs-full_DisclosureOfServiceConcessionArrangementsExplanatory|0|ar|8,JOPT,ar,0,0,0,0.0026,0.1,0,0
INVB|2021-03-31|NotesIncomeTax|jsc-rep_DisclosureOfTaxStatus|0|ar|2,INVB,ar,1,0,0,0.0208,0.8200000000000002,0,0
HPIC|2021-04-01|DisclosuresAuditorsReport|jsc_AuditorsResponsibilitiesForAuditOfFinancialStatementsExplanatory|0|ar|10,HPIC,ar,2,0,0,0.0047,0.14,0,0
JVOI|2024-03-21|DisclosuresAuditorsReport|jsc_AuditorsReportOnFinancialStatements|0|ar|6,JVOI,ar,0,0,0,0.0026,0.1,0,0
JTEL|2022-04-27|NotesListOfNotes|ifrs-full_DisclosureOfSummaryOfSignificantAccountingPoliciesExplanatory|0|ar|129,JTEL,ar,2,0,0,0.0031,0.14,0,0
APOT|2025-04-21|DisclosuresChairmansStatement|jsc_DisclosureOfStatementOfBoardOfDirectorsChairman|0|ar|52,APOT,ar,3,0,0,0.0015,0.66,0,0
JMRC|2021-02-25|DisclosuresDirectorsReport|jsc_TheMembersOfBoardOfDirectorsNamesAndNamesAndRanksOfSeniorExecutiveManagementWithBriefResumeOfEach|0|ar|82,JMRC,ar,4,0,0,0.0038,0.3600000000000001,0,0
ABCO|2023-04-05|DisclosuresDirectorsReport|jsc_TheMembersOfBoardOfDirectorsNamesAndNamesAndRanksOfSeniorExecutiveManagementWithBriefResumeOfEach|0|ar|181,ABCO,ar,1,0,0,0.0464,0.8200000000000002,0,0
NDAR|2022-03-31|NotesListOfNotes|ifrs-full_DisclosureOfChangesInAccountingPoliciesExplanatory|0|ar|12,NDAR,ar,1,0,0,0.033,0.8200000000000002,0,0
SITT|2022-04-28|DisclosuresAuditorsReport|jsc_AuditorsOpinionBasisExplanatory|0|ar|2,SITT,ar,4,0,0,0.0033,0.3600000000000001,0,0
DERA|2024-04-30|NotesListOfNotes|jsc-rep_DisclosureOfFairValueHierarchy|0|ar|1,DERA,ar,1,0,0,0.0264,0.8200000000000002,0,0
JTEL|2022-04-27|NotesListOfNotes|ifrs-full_DisclosureOfSummaryOfSignificantAccountingPoliciesExplanatory|0|ar|100,JTEL,ar,2,0,0,0.0032,0.14,0,0
HPIC|2023-03-29|NotesListOfNotes|jsc-rep_DisclosureOfCapitalManagement|0|ar|4,HPIC,ar,2,0,0,0.0035,0.14,0,0
NCMD|2023-03-26|DisclosuresDirectorsReport|jsc_TheMembersOfBoardOfDirectorsNamesAndNamesAndRanksOfSeniorExecutiveManagementWithBriefResumeOfEach|0|ar|26,NCMD,ar,0,0,0,0.0032,0.1,0,0
SITT|2023-04-18|DisclosuresDirectorsReport|jsc_DisclosureOfIssuingCompanysOrganizationalChartNumberOfItsEmployeesAndTheirClassesOfQualificationAndItsPersonnelQualifyingAndTrainingPrograms|0|ar|3,SITT,ar,4,0,0,0.0028,0.3600000000000001,0,0
NDAR|2021-04-15|NotesListOfNotes|ifrs-full_DisclosureOfSummaryOfSignificantAccountingPoliciesExplanatory|0|ar|15,NDAR,ar,1,0,0,0.016,0.8200000000000002,0,0
RUMI|2021-04-29|DisclosuresDirectorsReport|jsc_DisclosureOfCompanysAccomplishmentsSupportedByQuantitativeIndicatorsAndDescriptionOfSignificantOccurrencesToCompanyDuringFiscalYear|0|ar|0,RUMI,ar,0,0,0,0.0059,0.1,0,0
APOT|2025-04-21|CorporateGovernanceReport|jsc-rep_DisclosureOfNumberOfBoardMeetingsDuringYearWithMembersPresent|0|ar|1,APOT,ar,3,0,0,0.0023,0.66,0,0
JOPT|2022-04-21|NotesListOfNotes|jsc-rep_DisclosureOfVoluntaryReserves|0|ar|0,JOPT,ar,0,0,0,0.0026,0.1,0,0
AQAR|2022-03-29|NotesListOfNotes|ifrs-full_DisclosureOfBasisOfConsolidationExplanatory|0|ar|5,AQAR,ar,3,0,0,0.0013,0.66,0,0
ARBK|2022-04-03|NotesListOfNotes|ifrs-full_DisclosureOfMarketRiskExplanatory|0|ar|2,ARBK,ar,0,0,0,0.0027,0.1,0,0
SITT|2021-04-30|CorporateGovernanceReport|jsc-rep_DisclosureOfInformationAndDetailsRegardingApplicationOfProvisionsOfTheseInstructionsAndCorporateGovernanceRulesInCompany|0|ar|15,SITT,ar,4,0,0,0.0027,0.3600000000000001,0,0
ARBK|2024-04-28|DisclosuresDirectorsReport|jsc_DisclosureOfCompanysAccomplishmentsSupportedByQuantitativeIndicatorsAndDescriptionOfSignificantOccurrencesToCompanyDuringFiscalYear|0|ar|27,ARBK,ar,0,0,0,0.0026,0.1,0,0
AEIV|2021-05-04|DisclosuresAuditorsReport|jsc_DisclosureOfAuditorsReportTextBlock|0|ar|9,AEIV,ar,3,0,0,0.0029,0.66,0,0
ZARA|2025-04-30|NotesListOfNotes|ifrs-full_DisclosureOfEntitysReportableSegmentsExplanatory|0|ar|3,ZARA,ar,1,0,0,0.0291,0.8200000000000002,0,0
JTEL|2024-04-25|NotesListOfNotes|ifrs-full_DisclosureOfSummaryOfSignificantAccountingPoliciesExplanatory|0|ar|290,JTEL,ar,2,0,0,0.0027,0.14,0,0
INVB|2021-05-18|DisclosuresAuditorsReport|jsc_AuditorsResponsibilitiesForAuditOfFinancialStatementsExplanatory|0|ar|8,INVB,ar,1,0,0,0.0149,0.8200000000000002,0,0
JMRC|2022-02-15|CorporateGovernanceReport|jsc-rep_DisclosureOfNamesOfCommitteesEmanatingFromBoardOfDirectors|0|ar|1,JMRC,ar,4,0,0,0.0038,0.3600000000000001,0,0
THBK|2022-03-31|NotesListOfNotes|ifrs-full_DisclosureOfCreditRiskExplanatory|0|ar|34,THBK,ar,1,0,0,0.0272,0.8200000000000002,0,0
JTEL|2024-04-25|DisclosuresDirectorsReport|jsc_DisclosureOfCompanysAccomplishmentsSupportedByQuantitativeIndicatorsAndDescriptionOfSignificantOccurrencesToCompanyDuringFiscalYear|0|ar|43,JTEL,ar,2,0,0,0.0021,0.14,0,0
ARBK|2024-04-28|NotesListOfNotes|jsc-rep_AdoptionOfNewAndRevisedInternationalFinancialReportingStandards|0|ar|30,ARBK,ar,0,0,0,0.0031,0.1,0,0
ABCO|2023-04-05|NotesListOfNotes|jsc-rep_DisclosureOfRiskManagement|0|ar|39,ABCO,ar,1,0,0,0.0585,0.8200000000000002,0,0
INVB|2023-04-27|NotesIncomeTax|jsc-rep_DisclosureOfTaxStatus|0|ar|19,INVB,ar,1,0,0,0.033,0.8200000000000002,0,0
MSFT|2021-03-31|CorporateGovernanceReport|jsc-rep_DisclosureOfExecutivePositionsInCompanyAndNamesOfThePersonsWhoOccupyThem|0|ar|0,MSFT,ar,2,0,0,0.0031,0.14,0,0
JOKB|2025-04-17|NotesListOfNotes|ifrs-full_DisclosureOfSummaryOfSignificantAccountingPoliciesExplanatory|0|ar|73,JOKB,ar,2,0,0,0.0041,0.14,0,0
JVOI|2025-03-12|DisclosuresDirectorsReport|jsc_DisclosureOfCompanysAccomplishmentsSupportedByQuantitativeIndicatorsAndDescriptionOfSignificantOccurrencesToCompanyDuringFiscalYear|0|ar|9,JVOI,ar,0,0,0,0.0028,0.1,0,0
THBK|2023-03-31|DisclosuresAuditorsReport|jsc_KeyAuditMattersExplanatory|0|ar|23,THBK,ar,1,0,0,0.0114,0.8200000000000002,0,0
INVB|2025-08-18|DisclosuresDirectorsReport|jsc_DisclosureOfCompanysRiskExposure|0|ar|19,INVB,ar,1,0,0,0.0086,0.8200000000000002,0,0
ARBK|2022-04-03|NotesListOfNotes|jsc-rep_DisclosureOfRiskManagement|0|ar|9,ARBK,ar,0,0,0,0.0028,0.1,0,0
JOPT|2024-04-30|NotesListOfNotes|jsc-rep_AdoptionOfNewAndRevisedInternationalFinancialReportingStandards|0|ar|6,JOPT,ar,0,0,0,0.0027,0.1,0,0
NAST|2024-03-10|CorporateGovernanceReport|jsc-rep_DisclosureOfNamesOfCurrentAndResigningBoardMembersDuringYearAndDeterminingWhetherMemberIsExecutiveNonExecutiveIndependentOrNonIndependent|0|ar|9,NAST,ar,0,0,0,0.0028,0.1,0,0
AEIN|2021-04-28|DisclosuresDirectorsReport|jsc_DisclosureOfImportantProspectiveDevelopmentsIncludingAnyNewExpansionsAndProjectsCompanysProposedPlanForAtLeastOneUpcomingYearAndBoardOfDirectorsForecastsForOutcomesOfCompanyActivities|0|ar|0,AEIN,ar,2,0,0,0.0051,0.14,0,0
JOPT|2023-04-30|NotesListOfNotes|ifrs-full_DisclosureOfSummaryOfSignificantAccountingPoliciesExplanatory|0|ar|44,JOPT,ar,0,0,0,0.0025,0.1,0,0
AIFE|2024-03-14|DisclosuresAuditorsReport|jsc_DisclosureOfAuditorsReportTextBlock|0|ar|21,AIFE,ar,2,0,0,0.0059,0.14,0,0
DERA|2024-04-30|DisclosuresAuditorsReport|jsc_AuditorsReportOnFinancialStatements|0|ar|21,DERA,ar,1,0,0,0.0239,0.8200000000000002,0,0
NDAR|2023-03-30|DisclosuresDirectorsReport|jsc_DisclosureOfAnalysisOfCompanysFinancialStatusAndOfResultsOfItsActivitiesForFiscalYear|0|ar|1,NDAR,ar,1,0,0,0.0158,0.8200000000000002,0,0
ARBK|2022-04-03|CorporateGovernanceReport|jsc-rep_DisclosureOfInformationAndDetailsRegardingApplicationOfProvisionsOfTheseInstructionsAndCorporateGovernanceRulesInCompany|0|ar|108,ARBK,ar,0,0,0,0.0031,0.1,0,0
JOTF|2023-03-27|DisclosuresAuditorsReport|jsc_AuditorsReportOnFinancialStatements|0|ar|6,JOTF,ar,4,0,0,0.0029,0.3600000000000001,0,0
HPIC|2025-03-24|CorporateGovernanceReport|jsc-rep_DisclosureOfInformationAndDetailsRegardingApplicationOfProvisionsOfTheseInstructionsAndCorporateGovernanceRulesInCompany|0|ar|11,HPIC,ar,2,0,0,0.0062,0.14,0,0
THBK|2024-03-31|NotesListOfNotes|jsc-rep_DisclosureOfRiskManagement|0|ar|2,THBK,ar,1,0,0,0.0382,0.8200000000000002,0,0
NATA|2023-04-17|NotesListOfNotes|ifrs-full_DisclosureOfInvestmentsAccountedForUsingEquityMethodExplanatory|0|ar|1,NATA,ar,1,0,0,0.0573,0.8200000000000002,0,0
JTEL|2024-04-25|NotesListOfNotes|ifrs-full_DisclosureOfSummaryOfSignificantAccountingPoliciesExplanatory|0|ar|74,JTEL,ar,2,0,0,0.0032,0.14,0,0
JOPT|2023-04-30|NotesListOfNotes|ifrs-full_DisclosureOfSummaryOfSignificantAccountingPoliciesExplanatory|0|ar|23,JOPT,ar,0,0,0,0.0025,0.1,0,0
DERA|2023-04-30|NotesListOfNotes|ifrs-full_DisclosureOfSummaryOfSignificantAccountingPoliciesExplanatory|0|ar|2,DERA,ar,1,0,0,0.0178,0.8200000000000002,0,0
INVB|2021-04-28|NotesListOfNotes|ifrs-full_DisclosureOfAccountingJudgementsAndEstimatesExplanatory|0|ar|45,INVB,ar,1,0,0,0.0327,0.8200000000000002,0,0
MSFT|2024-03-31|DisclosuresDirectorsReport|jsc_TheMembersOfBoardOfDirectorsNamesAndNamesAndRanksOfSeniorExecutiveManagementWithBriefResumeOfEach|0|ar|14,MSFT,ar,2,0,0,0.0034,0.14,0,0
INVB|2021-04-28|DisclosuresDirectorsReport|jsc_TheMembersOfBoardOfDirectorsNamesAndNamesAndRanksOfSeniorExecutiveManagementWithBriefResumeOfEach|0|ar|101,INVB,ar,1,0,0,0.0337,0.8200000000000002,0,0
ARBK|2024-04-28|DisclosuresDirectorsReport|jsc_DisclosureOfCompanysAccomplishmentsSupportedByQuantitativeIndicatorsAndDescriptionOfSignificantOccurrencesToCompanyDuringFiscalYear|0|ar|54,ARBK,ar,0,0,0,0.0031,0.1,0,0
JTEL|2023-04-27|DisclosuresDirectorsReport|jsc_TheMembersOfBoardOfDirectorsNamesAndNamesAndRanksOfSeniorExecutiveManagementWithBriefResumeOfEach|0|ar|107,JTEL,ar,2,0,0,0.003,0.14,0,0
SURA|2024-04-23|DisclosuresChairmansStatement|jsc_DisclosureOfStatementOfBoardOfDirectorsChairman|0|ar|1,SURA,ar,1,0,0,0.0327,0.8200000000000002,0,0
ABCO|2021-04-25|NotesListOfNotes|ifrs-full_DisclosureOfSummaryOfSignificantAccountingPoliciesExplanatory|0|ar|43,ABCO,ar,1,0,0,0.0444,0.8200000000000002,0,0
INVB|2021-05-18|NotesListOfNotes|ifrs-full_DisclosureOfEntitysReportableSegmentsExplanatory|0|ar|1,INVB,ar,1,0,0,0.0516,0.8200000000000002,0,0
ICAG|2024-04-03|DisclosuresDirectorsReport|jsc_DescriptionOfSubsidiaryCompaniesNatureOfTheirBusinessAndTheirAreasOfActivity|0|ar|0,ICAG,ar,1,0,0,0.0103,0.8200000000000002,0,0
INVB|2021-03-31|DisclosuresAuditorsReport|jsc_KeyAuditMattersExplanatory|0|ar|6,INVB,ar,1,0,0,0.0268,0.8200000000000002,0,0
HPIC|2025-03-24|NotesListOfNotes|ifrs-full_DisclosureOfAccountingJudgementsAndEstimatesExplanatory|0|ar|20,HPIC,ar,2,0,0,0.0036,0.14,0,0
DERA|2021-04-30|NotesListOfNotes|jsc-rep_DisclosureOfCurrentBorrowings|0|ar|2,DERA,ar,1,0,0,0.0321,0.8200000000000002,0,0
LEAS|2022-03-30|DisclosuresDirectorsReport|jsc_DisclosureOfDirectorsReport|0|ar|5,LEAS,ar,1,0,0,0.0676,0.8200000000000002,0,0
ABCO|2024-03-30|NotesListOfNotes|jsc-rep_AdoptionOfNewAndRevisedInternationalFinancialReportingStandards|0|ar|15,ABCO,ar,1,0,0,0.0196,0.8200000000000002,0,0
THBK|2024-03-31|DisclosuresDirectorsReport|jsc_TheMembersOfBoardOfDirectorsNamesAndNamesAndRanksOfSeniorExecutiveManagementWithBriefResumeOfEach|0|ar|249,THBK,ar,1,0,0,0.0285,0.8200000000000002,0,0
DERA|2021-04-30|DisclosuresAuditorsReport|jsc_DisclosureOfAuditorsReportTextBlock|0|ar|10,DERA,ar,1,0,0,0.0108,0.8200000000000002,0,0
THBK|2021-03-31|NotesListOfNotes|ifrs-full_DisclosureOfAccountingJudgementsAndEstimatesExplanatory|0|ar|0,THBK,ar,1,0,0,0.0264,0.8200000000000002,0,0
JTEL|2025-04-24|NotesListOfNotes|ifrs-full_DisclosureOfSummaryOfSignificantAccountingPoliciesExplanatory|0|ar|96,JTEL,ar,2,0,0,0.003,0.14,0,0
JOTF|2025-03-16|NotesListOfNotes|ifrs-full_DisclosureOfMarketRiskExplanatory|0|ar|2,JOTF,ar,4,0,0,0.1056,0.3600000000000001,0,0
NAST|2023-02-21|NotesListOfNotes|jsc-rep_DisclosureOfRiskManagement|0|ar|7,NAST,ar,0,0,0,0.0025,0.1,0,0
NDAR|2023-03-30|NotesListOfNotes|ifrs-full_DisclosureOfIncomeTaxExplanatory|0|ar|2,NDAR,ar,1,0,0,0.025,0.8200000000000002,0,0
JTEL|2022-04-27|NotesListOfNotes|jsc-rep_DisclosureOfChangesInAccountingPoliciesAccountingEstimatesAndErrors|0|ar|87,JTEL,ar,2,0,0,0.0052,0.14,0,0
NAAI|2023-03-31|NotesListOfNotes|jsc-rep_DisclosureOfStandardsIssuedButNotYetEffective|0|ar|35,NAAI,ar,3,0,0,0.0014,0.66,0,0
ARBK|2025-04-06|NotesListOfNotes|jsc-rep_DisclosureOfBalancesWithBanksAndFinancialInstitutions|0|ar|0,ARBK,ar,0,0,0,0.003,0.1,0,0
AIFE|2022-03-29|NotesListOfNotes|ifrs-full_DisclosureOfSummaryOfSignificantAccountingPoliciesExplanatory|0|ar|22,AIFE,ar,2,0,0,0.0031,0.14,0,0
ARBK|2025-04-06|CorporateGovernanceReport|jsc-rep_DisclosureOfInformationAndDetailsRegardingApplicationOfProvisionsOfTheseInstructionsAndCorporateGovernanceRulesInCompany|0|ar|22,ARBK,ar,0,0,0,0.0029,0.1,0,0
ABCO|2023-04-05|NotesListOfNotes|jsc-rep_DisclosureOfLawSuits|0|ar|0,ABCO,ar,1,0,0,0.012,0.8200000000000002,0,0
PROF|2022-02-22|DisclosuresDirectorsReport|jsc_TheMembersOfBoardOfDirectorsNamesAndNamesAndRanksOfSeniorExecutiveManagementWithBriefResumeOfEach|0|ar|1,PROF,ar,2,0,0,0.0039,0.14,0,0
JEDI|2021-05-30|NotesListOfNotes|ifrs-full_DisclosureOfNotesAndOtherExplanatoryInformationExplanatory|0|ar|0,JEDI,ar,4,0,0,0.0045,0.3600000000000001,0,0
ARBK|2025-04-06|DisclosuresDirectorsReport|jsc_DisclosureOfCompanysContributionToEnvironmentalProtectionAndLocalCommunityService|0|ar|112,ARBK,ar,0,0,0,0.003,0.1,0,0
ARBK|2023-04-30|NotesListOfNotes|ifrs-full_DisclosureOfSummaryOfSignificantAccountingPoliciesExplanatory|0|ar|123,ARBK,ar,0,0,0,0.0024,0.1,0,0
ABCO|2021-04-25|NotesListOfNotes|ifrs-full_DisclosureOfBorrowingsExplanatory|0|ar|6,ABCO,ar,1,0,0,0.056,0.8200000000000002,0,0
AMAL|2025-04-24|NotesListOfNotes|jsc-rep_DisclosureOfFairValueHierarchy|0|ar|4,AMAL,ar,3,0,0,0.0013,0.66,0,0
AIFE|2025-03-05|NotesListOfNotes|ifrs-full_DisclosureOfBasisOfConsolidationExplanatory|0|ar|0,AIFE,ar,2,0,0,0.0042,0.14,0,0
LEAS|2022-03-30|CorporateGovernanceReport|jsc-rep_DisclosureOfNamesOfCurrentAndResigningBoardMembersDuringYearAndDeterminingWhetherMemberIsExecutiveNonExecutiveIndependentOrNonIndependent|0|ar|0,LEAS,ar,1,0,0,0.034,0.8200000000000002,0,0
LEIN|2023-03-27|DisclosuresAuditorsReport|jsc_DisclosureOfAuditorsReportTextBlock|0|ar|21,LEIN,ar,2,0,0,0.006,0.14,0,0
AIHO|2021-11-30|DisclosuresDirectorsReport|jsc_DisclosureOfDirectorsReport|0|ar|16,AIHO,ar,0,0,0,0.0034,0.1,0,0
IHCO|2021-05-06|NotesListOfNotes|ifrs-full_DisclosureOfSummaryOfSignificantAccountingPoliciesExplanatory|0|ar|34,IHCO,ar,4,0,0,0.0225,0.3600000000000001,0,0
INVB|2021-05-18|NotesListOfNotes|ifrs-full_DisclosureOfIncomeTaxExplanatory|0|ar|27,INVB,ar,1,0,0,0.046,0.8200000000000002,0,0
NDAR|2024-03-31|NotesListOfNotes|ifrs-full_DisclosureOfSummaryOfSignificantAccountingPoliciesExplanatory|0|ar|31,NDAR,ar,1,0,0,0.0116,0.8200000000000002,0,0
INVB|2023-04-27|DisclosuresAuditorsReport|jsc_OtherInformationIncludedInBanksAnnualReportExplanatory|0|ar|32,INVB,ar,1,0,0,0.0091,0.8200000000000002,0,0
AEIV|2021-05-04|DisclosuresDirectorsReport|jsc_DescriptionOfCompanysMainActivitiesWithTheirRespectiveGeographicalLocationsSizeOfCapitalInvestmentAndNumberOfEmployees|0|ar|5,AEIV,ar,3,0,0,0.0013,0.66,0,0
JTEL|2021-04-29|DisclosuresDirectorsReport|jsc_DisclosureOfCompanysAccomplishmentsSupportedByQuantitativeIndicatorsAndDescriptionOfSignificantOccurrencesToCompanyDuringFiscalYear|0|ar|10,JTEL,ar,2,0,0,0.0032,0.14,0,0
AQAR|2022-03-29|NotesListOfNotes|ifrs-full_DisclosureOfLiquidityRiskExplanatory|0|ar|1,AQAR,ar,3,0,0,0.0014,0.66,0,0
JOTF|2023-03-27|NotesListOfNotes|ifrs-full_DisclosureOfSummaryOfSignificantAccountingPoliciesExplanatory|0|ar|148,JOTF,ar,4,0,0,0.0039,0.3600000000000001,0,0
SPTI|2022-03-30|NotesListOfNotes|ifrs-full_DisclosureOfGeneralInformationAboutFinancialStatementsExplanatory|0|ar|1,SPTI,ar,0,0,0,0.0025,0.1,0,0
JTEL|2022-04-27|CorporateGovernanceReport|jsc-rep_DisclosureOfAllMembershipsOfBoardsOfDirectorsHeldByAMemberOfBoardOfDirectorsInPublicShareholdingCompaniesIfAny|0|ar|0,JTEL,ar,2,0,0,0.0038,0.14,0,0
JOFR|2023-04-27|NotesListOfNotes|ifrs-full_DisclosureOfSummaryOfSignificantAccountingPoliciesExplanatory|0|ar|5,JOFR,ar,3,0,0,0.0015,0.66,0,0
ABCO|2025-08-14|DisclosuresAuditorsReport|jsc_KeyAuditMattersExplanatory|0|ar|11,ABCO,ar,1,0,0,0.0364,0.8200000000000002,0,0
ZARA|2023-04-30|DisclosuresAuditorsReport|jsc_KeyAuditMattersExplanatory|0|ar|3,ZARA,ar,1,0,0,0.028,0.8200000000000002,0,0
ZARA|2024-04-29|NotesListOfNotes|ifrs-full_DisclosureOfNotesAndOtherExplanatoryInformationExplanatory|0|ar|91,ZARA,ar,1,0,0,0.0403,0.8200000000000002,0,0
ZARA|2021-04-30|CorporateGovernanceReport|jsc-rep_DisclosureOfInformationAndDetailsRegardingApplicationOfProvisionsOfTheseInstructionsAndCorporateGovernanceRulesInCompany|0|ar|4,ZARA,ar,1,0,0,0.0157,0.8200000000000002,0,0
JMRC|2022-02-15|CorporateGovernanceReport|jsc-rep_DisclosureOfNameOfChairmanAndMembersOfNominationAndRemunerationCommitteeCorporateGovernanceCommitteeAndRiskManagementCommittee|0|ar|9,JMRC,ar,4,0,0,0.0091,0.3600000000000001,0,0
ABCO|2024-03-30|DisclosuresDirectorsReport|jsc_TheMembersOfBoardOfDirectorsNamesAndNamesAndRanksOfSeniorExecutiveManagementWithBriefResumeOfEach|0|ar|140,ABCO,ar,1,0,0,0.0335,0.8200000000000002,0,0
AMAL|2021-04-30|NotesListOfNotes|jsc-rep_DisclosureOfRiskManagement|0|ar|7,AMAL,ar,3,0,0,0.0014,0.66,0,0
ARBK|2025-04-06|NotesListOfNotes|ifrs-full_DisclosureOfSummaryOfSignificantAccountingPoliciesExplanatory|0|ar|124,ARBK,ar,0,0,0,0.0027,0.1,0,0
JTEL|2024-04-25|DisclosuresDirectorsReport|jsc_TheMembersOfBoardOfDirectorsNamesAndNamesAndRanksOfSeniorExecutiveManagementWithBriefResumeOfEach|0|ar|27,JTEL,ar,2,0,0,0.9934,0.14,1,0
HPIC|2021-03-31|Declarations|jsc-rep_DeclarationByBoardOfDirectorsAffirmingItsResponsibilityForPreparationOfFinancialStatementsAndForProvisionOfEffectiveSystemOfControlsWithinCompany|0|ar|2,HPIC,ar,2,0,0,0.0039,0.14,0,0
ABCO|2022-03-30|NotesListOfNotes|ifrs-full_DisclosureOfSummaryOfSignificantAccountingPoliciesExplanatory|0|ar|26,ABCO,ar,1,0,0,0.041,0.8200000000000002,0,0
JDFS|2022-03-27|DisclosuresDirectorsReport|jsc_DisclosureOfAnyGovernmentProtectionOrAnyConcessionGrantedToCompanyOrToAnyOfItsProductsPursuantToLawsRegulationsOrOtherwiseWithSpecificationOfEffectivePeriodThereofAsWellAsDescriptionOfAnyPatentsOrLicensingRightsObtainedByCompany|0|ar|11,JDFS,ar,3,0,0,0.0023,0.66,0,0
LEAS|2025-04-06|DisclosuresAuditorsReport|jsc_DisclosureOfAuditorsReportTextBlock|0|ar|26,LEAS,ar,1,0,0,0.0224,0.8200000000000002,0,0
LEAS|2022-03-30|NotesListOfNotes|ifrs-full_DisclosureOfBasisOfConsolidationExplanatory|0|ar|0,LEAS,ar,1,0,0,0.0473,0.8200000000000002,0,0
AMAL|2022-06-30|DisclosuresAuditorsReport|jsc_AuditorsResponsibilitiesForAuditOfFinancialStatementsExplanatory|0|ar|8,AMAL,ar,3,0,0,0.0016,0.66,0,0
HPIC|2023-03-29|DisclosuresAuditorsReport|jsc_DisclosureOfAuditorsReportTextBlock|0|ar|5,HPIC,ar,2,0,0,0.0042,0.14,0,0
JTEL|2025-04-24|DisclosuresDirectorsReport|jsc_DisclosureOfCompanysAccomplishmentsSupportedByQuantitativeIndicatorsAndDescriptionOfSignificantOccurrencesToCompanyDuringFiscalYear|0|ar|57,JTEL,ar,2,0,0,0.0034,0.14,0,0
APOT|2022-04-27|NotesListOfNotes|ifrs-full_DisclosureOfBasisOfConsolidationExplanatory|0|ar|3,APOT,ar,3,0,0,0.0015,0.66,0,0
JTEL|2021-04-29|NotesListOfNotes|ifrs-full_DisclosureOfOtherCurrentLiabilitiesExplanatory|0|ar|2,JTEL,ar,2,0,0,0.9984,0.14,1,0
JOFR|2023-04-27|DisclosuresAuditorsReport|jsc_OtherInformationIncludedInBanksAnnualReportExplanatory|0|ar|3,JOFR,ar,3,0,0,0.0016,0.66,0,0
ABCO|2024-03-30|NotesListOfNotes|ifrs-full_DisclosureOfSummaryOfSignificantAccountingPoliciesExplanatory|0|ar|323,ABCO,ar,1,0,0,0.0298,0.8200000000000002,0,0
ZARA|2024-04-29|NotesListOfNotes|ifrs-full_DisclosureOfNotesAndOtherExplanatoryInformationExplanatory|0|ar|13,ZARA,ar,1,0,0,0.0311,0.8200000000000002,0,0
JDFS|2021-06-24|DisclosuresDirectorsReport|jsc_TheMembersOfBoardOfDirectorsNamesAndNamesAndRanksOfSeniorExecutiveManagementWithBriefResumeOfEach|0|ar|0,JDFS,ar,3,0,0,0.0017,0.66,0,0
ZARA|2023-04-30|NotesListOfNotes|ifrs-full_DisclosureOfRelatedPartyExplanatory|0|ar|11,ZARA,ar,1,0,0,0.0407,0.8200000000000002,0,0
FUTR|2025-04-30|DisclosuresAuditorsReport|jsc_DisclosureOfAuditorsReportTextBlock|0|ar|12,FUTR,ar,1,0,0,0.0541,0.8200000000000002,0,0
AMAL|2023-04-30|DisclosuresAuditorsReport|jsc_KeyAuditMattersExplanatory|0|ar|0,AMAL,ar,3,0,0,0.0013,0.66,0,0
THBK|2024-03-31|DisclosuresDirectorsReport|jsc_TheMembersOfBoardOfDirectorsNamesAndNamesAndRanksOfSeniorExecutiveManagementWithBriefResumeOfEach|0|ar|0,THBK,ar,1,0,0,0.0438,0.8200000000000002,0,0
JOPT|2023-04-30|NotesListOfNotes|ifrs-full_DisclosureOfSummaryOfSignificantAccountingPoliciesExplanatory|0|ar|9,JOPT,ar,0,0,0,0.0034,0.1,0,0
LEAS|2025-04-06|DisclosuresAuditorsReport|jsc_DisclosureOfAuditorsReportTextBlock|0|ar|16,LEAS,ar,1,0,0,0.011,0.8200000000000002,0,0
APOT|2022-04-27|NotesListOfNotes|ifrs-full_DisclosureOfEntitysReportableSegmentsExplanatory|0|ar|2,APOT,ar,3,0,0,0.0021,0.66,0,0
SITT|2025-04-27|CorporateGovernanceReport|jsc-rep_DisclosureOfNameOfChairmanAndMembersOfAuditCommitteeAndADescriptionOfTheirQualificationsAndExperienceInFinancialOrAccountingMatters|0|ar|1,SITT,ar,4,0,0,0.004,0.3600000000000001,0,0
VFED|2022-03-24|NotesListOfNotes|jsc-rep_DisclosureOfTradeAndOtherCurrentReceivables|0|ar|0,VFED,ar,4,0,0,0.0026,0.3600000000000001,0,0
APOT|2023-04-27|DisclosuresChairmansStatement|jsc_DisclosureOfStatementOfBoardOfDirectorsChairman|0|ar|0,APOT,ar,3,0,0,0.0037,0.66,0,0
APOT|2024-04-29|DisclosuresAuditorsReport|jsc_DisclosureOfAuditorsReportTextBlock|0|ar|18,APOT,ar,3,0,0,0.0014,0.66,0,0
HPIC|2022-03-29|NotesListOfNotes|ifrs-full_DisclosureOfSummaryOfSignificantAccountingPoliciesExplanatory|0|ar|22,HPIC,ar,2,0,0,0.0024,0.14,0,0
ABCO|2024-03-30|DisclosuresDirectorsReport|jsc_DisclosureOfStatementThatIndicatesIssuingCompanysContractsProjectsAndEngagementsConcludedWithItsSubsidiariesSisterCompaniesOrAffiliatesAsWellAsThoseWithChairmanOfBoardOfDirectorsMembersOfBoardOfDirectorsChiefExecutiveOfficerOrAnyEmployeeOfCompanyOrRelativesThereof|0|ar|6,ABCO,ar,1,0,0,0.0396,0.8200000000000002,0,0
ARBK|2022-04-03|NotesListOfNotes|ifrs-full_DisclosureOfCashAndCashEquivalentsExplanatory|0|ar|0,ARBK,ar,0,0,0,0.0027,0.1,0,0
APOT|2023-04-27|DisclosuresDirectorsReport|jsc_DisclosureOfCompanysContributionToEnvironmentalProtectionAndLocalCommunityService|0|ar|32,APOT,ar,3,0,0,0.0019,0.66,0,0
APOT|2021-04-27|NotesListOfNotes|jsc-rep_DisclosureOfNonCurrentBorrowings|0|ar|11,APOT,ar,3,0,0,0.002,0.66,0,0
APOT|2025-04-21|NotesListOfNotes|ifrs-full_DisclosureOfSummaryOfSignificantAccountingPoliciesExplanatory|0|ar|126,APOT,ar,3,0,0,0.0014,0.66,0,0
SITT|2022-04-28|NotesListOfNotes|ifrs-full_DisclosureOfAccountingJudgementsAndEstimatesExplanatory|0|ar|1,SITT,ar,4,0,0,0.0039,0.3600000000000001,0,0
JEDI|2023-03-21|NotesListOfNotes|ifrs-full_DisclosureOfProvisionsExplanatory|0|ar|1,JEDI,ar,4,0,0,0.0049,0.3600000000000001,0,0
JOPT|2024-04-30|DisclosuresDirectorsReport|jsc_DisclosureOfCompanysAccomplishmentsSupportedByQuantitativeIndicatorsAndDescriptionOfSignificantOccurrencesToCompanyDuringFiscalYear|0|ar|34,JOPT,ar,0,0,0,0.0029,0.1,0,0
SURA|2023-03-31|CorporateGovernanceReport|jsc-rep_DisclosureOfNumberOfMeetingsOfCommitteesDuringYearWithStatementOfMembersPresent|0|ar|1,SURA,ar,1,0,0,0.0268,0.8200000000000002,0,0
JVOI|2023-02-21|DisclosuresDirectorsReport|jsc_CompanysCompetitivePositionWithinItsSectorAndMainMarketSegmentsAsWellAsItsShareOfLocalMarketAndInternationalMarketIfPossible|0|ar|4,JVOI,ar,0,0,0,0.0026,0.1,0,0
APOT|2025-04-21|CorporateGovernanceReport|jsc-rep_DisclosureOfNamesOfCurrentAndResigningBoardMembersDuringYearAndDeterminingWhetherMemberIsExecutiveNonExecutiveIndependentOrNonIndependent|0|ar|0,APOT,ar,3,0,0,0.0018,0.66,0,0
NDAR|2022-03-31|DisclosuresDirectorsReport|jsc_DisclosureOfImportantProspectiveDevelopmentsIncludingAnyNewExpansionsAndProjectsCompanysProposedPlanForAtLeastOneUpcomingYearAndBoardOfDirectorsForecastsForOutcomesOfCompanyActivities|0|ar|3,NDAR,ar,1,0,0,0.0229,0.8200000000000002,0,0
HPIC|2023-03-29|NotesListOfNotes|ifrs-full_DisclosureOfFinancialRiskManagementExplanatory|0|ar|3,HPIC,ar,2,0,0,0.0025,0.14,0,0
NDAR|2021-04-15|NotesListOfNotes|ifrs-full_DisclosureOfSummaryOfSignificantAccountingPoliciesExplanatory|0|ar|118,NDAR,ar,1,0,0,0.0188,0.8200000000000002,0,0
APOT|2025-04-21|DisclosuresAuditorsReport|jsc_AuditorsOpinionBasisExplanatory|0|ar|0,APOT,ar,3,0,0,0.0015,0.66,0,0
JDFS|2021-06-24|NotesListOfNotes|ifrs-full_DisclosureOfChangesInAccountingPoliciesExplanatory|0|ar|15,JDFS,ar,3,0,0,0.0013,0.66,0,0
JMRC|2024-02-29|DisclosuresDirectorsReport|jsc_TheMembersOfBoardOfDirectorsNamesAndNamesAndRanksOfSeniorExecutiveManagementWithBriefResumeOfEach|0|ar|156,JMRC,ar,4,0,0,0.0037,0.3600000000000001,0,0
ARBK|2022-04-03|NotesListOfNotes|ifrs-full_DisclosureOfSummaryOfSignificantAccountingPoliciesExplanatory|0|ar|124,ARBK,ar,0,0,0,0.0027,0.1,0,0
MSFT|2022-03-29|DisclosuresAuditorsReport|jsc_DisclosureOfAuditorsReportTextBlock|0|ar|9,MSFT,ar,2,0,0,0.0054,0.14,0,0
JTEL|2023-04-27|NotesListOfNotes|jsc-rep_DisclosureOfNewAndRevisedStandardsNote|0|ar|39,JTEL,ar,2,0,0,0.0033,0.14,0,0
JMRC|2023-02-22|DisclosuresDirectorsReport|jsc_DescriptionOfSubsidiaryCompaniesNatureOfTheirBusinessAndTheirAreasOfActivity|0|ar|0,JMRC,ar,4,0,0,0.0026,0.3600000000000001,0,0
INVB|2021-05-18|NotesListOfNotes|jsc-rep_DisclosureOfLawSuits|0|ar|7,INVB,ar,1,0,0,0.0279,0.8200000000000002,0,0
JOPT|2023-04-30|NotesListOfNotes|jsc-rep_DisclosureOfTradeAndOtherCurrentReceivables|0|ar|23,JOPT,ar,0,0,0,0.0026,0.1,0,0
JTEL|2025-04-24|NotesListOfNotes|jsc-rep_DisclosureOfBusinessSupportFeesAndBrandFees|0|ar|3,JTEL,ar,2,0,0,0.0023,0.14,0,0
ABCO|2024-03-30|NotesListOfNotes|ifrs-full_DisclosureOfCreditRiskExplanatory|0|ar|1,ABCO,ar,1,0,0,0.1646,0.8200000000000002,0,0
NAST|2025-02-27|DisclosuresAuditorsReport|jsc_AuditorsReportOnFinancialStatements|0|ar|0,NAST,ar,0,0,0,0.0025,0.1,0,0
APOT|2024-04-29|CorporateGovernanceReport|jsc-rep_DisclosureOfAllMembershipsOfBoardsOfDirectorsHeldByAMemberOfBoardOfDirectorsInPublicShareholdingCompaniesIfAny|0|ar|0,APOT,ar,3,0,0,0.0018,0.66,0,0
JOPT|2024-04-30|CorporateGovernanceReport|jsc-rep_DisclosureOfInformationAndDetailsRegardingApplicationOfProvisionsOfTheseInstructionsAndCorporateGovernanceRulesInCompany|0|ar|119,JOPT,ar,0,0,0,0.0029,0.1,0,0
AMAL|2025-04-24|DisclosuresAuditorsReport|jsc_AuditorsResponsibilitiesForAuditOfFinancialStatementsExplanatory|0|ar|1,AMAL,ar,3,0,0,0.0013,0.66,0,0
ARBK|2021-05-20|DisclosuresDirectorsReport|jsc_DisclosureOfCompanysContributionToEnvironmentalProtectionAndLocalCommunityService|0|ar|68,ARBK,ar,0,0,0,0.0039,0.1,0,0
SITT|2024-04-29|CorporateGovernanceReport|jsc-rep_DisclosureOfInformationAndDetailsRegardingApplicationOfProvisionsOfTheseInstructionsAndCorporateGovernanceRulesInCompany|0|ar|12,SITT,ar,4,0,0,0.0025,0.3600000000000001,0,0
ABCO|2021-04-25|DisclosuresAuditorsReport|jsc_DisclosureOfAuditorsReportTextBlock|0|ar|82,ABCO,ar,1,0,0,0.0104,0.8200000000000002,0,0
JOFR|2023-04-27|DisclosuresDirectorsReport|jsc_DisclosureOfCompanysContributionToEnvironmentalProtectionAndLocalCommunityService|0|ar|1,JOFR,ar,3,0,0,0.0016,0.66,0,0
NAST|2021-03-16|Declarations|jsc-rep_DeclarationFromBoardOfDirectorsThatThereAreNoSubstantialMattersDisaffectingCompanysContinuityDuringNextFiscalYear|0|ar|0,NAST,ar,0,0,0,0.0026,0.1,0,0
JOPT|2024-04-30|DisclosuresDirectorsReport|jsc_DisclosureOfStatementThatIndicatesNumberOfSecuritiesIssuedByCompanyWhichAreOwnedByAnyMemberOfItsBoardOfDirectorsAnyMemberOfItsSeniorExecutiveManagementOrAnyOfTheirRelativesAListOfCompaniesControlledByAnyOfSuchProvidedAllOfTheAboveIsBenchmarkedAgainstThePrecedingYear|0|ar|4,JOPT,ar,0,0,0,0.004,0.1,0,0
ABCO|2022-03-30|NotesListOfNotes|jsc-rep_DisclosureOfStatutoryReserves|0|ar|3,ABCO,ar,1,0,0,0.023,0.8200000000000002,0,0
JOPT|2021-06-16|NotesListOfNotes|jsc-rep_DisclosureOfTradeAndOtherCurrentReceivables|0|ar|23,JOPT,ar,0,0,0,0.0026,0.1,0,0
ARBK|2024-04-28|NotesListOfNotes|ifrs-full_DisclosureOfInterestIncomeExplanatory|0|ar|1,ARBK,ar,0,0,0,0.0024,0.1,0,0
ARBK|2022-04-03|DisclosuresDirectorsReport|jsc_DisclosureOfCompanysRiskExposure|0|ar|84,ARBK,ar,0,0,0,0.0033,0.1,0,0
HPIC|2023-03-29|NotesListOfNotes|jsc-rep_DisclosureOfCapitalManagement|0|ar|0,HPIC,ar,2,0,0,0.0028,0.14,0,0
DERA|2025-07-31|DisclosuresDirectorsReport|jsc_DisclosureOfChronologyOfRealizedProfitsOrLossesDividendsShareholdersNetEquityAndPricesOfSecuritiesIssuedByCompanyForMinimumPeriodOfFiveYearsOrForPeriodSinceEstablishmentOfCompanyWhicheverIsLessTogetherWithGraphicRepresentationThereofWherePossible|0|ar|0,DERA,ar,1,0,0,0.0102,0.8200000000000002,0,0
ZARA|2025-04-30|DisclosuresAuditorsReport|jsc_AuditorsReportOnFinancialStatements|0|ar|0,ZARA,ar,1,0,0,0.0102,0.8200000000000002,0,0
JOKB|2025-04-17|NotesListOfNotes|ifrs-full_DisclosureOfAccountingJudgementsAndEstimatesExplanatory|0|ar|11,JOKB,ar,2,0,0,0.003,0.14,0,0
JTEL|2023-04-27|NotesListOfNotes|ifrs-full_DisclosureOfBasisOfConsolidationExplanatory|0|ar|8,JTEL,ar,2,0,0,0.0068,0.14,0,0
JOPT|2021-06-16|DisclosuresDirectorsReport|jsc_DisclosureOfBenefitsAndRemunerationsOfChairmanMembersOfBoardOfDirectorsAndSeniorExecutiveManagementDuringTheFiscalYearIncludingPaymentsReceivedByAnyOfThemSuchAsFeesSalariesBonusesAndOtherwiseAndTheirTravelAndTransportExpensesWithinKingdomAndAbroad|0|ar|37,JOPT,ar,0,0,0,0.0025,0.1,0,0
JOPT|2025-04-30|NotesListOfNotes|ifrs-full_DisclosureOfSummaryOfSignificantAccountingPoliciesExplanatory|0|ar|143,JOPT,ar,0,0,0,0.0104,0.1,0,0
ABCO|2021-04-25|NotesListOfNotes|ifrs-full_DisclosureOfSummaryOfSignificantAccountingPoliciesExplanatory|0|ar|244,ABCO,ar,1,0,0,0.019,0.8200000000000002,0,0
JDFS|2021-06-24|DisclosuresAuditorsReport|jsc_AuditorsResponsibilitiesForAuditOfFinancialStatementsExplanatory|0|ar|12,JDFS,ar,3,0,0,0.0017,0.66,0,0
ABCO|2022-03-30|DisclosuresDirectorsReport|jsc_TheMembersOfBoardOfDirectorsNamesAndNamesAndRanksOfSeniorExecutiveManagementWithBriefResumeOfEach|0|ar|134,ABCO,ar,1,0,0,0.0412,0.8200000000000002,0,0
JVOI|2022-03-15|DisclosuresAuditorsReport|jsc_DisclosureOfAuditorsReportTextBlock|0|ar|32,JVOI,ar,0,0,0,0.0025,0.1,0,0
NATA|2022-03-21|CorporateGovernanceReport|jsc-rep_DisclosureOfNumberOfMeetingsOfCommitteesDuringYearWithStatementOfMembersPresent|0|ar|18,NATA,ar,1,0,0,0.0184,0.8200000000000002,0,0
MSFT|2021-03-31|CorporateGovernanceReport|jsc-rep_DisclosureOfInformationAndDetailsRegardingApplicationOfProvisionsOfTheseInstructionsAndCorporateGovernanceRulesInCompany|0|ar|27,MSFT,ar,2,0,0,0.0037,0.14,0,0
AMAL|2024-04-29|NotesListOfNotes|jsc-rep_DisclosureOfTradeAndOtherCurrentReceivables|0|ar|1,AMAL,ar,3,0,0,0.0014,0.66,0,0
ABCO|2025-08-14|NotesListOfNotes|ifrs-full_DisclosureOfAccountingJudgementsAndEstimatesExplanatory|0|ar|40,ABCO,ar,1,0,0,0.0348,0.8200000000000002,0,0
SITT|2024-04-29|CorporateGovernanceReport|jsc-rep_DisclosureOfNumberOfBoardMeetingsDuringYearWithMembersPresent|0|ar|0,SITT,ar,4,0,0,0.0027,0.3600000000000001,0,0
JTEL|2021-04-29|DisclosuresAuditorsReport|jsc_AuditorsOpinionBasisExplanatory|0|ar|0,JTEL,ar,2,0,0,0.0052,0.14,0,0
JVOI|2022-03-15|DisclosuresChairmansStatement|jsc_DisclosureOfStatementOfBoardOfDirectorsChairman|0|ar|14,JVOI,ar,0,0,0,0.0028,0.1,0,0
JOKB|2025-04-17|NotesListOfNotes|ifrs-full_DisclosureOfSummaryOfSignificantAccountingPoliciesExplanatory|0|ar|389,JOKB,ar,2,0,0,0.0034,0.14,0,0
THBK|2023-03-31|DisclosuresAuditorsReport|jsc_DisclosureOfAuditorsReportTextBlock|0|ar|19,THBK,ar,1,0,0,0.0361,0.8200000000000002,0,0
NAAI|2023-03-31|NotesListOfNotes|jsc-rep_DisclosureOfStandardsIssuedButNotYetEffective|0|ar|28,NAAI,ar,3,0,0,0.0013,0.66,0,0
THBK|2021-03-31|CorporateGovernanceReport|jsc-rep_DisclosureOfNameOfChairmanAndMembersOfAuditCommitteeAndADescriptionOfTheirQualificationsAndExperienceInFinancialOrAccountingMatters|0|ar|15,THBK,ar,1,0,0,0.0271,0.8200000000000002,0,0
THBK|2024-03-31|NotesListOfNotes|ifrs-full_DisclosureOfCreditRiskExplanatory|0|ar|25,THBK,ar,1,0,0,0.0189,0.8200000000000002,0,0
APOT|2025-04-21|NotesListOfNotes|ifrs-full_DisclosureOfSummaryOfSignificantAccountingPoliciesExplanatory|0|ar|133,APOT,ar,3,0,0,0.0013,0.66,0,0
AHLI|2022-04-02|DisclosuresChairmansStatement|jsc_DisclosureOfStatementOfBoardOfDirectorsChairman|0|en|10,AHLI,en,1,1,1,0.9949,0.8200000000000002,1,1
AHLI|2022-04-02|DisclosuresChairmansStatement|jsc_DisclosureOfStatementOfBoardOfDirectorsChairman|0|en|11,AHLI,en,1,1,1,0.9954,0.8200000000000002,1,1
AHLI|2022-04-02|DisclosuresDirectorsReport|jsc_DescriptionOfSubsidiaryCompaniesNatureOfTheirBusinessAndTheirAreasOfActivity|0|en|47,AHLI,en,1,1,1,0.7588,0.8200000000000002,0,0
AHLI|2022-04-02|DisclosuresDirectorsReport|jsc_DescriptionOfSubsidiaryCompaniesNatureOfTheirBusinessAndTheirAreasOfActivity|0|en|49,AHLI,en,1,1,1,0.9948,0.8200000000000002,1,1
AHLI|2022-04-02|DisclosuresDirectorsReport|jsc_DisclosureOfCompanysAccomplishmentsSupportedByQuantitativeIndicatorsAndDescriptionOfSignificantOccurrencesToCompanyDuringFiscalYear|0|en|57,AHLI,en,1,1,1,0.995,0.8200000000000002,1,1
AHLI|2022-04-02|DisclosuresDirectorsReport|jsc_DisclosureOfCompanysContributionToEnvironmentalProtectionAndLocalCommunityService|0|en|51,AHLI,en,1,1,1,0.8349,0.8200000000000002,1,1
AHLI|2022-04-02|DisclosuresDirectorsReport|jsc_DisclosureOfImportantProspectiveDevelopmentsIncludingAnyNewExpansionsAndProjectsCompanysProposedPlanForAtLeastOneUpcomingYearAndBoardOfDirectorsForecastsForOutcomesOfCompanyActivities|0|en|17,AHLI,en,1,1,1,0.9908,0.8200000000000002,1,1
AHLI|2023-04-27|DisclosuresDirectorsReport|jsc_DescriptionOfSubsidiaryCompaniesNatureOfTheirBusinessAndTheirAreasOfActivity|0|en|31,AHLI,en,1,1,1,0.9939,0.8200000000000002,1,1
AHLI|2023-04-27|DisclosuresDirectorsReport|jsc_DisclosureOfCompanysAccomplishmentsSupportedByQuantitativeIndicatorsAndDescriptionOfSignificantOccurrencesToCompanyDuringFiscalYear|0|en|32,AHLI,en,1,1,1,0.9945,0.8200000000000002,1,1
AHLI|2023-04-27|DisclosuresDirectorsReport|jsc_DisclosureOfCompanysContributionToEnvironmentalProtectionAndLocalCommunityService|0|en|20,AHLI,en,1,1,1,0.9953,0.8200000000000002,1,1
RMCC|2021-05-18|DisclosuresDirectorsReport|jsc_DisclosureOfImportantProspectiveDevelopmentsIncludingAnyNewExpansionsAndProjectsCompanysProposedPlanForAtLeastOneUpcomingYearAndBoardOfDirectorsForecastsForOutcomesOfCompanyActivities|0|en|3,RMCC,en,2,0,1,0.0202,0.14,0,0
RMCC|2025-03-24|DisclosuresDirectorsReport|jsc_DisclosureOfIssuingCompanysOrganizationalChartNumberOfItsEmployeesAndTheirClassesOfQualificationAndItsPersonnelQualifyingAndTrainingPrograms|0|en|0,RMCC,en,2,0,1,0.9973,0.14,1,1
AHLI|2024-04-29|DisclosuresChairmansStatement|jsc_DisclosureOfStatementOfBoardOfDirectorsChairman|0|en|39,AHLI,en,1,1,1,0.0114,0.8200000000000002,0,0
AHLI|2024-04-29|DisclosuresDirectorsReport|jsc_DescriptionOfCompanysMainActivitiesWithTheirRespectiveGeographicalLocationsSizeOfCapitalInvestmentAndNumberOfEmployees|0|en|67,AHLI,en,1,1,1,0.9956,0.8200000000000002,1,1
AHLI|2024-04-29|DisclosuresDirectorsReport|jsc_DescriptionOfCompanysMainActivitiesWithTheirRespectiveGeographicalLocationsSizeOfCapitalInvestmentAndNumberOfEmployees|0|en|69,AHLI,en,1,1,1,0.9943,0.8200000000000002,1,1
AHLI|2024-04-29|DisclosuresDirectorsReport|jsc_DisclosureOfCompanysContributionToEnvironmentalProtectionAndLocalCommunityService|0|en|96,AHLI,en,1,1,1,0.9949,0.8200000000000002,1,1
AHLI|2024-04-29|DisclosuresDirectorsReport|jsc_DisclosureOfCompanysContributionToEnvironmentalProtectionAndLocalCommunityService|0|en|98,AHLI,en,1,1,1,0.9953,0.8200000000000002,1,1
CAPL|2024-04-29|DisclosuresDirectorsReport|jsc_DisclosureOfDirectorsReport|0|en|80,CAPL,en,3,0,1,0.9758,0.66,1,1
CAPL|2024-04-29|DisclosuresDirectorsReport|jsc_DisclosureOfDirectorsReport|0|en|83,CAPL,en,3,0,1,0.9602,0.66,1,1
CAPL|2024-04-29|DisclosuresDirectorsReport|jsc_DisclosureOfDirectorsReport|0|en|94,CAPL,en,3,1,1,0.992,0.66,1,1
CAPL|2024-04-29|DisclosuresDirectorsReport|jsc_DisclosureOfDirectorsReport|0|en|125,CAPL,en,3,1,1,0.7839,0.66,1,1
CAPL|2024-04-29|DisclosuresDirectorsReport|jsc_DisclosureOfDirectorsReport|0|en|132,CAPL,en,3,1,1,0.9971,0.66,1,1
CAPL|2024-04-29|DisclosuresDirectorsReport|jsc_DisclosureOfDirectorsReport|0|en|133,CAPL,en,3,0,1,0.3438,0.66,0,0
CAPL|2024-04-29|DisclosuresDirectorsReport|jsc_DisclosureOfDirectorsReport|0|en|135,CAPL,en,3,1,1,0.9962,0.66,1,1
CAPL|2024-04-29|DisclosuresDirectorsReport|jsc_DisclosureOfDirectorsReport|0|en|137,CAPL,en,3,1,1,0.9942,0.66,1,1
CAPL|2024-04-29|DisclosuresDirectorsReport|jsc_DisclosureOfDirectorsReport|0|en|139,CAPL,en,3,1,1,0.9971,0.66,1,1
CAPL|2024-04-29|DisclosuresDirectorsReport|jsc_DisclosureOfDirectorsReport|0|en|141,CAPL,en,3,1,1,0.9952,0.66,1,1
CAPL|2024-04-29|DisclosuresDirectorsReport|jsc_DisclosureOfImportantProspectiveDevelopmentsIncludingAnyNewExpansionsAndProjectsCompanysProposedPlanForAtLeastOneUpcomingYearAndBoardOfDirectorsForecastsForOutcomesOfCompanyActivities|0|en|7,CAPL,en,3,1,1,0.9977,0.66,1,1
RMCC|2022-03-30|DisclosuresDirectorsReport|jsc_DisclosureOfImportantProspectiveDevelopmentsIncludingAnyNewExpansionsAndProjectsCompanysProposedPlanForAtLeastOneUpcomingYearAndBoardOfDirectorsForecastsForOutcomesOfCompanyActivities|0|en|0,RMCC,en,2,0,1,0.8887,0.14,1,1
RMCC|2022-03-30|DisclosuresDirectorsReport|jsc_DisclosureOfIssuingCompanysOrganizationalChartNumberOfItsEmployeesAndTheirClassesOfQualificationAndItsPersonnelQualifyingAndTrainingPrograms|0|en|1,RMCC,en,2,0,1,0.6565,0.14,1,1
AHLI|2021-05-09|DisclosuresChairmansStatement|jsc_DisclosureOfStatementOfBoardOfDirectorsChairman|0|en|18,AHLI,en,1,1,1,0.9954,0.8200000000000002,1,1
AHLI|2021-05-09|DisclosuresDirectorsReport|jsc_DescriptionOfSubsidiaryCompaniesNatureOfTheirBusinessAndTheirAreasOfActivity|0|en|33,AHLI,en,1,1,1,0.8245,0.8200000000000002,1,1
AHLI|2021-05-09|DisclosuresDirectorsReport|jsc_DescriptionOfSubsidiaryCompaniesNatureOfTheirBusinessAndTheirAreasOfActivity|0|en|34,AHLI,en,1,1,1,0.9945,0.8200000000000002,1,1
AHLI|2021-05-09|DisclosuresDirectorsReport|jsc_DisclosureOfCompanysAccomplishmentsSupportedByQuantitativeIndicatorsAndDescriptionOfSignificantOccurrencesToCompanyDuringFiscalYear|0|en|49,AHLI,en,1,0,1,0.3636,0.8200000000000002,0,0
AHLI|2021-05-09|DisclosuresDirectorsReport|jsc_DisclosureOfCompanysContributionToEnvironmentalProtectionAndLocalCommunityService|0|en|55,AHLI,en,1,1,1,0.992,0.8200000000000002,1,1
AHLI|2025-04-30|DisclosuresChairmansStatement|jsc_DisclosureOfStatementOfBoardOfDirectorsChairman|0|en|45,AHLI,en,1,1,1,0.9955,0.8200000000000002,1,1
AHLI|2025-04-30|DisclosuresChairmansStatement|jsc_DisclosureOfStatementOfBoardOfDirectorsChairman|0|en|47,AHLI,en,1,1,1,0.9948,0.8200000000000002,1,1
AHLI|2025-04-30|DisclosuresChairmansStatement|jsc_DisclosureOfStatementOfBoardOfDirectorsChairman|0|en|48,AHLI,en,1,1,1,0.9951,0.8200000000000002,1,1
AHLI|2025-04-30|DisclosuresChairmansStatement|jsc_DisclosureOfStatementOfBoardOfDirectorsChairman|0|en|59,AHLI,en,1,1,1,0.0323,0.8200000000000002,0,0
AHLI|2025-04-30|DisclosuresDirectorsReport|jsc_DisclosureOfCompanysAccomplishmentsSupportedByQuantitativeIndicatorsAndDescriptionOfSignificantOccurrencesToCompanyDuringFiscalYear|0|en|67,AHLI,en,1,0,1,0.0154,0.8200000000000002,0,0
AHLI|2025-04-30|DisclosuresDirectorsReport|jsc_DisclosureOfCompanysAccomplishmentsSupportedByQuantitativeIndicatorsAndDescriptionOfSignificantOccurrencesToCompanyDuringFiscalYear|0|en|92,AHLI,en,1,1,1,0.9955,0.8200000000000002,1,1
AHLI|2025-04-30|DisclosuresDirectorsReport|jsc_DisclosureOfCompanysAccomplishmentsSupportedByQuantitativeIndicatorsAndDescriptionOfSignificantOccurrencesToCompanyDuringFiscalYear|0|en|93,AHLI,en,1,1,1,0.9954,0.8200000000000002,1,1
AHLI|2025-04-30|DisclosuresDirectorsReport|jsc_DisclosureOfCompanysContributionToEnvironmentalProtectionAndLocalCommunityService|0|en|124,AHLI,en,1,1,1,0.9951,0.8200000000000002,1,1
AHLI|2025-04-30|DisclosuresDirectorsReport|jsc_DisclosureOfImportantProspectiveDevelopmentsIncludingAnyNewExpansionsAndProjectsCompanysProposedPlanForAtLeastOneUpcomingYearAndBoardOfDirectorsForecastsForOutcomesOfCompanyActivities|0|en|19,AHLI,en,1,1,1,0.9951,0.8200000000000002,1,1
AHLI|2025-04-30|DisclosuresDirectorsReport|jsc_DisclosureOfImportantProspectiveDevelopmentsIncludingAnyNewExpansionsAndProjectsCompanysProposedPlanForAtLeastOneUpcomingYearAndBoardOfDirectorsForecastsForOutcomesOfCompanyActivities|0|en|33,AHLI,en,1,1,1,0.9955,0.8200000000000002,1,1
AHLI|2025-04-30|DisclosuresDirectorsReport|jsc_DisclosureOfImportantProspectiveDevelopmentsIncludingAnyNewExpansionsAndProjectsCompanysProposedPlanForAtLeastOneUpcomingYearAndBoardOfDirectorsForecastsForOutcomesOfCompanyActivities|0|en|35,AHLI,en,1,1,1,0.9951,0.8200000000000002,1,1
CAPL|2025-04-29|DisclosuresChairmansStatement|jsc_DisclosureOfStatementOfBoardOfDirectorsChairman|0|en|43,CAPL,en,3,1,1,0.9977,0.66,1,1
CAPL|2025-04-29|DisclosuresDirectorsReport|jsc_DisclosureOfImportantProspectiveDevelopmentsIncludingAnyNewExpansionsAndProjectsCompanysProposedPlanForAtLeastOneUpcomingYearAndBoardOfDirectorsForecastsForOutcomesOfCompanyActivities|0|en|3,CAPL,en,3,1,1,0.9978,0.66,1,1
RMCC|2023-03-06|DisclosuresDirectorsReport|jsc_DisclosureOfIssuingCompanysOrganizationalChartNumberOfItsEmployeesAndTheirClassesOfQualificationAndItsPersonnelQualifyingAndTrainingPrograms|0|en|0,RMCC,en,2,0,1,0.8874,0.14,1,1
AHLI|2023-04-27|NotesListOfNotes|ifrs-full_DisclosureOfSummaryOfSignificantAccountingPoliciesExplanatory|0|en|264,AHLI,en,1,0,0,0.0448,0.8200000000000002,0,0
AHLI|2023-04-27|NotesListOfNotes|ifrs-full_DisclosureOfSummaryOfSignificantAccountingPoliciesExplanatory|0|en|0,AHLI,en,1,0,0,0.0101,0.8200000000000002,0,0
UCFI|2022-04-29|DisclosuresAuditorsReport|jsc_KeyAuditMattersExplanatory|0|en|2,UCFI,en,4,0,0,0.0038,0.3600000000000001,0,0
AHLI|2025-04-30|NotesListOfNotes|jsc-rep_DisclosureOfRiskManagement|0|en|107,AHLI,en,1,0,0,0.0385,0.8200000000000002,0,0
AHLI|2025-04-30|DisclosuresAuditorsReport|jsc_DisclosureOfAuditorsReportTextBlock|0|en|62,AHLI,en,1,0,0,0.0346,0.8200000000000002,0,0
RMCC|2022-03-30|Declarations|jsc-rep_DeclarationAffirmingCorrectnessAccuracyAndCompletenessOfInformationAndDataStatedInReportSignedByChairmanOfBoardOfDirectorsCompanysChiefExecutiveOfficerAndChiefFinancialOfficer|0|en|0,RMCC,en,2,0,0,0.0033,0.14,0,0
UCFI|2022-04-29|NotesListOfNotes|ifrs-full_DisclosureOfFirstTimeAdoptionExplanatory|0|en|33,UCFI,en,4,0,0,0.003,0.3600000000000001,0,0
AHLI|2024-04-29|NotesListOfNotes|ifrs-full_DisclosureOfSummaryOfSignificantAccountingPoliciesExplanatory|0|en|235,AHLI,en,1,0,0,0.0274,0.8200000000000002,0,0
AHLI|2023-04-27|NotesListOfNotes|ifrs-full_DisclosureOfAccountingJudgementsAndEstimatesExplanatory|0|en|50,AHLI,en,1,0,0,0.0232,0.8200000000000002,0,0
RMCC|2023-03-06|NotesListOfNotes|ifrs-full_DisclosureOfSummaryOfSignificantAccountingPoliciesExplanatory|0|en|0,RMCC,en,2,0,0,0.0037,0.14,0,0
AHLI|2023-04-27|NotesListOfNotes|jsc-rep_DisclosureOfLawSuits|0|en|1,AHLI,en,1,0,0,0.0302,0.8200000000000002,0,0
AHLI|2021-05-09|DisclosuresChairmansStatement|jsc_DisclosureOfStatementOfBoardOfDirectorsChairman|0|en|20,AHLI,en,1,0,0,0.0437,0.8200000000000002,0,0
CAPL|2025-04-29|DisclosuresDirectorsReport|jsc_TheMembersOfBoardOfDirectorsNamesAndNamesAndRanksOfSeniorExecutiveManagementWithBriefResumeOfEach|0|en|57,CAPL,en,3,0,0,0.003,0.66,0,0
AHLI|2021-05-09|DisclosuresDirectorsReport|jsc_DisclosureOfStatementThatIndicatesIssuingCompanysContractsProjectsAndEngagementsConcludedWithItsSubsidiariesSisterCompaniesOrAffiliatesAsWellAsThoseWithChairmanOfBoardOfDirectorsMembersOfBoardOfDirectorsChiefExecutiveOfficerOrAnyEmployeeOfCompanyOrRelativesThereof|0|en|4,AHLI,en,1,0,0,0.0282,0.8200000000000002,0,0
AHLI|2021-05-09|DisclosuresDirectorsReport|jsc_DisclosureOfCompanysContributionToEnvironmentalProtectionAndLocalCommunityService|0|en|36,AHLI,en,1,0,0,0.2925,0.8200000000000002,0,0
RMCC|2021-05-18|DisclosuresDirectorsReport|jsc_TheMembersOfBoardOfDirectorsNamesAndNamesAndRanksOfSeniorExecutiveManagementWithBriefResumeOfEach|0|en|37,RMCC,en,2,0,0,0.0025,0.14,0,0
UCFI|2025-04-30|DisclosuresChairmansStatement|jsc_DisclosureOfStatementOfBoardOfDirectorsChairman|0|en|4,UCFI,en,4,0,0,0.0051,0.3600000000000001,0,0
CAPL|2024-04-29|DisclosuresDirectorsReport|jsc_DisclosureOfDirectorsReport|0|en|218,CAPL,en,3,0,0,0.0606,0.66,0,0
RMCC|2021-05-18|CorporateGovernanceReport|jsc-rep_DisclosureOfInformationAndDetailsRegardingApplicationOfProvisionsOfTheseInstructionsAndCorporateGovernanceRulesInCompany|0|en|14,RMCC,en,2,0,0,0.0021,0.14,0,0
AHLI|2021-05-09|NotesListOfNotes|ifrs-full_DisclosureOfAccountingJudgementsAndEstimatesExplanatory|0|en|142,AHLI,en,1,0,0,0.0544,0.8200000000000002,0,0
AHLI|2021-05-09|DisclosuresDirectorsReport|jsc_DisclosureOfCompanysAccomplishmentsSupportedByQuantitativeIndicatorsAndDescriptionOfSignificantOccurrencesToCompanyDuringFiscalYear|0|en|42,AHLI,en,1,0,0,0.037,0.8200000000000002,0,0
RMCC|2022-03-30|NotesListOfNotes|jsc-rep_DisclosureOfNonCurrentProvisions|0|en|6,RMCC,en,2,0,0,0.002,0.14,0,0
AHLI|2023-04-27|NotesListOfNotes|jsc-rep_DisclosureOfRiskManagement|0|en|131,AHLI,en,1,0,0,0.0544,0.8200000000000002,0,0
CAPL|2024-04-29|DisclosuresDirectorsReport|jsc_TheMembersOfBoardOfDirectorsNamesAndNamesAndRanksOfSeniorExecutiveManagementWithBriefResumeOfEach|0|en|68,CAPL,en,3,0,0,0.0024,0.66,0,0
AHLI|2022-04-02|NotesListOfNotes|ifrs-full_DisclosureOfSummaryOfSignificantAccountingPoliciesExplanatory|0|en|14,AHLI,en,1,0,0,0.0495,0.8200000000000002,0,0
AHLI|2024-04-29|NotesListOfNotes|jsc-rep_AdoptionOfNewAndRevisedInternationalFinancialReportingStandards|0|en|19,AHLI,en,1,0,0,0.0174,0.8200000000000002,0,0
RMCC|2023-03-06|DisclosuresDirectorsReport|jsc_DisclosureOfStatementThatIndicatesNumberOfSecuritiesIssuedByCompanyWhichAreOwnedByAnyMemberOfItsBoardOfDirectorsAnyMemberOfItsSeniorExecutiveManagementOrAnyOfTheirRelativesAListOfCompaniesControlledByAnyOfSuchProvidedAllOfTheAboveIsBenchmarkedAgainstThePrecedingYear|0|en|2,RMCC,en,2,0,0,0.0018,0.14,0,0
CAPL|2024-04-29|DisclosuresAuditorsReport|jsc_AuditorsResponsibilitiesForAuditOfFinancialStatementsExplanatory|0|en|1,CAPL,en,3,0,0,0.0014,0.66,0,0
AHLI|2021-05-09|DisclosuresDirectorsReport|jsc_DisclosureOfCompanysRiskExposure|0|en|55,AHLI,en,1,0,0,0.0218,0.8200000000000002,0,0
CAPL|2024-04-29|DisclosuresDirectorsReport|jsc_DisclosureOfDirectorsReport|0|en|14,CAPL,en,3,0,0,0.0023,0.66,0,0
AHLI|2025-04-30|DisclosuresDirectorsReport|jsc_DisclosureOfCompanysContributionToEnvironmentalProtectionAndLocalCommunityService|0|en|168,AHLI,en,1,0,0,0.2605,0.8200000000000002,0,0
RMCC|2021-05-18|CorporateGovernanceReport|jsc-rep_DisclosureOfExecutivePositionsInCompanyAndNamesOfThePersonsWhoOccupyThem|0|en|19,RMCC,en,2,0,0,0.0021,0.14,0,0
SHRA|2023-04-30|DisclosuresAuditorsReport|jsc_AuditorsResponsibilitiesForAuditOfFinancialStatementsExplanatory|0|en|5,SHRA,en,4,0,0,0.0066,0.3600000000000001,0,0
CAPL|2025-04-29|NotesListOfNotes|ifrs-full_DisclosureOfLeasesExplanatory|0|en|4,CAPL,en,3,0,0,0.0024,0.66,0,0
UCFI|2024-04-30|DisclosuresDirectorsReport|jsc_DisclosureOfFinancialImpactOfNonRecurrentTransactionsDuringFiscalYearWhichAreNotPartOfCompanysMainActivities|0|en|0,UCFI,en,4,0,0,0.0027,0.3600000000000001,0,0
AHLI|2022-04-02|NotesListOfNotes|jsc-rep_DisclosureOfRiskManagement|0|en|112,AHLI,en,1,0,0,0.0736,0.8200000000000002,0,0
UCFI|2025-04-30|NotesListOfNotes|ifrs-full_DisclosureOfSummaryOfSignificantAccountingPoliciesExplanatory|0|en|80,UCFI,en,4,0,0,0.0023,0.3600000000000001,0,0
AHLI|2025-04-30|NotesListOfNotes|ifrs-full_DisclosureOfSummaryOfSignificantAccountingPoliciesExplanatory|0|en|211,AHLI,en,1,0,0,0.0383,0.8200000000000002,0,0
CAPL|2025-04-29|NotesListOfNotes|ifrs-full_DisclosureOfCashAndBankBalancesAtCentralBanksExplanatory|0|en|2,CAPL,en,3,0,0,0.0029,0.66,0,0
SHRA|2022-04-21|NotesListOfNotes|jsc-rep_DisclosureOfStatutoryReserves|0|en|2,SHRA,en,4,0,0,0.0029,0.3600000000000001,0,0
AHLI|2025-04-30|DisclosuresDirectorsReport|jsc_DisclosureOfCompanysRiskExposure|0|en|20,AHLI,en,1,0,0,0.0122,0.8200000000000002,0,0
JDPC|2025-04-06|NotesListOfNotes|ifrs-full_DisclosureOfAccountingJudgementsAndEstimatesExplanatory|0|en|0,JDPC,en,2,0,1,0.003,0.14,0,0
JDPC|2022-04-04|NotesListOfNotes|ifrs-full_DisclosureOfAccountingJudgementsAndEstimatesExplanatory|0|en|0,JDPC,en,2,0,1,0.003,0.14,0,0
CICO|2025-05-08|DisclosuresAuditorsReport|jsc_AuditorsReportOnFinancialStatements|0|en|19,CICO,en,0,0,0,0.003,0.1,0,0
JDPC|2022-04-04|CorporateGovernanceReport|jsc-rep_DisclosureOfNumberOfBoardMeetingsDuringYearWithMembersPresent|0|en|0,JDPC,en,2,0,0,0.0021,0.14,0,0
CICO|2024-04-29|DisclosuresAuditorsReport|jsc_AuditorsOpinionBasisExplanatory|0|en|5,CICO,en,0,0,0,0.003,0.1,0,0
CICO|2025-05-08|DisclosuresDirectorsReport|jsc_TheMembersOfBoardOfDirectorsNamesAndNamesAndRanksOfSeniorExecutiveManagementWithBriefResumeOfEach|0|en|23,CICO,en,0,0,0,0.0053,0.1,0,0
CICO|2025-05-08|NotesListOfNotes|jsc-rep_DisclosureOfCurrentRevenueReceivedInAdvance|0|en|145,CICO,en,0,0,0,0.0031,0.1,0,0
BIND|2023-03-31|FilingInformation|ifrs-full_NameOfReportingEntityOrOtherMeansOfIdentification|0|en|0,BIND,en,0,0,0,0.0077,0.1,0,0
CICO|2025-05-08|NotesListOfNotes|jsc-rep_DisclosureOfInvestmentsInSubsidiariesJointVenturesAndAssociates|0|en|147,CICO,en,0,0,0,0.0028,0.1,0,0
AQRM|2024-03-06|NotesListOfNotes|ifrs-full_DisclosureOfSignificantInvestmentsInSubsidiariesExplanatory|0|en|0,AQRM,en,0,0,0,0.0027,0.1,0,0
AQRM|2023-03-12|DisclosuresDirectorsReport|jsc_TheMembersOfBoardOfDirectorsNamesAndNamesAndRanksOfSeniorExecutiveManagementWithBriefResumeOfEach|0|en|0,AQRM,en,0,0,0,0.003,0.1,0,0
CICO|2023-04-30|DisclosuresDirectorsReport|jsc_TheMembersOfBoardOfDirectorsNamesAndNamesAndRanksOfSeniorExecutiveManagementWithBriefResumeOfEach|0|en|26,CICO,en,0,0,0,0.0027,0.1,0,0
AQRM|2021-04-28|CorporateGovernanceReport|jsc-rep_DisclosureOfInformationAndDetailsRegardingApplicationOfProvisionsOfTheseInstructionsAndCorporateGovernanceRulesInCompany|0|en|33,AQRM,en,0,0,0,0.0028,0.1,0,0
KAFA|2025-04-21|DisclosuresAuditorsReport|jsc_OtherInformationIncludedInBanksAnnualReportExplanatory|0|en|0,KAFA,en,4,0,0,0.0037,0.3600000000000001,0,0
CICO|2022-04-27|DisclosuresDirectorsReport|jsc_TheMembersOfBoardOfDirectorsNamesAndNamesAndRanksOfSeniorExecutiveManagementWithBriefResumeOfEach|0|en|6,CICO,en,0,0,0,0.0083,0.1,0,0
ARSI|2021-05-16|DisclosuresDirectorsReport|jsc_TheMembersOfBoardOfDirectorsNamesAndNamesAndRanksOfSeniorExecutiveManagementWithBriefResumeOfEach|0|en|51,ARSI,en,1,0,0,0.0196,0.8200000000000002,0,0
CICO|2025-05-08|NotesListOfNotes|jsc-rep_DisclosureOfHedgeAccounting|0|en|24,CICO,en,0,0,0,0.0025,0.1,0,0
CICO|2023-04-30|CorporateGovernanceReport|jsc-rep_DisclosureOfNamesOfCurrentAndResigningBoardMembersDuringYearAndDeterminingWhetherMemberIsExecutiveNonExecutiveIndependentOrNonIndependent|0|en|0,CICO,en,0,0,0,0.0036,0.1,0,0
BIND|2021-04-30|NotesListOfNotes|ifrs-full_DisclosureOfGeneralInformationAboutFinancialStatementsExplanatory|0|en|13,BIND,en,0,0,0,0.0025,0.1,0,0
CICO|2024-04-29|DisclosuresAuditorsReport|jsc_AuditorsOpinionBasisExplanatory|0|en|8,CICO,en,0,0,0,0.0028,0.1,0,0
JDPC|2024-04-01|DisclosuresAuditorsReport|jsc_AuditorsResponsibilitiesForAuditOfFinancialStatementsExplanatory|0|en|17,JDPC,en,2,0,0,0.003,0.14,0,0
JDPC|2022-04-04|NotesListOfNotes|jsc-rep_DisclosureOfIncomeTaxProvision|0|en|4,JDPC,en,2,0,0,0.0021,0.14,0,0
CICO|2024-04-29|DisclosuresAuditorsReport|jsc_OtherInformationIncludedInBanksAnnualReportExplanatory|0|en|36,CICO,en,0,0,0,0.0027,0.1,0,0
BIND|2023-03-31|DisclosuresAuditorsReport|jsc_AuditorsReportOnFinancialStatements|0|en|19,BIND,en,0,0,0,0.0027,0.1,0,0
CICO|2025-05-08|NotesListOfNotes|jsc-rep_DisclosureOfCurrentRevenueReceivedInAdvance|0|en|80,CICO,en,0,0,0,0.0025,0.1,0,0
AQRM|2024-03-06|NotesListOfNotes|jsc-rep_DisclosureOfReserveOfChangeInValueOfForeignCurrencyBasisSpreads|0|en|3,AQRM,en,0,0,0,0.0023,0.1,0,0
BIND|2023-03-31|NotesListOfNotes|ifrs-full_DisclosureOfGeneralInformationAboutFinancialStatementsExplanatory|0|en|2,BIND,en,0,0,0,0.003,0.1,0,0
BIND|2025-03-27|NotesListOfNotes|ifrs-full_DisclosureOfSummaryOfSignificantAccountingPoliciesExplanatory|0|en|39,BIND,en,0,0,0,0.0026,0.1,0,0
CICO|2024-04-29|DisclosuresAuditorsReport|jsc_AuditorsOpinionBasisExplanatory|0|en|47,CICO,en,0,0,0,0.0026,0.1,0,0
JDPC|2023-03-29|NotesListOfNotes|ifrs-full_DisclosureOfSummaryOfSignificantAccountingPoliciesExplanatory|0|en|13,JDPC,en,2,0,0,0.0028,0.14,0,0
BIND|2023-03-31|NotesListOfNotes|ifrs-full_DisclosureOfSummaryOfSignificantAccountingPoliciesExplanatory|0|en|16,BIND,en,0,0,0,0.0028,0.1,0,0
AMAD|2021-04-28|DisclosuresAuditorsReport|jsc_AuditorsResponsibilitiesForAuditOfFinancialStatementsExplanatory|0|en|15,AMAD,en,2,0,0,0.0033,0.14,0,0
BIND|2023-03-31|NotesListOfNotes|ifrs-full_DisclosureOfBasisOfPreparationOfFinancialStatementsExplanatory|0|en|38,BIND,en,0,0,0,0.0025,0.1,0,0
BIND|2023-03-31|NotesListOfNotes|ifrs-full_DisclosureOfSummaryOfSignificantAccountingPoliciesExplanatory|0|en|136,BIND,en,0,0,0,0.0025,0.1,0,0
AQRM|2023-03-12|DisclosuresAuditorsReport|jsc_AuditorsResponsibilitiesForAuditOfFinancialStatementsExplanatory|0|en|14,AQRM,en,0,0,0,0.0026,0.1,0,0
BIND|2022-03-31|NotesListOfNotes|ifrs-full_DisclosureOfGeneralInformationAboutFinancialStatementsExplanatory|0|en|10,BIND,en,0,0,0,0.0026,0.1,0,0
AHLI|2022-04-02|DisclosuresDirectorsReport|jsc_DescriptionOfSubsidiaryCompaniesNatureOfTheirBusinessAndTheirAreasOfActivity|0|ar|41,AHLI,ar,1,1,1,0.0311,0.8200000000000002,0,0
AHLI|2022-04-02|DisclosuresDirectorsReport|jsc_DisclosureOfCompanysAccomplishmentsSupportedByQuantitativeIndicatorsAndDescriptionOfSignificantOccurrencesToCompanyDuringFiscalYear|0|ar|43,AHLI,ar,1,1,1,0.9953,0.8200000000000002,1,1
AHLI|2023-04-27|DisclosuresDirectorsReport|jsc_DescriptionOfSubsidiaryCompaniesNatureOfTheirBusinessAndTheirAreasOfActivity|0|ar|36,AHLI,ar,1,0,1,0.0308,0.8200000000000002,0,0
AHLI|2023-04-27|DisclosuresDirectorsReport|jsc_DisclosureOfCompanysAccomplishmentsSupportedByQuantitativeIndicatorsAndDescriptionOfSignificantOccurrencesToCompanyDuringFiscalYear|0|ar|18,AHLI,ar,1,1,1,0.302,0.8200000000000002,0,0
AHLI|2023-04-27|DisclosuresDirectorsReport|jsc_DisclosureOfCompanysContributionToEnvironmentalProtectionAndLocalCommunityService|0|ar|16,AHLI,ar,1,1,1,0.9954,0.8200000000000002,1,1
RMCC|2021-05-18|DisclosuresDirectorsReport|jsc_DisclosureOfImportantProspectiveDevelopmentsIncludingAnyNewExpansionsAndProjectsCompanysProposedPlanForAtLeastOneUpcomingYearAndBoardOfDirectorsForecastsForOutcomesOfCompanyActivities|0|ar|3,RMCC,ar,2,0,1,0.0044,0.14,0,0
AHLI|2024-04-29|DisclosuresChairmansStatement|jsc_DisclosureOfStatementOfBoardOfDirectorsChairman|0|ar|10,AHLI,ar,1,1,1,0.3373,0.8200000000000002,0,0
AHLI|2024-04-29|DisclosuresChairmansStatement|jsc_DisclosureOfStatementOfBoardOfDirectorsChairman|0|ar|13,AHLI,ar,1,1,1,0.9957,0.8200000000000002,1,1
AHLI|2024-04-29|DisclosuresDirectorsReport|jsc_DescriptionOfCompanysMainActivitiesWithTheirRespectiveGeographicalLocationsSizeOfCapitalInvestmentAndNumberOfEmployees|0|ar|22,AHLI,ar,1,1,1,0.9953,0.8200000000000002,1,1
AHLI|2024-04-29|DisclosuresDirectorsReport|jsc_DisclosureOfCompanysContributionToEnvironmentalProtectionAndLocalCommunityService|0|ar|56,AHLI,ar,1,1,1,0.9954,0.8200000000000002,1,1
AHLI|2024-04-29|NotesListOfNotes|jsc-rep_AdoptionOfNewAndRevisedInternationalFinancialReportingStandards|0|ar|36,AHLI,ar,1,0,1,0.0251,0.8200000000000002,0,0
CAPL|2024-04-29|DisclosuresDirectorsReport|jsc_DisclosureOfDirectorsReport|0|ar|91,CAPL,ar,3,1,1,0.7398,0.66,1,1
CAPL|2024-04-29|DisclosuresDirectorsReport|jsc_DisclosureOfDirectorsReport|0|ar|145,CAPL,ar,3,1,1,0.0062,0.66,0,0
CAPL|2024-04-29|DisclosuresDirectorsReport|jsc_DisclosureOfDirectorsReport|0|ar|148,CAPL,ar,3,0,1,0.0016,0.66,0,0
CAPL|2024-04-29|DisclosuresDirectorsReport|jsc_DisclosureOfDirectorsReport|0|ar|242,CAPL,ar,3,1,1,0.9971,0.66,1,1
CAPL|2024-04-29|DisclosuresDirectorsReport|jsc_DisclosureOfImportantProspectiveDevelopmentsIncludingAnyNewExpansionsAndProjectsCompanysProposedPlanForAtLeastOneUpcomingYearAndBoardOfDirectorsForecastsForOutcomesOfCompanyActivities|0|ar|2,CAPL,ar,3,1,1,0.9983,0.66,1,1
RMCC|2022-03-30|DisclosuresDirectorsReport|jsc_DisclosureOfImportantProspectiveDevelopmentsIncludingAnyNewExpansionsAndProjectsCompanysProposedPlanForAtLeastOneUpcomingYearAndBoardOfDirectorsForecastsForOutcomesOfCompanyActivities|0|ar|2,RMCC,ar,2,0,1,0.005,0.14,0,0
AHLI|2021-05-09|DisclosuresChairmansStatement|jsc_DisclosureOfStatementOfBoardOfDirectorsChairman|0|ar|6,AHLI,ar,1,0,1,0.9957,0.8200000000000002,1,1
AHLI|2021-05-09|DisclosuresDirectorsReport|jsc_DisclosureOfImportantProspectiveDevelopmentsIncludingAnyNewExpansionsAndProjectsCompanysProposedPlanForAtLeastOneUpcomingYearAndBoardOfDirectorsForecastsForOutcomesOfCompanyActivities|0|ar|24,AHLI,ar,1,0,1,0.2016,0.8200000000000002,0,0
AHLI|2025-04-30|DisclosuresChairmansStatement|jsc_DisclosureOfStatementOfBoardOfDirectorsChairman|0|ar|25,AHLI,ar,1,1,1,0.9954,0.8200000000000002,1,1
AHLI|2025-04-30|DisclosuresChairmansStatement|jsc_DisclosureOfStatementOfBoardOfDirectorsChairman|0|ar|27,AHLI,ar,1,1,1,0.9953,0.8200000000000002,1,1
AHLI|2025-04-30|DisclosuresChairmansStatement|jsc_DisclosureOfStatementOfBoardOfDirectorsChairman|0|ar|35,AHLI,ar,1,1,1,0.9954,0.8200000000000002,1,1
AHLI|2025-04-30|DisclosuresDirectorsReport|jsc_DisclosureOfCompanysAccomplishmentsSupportedByQuantitativeIndicatorsAndDescriptionOfSignificantOccurrencesToCompanyDuringFiscalYear|0|ar|56,AHLI,ar,1,1,1,0.9953,0.8200000000000002,1,1
AHLI|2025-04-30|DisclosuresDirectorsReport|jsc_DisclosureOfCompanysAccomplishmentsSupportedByQuantitativeIndicatorsAndDescriptionOfSignificantOccurrencesToCompanyDuringFiscalYear|0|ar|57,AHLI,ar,1,1,1,0.9955,0.8200000000000002,1,1
AHLI|2025-04-30|DisclosuresDirectorsReport|jsc_DisclosureOfCompanysAccomplishmentsSupportedByQuantitativeIndicatorsAndDescriptionOfSignificantOccurrencesToCompanyDuringFiscalYear|0|ar|62,AHLI,ar,1,0,1,0.0151,0.8200000000000002,0,0
AHLI|2025-04-30|DisclosuresDirectorsReport|jsc_DisclosureOfImportantProspectiveDevelopmentsIncludingAnyNewExpansionsAndProjectsCompanysProposedPlanForAtLeastOneUpcomingYearAndBoardOfDirectorsForecastsForOutcomesOfCompanyActivities|0|ar|14,AHLI,ar,1,1,1,0.9953,0.8200000000000002,1,1
AHLI|2025-04-30|DisclosuresDirectorsReport|jsc_DisclosureOfImportantProspectiveDevelopmentsIncludingAnyNewExpansionsAndProjectsCompanysProposedPlanForAtLeastOneUpcomingYearAndBoardOfDirectorsForecastsForOutcomesOfCompanyActivities|0|ar|23,AHLI,ar,1,0,1,0.9955,0.8200000000000002,1,1
CAPL|2025-04-29|DisclosuresChairmansStatement|jsc_DisclosureOfStatementOfBoardOfDirectorsChairman|0|ar|29,CAPL,ar,3,1,1,0.9982,0.66,1,1
CAPL|2025-04-29|DisclosuresDirectorsReport|jsc_DisclosureOfDirectorsReport|0|ar|70,CAPL,ar,3,0,1,0.0017,0.66,0,0
CAPL|2025-04-29|DisclosuresDirectorsReport|jsc_DisclosureOfImportantProspectiveDevelopmentsIncludingAnyNewExpansionsAndProjectsCompanysProposedPlanForAtLeastOneUpcomingYearAndBoardOfDirectorsForecastsForOutcomesOfCompanyActivities|0|ar|3,CAPL,ar,3,1,1,0.9979,0.66,1,1
AHLI|2021-05-09|DisclosuresDirectorsReport|jsc_TheMembersOfBoardOfDirectorsNamesAndNamesAndRanksOfSeniorExecutiveManagementWithBriefResumeOfEach|0|ar|110,AHLI,ar,1,0,0,0.01,0.8200000000000002,0,0
RMCC|2022-03-30|NotesListOfNotes|jsc-rep_DisclosureOfRiskManagement|0|ar|11,RMCC,ar,2,0,0,0.0031,0.14,0,0
BIND|2023-03-31|DisclosuresAuditorsReport|jsc_AuditorsResponsibilitiesForAuditOfFinancialStatementsExplanatory|0|ar|11,BIND,ar,0,0,0,0.0025,0.1,0,0
AQRM|2022-03-28|NotesListOfNotes|jsc-rep_DisclosureOfNonCurrentProvisions|0|ar|3,AQRM,ar,0,0,0,0.003,0.1,0,0
UCFI|2025-04-30|NotesListOfNotes|ifrs-full_DisclosureOfChangesInAccountingPoliciesExplanatory|0|ar|5,UCFI,ar,4,0,0,0.0026,0.3600000000000001,0,0
NATC|2021-03-15|NotesListOfNotes|jsc-rep_DisclosureOfShortTermLoansReceivable|0|ar|0,NATC,ar,0,0,0,0.0025,0.1,0,0
JDPC|2022-04-04|NotesListOfNotes|ifrs-full_DisclosureOfLiquidityRiskExplanatory|0|ar|1,JDPC,ar,2,0,0,0.0031,0.14,0,0
BIND|2022-03-31|DisclosuresDirectorsReport|jsc_TheMembersOfBoardOfDirectorsNamesAndNamesAndRanksOfSeniorExecutiveManagementWithBriefResumeOfEach|0|ar|17,BIND,ar,0,0,0,0.0029,0.1,0,0
CICO|2025-05-08|DisclosuresDirectorsReport|jsc_TheExtentOfDependenceUponSpecificSuppliersAndOrMajorClientsLocalAndInternationalWhereThisConstitutesTenPercentOrMoreOfTotalPurchasesAndOrSalesOrRevenues|0|ar|0,CICO,ar,0,0,0,0.0025,0.1,0,0
JDPC|2023-03-29|Declarations|jsc-rep_DisclosureOfOtherDeclarations|0|ar|3,JDPC,ar,2,0,0,0.0023,0.14,0,0
UCFI|2022-04-29|CorporateGovernanceReport|jsc-rep_DisclosureOfAllMembershipsOfBoardsOfDirectorsHeldByAMemberOfBoardOfDirectorsInPublicShareholdingCompaniesIfAny|0|ar|3,UCFI,ar,4,0,0,0.0024,0.3600000000000001,0,0
SHRA|2023-04-30|DisclosuresDirectorsReport|jsc_DisclosureOfAnyDecisionByGovernmentInternationalOrganizationsOrOtherwiseWithMaterialEffectOnCompanysBusinessProductsOrCompetitivenessAndDisclosureOfCompanysImplementationOfInternationalQualityStandards|0|ar|0,SHRA,ar,4,0,0,0.0026,0.3600000000000001,0,0
AHLI|2021-05-09|DisclosuresDirectorsReport|jsc_TheMembersOfBoardOfDirectorsNamesAndNamesAndRanksOfSeniorExecutiveManagementWithBriefResumeOfEach|0|ar|20,AHLI,ar,1,0,0,0.0099,0.8200000000000002,0,0
CICO|2025-05-08|Declarations|jsc-rep_DeclarationByBoardOfDirectorsAffirmingItsResponsibilityForPreparationOfFinancialStatementsAndForProvisionOfEffectiveSystemOfControlsWithinCompany|0|ar|58,CICO,ar,0,0,0,0.0028,0.1,0,0
UCFI|2022-04-29|NotesListOfNotes|ifrs-full_DisclosureOfSummaryOfSignificantAccountingPoliciesExplanatory|0|ar|25,UCFI,ar,4,0,0,0.0025,0.3600000000000001,0,0
AHLI|2025-04-30|DisclosuresDirectorsReport|jsc_DisclosureOfStatementThatIndicatesNumberOfSecuritiesIssuedByCompanyWhichAreOwnedByAnyMemberOfItsBoardOfDirectorsAnyMemberOfItsSeniorExecutiveManagementOrAnyOfTheirRelativesAListOfCompaniesControlledByAnyOfSuchProvidedAllOfTheAboveIsBenchmarkedAgainstThePrecedingYear|0|ar|3,AHLI,ar,1,0,0,0.0206,0.8200000000000002,0,0
BIND|2022-03-31|NotesListOfNotes|ifrs-full_DisclosureOfImpairmentOfAssetsExplanatory|0|ar|15,BIND,ar,0,0,0,0.0028,0.1,0,0
CICO|2023-04-30|DisclosuresAuditorsReport|jsc_ReportOnOtherLegalAndRegulatoryRequirementsExplanatory|0|ar|36,CICO,ar,0,0,0,0.0027,0.1,0,0
CAPL|2025-04-29|NotesListOfNotes|ifrs-full_DisclosureOfSummaryOfSignificantAccountingPoliciesExplanatory|0|ar|109,CAPL,ar,3,0,0,0.0017,0.66,0,0
BIND|2021-04-30|DisclosuresAuditorsReport|jsc_DisclosureOfAuditorsReportTextBlock|0|ar|44,BIND,ar,0,0,0,0.0027,0.1,0,0
UCFI|2025-04-30|NotesListOfNotes|ifrs-full_DisclosureOfSummaryOfSignificantAccountingPoliciesExplanatory|0|ar|90,UCFI,ar,4,0,0,0.0114,0.3600000000000001,0,0
AHLI|2022-04-02|NotesListOfNotes|ifrs-full_DisclosureOfAccountingJudgementsAndEstimatesExplanatory|0|ar|10,AHLI,ar,1,0,0,0.0476,0.8200000000000002,0,0
SHRA|2024-04-25|DisclosuresDirectorsReport|jsc_DisclosureOfAnalysisOfCompanysFinancialStatusAndOfResultsOfItsActivitiesForFiscalYear|0|ar|0,SHRA,ar,4,0,0,0.0027,0.3600000000000001,0,0
CAPL|2024-04-29|DisclosuresDirectorsReport|jsc_DisclosureOfDirectorsReport|0|ar|281,CAPL,ar,3,0,0,0.0016,0.66,0,0
AHLI|2023-04-27|DisclosuresDirectorsReport|jsc_TheMembersOfBoardOfDirectorsNamesAndNamesAndRanksOfSeniorExecutiveManagementWithBriefResumeOfEach|0|ar|201,AHLI,ar,1,0,0,0.0112,0.8200000000000002,0,0
AQRM|2022-03-28|NotesListOfNotes|ifrs-full_DisclosureOfSignificantInvestmentsInSubsidiariesExplanatory|0|ar|0,AQRM,ar,0,0,0,0.0026,0.1,0,0
AHLI|2022-04-02|NotesListOfNotes|ifrs-full_DisclosureOfSummaryOfSignificantAccountingPoliciesExplanatory|0|ar|220,AHLI,ar,1,0,0,0.0578,0.8200000000000002,0,0
CICO|2025-05-08|NotesListOfNotes|jsc-rep_DisclosureOfRetainedEarnings|0|ar|3,CICO,ar,0,0,0,0.0029,0.1,0,0
AQRM|2022-03-28|DisclosuresAuditorsReport|jsc_DisclosureOfAuditorsReportTextBlock|0|ar|11,AQRM,ar,0,0,0,0.0025,0.1,0,0
AHLI|2023-04-27|NotesListOfNotes|ifrs-full_DisclosureOfObjectivesPoliciesAndProcessesForManagingCapitalExplanatory|0|ar|6,AHLI,ar,1,0,0,0.0295,0.8200000000000002,0,0
AHLI|2021-05-09|NotesListOfNotes|ifrs-full_DisclosureOfSummaryOfSignificantAccountingPoliciesExplanatory|0|ar|58,AHLI,ar,1,0,0,0.0095,0.8200000000000002,0,0
CICO|2023-04-30|DisclosuresAuditorsReport|jsc_AuditorsOpinionBasisExplanatory|0|ar|31,CICO,ar,0,0,0,0.0031,0.1,0,0
AHLI|2024-04-29|DisclosuresDirectorsReport|jsc_TheMembersOfBoardOfDirectorsNamesAndNamesAndRanksOfSeniorExecutiveManagementWithBriefResumeOfEach|0|ar|287,AHLI,ar,1,0,0,0.0261,0.8200000000000002,0,0
SHRA|2023-04-30|DisclosuresDirectorsReport|jsc_TheMembersOfBoardOfDirectorsNamesAndNamesAndRanksOfSeniorExecutiveManagementWithBriefResumeOfEach|0|ar|70,SHRA,ar,4,0,0,0.004,0.3600000000000001,0,0
AHLI|2023-04-27|NotesListOfNotes|ifrs-full_DisclosureOfSummaryOfSignificantAccountingPoliciesExplanatory|0|ar|151,AHLI,ar,1,0,0,0.0237,0.8200000000000002,0,0
ARSI|2021-05-16|DisclosuresAuditorsReport|jsc_AuditorsReportOnFinancialStatements|0|ar|2,ARSI,ar,1,0,0,0.0125,0.8200000000000002,0,0
RMCC|2025-03-24|CorporateGovernanceReport|jsc-rep_DisclosureOfNameOfChairmanAndMembersOfAuditCommitteeAndADescriptionOfTheirQualificationsAndExperienceInFinancialOrAccountingMatters|0|ar|1,RMCC,ar,2,0,0,0.0023,0.14,0,0
AMAD|2024-03-27|DisclosuresAuditorsReport|jsc_OtherMattersExplanatory|0|ar|3,AMAD,ar,2,0,0,0.0105,0.14,0,0
AHLI|2023-04-27|NotesListOfNotes|ifrs-full_DisclosureOfSummaryOfSignificantAccountingPoliciesExplanatory|0|ar|309,AHLI,ar,1,0,0,0.0372,0.8200000000000002,0,0
AMAD|2024-03-27|DisclosuresAuditorsReport|jsc_ReportOnOtherLegalAndRegulatoryRequirementsExplanatory|0|ar|7,AMAD,ar,2,0,0,0.0026,0.14,0,0
CICO|2023-04-30|DisclosuresDirectorsReport|jsc_DisclosureOfStatementThatIndicatesIssuingCompanysContractsProjectsAndEngagementsConcludedWithItsSubsidiariesSisterCompaniesOrAffiliatesAsWellAsThoseWithChairmanOfBoardOfDirectorsMembersOfBoardOfDirectorsChiefExecutiveOfficerOrAnyEmployeeOfCompanyOrRelativesThereof|0|ar|0,CICO,ar,0,0,0,0.0025,0.1,0,0
CICO|2025-05-08|NotesListOfNotes|jsc-rep_DisclosureOfRetainedEarnings|0|ar|114,CICO,ar,0,0,0,0.0026,0.1,0,0
CICO|2023-04-30|DisclosuresAuditorsReport|jsc_OtherMattersExplanatory|0|ar|47,CICO,ar,0,0,0,0.0028,0.1,0,0
AHLI|2023-04-27|NotesListOfNotes|ifrs-full_DisclosureOfSummaryOfSignificantAccountingPoliciesExplanatory|0|ar|136,AHLI,ar,1,0,0,0.0343,0.8200000000000002,0,0
AHLI|2025-04-30|DisclosuresDirectorsReport|jsc_TheMembersOfBoardOfDirectorsNamesAndNamesAndRanksOfSeniorExecutiveManagementWithBriefResumeOfEach|0|ar|42,AHLI,ar,1,0,0,0.0331,0.8200000000000002,0,0
CICO|2025-05-08|DisclosuresAuditorsReport|jsc_ResponsibilitiesOfManagementAndThoseChargedWithGovernanceForFinancialStatementsExplanatory|0|ar|14,CICO,ar,0,0,0,0.0027,0.1,0,0
AMAD|2024-03-27|DisclosuresDirectorsReport|jsc_DisclosureOfDirectorsReport|0|ar|86,AMAD,ar,2,0,0,0.0037,0.14,0,0
RMCC|2022-03-30|DisclosuresAuditorsReport|jsc_AuditorsResponsibilitiesForAuditOfFinancialStatementsExplanatory|0|ar|1,RMCC,ar,2,0,0,0.006,0.14,0,0
CICO|2025-05-08|Declarations|jsc-rep_DeclarationByBoardOfDirectorsAffirmingItsResponsibilityForPreparationOfFinancialStatementsAndForProvisionOfEffectiveSystemOfControlsWithinCompany|0|ar|51,CICO,ar,0,0,0,0.0024,0.1,0,0
CICO|2025-05-08|NotesListOfNotes|jsc-rep_DisclosureOfRetainedEarnings|0|ar|202,CICO,ar,0,0,0,0.0028,0.1,0,0
AHLI|2025-04-30|DisclosuresDirectorsReport|jsc_TheMembersOfBoardOfDirectorsNamesAndNamesAndRanksOfSeniorExecutiveManagementWithBriefResumeOfEach|0|ar|210,AHLI,ar,1,0,0,0.0313,0.8200000000000002,0,0
UCFI|2022-04-29|DisclosuresDirectorsReport|jsc_TheMembersOfBoardOfDirectorsNamesAndNamesAndRanksOfSeniorExecutiveManagementWithBriefResumeOfEach|0|ar|20,UCFI,ar,4,0,0,0.0039,0.3600000000000001,0,0
CICO|2025-05-08|DisclosuresAuditorsReport|jsc_AuditorsReportOnFinancialStatements|0|ar|33,CICO,ar,0,0,0,0.003,0.1,0,0
JDPC|2023-03-29|DisclosuresDirectorsReport|jsc_DisclosureOfStatementThatIndicatesIssuingCompanysContractsProjectsAndEngagementsConcludedWithItsSubsidiariesSisterCompaniesOrAffiliatesAsWellAsThoseWithChairmanOfBoardOfDirectorsMembersOfBoardOfDirectorsChiefExecutiveOfficerOrAnyEmployeeOfCompanyOrRelativesThereof|0|ar|0,JDPC,ar,2,0,0,0.0025,0.14,0,0
AMAD|2025-03-25|CorporateGovernanceReport|jsc-rep_DisclosureOfNameOfChairmanAndMembersOfAuditCommitteeAndADescriptionOfTheirQualificationsAndExperienceInFinancialOrAccountingMatters|0|ar|0,AMAD,ar,2,0,0,0.003,0.14,0,0
CICO|2023-04-30|DisclosuresAuditorsReport|jsc_DisclosureOfAuditorsReportTextBlock|0|ar|3,CICO,ar,0,0,0,0.0027,0.1,0,0
SHRA|2022-04-21|DisclosuresDirectorsReport|jsc_TheMembersOfBoardOfDirectorsNamesAndNamesAndRanksOfSeniorExecutiveManagementWithBriefResumeOfEach|0|ar|53,SHRA,ar,4,0,0,0.003,0.3600000000000001,0,0
NATC|2021-03-15|NotesListOfNotes|ifrs-full_DisclosureOfAccountingJudgementsAndEstimatesExplanatory|0|ar|3,NATC,ar,0,0,0,0.0029,0.1,0,0
AHLI|2021-05-09|NotesListOfNotes|ifrs-full_DisclosureOfGeneralInformationAboutFinancialStatementsExplanatory|0|ar|2,AHLI,ar,1,0,0,0.0465,0.8200000000000002,0,0
ARSI|2021-05-16|DisclosuresChairmansStatement|jsc_DisclosureOfStatementOfBoardOfDirectorsChairman|0|ar|8,ARSI,ar,1,0,0,0.0341,0.8200000000000002,0,0
RMCC|2021-05-18|DisclosuresDirectorsReport|jsc_TheMembersOfBoardOfDirectorsNamesAndNamesAndRanksOfSeniorExecutiveManagementWithBriefResumeOfEach|0|ar|51,RMCC,ar,2,0,0,0.0025,0.14,0,0
AQRM|2022-03-28|DisclosuresDirectorsReport|jsc_DisclosureOfStatementThatIndicatesNumberOfSecuritiesIssuedByCompanyWhichAreOwnedByAnyMemberOfItsBoardOfDirectorsAnyMemberOfItsSeniorExecutiveManagementOrAnyOfTheirRelativesAListOfCompaniesControlledByAnyOfSuchProvidedAllOfTheAboveIsBenchmarkedAgainstThePrecedingYear|0|ar|3,AQRM,ar,0,0,0,0.0028,0.1,0,0
SHRA|2023-04-30|Declarations|jsc-rep_DeclarationByBoardOfDirectorsAffirmingItsResponsibilityForPreparationOfFinancialStatementsAndForProvisionOfEffectiveSystemOfControlsWithinCompany|0|ar|0,SHRA,ar,4,0,0,0.0027,0.3600000000000001,0,0
RMCC|2022-03-30|NotesListOfNotes|ifrs-full_DisclosureOfImpairmentOfAssetsExplanatory|0|ar|7,RMCC,ar,2,0,0,0.0029,0.14,0,0
RMCC|2025-03-24|DisclosuresDirectorsReport|jsc_DisclosureOfCompanysRiskExposure|0|ar|0,RMCC,ar,2,0,0,0.0031,0.14,0,0
BIND|2023-03-31|NotesListOfNotes|ifrs-full_DisclosureOfSummaryOfSignificantAccountingPoliciesExplanatory|0|ar|39,BIND,ar,0,0,0,0.0028,0.1,0,0
CICO|2025-05-08|NotesListOfNotes|ifrs-full_DisclosureOfMarketRiskExplanatory|0|ar|182,CICO,ar,0,0,0,0.0029,0.1,0,0
CAPL|2023-03-07|NotesListOfNotes|jsc-rep_DisclosureOfDirectCreditFacilitiesAtAmortizedCost|0|ar|1,CAPL,ar,3,0,0,0.0015,0.66,0,0
CICO|2022-04-27|DisclosuresAuditorsReport|jsc_AuditorsReportOnFinancialStatements|0|ar|8,CICO,ar,0,0,0,0.0026,0.1,0,0
BIND|2024-04-01|DisclosuresDirectorsReport|jsc_DisclosureOfBenefitsAndRemunerationsOfChairmanMembersOfBoardOfDirectorsAndSeniorExecutiveManagementDuringTheFiscalYearIncludingPaymentsReceivedByAnyOfThemSuchAsFeesSalariesBonusesAndOtherwiseAndTheirTravelAndTransportExpensesWithinKingdomAndAbroad|0|ar|1,BIND,ar,0,0,0,0.0029,0.1,0,0
AHLI|2023-04-27|NotesListOfNotes|ifrs-full_DisclosureOfSummaryOfSignificantAccountingPoliciesExplanatory|0|ar|171,AHLI,ar,1,0,0,0.0403,0.8200000000000002,0,0
SHRA|2025-04-29|DisclosuresDirectorsReport|jsc_TheMembersOfBoardOfDirectorsNamesAndNamesAndRanksOfSeniorExecutiveManagementWithBriefResumeOfEach|0|ar|100,SHRA,ar,4,0,0,0.0053,0.3600000000000001,0,0
SHRA|2024-04-25|DisclosuresAuditorsReport|jsc_AuditorsReportOnFinancialStatements|0|ar|16,SHRA,ar,4,0,0,0.0027,0.3600000000000001,0,0
NATC|2021-03-15|CorporateGovernanceReport|jsc-rep_DisclosureOfNumberOfBoardMeetingsDuringYearWithMembersPresent|0|ar|0,NATC,ar,0,0,0,0.0041,0.1,0,0
AQRM|2021-04-28|DisclosuresAuditorsReport|jsc_KeyAuditMattersExplanatory|0|ar|4,AQRM,ar,0,0,0,0.0044,0.1,0,0
SHRA|2024-04-25|DisclosuresAuditorsReport|jsc_AuditorsReportOnFinancialStatements|0|ar|32,SHRA,ar,4,0,0,0.0027,0.3600000000000001,0,0
UCFI|2023-04-30|DisclosuresDirectorsReport|jsc_CompanysCompetitivePositionWithinItsSectorAndMainMarketSegmentsAsWellAsItsShareOfLocalMarketAndInternationalMarketIfPossible|0|ar|2,UCFI,ar,4,0,0,0.0064,0.3600000000000001,0,0
AQRM|2024-03-06|NotesListOfNotes|jsc-rep_DisclosureOfReserveOfChangeInValueOfForeignCurrencyBasisSpreads|0|ar|3,AQRM,ar,0,0,0,0.003,0.1,0,0
AQRM|2022-03-28|NotesListOfNotes|ifrs-full_DisclosureOfChangesInAccountingPoliciesExplanatory|0|ar|12,AQRM,ar,0,0,0,0.0026,0.1,0,0
AMWJ|2021-06-14|DisclosuresDirectorsReport|jsc_DisclosureOfBenefitsAndRemunerationsOfChairmanMembersOfBoardOfDirectorsAndSeniorExecutiveManagementDuringTheFiscalYearIncludingPaymentsReceivedByAnyOfThemSuchAsFeesSalariesBonusesAndOtherwiseAndTheirTravelAndTransportExpensesWithinKingdomAndAbroad|0|ar|6,AMWJ,ar,0,0,0,0.0032,0.1,0,0
UCFI|2023-04-30|NotesListOfNotes|ifrs-full_DisclosureOfSummaryOfSignificantAccountingPoliciesExplanatory|0|ar|95,UCFI,ar,4,0,0,0.0046,0.3600000000000001,0,0
BIND|2021-04-30|NotesListOfNotes|ifrs-full_DisclosureOfChangesInAccountingPoliciesExplanatory|0|ar|8,BIND,ar,0,0,0,0.0028,0.1,0,0
BIND|2024-04-01|NotesListOfNotes|ifrs-full_DisclosureOfChangesInAccountingPoliciesExplanatory|0|ar|48,BIND,ar,0,0,0,0.0025,0.1,0,0
CAPL|2025-04-29|NotesListOfNotes|ifrs-full_DisclosureOfEntitysReportableSegmentsExplanatory|0|ar|2,CAPL,ar,3,0,0,0.0016,0.66,0,0
AMAD|2023-03-23|DisclosuresAuditorsReport|jsc_DisclosureOfAuditorsReportTextBlock|0|ar|3,AMAD,ar,2,0,0,0.006,0.14,0,0
CICO|2025-05-08|Declarations|jsc-rep_DeclarationAffirmingCorrectnessAccuracyAndCompletenessOfInformationAndDataStatedInReportSignedByChairmanOfBoardOfDirectorsCompanysChiefExecutiveOfficerAndChiefFinancialOfficer|0|ar|30,CICO,ar,0,0,0,0.003,0.1,0,0
UCFI|2025-04-30|NotesListOfNotes|ifrs-full_DisclosureOfRelatedPartyExplanatory|0|ar|1,UCFI,ar,4,0,0,0.0033,0.3600000000000001,0,0
AHLI|2025-04-30|NotesListOfNotes|ifrs-full_DisclosureOfBasisOfConsolidationExplanatory|0|ar|1,AHLI,ar,1,0,0,0.0373,0.8200000000000002,0,0
BIND|2023-03-31|NotesListOfNotes|ifrs-full_DisclosureOfFinanceCostExplanatory|0|ar|1,BIND,ar,0,0,0,0.0025,0.1,0,0
CAPL|2023-03-07|DisclosuresAuditorsReport|jsc_AuditorsReportOnFinancialStatements|0|ar|15,CAPL,ar,3,0,0,0.0014,0.66,0,0
AHLI|2021-05-09|NotesListOfNotes|ifrs-full_DisclosureOfSummaryOfSignificantAccountingPoliciesExplanatory|0|ar|176,AHLI,ar,1,0,0,0.0524,0.8200000000000002,0,0
BIND|2021-04-30|NotesListOfNotes|ifrs-full_DisclosureOfBasisOfPreparationOfFinancialStatementsExplanatory|0|ar|1,BIND,ar,0,0,0,0.0027,0.1,0,0
BIND|2023-03-31|NotesListOfNotes|jsc-rep_DisclosureOfFairValueHierarchy|0|ar|9,BIND,ar,0,0,0,0.0024,0.1,0,0
UCFI|2022-04-29|CorporateGovernanceReport|jsc-rep_DisclosureOfNameOfChairmanAndMembersOfAuditCommitteeAndADescriptionOfTheirQualificationsAndExperienceInFinancialOrAccountingMatters|0|ar|0,UCFI,ar,4,0,0,0.0034,0.3600000000000001,0,0
CICO|2025-05-08|NotesListOfNotes|jsc-rep_DisclosureOfRiskManagement|0|ar|11,CICO,ar,0,0,0,0.0026,0.1,0,0
NATC|2021-03-15|NotesListOfNotes|jsc-rep_DisclosureOfComparativeFigures|0|ar|0,NATC,ar,0,0,0,0.0028,0.1,0,0
BOJX|2023-03-26|DisclosuresDirectorsReport|jsc_DisclosureOfCompanysAccomplishmentsSupportedByQuantitativeIndicatorsAndDescriptionOfSignificantOccurrencesToCompanyDuringFiscalYear|0|en|196,BOJX,en,4,1,1,0.0033,0.3600000000000001,0,0
BOJX|2023-03-26|DisclosuresDirectorsReport|jsc_DisclosureOfCompanysAccomplishmentsSupportedByQuantitativeIndicatorsAndDescriptionOfSignificantOccurrencesToCompanyDuringFiscalYear|0|en|197,BOJX,en,4,1,1,0.0028,0.3600000000000001,0,0
BOJX|2023-03-26|DisclosuresDirectorsReport|jsc_DisclosureOfCompanysAccomplishmentsSupportedByQuantitativeIndicatorsAndDescriptionOfSignificantOccurrencesToCompanyDuringFiscalYear|0|en|228,BOJX,en,4,0,1,0.0062,0.3600000000000001,0,0
JOIB|2025-05-03|DisclosuresDirectorsReport|jsc_DisclosureOfDirectorsReport|0|en|57,JOIB,en,2,1,1,0.9992,0.14,1,1
JOIB|2025-05-03|DisclosuresDirectorsReport|jsc_DisclosureOfDirectorsReport|0|en|66,JOIB,en,2,1,1,0.9988,0.14,1,1
JOIB|2025-05-03|NotesListOfNotes|ifrs-full_DisclosureOfGeneralInformationAboutFinancialStatementsExplanatory|0|en|45,JOIB,en,2,0,1,0.0036,0.14,0,0
JOPH|2023-05-04|NotesListOfNotes|ifrs-full_DisclosureOfSummaryOfSignificantAccountingPoliciesExplanatory|0|en|149,JOPH,en,1,0,1,0.025,0.8200000000000002,0,0
ZEIC|2024-02-13|DisclosuresDirectorsReport|jsc_DisclosureOfCompanysAccomplishmentsSupportedByQuantitativeIndicatorsAndDescriptionOfSignificantOccurrencesToCompanyDuringFiscalYear|0|en|53,ZEIC,en,0,1,1,0.9951,0.1,1,1
ZEIC|2024-02-13|DisclosuresDirectorsReport|jsc_DisclosureOfDirectorsReport|0|en|54,ZEIC,en,0,1,1,0.0034,0.1,0,0
BOJX|2024-03-28|DisclosuresChairmansStatement|jsc_DisclosureOfStatementOfBoardOfDirectorsChairman|0|en|14,BOJX,en,4,1,1,0.6433,0.3600000000000001,1,1
BOJX|2024-03-28|DisclosuresDirectorsReport|jsc_DescriptionOfCompanysMainActivitiesWithTheirRespectiveGeographicalLocationsSizeOfCapitalInvestmentAndNumberOfEmployees|0|en|187,BOJX,en,4,1,1,0.0037,0.3600000000000001,0,0
BOJX|2024-03-28|DisclosuresDirectorsReport|jsc_DisclosureOfImportantProspectiveDevelopmentsIncludingAnyNewExpansionsAndProjectsCompanysProposedPlanForAtLeastOneUpcomingYearAndBoardOfDirectorsForecastsForOutcomesOfCompanyActivities|0|en|4,BOJX,en,4,1,1,0.9924,0.3600000000000001,1,1
BOJX|2024-03-28|DisclosuresDirectorsReport|jsc_DisclosureOfImportantProspectiveDevelopmentsIncludingAnyNewExpansionsAndProjectsCompanysProposedPlanForAtLeastOneUpcomingYearAndBoardOfDirectorsForecastsForOutcomesOfCompanyActivities|0|en|10,BOJX,en,4,1,1,0.9903,0.3600000000000001,1,1
BOJX|2024-03-28|DisclosuresDirectorsReport|jsc_DisclosureOfImportantProspectiveDevelopmentsIncludingAnyNewExpansionsAndProjectsCompanysProposedPlanForAtLeastOneUpcomingYearAndBoardOfDirectorsForecastsForOutcomesOfCompanyActivities|0|en|11,BOJX,en,4,0,1,0.7414,0.3600000000000001,1,1
JOPH|2024-05-06|NotesListOfNotes|ifrs-full_DisclosureOfSummaryOfSignificantAccountingPoliciesExplanatory|0|en|150,JOPH,en,1,0,1,0.025,0.8200000000000002,0,0
ZEIC|2025-02-12|DisclosuresDirectorsReport|jsc_DisclosureOfCompanysAccomplishmentsSupportedByQuantitativeIndicatorsAndDescriptionOfSignificantOccurrencesToCompanyDuringFiscalYear|0|en|5,ZEIC,en,0,1,1,0.9952,0.1,1,1
ZEIC|2025-02-12|DisclosuresDirectorsReport|jsc_DisclosureOfDirectorsReport|0|en|57,ZEIC,en,0,1,1,0.0034,0.1,0,0
ASAS|2025-04-06|DisclosuresDirectorsReport|jsc_TheMembersOfBoardOfDirectorsNamesAndNamesAndRanksOfSeniorExecutiveManagementWithBriefResumeOfEach|0|en|48,ASAS,en,2,1,1,0.0043,0.14,0,0
BOJX|2021-04-30|DisclosuresChairmansStatement|jsc_DisclosureOfStatementOfBoardOfDirectorsChairman|0|en|38,BOJX,en,4,1,1,0.9846,0.3600000000000001,1,1
BOJX|2021-04-30|DisclosuresDirectorsReport|jsc_DisclosureOfCompanysAccomplishmentsSupportedByQuantitativeIndicatorsAndDescriptionOfSignificantOccurrencesToCompanyDuringFiscalYear|0|en|119,BOJX,en,4,1,1,0.9619,0.3600000000000001,1,1
BOJX|2021-04-30|DisclosuresDirectorsReport|jsc_DisclosureOfCompanysAccomplishmentsSupportedByQuantitativeIndicatorsAndDescriptionOfSignificantOccurrencesToCompanyDuringFiscalYear|0|en|126,BOJX,en,4,1,1,0.9882,0.3600000000000001,1,1
BOJX|2021-04-30|DisclosuresDirectorsReport|jsc_DisclosureOfCompanysAccomplishmentsSupportedByQuantitativeIndicatorsAndDescriptionOfSignificantOccurrencesToCompanyDuringFiscalYear|0|en|172,BOJX,en,4,0,1,0.0032,0.3600000000000001,0,0
BOJX|2021-04-30|DisclosuresDirectorsReport|jsc_DisclosureOfImportantProspectiveDevelopmentsIncludingAnyNewExpansionsAndProjectsCompanysProposedPlanForAtLeastOneUpcomingYearAndBoardOfDirectorsForecastsForOutcomesOfCompanyActivities|0|en|10,BOJX,en,4,1,1,0.9683,0.3600000000000001,1,1
BOJX|2021-04-30|DisclosuresDirectorsReport|jsc_DisclosureOfImportantProspectiveDevelopmentsIncludingAnyNewExpansionsAndProjectsCompanysProposedPlanForAtLeastOneUpcomingYearAndBoardOfDirectorsForecastsForOutcomesOfCompanyActivities|0|en|15,BOJX,en,4,1,1,0.4769,0.3600000000000001,1,1
JOPH|2025-04-22|DisclosuresDirectorsReport|jsc_DisclosureOfCompanysContributionToEnvironmentalProtectionAndLocalCommunityService|0|en|46,JOPH,en,1,1,1,0.9954,0.8200000000000002,1,1
MANE|2021-04-28|DisclosuresAuditorsReport|jsc_AuditorsReportOnFinancialStatements|0|en|81,MANE,en,4,0,1,0.0027,0.3600000000000001,0,0
ZEIC|2022-02-24|DisclosuresDirectorsReport|jsc_DisclosureOfCompanysAccomplishmentsSupportedByQuantitativeIndicatorsAndDescriptionOfSignificantOccurrencesToCompanyDuringFiscalYear|0|en|14,ZEIC,en,0,1,1,0.9953,0.1,1,1
BOJX|2022-03-31|NotesListOfNotes|jsc-rep_AdoptionOfNewAndRevisedInternationalFinancialReportingStandards|0|en|3,BOJX,en,4,0,1,0.0039,0.3600000000000001,0,0
JOPH|2022-04-26|NotesListOfNotes|ifrs-full_DisclosureOfSummaryOfSignificantAccountingPoliciesExplanatory|0|en|149,JOPH,en,1,0,1,0.025,0.8200000000000002,0,0
MANE|2022-04-28|DisclosuresAuditorsReport|jsc_AuditorsOpinionBasisExplanatory|0|en|95,MANE,en,4,0,1,0.0027,0.3600000000000001,0,0
ZEIC|2023-02-07|DisclosuresDirectorsReport|jsc_DisclosureOfCompanysAccomplishmentsSupportedByQuantitativeIndicatorsAndDescriptionOfSignificantOccurrencesToCompanyDuringFiscalYear|0|en|19,ZEIC,en,0,1,1,0.9951,0.1,1,1
ZEIC|2023-02-07|DisclosuresDirectorsReport|jsc_DisclosureOfCompanysAccomplishmentsSupportedByQuantitativeIndicatorsAndDescriptionOfSignificantOccurrencesToCompanyDuringFiscalYear|0|en|20,ZEIC,en,0,1,1,0.9955,0.1,1,1
ZEIC|2023-02-07|DisclosuresDirectorsReport|jsc_DisclosureOfCompanysAccomplishmentsSupportedByQuantitativeIndicatorsAndDescriptionOfSignificantOccurrencesToCompanyDuringFiscalYear|0|en|37,ZEIC,en,0,1,1,0.9945,0.1,1,1
ZEIC|2023-02-07|DisclosuresDirectorsReport|jsc_DisclosureOfDirectorsReport|0|en|49,ZEIC,en,0,1,1,0.0041,0.1,0,0
SGBJ|2021-05-03|NotesListOfNotes|ifrs-full_DisclosureOfGeneralInformationAboutFinancialStatementsExplanatory|0|en|0,SGBJ,en,1,0,0,0.0651,0.8200000000000002,0,0
SABK|2023-04-16|DisclosuresAuditorsReport|jsc_KeyAuditMattersExplanatory|0|en|6,SABK,en,3,0,0,0.0017,0.66,0,0
MANE|2022-04-28|NotesListOfNotes|ifrs-full_DisclosureOfNoncontrollingInterestsExplanatory|0|en|122,MANE,en,4,0,0,0.0051,0.3600000000000001,0,0
PHIL|2021-06-10|DisclosuresAuditorsReport|jsc_AuditorsReportOnFinancialStatements|0|en|27,PHIL,en,1,0,0,0.0421,0.8200000000000002,0,0
JOIB|2024-04-30|NotesListOfNotes|jsc-rep_DisclosureOfRiskManagement|0|en|18,JOIB,en,2,0,0,0.9952,0.14,1,0
JOPH|2024-05-06|NotesListOfNotes|jsc-rep_DisclosureOfRiskManagement|0|en|4,JOPH,en,1,0,0,0.0298,0.8200000000000002,0,0
JOPH|2025-04-22|DisclosuresDirectorsReport|jsc_DisclosureOfBenefitsAndRemunerationsOfChairmanMembersOfBoardOfDirectorsAndSeniorExecutiveManagementDuringTheFiscalYearIncludingPaymentsReceivedByAnyOfThemSuchAsFeesSalariesBonusesAndOtherwiseAndTheirTravelAndTransportExpensesWithinKingdomAndAbroad|0|en|55,JOPH,en,1,0,0,0.0806,0.8200000000000002,0,0
MANE|2022-04-28|NotesListOfNotes|jsc-rep_DisclosureOfDeferredTaxLiabilities|0|en|41,MANE,en,4,0,0,0.0031,0.3600000000000001,0,0
UBSI|2022-04-29|DisclosuresDirectorsReport|jsc_DisclosureOfImportantProspectiveDevelopmentsIncludingAnyNewExpansionsAndProjectsCompanysProposedPlanForAtLeastOneUpcomingYearAndBoardOfDirectorsForecastsForOutcomesOfCompanyActivities|0|en|10,UBSI,en,2,0,0,0.0026,0.14,0,0
MANE|2022-04-28|NotesListOfNotes|ifrs-full_DisclosureOfRestrictedCashAndCashEquivalentsExplanatory|0|en|76,MANE,en,4,0,0,0.0032,0.3600000000000001,0,0
MALL|2024-02-26|DisclosuresDirectorsReport|jsc_TheMembersOfBoardOfDirectorsNamesAndNamesAndRanksOfSeniorExecutiveManagementWithBriefResumeOfEach|0|en|20,MALL,en,0,0,0,0.0045,0.1,0,0
MANE|2022-04-28|NotesListOfNotes|ifrs-full_DisclosureOfEarningsPerShareExplanatory|0|en|198,MANE,en,4,0,0,0.0044,0.3600000000000001,0,0
MANE|2022-04-28|NotesListOfNotes|jsc-rep_DisclosureOfDeferredTaxAssets|0|en|169,MANE,en,4,0,0,0.0027,0.3600000000000001,0,0
ZEIC|2024-02-13|DisclosuresChairmansStatement|jsc_DisclosureOfStatementOfBoardOfDirectorsChairman|0|en|5,ZEIC,en,0,0,0,0.0038,0.1,0,0
SGBJ|2021-05-03|NotesListOfNotes|jsc-rep_AdoptionOfNewAndRevisedInternationalFinancialReportingStandards|0|en|18,SGBJ,en,1,0,0,0.0322,0.8200000000000002,0,0
SGBJ|2021-05-03|NotesListOfNotes|jsc-rep_AdoptionOfNewAndRevisedInternationalFinancialReportingStandards|0|en|55,SGBJ,en,1,0,0,0.0315,0.8200000000000002,0,0
UBSI|2021-04-29|NotesListOfNotes|ifrs-full_DisclosureOfBasisOfConsolidationExplanatory|0|en|19,UBSI,en,2,0,0,0.002,0.14,0,0
JOIB|2024-04-30|NotesListOfNotes|ifrs-full_DisclosureOfCreditRiskExplanatory|0|en|42,JOIB,en,2,0,0,0.0022,0.14,0,0
JOPH|2023-05-04|NotesListOfNotes|jsc-rep_DisclosureOfAccruedExpenses|0|en|0,JOPH,en,1,0,0,0.0206,0.8200000000000002,0,0
UMIC|2024-03-21|NotesListOfNotes|ifrs-full_DisclosureOfIntangibleAssetsExplanatory|0|en|1,UMIC,en,2,0,0,0.0021,0.14,0,0
REDV|2024-03-04|DisclosuresDirectorsReport|jsc_TheMembersOfBoardOfDirectorsNamesAndNamesAndRanksOfSeniorExecutiveManagementWithBriefResumeOfEach|0|en|55,REDV,en,4,0,0,0.0049,0.3600000000000001,0,0
JOPH|2024-05-06|DisclosuresDirectorsReport|jsc_DisclosureOfBenefitsAndRemunerationsOfChairmanMembersOfBoardOfDirectorsAndSeniorExecutiveManagementDuringTheFiscalYearIncludingPaymentsReceivedByAnyOfThemSuchAsFeesSalariesBonusesAndOtherwiseAndTheirTravelAndTransportExpensesWithinKingdomAndAbroad|0|en|118,JOPH,en,1,0,0,0.0102,0.8200000000000002,0,0
JOPH|2024-05-06|NotesListOfNotes|ifrs-full_DisclosureOfSummaryOfSignificantAccountingPoliciesExplanatory|0|en|68,JOPH,en,1,0,0,0.0438,0.8200000000000002,0,0
MANE|2022-04-28|NotesListOfNotes|ifrs-full_DisclosureOfLeasesExplanatory|0|en|83,MANE,en,4,0,0,0.0028,0.3600000000000001,0,0
JOPH|2024-05-06|NotesListOfNotes|ifrs-full_DisclosureOfMarketRiskExplanatory|0|en|4,JOPH,en,1,0,0,0.0468,0.8200000000000002,0,0
BOJX|2022-03-31|DisclosuresDirectorsReport|jsc_DisclosureOfAnalysisOfCompanysFinancialStatusAndOfResultsOfItsActivitiesForFiscalYear|0|en|22,BOJX,en,4,0,0,0.0023,0.3600000000000001,0,0
JOWM|2025-02-20|CorporateGovernanceReport|jsc-rep_DisclosureOfNamesOfCurrentAndResigningBoardMembersDuringYearAndDeterminingWhetherMemberIsExecutiveNonExecutiveIndependentOrNonIndependent|0|en|2,JOWM,en,2,0,0,0.002,0.14,0,0
PHIL|2021-06-07|DisclosuresAuditorsReport|jsc_AuditorsResponsibilitiesForAuditOfFinancialStatementsExplanatory|0|en|11,PHIL,en,1,0,0,0.016,0.8200000000000002,0,0
MALL|2023-03-07|DisclosuresDirectorsReport|jsc_DisclosureOfCompanysRiskExposure|0|en|3,MALL,en,0,0,0,0.0033,0.1,0,0
BOJX|2023-03-26|DisclosuresDirectorsReport|jsc_DisclosureOfCompanysAccomplishmentsSupportedByQuantitativeIndicatorsAndDescriptionOfSignificantOccurrencesToCompanyDuringFiscalYear|0|en|210,BOJX,en,4,0,0,0.0042,0.3600000000000001,0,0
MALL|2024-02-26|DisclosuresAuditorsReport|jsc_AuditorsReportOnFinancialStatements|0|en|3,MALL,en,0,0,0,0.0033,0.1,0,0
MANE|2022-04-28|NotesListOfNotes|jsc-rep_DisclosureOfTradeAndOtherNonCurrentPayables|0|en|27,MANE,en,4,0,0,0.0052,0.3600000000000001,0,0
MALL|2024-02-26|DisclosuresAuditorsReport|jsc_KeyAuditMattersExplanatory|0|en|0,MALL,en,0,0,0,0.0036,0.1,0,0
MANE|2022-04-28|NotesListOfNotes|ifrs-full_DisclosureOfAuditorsRemunerationExplanatory|0|en|9,MANE,en,4,0,0,0.0044,0.3600000000000001,0,0
MALL|2025-02-25|DisclosuresAuditorsReport|jsc_DisclosureOfAuditorsReportTextBlock|0|en|12,MALL,en,0,0,0,0.0029,0.1,0,0
ZEIC|2024-02-13|DisclosuresDirectorsReport|jsc_DisclosureOfDirectorsReport|0|en|223,ZEIC,en,0,0,0,0.0024,0.1,0,0
MANE|2022-04-28|NotesListOfNotes|jsc-rep_DisclosureOfIncomeTaxProvision|0|en|54,MANE,en,4,0,0,0.0024,0.3600000000000001,0,0
REDV|2023-03-28|NotesListOfNotes|jsc-rep_DisclosureOfCurrencyRisk|0|en|2,REDV,en,4,0,0,0.0028,0.3600000000000001,0,0
MANE|2022-04-28|NotesListOfNotes|ifrs-full_DisclosureOfOtherNoncurrentAssetsExplanatory|0|en|186,MANE,en,4,0,0,0.0049,0.3600000000000001,0,0
UBSI|2021-05-16|DisclosuresChairmansStatement|jsc_DisclosureOfStatementOfBoardOfDirectorsChairman|0|en|24,UBSI,en,2,0,0,0.0038,0.14,0,0
MANE|2022-04-28|NotesListOfNotes|ifrs-full_DisclosureOfAccountingJudgementsAndEstimatesExplanatory|0|en|48,MANE,en,4,0,0,0.0029,0.3600000000000001,0,0
JOWM|2024-02-28|NotesListOfNotes|jsc-rep_DisclosureOfStatutoryReserves|0|en|0,JOWM,en,2,0,0,0.0023,0.14,0,0
MANE|2022-04-28|NotesListOfNotes|ifrs-full_DisclosureOfRevenueExplanatory|0|en|11,MANE,en,4,0,0,0.0028,0.3600000000000001,0,0
MANE|2022-04-28|NotesListOfNotes|jsc-rep_DisclosureOfTradeAndOtherCurrentPayables|0|en|74,MANE,en,4,0,0,0.0045,0.3600000000000001,0,0
JOIB|2022-04-28|NotesListOfNotes|ifrs-full_DisclosureOfSummaryOfSignificantAccountingPoliciesExplanatory|0|en|55,JOIB,en,2,0,0,0.0025,0.14,0,0
MANE|2022-04-28|NotesListOfNotes|ifrs-full_DisclosureOfOtherCurrentAssetsExplanatory|0|en|135,MANE,en,4,0,0,0.0027,0.3600000000000001,0,0
MANE|2022-04-28|NotesListOfNotes|ifrs-full_DisclosureOfBusinessCombinationsExplanatory|0|en|6,MANE,en,4,0,0,0.0038,0.3600000000000001,0,0
JOPH|2025-04-22|DisclosuresAuditorsReport|jsc_DisclosureOfAuditorsReportTextBlock|0|en|45,JOPH,en,1,0,0,0.0148,0.8200000000000002,0,0
JOPH|2024-05-06|DisclosuresDirectorsReport|jsc_DisclosureOfCompanysContributionToEnvironmentalProtectionAndLocalCommunityService|0|en|64,JOPH,en,1,0,0,0.0139,0.8200000000000002,0,0
JOPH|2025-04-22|CorporateGovernanceReport|jsc-rep_DisclosureOfNamesOfCommitteesEmanatingFromBoardOfDirectors|0|en|111,JOPH,en,1,0,0,0.0322,0.8200000000000002,0,0
MANE|2022-04-28|NotesListOfNotes|ifrs-full_DisclosureOfInventoriesExplanatory|0|en|129,MANE,en,4,0,0,0.003,0.3600000000000001,0,0
BOJX|2021-04-30|DisclosuresAuditorsReport|jsc_AuditorsResponsibilitiesForAuditOfFinancialStatementsExplanatory|0|en|2,BOJX,en,4,0,0,0.0049,0.3600000000000001,0,0
BOJX|2021-04-30|NotesListOfNotes|jsc-rep_DisclosureOfRiskManagement|0|en|44,BOJX,en,4,0,0,0.0065,0.3600000000000001,0,0
BOJX|2021-04-30|NotesListOfNotes|jsc-rep_DisclosureOfRiskManagement|0|en|172,BOJX,en,4,0,0,0.0033,0.3600000000000001,0,0
MANE|2022-04-28|NotesListOfNotes|ifrs-full_DisclosureOfCostOfSalesExplanatory|0|en|18,MANE,en,4,0,0,0.0044,0.3600000000000001,0,0
SGBJ|2021-05-03|DisclosuresDirectorsReport|jsc_DisclosureOfStatementThatIndicatesIssuingCompanysContractsProjectsAndEngagementsConcludedWithItsSubsidiariesSisterCompaniesOrAffiliatesAsWellAsThoseWithChairmanOfBoardOfDirectorsMembersOfBoardOfDirectorsChiefExecutiveOfficerOrAnyEmployeeOfCompanyOrRelativesThereof|0|en|0,SGBJ,en,1,0,0,0.0916,0.8200000000000002,0,0
BOJX|2021-04-30|NotesListOfNotes|ifrs-full_DisclosureOfSummaryOfSignificantAccountingPoliciesExplanatory|0|en|75,BOJX,en,4,0,0,0.0023,0.3600000000000001,0,0
MALL|2025-02-25|DisclosuresChairmansStatement|jsc_DisclosureOfStatementOfBoardOfDirectorsChairman|0|en|25,MALL,en,0,0,0,0.0059,0.1,0,0
JOPH|2024-05-06|NotesListOfNotes|jsc-rep_DisclosureOfNonCurrentBorrowings|0|en|1,JOPH,en,1,0,0,0.0274,0.8200000000000002,0,0
MANE|2022-04-28|NotesListOfNotes|jsc-rep_DisclosureOfProfitsSettlementWithTheGovernment|0|en|87,MANE,en,4,0,0,0.0033,0.3600000000000001,0,0
JOIB|2023-04-30|NotesListOfNotes|jsc-rep_DisclosureOfAlQardAlHasan|0|en|0,JOIB,en,2,0,0,0.0023,0.14,0,0
JOPH|2025-04-22|NotesListOfNotes|ifrs-full_DisclosureOfAccountingJudgementsAndEstimatesExplanatory|0|en|23,JOPH,en,1,0,0,0.0382,0.8200000000000002,0,0
MANE|2022-04-28|NotesListOfNotes|ifrs-full_DisclosureOfRevenueExplanatory|0|en|22,MANE,en,4,0,0,0.0054,0.3600000000000001,0,0
JOWM|2023-03-15|NotesListOfNotes|ifrs-full_DisclosureOfSummaryOfSignificantAccountingPoliciesExplanatory|0|en|33,JOWM,en,2,0,0,0.0024,0.14,0,0
MANE|2022-04-28|NotesListOfNotes|ifrs-full_DisclosureOfPrepaymentsAndOtherAssetsExplanatory|0|en|81,MANE,en,4,0,0,0.0028,0.3600000000000001,0,0
JOIB|2023-04-30|NotesListOfNotes|jsc-rep_DisclosureOfRiskManagement|0|en|13,JOIB,en,2,0,0,0.0026,0.14,0,0
JOIB|2024-04-30|NotesListOfNotes|ifrs-full_DisclosureOfSummaryOfSignificantAccountingPoliciesExplanatory|0|en|2,JOIB,en,2,0,0,0.0021,0.14,0,0
MANE|2022-04-28|NotesListOfNotes|jsc-rep_DisclosureOfFairValueReserve|0|en|39,MANE,en,4,0,0,0.0042,0.3600000000000001,0,0
BOJX|2021-04-30|NotesListOfNotes|jsc-rep_DisclosureOfVoluntaryReserves|0|en|0,BOJX,en,4,0,0,0.0025,0.3600000000000001,0,0
JOPH|2024-05-06|NotesListOfNotes|ifrs-full_DisclosureOfContingentLiabilitiesExplanatory|0|en|9,JOPH,en,1,0,0,0.0406,0.8200000000000002,0,0
UBSI|2022-04-29|NotesListOfNotes|ifrs-full_DisclosureOfSummaryOfSignificantAccountingPoliciesExplanatory|0|en|296,UBSI,en,2,0,0,0.0021,0.14,0,0
UBSI|2021-04-29|NotesListOfNotes|jsc-rep_AdoptionOfNewAndRevisedInternationalFinancialReportingStandards|0|en|35,UBSI,en,2,0,0,0.003,0.14,0,0
REDV|2022-03-26|DisclosuresDirectorsReport|jsc_TheMembersOfBoardOfDirectorsNamesAndNamesAndRanksOfSeniorExecutiveManagementWithBriefResumeOfEach|0|en|29,REDV,en,4,0,0,0.0046,0.3600000000000001,0,0
ZEIC|2023-02-07|NotesListOfNotes|ifrs-full_DisclosureOfPropertyPlantAndEquipmentExplanatory|0|en|4,ZEIC,en,0,0,0,0.0025,0.1,0,0
MANE|2022-04-28|NotesListOfNotes|jsc-rep_DisclosureOfLawSuits|0|en|212,MANE,en,4,0,0,0.0041,0.3600000000000001,0,0
JOPH|2025-04-22|DisclosuresAuditorsReport|jsc_EmphasisOfMatterExplanatory|0|en|13,JOPH,en,1,0,0,0.0099,0.8200000000000002,0,0
UBSI|2021-05-16|CorporateGovernanceReport|jsc-rep_DisclosureOfInformationAndDetailsRegardingApplicationOfProvisionsOfTheseInstructionsAndCorporateGovernanceRulesInCompany|0|en|2,UBSI,en,2,0,0,0.9869,0.14,1,0
SABK|2024-03-19|NotesListOfNotes|ifrs-full_DisclosureOfSummaryOfSignificantAccountingPoliciesExplanatory|0|en|54,SABK,en,3,0,0,0.0015,0.66,0,0
BOJX|2022-03-31|NotesListOfNotes|ifrs-full_DisclosureOfMarketRiskExplanatory|0|en|31,BOJX,en,4,0,0,0.0063,0.3600000000000001,0,0
MANE|2022-04-28|NotesListOfNotes|ifrs-full_DisclosureOfObjectivesPoliciesAndProcessesForManagingCapitalExplanatory|0|en|34,MANE,en,4,0,0,0.003,0.3600000000000001,0,0
UBSI|2022-04-29|DisclosuresAuditorsReport|jsc_DisclosureOfAuditorsReportTextBlock|0|en|30,UBSI,en,2,0,0,0.0021,0.14,0,0
BOJX|2022-03-31|DisclosuresDirectorsReport|jsc_DisclosureOfDirectorsReport|0|en|48,BOJX,en,4,0,0,0.0027,0.3600000000000001,0,0
JOPH|2025-04-22|NotesListOfNotes|ifrs-full_DisclosureOfFairValueOfFinancialInstrumentsExplanatory|0|en|4,JOPH,en,1,0,0,0.0618,0.8200000000000002,0,0
MANE|2021-04-28|DisclosuresAuditorsReport|jsc_AuditorsReportOnFinancialStatements|0|en|186,MANE,en,4,0,0,0.0037,0.3600000000000001,0,0
MANE|2022-04-28|NotesListOfNotes|jsc-rep_DisclosureOfIncomeTaxProvision|0|en|99,MANE,en,4,0,0,0.0027,0.3600000000000001,0,0
MHFZ|2025-04-23|CorporateGovernanceReport|jsc-rep_DisclosureOfInformationAndDetailsRegardingApplicationOfProvisionsOfTheseInstructionsAndCorporateGovernanceRulesInCompany|0|en|6,MHFZ,en,4,0,0,0.0042,0.3600000000000001,0,0
MANE|2022-04-28|DisclosuresAuditorsReport|jsc_AuditorsResponsibilitiesForAuditOfFinancialStatementsExplanatory|0|en|52,MANE,en,4,0,0,0.003,0.3600000000000001,0,0
MANE|2022-04-28|NotesListOfNotes|jsc-rep_DisclosureOfNonCurrentProvisions|0|en|193,MANE,en,4,0,0,0.0037,0.3600000000000001,0,0
ZEIC|2024-02-13|NotesListOfNotes|ifrs-full_DisclosureOfReservesAndOtherEquityInterestExplanatory|0|en|0,ZEIC,en,0,0,0,0.0038,0.1,0,0
ZEIC|2023-02-07|DisclosuresDirectorsReport|jsc_DisclosureOfDirectorsReport|0|en|3,ZEIC,en,0,0,0,0.0033,0.1,0,0
UBSI|2024-03-31|NotesListOfNotes|ifrs-full_DisclosureOfBasisOfConsolidationExplanatory|0|en|261,UBSI,en,2,0,0,0.0021,0.14,0,0
UBSI|2021-05-16|NotesListOfNotes|ifrs-full_DisclosureOfAccountingJudgementsAndEstimatesExplanatory|0|en|34,UBSI,en,2,0,0,0.0026,0.14,0,0
JOWM|2021-05-30|NotesListOfNotes|ifrs-full_DisclosureOfSummaryOfSignificantAccountingPoliciesExplanatory|0|en|22,JOWM,en,2,0,0,0.0022,0.14,0,0
SABK|2024-03-19|NotesListOfNotes|ifrs-full_DisclosureOfCreditRiskExplanatory|0|en|5,SABK,en,3,0,0,0.0017,0.66,0,0
SGBJ|2021-05-03|DisclosuresAuditorsReport|jsc_DisclosureOfAuditorsReportTextBlock|0|en|66,SGBJ,en,1,0,0,0.0361,0.8200000000000002,0,0
MANE|2022-04-28|NotesListOfNotes|ifrs-full_DisclosureOfBasisOfPreparationOfFinancialStatementsExplanatory|0|en|120,MANE,en,4,0,0,0.0043,0.3600000000000001,0,0
JOPH|2023-05-04|DisclosuresDirectorsReport|jsc_DescriptionOfSubsidiaryCompaniesNatureOfTheirBusinessAndTheirAreasOfActivity|0|en|25,JOPH,en,1,0,0,0.0451,0.8200000000000002,0,0
REDV|2024-03-04|DisclosuresDirectorsReport|jsc_TheMembersOfBoardOfDirectorsNamesAndNamesAndRanksOfSeniorExecutiveManagementWithBriefResumeOfEach|0|en|64,REDV,en,4,0,0,0.0061,0.3600000000000001,0,0
SABK|2021-05-18|DisclosuresAuditorsReport|jsc_AuditorsReportOnFinancialStatements|0|en|8,SABK,en,3,0,0,0.002,0.66,0,0
MALL|2022-03-20|CorporateGovernanceReport|jsc-rep_DisclosureOfNameOfChairmanAndMembersOfAuditCommitteeAndADescriptionOfTheirQualificationsAndExperienceInFinancialOrAccountingMatters|0|en|2,MALL,en,0,0,0,0.0045,0.1,0,0
MANE|2022-04-28|NotesListOfNotes|ifrs-full_DisclosureOfNoncontrollingInterestsExplanatory|0|en|30,MANE,en,4,0,0,0.0026,0.3600000000000001,0,0
MANE|2022-04-28|NotesListOfNotes|ifrs-full_DisclosureOfAccruedExpensesAndOtherLiabilitiesExplanatory|0|en|227,MANE,en,4,0,0,0.0076,0.3600000000000001,0,0
JOWM|2021-05-30|CorporateGovernanceReport|jsc-rep_DisclosureOfNamesOfRepresentativesOfLegalDirectorsAndDetermineWhetherRepresentativeIsExecutiveNonExecutiveIndependentOrNonIndependent|0|en|2,JOWM,en,2,0,0,0.0022,0.14,0,0
UMIC|2022-04-12|DisclosuresChairmansStatement|jsc_DisclosureOfStatementOfBoardOfDirectorsChairman|0|en|20,UMIC,en,2,0,0,0.0017,0.14,0,0
UMIC|2025-04-20|NotesListOfNotes|ifrs-full_DisclosureOfSummaryOfSignificantAccountingPoliciesExplanatory|0|en|2,UMIC,en,2,0,0,0.0022,0.14,0,0
UMIC|2022-04-12|NotesListOfNotes|jsc-rep_DisclosureOfCapitalManagement|0|en|2,UMIC,en,2,0,0,0.0028,0.14,0,0
BOJX|2023-03-26|DisclosuresDirectorsReport|jsc_TheMembersOfBoardOfDirectorsNamesAndNamesAndRanksOfSeniorExecutiveManagementWithBriefResumeOfEach|0|en|214,BOJX,en,4,0,0,0.0038,0.3600000000000001,0,0
UMIC|2023-03-28|NotesListOfNotes|ifrs-full_DisclosureOfGeneralInformationAboutFinancialStatementsExplanatory|0|en|2,UMIC,en,2,0,0,0.0018,0.14,0,0
MANE|2022-04-28|NotesListOfNotes|jsc-rep_DisclosureOfStrategicInventory|0|en|68,MANE,en,4,0,0,0.0025,0.3600000000000001,0,0
MALL|2025-02-25|DisclosuresAuditorsReport|jsc_KeyAuditMattersExplanatory|0|en|9,MALL,en,0,0,0,0.0033,0.1,0,0
SGBJ|2021-05-03|DisclosuresAuditorsReport|jsc_AuditorsResponsibilitiesForAuditOfFinancialStatementsExplanatory|0|en|13,SGBJ,en,1,0,0,0.0448,0.8200000000000002,0,0
MANE|2022-04-28|NotesListOfNotes|ifrs-full_DisclosureOfGeneralAndAdministrativeExpenseExplanatory|0|en|164,MANE,en,4,0,0,0.0029,0.3600000000000001,0,0
MANE|2022-04-28|NotesListOfNotes|jsc-rep_DisclosureOfOtherExpenses|0|en|161,MANE,en,4,0,0,0.0028,0.3600000000000001,0,0
JOPH|2023-05-04|NotesListOfNotes|ifrs-full_DisclosureOfGeneralInformationAboutFinancialStatementsExplanatory|0|en|4,JOPH,en,1,0,0,0.0614,0.8200000000000002,0,0
JOPH|2024-05-06|CorporateGovernanceReport|jsc-rep_DisclosureOfExecutivePositionsInCompanyAndNamesOfThePersonsWhoOccupyThem|0|en|6,JOPH,en,1,0,0,0.0172,0.8200000000000002,0,0
UMIC|2024-03-21|DisclosuresAuditorsReport|jsc_AuditorsReportOnFinancialStatements|0|en|15,UMIC,en,2,0,0,0.0022,0.14,0,0
ZEIC|2021-03-03|Declarations|jsc-rep_DeclarationAffirmingCorrectnessAccuracyAndCompletenessOfInformationAndDataStatedInReportSignedByChairmanOfBoardOfDirectorsCompanysChiefExecutiveOfficerAndChiefFinancialOfficer|0|en|1,ZEIC,en,0,0,0,0.0045,0.1,0,0
BOJX|2022-03-31|DisclosuresDirectorsReport|jsc_TheMembersOfBoardOfDirectorsNamesAndNamesAndRanksOfSeniorExecutiveManagementWithBriefResumeOfEach|0|en|118,BOJX,en,4,0,0,0.0051,0.3600000000000001,0,0
JOPH|2025-04-22|NotesListOfNotes|ifrs-full_DisclosureOfCommitmentsAndContingentLiabilitiesExplanatory|0|en|26,JOPH,en,1,0,0,0.0202,0.8200000000000002,0,0
UMIC|2025-04-20|DisclosuresAuditorsReport|jsc_AuditorsReportOnFinancialStatements|0|en|41,UMIC,en,2,0,0,0.0078,0.14,0,0
BOJX|2021-04-30|NotesListOfNotes|ifrs-full_DisclosureOfSummaryOfSignificantAccountingPoliciesExplanatory|0|en|313,BOJX,en,4,0,0,0.0031,0.3600000000000001,0,0
JOIB|2022-04-28|DisclosuresDirectorsReport|jsc_DisclosureOfDirectorsReport|0|en|24,JOIB,en,2,0,0,0.002,0.14,0,0
MANE|2022-04-28|NotesListOfNotes|jsc-rep_DisclosureOfCashOnHandAndAtBanks|0|en|1,MANE,en,4,0,0,0.0023,0.3600000000000001,0,0
SGBJ|2021-05-03|DisclosuresAuditorsReport|jsc_AuditorsOpinionBasisExplanatory|0|en|3,SGBJ,en,1,0,0,0.0115,0.8200000000000002,0,0
JOIB|2023-04-30|DisclosuresAuditorsReport|jsc_DisclosureOfAuditorsReportTextBlock|0|en|26,JOIB,en,2,0,0,0.0026,0.14,0,0
SGBJ|2021-05-03|NotesListOfNotes|ifrs-full_DisclosureOfAccountingJudgementsAndEstimatesExplanatory|0|en|25,SGBJ,en,1,0,0,0.0221,0.8200000000000002,0,0
SABK|2025-04-24|NotesListOfNotes|jsc-rep_DisclosureOfDeferredTaxAssets|0|en|0,SABK,en,3,0,0,0.0016,0.66,0,0
ZEIC|2023-02-07|DisclosuresDirectorsReport|jsc_TheMembersOfBoardOfDirectorsNamesAndNamesAndRanksOfSeniorExecutiveManagementWithBriefResumeOfEach|0|en|30,ZEIC,en,0,0,0,0.0037,0.1,0,0
JOPH|2025-04-22|DisclosuresDirectorsReport|jsc_DisclosureOfImportantProspectiveDevelopmentsIncludingAnyNewExpansionsAndProjectsCompanysProposedPlanForAtLeastOneUpcomingYearAndBoardOfDirectorsForecastsForOutcomesOfCompanyActivities|0|en|56,JOPH,en,1,0,0,0.1411,0.8200000000000002,0,0
JOPH|2024-05-06|NotesListOfNotes|jsc-rep_DisclosureOfLawSuits|0|en|10,JOPH,en,1,0,0,0.0099,0.8200000000000002,0,0
MALL|2023-03-07|DisclosuresChairmansStatement|jsc_DisclosureOfStatementOfBoardOfDirectorsChairman|0|en|10,MALL,en,0,0,0,0.0034,0.1,0,0
UBSI|2023-03-31|NotesListOfNotes|ifrs-full_DisclosureOfBasisOfConsolidationExplanatory|0|en|139,UBSI,en,2,0,0,0.002,0.14,0,0
JOIB|2025-05-03|NotesListOfNotes|ifrs-full_DisclosureOfMarketRiskExplanatory|0|en|30,JOIB,en,2,0,0,0.0044,0.14,0,0
UBSI|2023-03-31|NotesListOfNotes|ifrs-full_DisclosureOfBasisOfConsolidationExplanatory|0|en|313,UBSI,en,2,0,0,0.0018,0.14,0,0
MANE|2022-04-28|NotesListOfNotes|jsc-rep_DisclosureOfLawSuits|0|en|176,MANE,en,4,0,0,0.0067,0.3600000000000001,0,0
MANE|2022-04-28|NotesListOfNotes|ifrs-full_DisclosureOfNoncontrollingInterestsExplanatory|0|en|144,MANE,en,4,0,0,0.0049,0.3600000000000001,0,0
MANE|2022-04-28|NotesListOfNotes|ifrs-full_DisclosureOfIntangibleAssetsExplanatory|0|en|218,MANE,en,4,0,0,0.0033,0.3600000000000001,0,0
ZEIC|2024-02-13|DisclosuresAuditorsReport|jsc_ResponsibilitiesOfManagementAndThoseChargedWithGovernanceForFinancialStatementsExplanatory|0|en|0,ZEIC,en,0,0,0,0.0043,0.1,0,0
BOJX|2022-03-31|DisclosuresDirectorsReport|jsc_CompanysCompetitivePositionWithinItsSectorAndMainMarketSegmentsAsWellAsItsShareOfLocalMarketAndInternationalMarketIfPossible|0|en|0,BOJX,en,4,0,0,0.0035,0.3600000000000001,0,0
UBSI|2022-04-29|NotesListOfNotes|ifrs-full_DisclosureOfSummaryOfSignificantAccountingPoliciesExplanatory|0|en|170,UBSI,en,2,0,0,0.0024,0.14,0,0
JOPH|2023-05-04|NotesListOfNotes|ifrs-full_DisclosureOfSummaryOfSignificantAccountingPoliciesExplanatory|0|en|26,JOPH,en,1,0,0,0.0265,0.8200000000000002,0,0
MANE|2022-04-28|NotesListOfNotes|ifrs-full_DisclosureOfRestrictedCashAndCashEquivalentsExplanatory|0|en|130,MANE,en,4,0,0,0.0028,0.3600000000000001,0,0
BOJX|2021-04-30|NotesListOfNotes|jsc-rep_DisclosureOfRiskManagement|0|en|16,BOJX,en,4,0,0,0.0024,0.3600000000000001,0,0
JOWM|2025-02-20|DisclosuresAuditorsReport|jsc_DisclosureOfAuditorsReportTextBlock|0|en|32,JOWM,en,2,0,0,0.0029,0.14,0,0
UBSI|2021-05-16|DisclosuresDirectorsReport|jsc_DisclosureOfAnalysisOfCompanysFinancialStatusAndOfResultsOfItsActivitiesForFiscalYear|0|en|2,UBSI,en,2,0,0,0.0016,0.14,0,0
JOWM|2024-02-28|NotesListOfNotes|ifrs-full_DisclosureOfSummaryOfSignificantAccountingPoliciesExplanatory|0|en|70,JOWM,en,2,0,0,0.0019,0.14,0,0
MANE|2022-04-28|NotesListOfNotes|ifrs-full_DisclosureOfOtherNoncurrentAssetsExplanatory|0|en|230,MANE,en,4,0,0,0.0045,0.3600000000000001,0,0
MANE|2022-04-28|NotesListOfNotes|jsc-rep_DisclosureOfStatutoryReserves|0|en|162,MANE,en,4,0,0,0.0023,0.3600000000000001,0,0
MALL|2023-03-07|Declarations|jsc-rep_DeclarationByBoardOfDirectorsAffirmingItsResponsibilityForPreparationOfFinancialStatementsAndForProvisionOfEffectiveSystemOfControlsWithinCompany|0|en|2,MALL,en,0,0,0,0.0027,0.1,0,0
JOWM|2022-03-29|DisclosuresDirectorsReport|jsc_DisclosureOfCompanysAccomplishmentsSupportedByQuantitativeIndicatorsAndDescriptionOfSignificantOccurrencesToCompanyDuringFiscalYear|0|en|0,JOWM,en,2,0,0,0.0022,0.14,0,0
ZEIC|2025-02-12|NotesListOfNotes|ifrs-full_DisclosureOfIncomeTaxExplanatory|0|en|0,ZEIC,en,0,0,0,0.0025,0.1,0,0
REDV|2024-03-12|NotesListOfNotes|ifrs-full_DisclosureOfInvestmentPropertyExplanatory|0|en|1,REDV,en,4,0,0,0.0034,0.3600000000000001,0,0
UBSI|2023-03-31|NotesListOfNotes|ifrs-full_DisclosureOfBasisOfConsolidationExplanatory|0|en|31,UBSI,en,2,0,0,0.0018,0.14,0,0
UBSI|2022-04-29|DisclosuresAuditorsReport|jsc_AuditorsReportOnFinancialStatements|0|en|27,UBSI,en,2,0,0,0.0032,0.14,0,0
JOIB|2023-04-30|CorporateGovernanceReport|jsc-rep_DisclosureOfNamesOfCommitteesEmanatingFromBoardOfDirectors|0|en|1,JOIB,en,2,0,0,0.0019,0.14,0,0
MANE|2022-04-28|NotesListOfNotes|jsc-rep_DisclosureOfStrategicInventory|0|en|118,MANE,en,4,0,0,0.004,0.3600000000000001,0,0
MANE|2022-04-28|NotesListOfNotes|jsc-rep_DisclosureOfStatutoryReserves|0|en|82,MANE,en,4,0,0,0.0033,0.3600000000000001,0,0
UMIC|2025-04-20|DisclosuresAuditorsReport|jsc_AuditorsReportOnFinancialStatements|0|en|62,UMIC,en,2,0,0,0.0031,0.14,0,0
JOPH|2024-05-06|DisclosuresDirectorsReport|jsc_DisclosureOfImportantProspectiveDevelopmentsIncludingAnyNewExpansionsAndProjectsCompanysProposedPlanForAtLeastOneUpcomingYearAndBoardOfDirectorsForecastsForOutcomesOfCompanyActivities|0|en|24,JOPH,en,1,0,0,0.0114,0.8200000000000002,0,0
BOJX|2023-03-26|DisclosuresDirectorsReport|jsc_DisclosureOfCompanysAccomplishmentsSupportedByQuantitativeIndicatorsAndDescriptionOfSignificantOccurrencesToCompanyDuringFiscalYear|0|en|104,BOJX,en,4,0,0,0.004,0.3600000000000001,0,0
UBSI|2024-03-31|NotesListOfNotes|ifrs-full_DisclosureOfBasisOfConsolidationExplanatory|0|en|73,UBSI,en,2,0,0,0.0021,0.14,0,0
ZEIC|2021-03-03|NotesListOfNotes|ifrs-full_DisclosureOfPropertyPlantAndEquipmentExplanatory|0|en|5,ZEIC,en,0,0,0,0.0027,0.1,0,0
JCBK|2024-04-30|DisclosuresDirectorsReport|jsc_DisclosureOfCompanysAccomplishmentsSupportedByQuantitativeIndicatorsAndDescriptionOfSignificantOccurrencesToCompanyDuringFiscalYear|0|en|141,JCBK,en,0,1,1,0.995,0.1,1,1
JCBK|2024-04-30|DisclosuresDirectorsReport|jsc_DisclosureOfCompanysAccomplishmentsSupportedByQuantitativeIndicatorsAndDescriptionOfSignificantOccurrencesToCompanyDuringFiscalYear|0|en|143,JCBK,en,0,1,1,0.9949,0.1,1,1
JCBK|2024-04-30|DisclosuresDirectorsReport|jsc_DisclosureOfCompanysAccomplishmentsSupportedByQuantitativeIndicatorsAndDescriptionOfSignificantOccurrencesToCompanyDuringFiscalYear|0|en|160,JCBK,en,0,0,1,0.9955,0.1,1,1
JEIH|2022-03-14|NotesListOfNotes|ifrs-full_DisclosureOfEntitysReportableSegmentsExplanatory|0|en|0,JEIH,en,2,0,1,0.0025,0.14,0,0
JOEP|2022-04-24|DisclosuresDirectorsReport|jsc_DescriptionOfSubsidiaryCompaniesNatureOfTheirBusinessAndTheirAreasOfActivity|0|en|0,JOEP,en,4,0,1,0.004,0.3600000000000001,0,0
JOEP|2022-04-24|DisclosuresDirectorsReport|jsc_DescriptionOfSubsidiaryCompaniesNatureOfTheirBusinessAndTheirAreasOfActivity|0|en|1,JOEP,en,4,1,1,0.004,0.3600000000000001,0,0
JOEP|2022-04-24|DisclosuresDirectorsReport|jsc_DisclosureOfAmountOfAuditingFeesForCompanyAndItsSubsidiariesAndAnyOtherFeesReceivedOrReceivableByAuditor|0|en|2,JOEP,en,4,0,1,0.0045,0.3600000000000001,0,0
JOEP|2022-04-24|DisclosuresDirectorsReport|jsc_DisclosureOfImportantProspectiveDevelopmentsIncludingAnyNewExpansionsAndProjectsCompanysProposedPlanForAtLeastOneUpcomingYearAndBoardOfDirectorsForecastsForOutcomesOfCompanyActivities|0|en|6,JOEP,en,4,0,1,0.0077,0.3600000000000001,0,0
JOEP|2022-04-24|NotesIncomeTax|jsc-rep_DisclosureOfTaxStatus|0|en|3,JOEP,en,4,0,1,0.0044,0.3600000000000001,0,0
JOEP|2022-04-24|NotesListOfNotes|ifrs-full_DisclosureOfIntangibleAssetsExplanatory|0|en|1,JOEP,en,4,1,1,0.0033,0.3600000000000001,0,0
JOEP|2022-04-24|NotesListOfNotes|ifrs-full_DisclosureOfSignificantInvestmentsInSubsidiariesExplanatory|0|en|0,JOEP,en,4,0,1,0.0037,0.3600000000000001,0,0
JCBK|2025-04-29|DisclosuresDirectorsReport|jsc_DisclosureOfCompanysAccomplishmentsSupportedByQuantitativeIndicatorsAndDescriptionOfSignificantOccurrencesToCompanyDuringFiscalYear|0|en|221,JCBK,en,0,1,1,0.995,0.1,1,1
JCBK|2025-04-29|DisclosuresDirectorsReport|jsc_DisclosureOfImportantProspectiveDevelopmentsIncludingAnyNewExpansionsAndProjectsCompanysProposedPlanForAtLeastOneUpcomingYearAndBoardOfDirectorsForecastsForOutcomesOfCompanyActivities|0|en|12,JCBK,en,0,1,1,0.9955,0.1,1,1
JEIH|2023-03-21|NotesListOfNotes|ifrs-full_DisclosureOfEntitysReportableSegmentsExplanatory|0|en|0,JEIH,en,2,0,1,0.0024,0.14,0,0
JOEP|2023-04-30|DisclosuresChairmansStatement|jsc_DisclosureOfStatementOfBoardOfDirectorsChairman|0|en|9,JOEP,en,4,0,1,0.6714,0.3600000000000001,1,1
JOEP|2023-04-30|DisclosuresDirectorsReport|jsc_DescriptionOfSubsidiaryCompaniesNatureOfTheirBusinessAndTheirAreasOfActivity|0|en|0,JOEP,en,4,0,1,0.0039,0.3600000000000001,0,0
JOEP|2023-04-30|DisclosuresDirectorsReport|jsc_DisclosureOfImportantProspectiveDevelopmentsIncludingAnyNewExpansionsAndProjectsCompanysProposedPlanForAtLeastOneUpcomingYearAndBoardOfDirectorsForecastsForOutcomesOfCompanyActivities|0|en|6,JOEP,en,4,0,1,0.0036,0.3600000000000001,0,0
JOEP|2023-04-30|DisclosuresDirectorsReport|jsc_DisclosureOfImportantProspectiveDevelopmentsIncludingAnyNewExpansionsAndProjectsCompanysProposedPlanForAtLeastOneUpcomingYearAndBoardOfDirectorsForecastsForOutcomesOfCompanyActivities|0|en|7,JOEP,en,4,0,1,0.0059,0.3600000000000001,0,0
JOEP|2023-04-30|NotesIncomeTax|jsc-rep_DisclosureOfTaxStatus|0|en|5,JOEP,en,4,0,1,0.0047,0.3600000000000001,0,0
JOEP|2023-04-30|NotesListOfNotes|ifrs-full_DisclosureOfBasisOfConsolidationExplanatory|0|en|8,JOEP,en,4,0,1,0.0028,0.3600000000000001,0,0
JOEP|2023-04-30|NotesListOfNotes|ifrs-full_DisclosureOfIntangibleAssetsExplanatory|0|en|1,JOEP,en,4,1,1,0.0033,0.3600000000000001,0,0
JOEP|2023-04-30|NotesListOfNotes|ifrs-full_DisclosureOfSignificantInvestmentsInSubsidiariesExplanatory|0|en|0,JOEP,en,4,0,1,0.003,0.3600000000000001,0,0
JOIT|2021-05-05|NotesListOfNotes|ifrs-full_DisclosureOfSummaryOfSignificantAccountingPoliciesExplanatory|0|en|51,JOIT,en,0,0,1,0.0024,0.1,0,0
JCBK|2022-03-31|DisclosuresDirectorsReport|jsc_DisclosureOfCompanysAccomplishmentsSupportedByQuantitativeIndicatorsAndDescriptionOfSignificantOccurrencesToCompanyDuringFiscalYear|0|en|99,JCBK,en,0,1,1,0.994,0.1,1,1
JEIH|2024-04-04|NotesListOfNotes|ifrs-full_DisclosureOfEntitysReportableSegmentsExplanatory|0|en|0,JEIH,en,2,0,1,0.0025,0.14,0,0
JEIH|2024-04-04|NotesListOfNotes|ifrs-full_DisclosureOfNotesAndOtherExplanatoryInformationExplanatory|0|en|106,JEIH,en,2,0,1,0.0025,0.14,0,0
JOEP|2024-04-30|DisclosuresDirectorsReport|jsc_DescriptionOfSubsidiaryCompaniesNatureOfTheirBusinessAndTheirAreasOfActivity|0|en|0,JOEP,en,4,0,1,0.0034,0.3600000000000001,0,0
JOEP|2024-04-30|DisclosuresDirectorsReport|jsc_TheMembersOfBoardOfDirectorsNamesAndNamesAndRanksOfSeniorExecutiveManagementWithBriefResumeOfEach|0|en|3,JOEP,en,4,0,1,0.0046,0.3600000000000001,0,0
JOEP|2024-04-30|DisclosuresDirectorsReport|jsc_TheMembersOfBoardOfDirectorsNamesAndNamesAndRanksOfSeniorExecutiveManagementWithBriefResumeOfEach|0|en|20,JOEP,en,4,0,1,0.0035,0.3600000000000001,0,0
JOEP|2024-04-30|DisclosuresDirectorsReport|jsc_TheMembersOfBoardOfDirectorsNamesAndNamesAndRanksOfSeniorExecutiveManagementWithBriefResumeOfEach|0|en|24,JOEP,en,4,0,1,0.0055,0.3600000000000001,0,0
JOEP|2024-04-30|NotesListOfNotes|ifrs-full_DisclosureOfBasisOfConsolidationExplanatory|0|en|9,JOEP,en,4,0,1,0.0047,0.3600000000000001,0,0
JOEP|2024-04-30|NotesListOfNotes|ifrs-full_DisclosureOfBasisOfPreparationOfFinancialStatementsExplanatory|0|en|9,JOEP,en,4,0,1,0.003,0.3600000000000001,0,0
JOEP|2024-04-30|NotesListOfNotes|ifrs-full_DisclosureOfIncomeTaxExplanatory|0|en|5,JOEP,en,4,0,1,0.0047,0.3600000000000001,0,0
JOEP|2024-04-30|NotesListOfNotes|ifrs-full_DisclosureOfIntangibleAssetsExplanatory|0|en|1,JOEP,en,4,1,1,0.0034,0.3600000000000001,0,0
JOEP|2024-04-30|NotesListOfNotes|ifrs-full_DisclosureOfRelatedPartyExplanatory|0|en|2,JOEP,en,4,0,1,0.0036,0.3600000000000001,0,0
JOEP|2021-04-25|DisclosuresDirectorsReport|jsc_DescriptionOfSubsidiaryCompaniesNatureOfTheirBusinessAndTheirAreasOfActivity|0|en|3,JOEP,en,4,0,1,0.0048,0.3600000000000001,0,0
JOEP|2021-04-25|DisclosuresDirectorsReport|jsc_DescriptionOfSubsidiaryCompaniesNatureOfTheirBusinessAndTheirAreasOfActivity|0|en|4,JOEP,en,4,1,1,0.0035,0.3600000000000001,0,0
JOEP|2021-04-25|DisclosuresDirectorsReport|jsc_DisclosureOfAmountOfAuditingFeesForCompanyAndItsSubsidiariesAndAnyOtherFeesReceivedOrReceivableByAuditor|0|en|0,JOEP,en,4,0,1,0.0039,0.3600000000000001,0,0
JOEP|2021-04-25|DisclosuresDirectorsReport|jsc_DisclosureOfImportantProspectiveDevelopmentsIncludingAnyNewExpansionsAndProjectsCompanysProposedPlanForAtLeastOneUpcomingYearAndBoardOfDirectorsForecastsForOutcomesOfCompanyActivities|0|en|5,JOEP,en,4,0,1,0.03,0.3600000000000001,0,0
JOEP|2021-04-25|NotesListOfNotes|ifrs-full_DisclosureOfBasisOfConsolidationExplanatory|0|en|8,JOEP,en,4,0,1,0.0038,0.3600000000000001,0,0
JOEP|2021-04-25|NotesListOfNotes|ifrs-full_DisclosureOfIntangibleAssetsExplanatory|0|en|1,JOEP,en,4,1,1,0.0033,0.3600000000000001,0,0
JOEP|2025-04-30|DisclosuresDirectorsReport|jsc_DescriptionOfSubsidiaryCompaniesNatureOfTheirBusinessAndTheirAreasOfActivity|0|en|0,JOEP,en,4,0,1,0.0047,0.3600000000000001,0,0
JOEP|2025-04-30|DisclosuresDirectorsReport|jsc_DescriptionOfSubsidiaryCompaniesNatureOfTheirBusinessAndTheirAreasOfActivity|0|en|1,JOEP,en,4,1,1,0.5902,0.3600000000000001,1,1
JOEP|2025-04-30|DisclosuresDirectorsReport|jsc_DisclosureOfAmountOfAuditingFeesForCompanyAndItsSubsidiariesAndAnyOtherFeesReceivedOrReceivableByAuditor|0|en|2,JOEP,en,4,1,1,0.0048,0.3600000000000001,0,0
JOEP|2025-04-30|DisclosuresDirectorsReport|jsc_TheMembersOfBoardOfDirectorsNamesAndNamesAndRanksOfSeniorExecutiveManagementWithBriefResumeOfEach|0|en|4,JOEP,en,4,0,1,0.0042,0.3600000000000001,0,0
JOEP|2025-04-30|DisclosuresDirectorsReport|jsc_TheMembersOfBoardOfDirectorsNamesAndNamesAndRanksOfSeniorExecutiveManagementWithBriefResumeOfEach|0|en|12,JOEP,en,4,0,1,0.0046,0.3600000000000001,0,0
JOEP|2025-04-30|DisclosuresDirectorsReport|jsc_TheMembersOfBoardOfDirectorsNamesAndNamesAndRanksOfSeniorExecutiveManagementWithBriefResumeOfEach|0|en|53,JOEP,en,4,0,1,0.0084,0.3600000000000001,0,0
JOEP|2025-04-30|DisclosuresDirectorsReport|jsc_TheMembersOfBoardOfDirectorsNamesAndNamesAndRanksOfSeniorExecutiveManagementWithBriefResumeOfEach|0|en|60,JOEP,en,4,1,1,0.0153,0.3600000000000001,0,0
JOEP|2025-04-30|NotesIncomeTax|jsc-rep_DisclosureOfTaxStatus|0|en|5,JOEP,en,4,0,1,0.0047,0.3600000000000001,0,0
JOEP|2025-04-30|NotesListOfNotes|ifrs-full_DisclosureOfBasisOfConsolidationExplanatory|0|en|8,JOEP,en,4,0,1,0.0037,0.3600000000000001,0,0
JOEP|2025-04-30|NotesListOfNotes|ifrs-full_DisclosureOfBasisOfConsolidationExplanatory|0|en|9,JOEP,en,4,0,1,0.0027,0.3600000000000001,0,0
JOEP|2025-04-30|NotesListOfNotes|ifrs-full_DisclosureOfIntangibleAssetsExplanatory|0|en|1,JOEP,en,4,1,1,0.0034,0.3600000000000001,0,0
JOEP|2025-04-30|NotesListOfNotes|ifrs-full_DisclosureOfRelatedPartyExplanatory|0|en|2,JOEP,en,4,0,1,0.0036,0.3600000000000001,0,0
JOEP|2025-04-30|NotesListOfNotes|ifrs-full_DisclosureOfSignificantInvestmentsInSubsidiariesExplanatory|0|en|0,JOEP,en,4,0,1,0.0086,0.3600000000000001,0,0
JCBK|2022-03-31|CorporateGovernanceReport|jsc-rep_DisclosureOfInformationAndDetailsRegardingApplicationOfProvisionsOfTheseInstructionsAndCorporateGovernanceRulesInCompany|0|en|261,JCBK,en,0,0,0,0.0038,0.1,0,0
CABK|2025-04-30|NotesListOfNotes|ifrs-full_DisclosureOfAccountingJudgementsAndEstimatesExplanatory|0|en|11,CABK,en,3,0,0,0.002,0.66,0,0
JEIH|2023-03-21|DisclosuresAuditorsReport|jsc_AuditorsReportOnFinancialStatements|0|en|22,JEIH,en,2,0,0,0.0029,0.14,0,0
ALFA|2024-04-17|DisclosuresAuditorsReport|jsc_AuditorsReportOnFinancialStatements|0|en|18,ALFA,en,3,0,0,0.0017,0.66,0,0
BLAD|2022-04-28|DisclosuresAuditorsReport|jsc_ResponsibilitiesOfManagementAndThoseChargedWithGovernanceForFinancialStatementsExplanatory|0|en|0,BLAD,en,4,0,0,0.0035,0.3600000000000001,0,0
JCBK|2023-03-30|NotesListOfNotes|ifrs-full_DisclosureOfCreditRiskExplanatory|0|en|26,JCBK,en,0,0,0,0.0027,0.1,0,0
JEIH|2024-04-04|DisclosuresChairmansStatement|jsc_DisclosureOfStatementOfBoardOfDirectorsChairman|0|en|10,JEIH,en,2,0,0,0.002,0.14,0,0
JOEP|2021-04-25|NotesListOfNotes|ifrs-full_DisclosureOfEffectOfChangesInForeignExchangeRatesExplanatory|0|en|7,JOEP,en,4,0,0,0.0028,0.3600000000000001,0,0
ATTA|2022-04-26|DisclosuresChairmansStatement|jsc_DisclosureOfStatementOfBoardOfDirectorsChairman|0|en|7,ATTA,en,3,0,0,0.0019,0.66,0,0
BLAD|2022-04-28|DisclosuresAuditorsReport|jsc_DisclosureOfAuditorsReportTextBlock|0|en|20,BLAD,en,4,0,0,0.0031,0.3600000000000001,0,0
JOEP|2024-04-30|NotesListOfNotes|ifrs-full_DisclosureOfSummaryOfSignificantAccountingPoliciesExplanatory|0|en|158,JOEP,en,4,0,0,0.0024,0.3600000000000001,0,0
JCBK|2024-04-30|CorporateGovernanceReport|jsc-rep_DisclosureOfInformationAndDetailsRegardingApplicationOfProvisionsOfTheseInstructionsAndCorporateGovernanceRulesInCompany|0|en|336,JCBK,en,0,0,0,0.003,0.1,0,0
ATTA|2025-04-16|NotesListOfNotes|ifrs-full_DisclosureOfSummaryOfSignificantAccountingPoliciesExplanatory|0|en|83,ATTA,en,3,0,0,0.0014,0.66,0,0
ALFA|2025-05-05|DisclosuresAuditorsReport|jsc_DisclosureOfAuditorsReportTextBlock|0|en|30,ALFA,en,3,0,0,0.0017,0.66,0,0
CABK|2024-04-08|DisclosuresAuditorsReport|jsc_AuditorsOpinionBasisExplanatory|0|en|2,CABK,en,3,0,0,0.0023,0.66,0,0
JEIH|2023-03-21|NotesListOfNotes|ifrs-full_DisclosureOfLiquidityRiskExplanatory|0|en|1,JEIH,en,2,0,0,0.0022,0.14,0,0
JODA|2022-03-30|DisclosuresAuditorsReport|jsc_AuditorsOpinionBasisExplanatory|0|en|2,JODA,en,3,0,0,0.002,0.66,0,0
JOEP|2025-04-30|NotesListOfNotes|ifrs-full_DisclosureOfSummaryOfSignificantAccountingPoliciesExplanatory|0|en|84,JOEP,en,4,0,0,0.0029,0.3600000000000001,0,0
JCBK|2025-04-29|NotesListOfNotes|ifrs-full_DisclosureOfSummaryOfSignificantAccountingPoliciesExplanatory|0|en|109,JCBK,en,0,0,0,0.0028,0.1,0,0
JCBK|2021-06-10|CorporateGovernanceReport|jsc-rep_DisclosureOfInformationAndDetailsRegardingApplicationOfProvisionsOfTheseInstructionsAndCorporateGovernanceRulesInCompany|0|en|177,JCBK,en,0,0,0,0.0028,0.1,0,0
JOIN|2021-04-05|DisclosuresAuditorsReport|jsc_KeyAuditMattersExplanatory|0|en|14,JOIN,en,4,0,0,0.0039,0.3600000000000001,0,0
JCBK|2025-04-29|NotesListOfNotes|ifrs-full_DisclosureOfBasisOfConsolidationExplanatory|0|en|15,JCBK,en,0,0,0,0.0041,0.1,0,0
ATTA|2025-04-16|DisclosuresAuditorsReport|jsc_ReportOnOtherLegalAndRegulatoryRequirementsExplanatory|0|en|9,ATTA,en,3,0,0,0.0015,0.66,0,0
BLAD|2025-04-30|DisclosuresDirectorsReport|jsc_CompanysCompetitivePositionWithinItsSectorAndMainMarketSegmentsAsWellAsItsShareOfLocalMarketAndInternationalMarketIfPossible|0|en|0,BLAD,en,4,0,0,0.0036,0.3600000000000001,0,0
JCBK|2023-03-30|CorporateGovernanceReport|jsc-rep_DisclosureOfInformationAndDetailsRegardingApplicationOfProvisionsOfTheseInstructionsAndCorporateGovernanceRulesInCompany|0|en|358,JCBK,en,0,0,0,0.0033,0.1,0,0
ATTA|2023-03-22|DisclosuresAuditorsReport|jsc_DisclosureOfAuditorsReportTextBlock|0|en|11,ATTA,en,3,0,0,0.0015,0.66,0,0
JCBK|2021-06-10|DisclosuresDirectorsReport|jsc_TheMembersOfBoardOfDirectorsNamesAndNamesAndRanksOfSeniorExecutiveManagementWithBriefResumeOfEach|0|en|127,JCBK,en,0,0,0,0.0061,0.1,0,0
JCBK|2022-03-31|CorporateGovernanceReport|jsc-rep_DisclosureOfInformationAndDetailsRegardingApplicationOfProvisionsOfTheseInstructionsAndCorporateGovernanceRulesInCompany|0|en|215,JCBK,en,0,0,0,0.0033,0.1,0,0
JCBK|2022-03-31|NotesListOfNotes|ifrs-full_DisclosureOfAccountingJudgementsAndEstimatesExplanatory|0|en|76,JCBK,en,0,0,0,0.0026,0.1,0,0
JCBK|2022-03-31|NotesListOfNotes|ifrs-full_DisclosureOfOtherAssetsExplanatory|0|en|4,JCBK,en,0,0,0,0.0032,0.1,0,0
JOEP|2025-04-30|NotesListOfNotes|ifrs-full_DisclosureOfBasisOfConsolidationExplanatory|0|en|13,JOEP,en,4,0,0,0.0025,0.3600000000000001,0,0
JCBK|2025-04-29|CorporateGovernanceReport|jsc-rep_DisclosureOfInformationAndDetailsRegardingApplicationOfProvisionsOfTheseInstructionsAndCorporateGovernanceRulesInCompany|0|en|387,JCBK,en,0,0,0,0.0035,0.1,0,0
JCBK|2022-03-31|NotesListOfNotes|ifrs-full_DisclosureOfSummaryOfSignificantAccountingPoliciesExplanatory|0|en|94,JCBK,en,0,0,0,0.0036,0.1,0,0
JCBK|2025-04-29|CorporateGovernanceReport|jsc-rep_DisclosureOfInformationAndDetailsRegardingApplicationOfProvisionsOfTheseInstructionsAndCorporateGovernanceRulesInCompany|0|en|146,JCBK,en,0,0,0,0.0032,0.1,0,0
JCBK|2025-04-29|CorporateGovernanceReport|jsc-rep_DisclosureOfNumberOfMeetingsOfCommitteesDuringYearWithStatementOfMembersPresent|0|en|13,JCBK,en,0,0,0,0.0044,0.1,0,0
BLAD|2021-03-31|NotesListOfNotes|ifrs-full_DisclosureOfSummaryOfSignificantAccountingPoliciesExplanatory|0|en|110,BLAD,en,4,0,0,0.0027,0.3600000000000001,0,0
JOEP|2025-04-30|CorporateGovernanceReport|jsc-rep_DisclosureOfNameOfChairmanAndMembersOfNominationAndRemunerationCommitteeCorporateGovernanceCommitteeAndRiskManagementCommittee|0|en|1,JOEP,en,4,0,0,0.0124,0.3600000000000001,0,0
JCBK|2024-04-30|NotesListOfNotes|ifrs-full_DisclosureOfCreditRiskExplanatory|0|en|7,JCBK,en,0,0,0,0.0025,0.1,0,0
ALFA|2025-05-05|NotesListOfNotes|ifrs-full_DisclosureOfAccountingJudgementsAndEstimatesExplanatory|0|en|37,ALFA,en,3,0,0,0.0015,0.66,0,0
JCBK|2023-03-30|NotesListOfNotes|ifrs-full_DisclosureOfSummaryOfSignificantAccountingPoliciesExplanatory|0|en|64,JCBK,en,0,0,0,0.0024,0.1,0,0
JCBK|2025-04-29|NotesListOfNotes|ifrs-full_DisclosureOfSummaryOfSignificantAccountingPoliciesExplanatory|0|en|30,JCBK,en,0,0,0,0.0024,0.1,0,0
CABK|2025-04-30|NotesListOfNotes|ifrs-full_DisclosureOfSummaryOfSignificantAccountingPoliciesExplanatory|0|en|84,CABK,en,3,0,0,0.0023,0.66,0,0
JOIN|2021-04-05|NotesListOfNotes|jsc-rep_DisclosureOfOtherProvisions|0|en|0,JOIN,en,4,0,0,0.003,0.3600000000000001,0,0
ARAS|2021-04-30|DisclosuresAuditorsReport|jsc_AuditorsReportOnFinancialStatements|0|en|27,ARAS,en,1,0,0,0.0169,0.8200000000000002,0,0
CABK|2023-04-27|NotesListOfNotes|ifrs-full_DisclosureOfBasisOfConsolidationExplanatory|0|en|18,CABK,en,3,0,0,0.0017,0.66,0,0
JCBK|2024-04-30|DisclosuresDirectorsReport|jsc_TheMembersOfBoardOfDirectorsNamesAndNamesAndRanksOfSeniorExecutiveManagementWithBriefResumeOfEach|0|en|222,JCBK,en,0,0,0,0.0079,0.1,0,0
JCBK|2021-06-10|NotesListOfNotes|ifrs-full_DisclosureOfEntitysReportableSegmentsExplanatory|0|en|0,JCBK,en,0,0,0,0.0029,0.1,0,0
ATTA|2025-04-16|DisclosuresAuditorsReport|jsc_AuditorsReportOnFinancialStatements|0|en|26,ATTA,en,3,0,0,0.0019,0.66,0,0
JCBK|2022-03-31|DisclosuresDirectorsReport|jsc_DisclosureOfCompanysAccomplishmentsSupportedByQuantitativeIndicatorsAndDescriptionOfSignificantOccurrencesToCompanyDuringFiscalYear|0|en|119,JCBK,en,0,0,0,0.0026,0.1,0,0
CABK|2025-04-30|DisclosuresAuditorsReport|jsc_DisclosureOfAuditorsReportTextBlock|0|en|42,CABK,en,3,0,0,0.0022,0.66,0,0
JCBK|2024-04-30|CorporateGovernanceReport|jsc-rep_DisclosureOfInformationAndDetailsRegardingApplicationOfProvisionsOfTheseInstructionsAndCorporateGovernanceRulesInCompany|0|en|553,JCBK,en,0,0,0,0.0032,0.1,0,0
JCBK|2023-03-30|DisclosuresChairmansStatement|jsc_DisclosureOfStatementOfBoardOfDirectorsChairman|0|en|53,JCBK,en,0,0,0,0.0053,0.1,0,0
ARAS|2021-04-30|NotesListOfNotes|ifrs-full_DisclosureOfAccountingJudgementsAndEstimatesExplanatory|0|en|59,ARAS,en,1,0,0,0.0606,0.8200000000000002,0,0
JEIH|2024-04-04|DisclosuresDirectorsReport|jsc_DisclosureOfDirectorsReport|0|en|19,JEIH,en,2,0,0,0.002,0.14,0,0
ALFA|2024-04-17|DisclosuresAuditorsReport|jsc_DisclosureOfAuditorsReportTextBlock|0|en|17,ALFA,en,3,0,0,0.0016,0.66,0,0
ALFA|2025-05-05|DisclosuresDirectorsReport|jsc_DescriptionOfCompanysMainActivitiesWithTheirRespectiveGeographicalLocationsSizeOfCapitalInvestmentAndNumberOfEmployees|0|en|5,ALFA,en,3,0,0,0.0017,0.66,0,0
JCBK|2025-04-29|DisclosuresDirectorsReport|jsc_DisclosureOfCompanysAccomplishmentsSupportedByQuantitativeIndicatorsAndDescriptionOfSignificantOccurrencesToCompanyDuringFiscalYear|0|en|32,JCBK,en,0,0,0,0.0025,0.1,0,0
JOIT|2021-05-05|NotesListOfNotes|ifrs-full_DisclosureOfSummaryOfSignificantAccountingPoliciesExplanatory|0|en|10,JOIT,en,0,0,0,0.0025,0.1,0,0
JCBK|2023-03-30|NotesListOfNotes|ifrs-full_DisclosureOfCreditRiskExplanatory|0|en|12,JCBK,en,0,0,0,0.0027,0.1,0,0
CABK|2024-04-08|DisclosuresAuditorsReport|jsc_AuditorsResponsibilitiesForAuditOfFinancialStatementsExplanatory|0|en|9,CABK,en,3,0,0,0.0022,0.66,0,0
BLAD|2024-04-24|CorporateGovernanceReport|jsc-rep_DisclosureOfNameOfChairmanAndMembersOfAuditCommitteeAndADescriptionOfTheirQualificationsAndExperienceInFinancialOrAccountingMatters|0|en|8,BLAD,en,4,0,0,0.0077,0.3600000000000001,0,0
JOEP|2023-04-30|NotesListOfNotes|ifrs-full_DisclosureOfSummaryOfSignificantAccountingPoliciesExplanatory|0|en|40,JOEP,en,4,0,0,0.0023,0.3600000000000001,0,0
JCBK|2024-04-30|CorporateGovernanceReport|jsc-rep_DisclosureOfInformationAndDetailsRegardingApplicationOfProvisionsOfTheseInstructionsAndCorporateGovernanceRulesInCompany|0|en|276,JCBK,en,0,0,0,0.003,0.1,0,0
JCBK|2021-06-10|DisclosuresDirectorsReport|jsc_TheMembersOfBoardOfDirectorsNamesAndNamesAndRanksOfSeniorExecutiveManagementWithBriefResumeOfEach|0|en|186,JCBK,en,0,0,0,0.0044,0.1,0,0
CABK|2023-04-27|DisclosuresAuditorsReport|jsc_DisclosureOfAuditorsReportTextBlock|0|en|5,CABK,en,3,0,0,0.002,0.66,0,0
ATTA|2023-03-22|DisclosuresAuditorsReport|jsc_ReportOnOtherLegalAndRegulatoryRequirementsExplanatory|0|en|15,ATTA,en,3,0,0,0.0022,0.66,0,0
ALFA|2025-05-05|NotesListOfNotes|ifrs-full_DisclosureOfSummaryOfSignificantAccountingPoliciesExplanatory|0|en|16,ALFA,en,3,0,0,0.0016,0.66,0,0
JCBK|2023-03-30|NotesListOfNotes|ifrs-full_DisclosureOfSummaryOfSignificantAccountingPoliciesExplanatory|0|en|49,JCBK,en,0,0,0,0.0032,0.1,0,0
JCBK|2024-04-30|DisclosuresAuditorsReport|jsc_DisclosureOfAuditorsReportTextBlock|0|en|48,JCBK,en,0,0,0,0.0043,0.1,0,0
CABK|2025-04-30|CorporateGovernanceReport|jsc-rep_DisclosureOfExecutivePositionsInCompanyAndNamesOfThePersonsWhoOccupyThem|0|ar|14,CABK,ar,3,0,1,0.0019,0.66,0,0
CABK|2025-04-30|DisclosuresDirectorsReport|jsc_DisclosureOfCompanysAccomplishmentsSupportedByQuantitativeIndicatorsAndDescriptionOfSignificantOccurrencesToCompanyDuringFiscalYear|0|ar|58,CABK,ar,3,1,1,0.9977,0.66,1,1
CABK|2025-04-30|DisclosuresDirectorsReport|jsc_DisclosureOfCompanysAccomplishmentsSupportedByQuantitativeIndicatorsAndDescriptionOfSignificantOccurrencesToCompanyDuringFiscalYear|0|ar|81,CABK,ar,3,0,1,0.9975,0.66,1,1
CABK|2025-04-30|DisclosuresDirectorsReport|jsc_DisclosureOfCompanysContributionToEnvironmentalProtectionAndLocalCommunityService|0|ar|3,CABK,ar,3,1,1,0.002,0.66,0,0
CABK|2025-04-30|DisclosuresDirectorsReport|jsc_DisclosureOfImportantProspectiveDevelopmentsIncludingAnyNewExpansionsAndProjectsCompanysProposedPlanForAtLeastOneUpcomingYearAndBoardOfDirectorsForecastsForOutcomesOfCompanyActivities|0|ar|8,CABK,ar,3,1,1,0.9981,0.66,1,1
CABK|2025-04-30|DisclosuresDirectorsReport|jsc_TheMembersOfBoardOfDirectorsNamesAndNamesAndRanksOfSeniorExecutiveManagementWithBriefResumeOfEach|0|ar|119,CABK,ar,3,0,1,0.0019,0.66,0,0
JCBK|2024-04-30|DisclosuresDirectorsReport|jsc_DisclosureOfCompanysAccomplishmentsSupportedByQuantitativeIndicatorsAndDescriptionOfSignificantOccurrencesToCompanyDuringFiscalYear|0|ar|95,JCBK,ar,0,1,1,0.0496,0.1,0,0
JCBK|2024-04-30|DisclosuresDirectorsReport|jsc_DisclosureOfCompanysAccomplishmentsSupportedByQuantitativeIndicatorsAndDescriptionOfSignificantOccurrencesToCompanyDuringFiscalYear|0|ar|97,JCBK,ar,0,1,1,0.0052,0.1,0,0
JOEP|2022-04-24|DisclosuresChairmansStatement|jsc_DisclosureOfStatementOfBoardOfDirectorsChairman|0|ar|3,JOEP,ar,4,0,1,0.6746,0.3600000000000001,1,1
JOEP|2022-04-24|DisclosuresDirectorsReport|jsc_DescriptionOfSubsidiaryCompaniesNatureOfTheirBusinessAndTheirAreasOfActivity|0|ar|0,JOEP,ar,4,0,1,0.0035,0.3600000000000001,0,0
JOEP|2022-04-24|DisclosuresDirectorsReport|jsc_DescriptionOfSubsidiaryCompaniesNatureOfTheirBusinessAndTheirAreasOfActivity|0|ar|1,JOEP,ar,4,0,1,0.3616,0.3600000000000001,1,1
JOEP|2022-04-24|DisclosuresDirectorsReport|jsc_DisclosureOfImportantProspectiveDevelopmentsIncludingAnyNewExpansionsAndProjectsCompanysProposedPlanForAtLeastOneUpcomingYearAndBoardOfDirectorsForecastsForOutcomesOfCompanyActivities|0|ar|3,JOEP,ar,4,0,1,0.1728,0.3600000000000001,0,0
JOEP|2022-04-24|DisclosuresDirectorsReport|jsc_DisclosureOfImportantProspectiveDevelopmentsIncludingAnyNewExpansionsAndProjectsCompanysProposedPlanForAtLeastOneUpcomingYearAndBoardOfDirectorsForecastsForOutcomesOfCompanyActivities|0|ar|8,JOEP,ar,4,0,1,0.9713,0.3600000000000001,1,1
JOEP|2022-04-24|DisclosuresDirectorsReport|jsc_DisclosureOfIssuingCompanysOrganizationalChartNumberOfItsEmployeesAndTheirClassesOfQualificationAndItsPersonnelQualifyingAndTrainingPrograms|0|ar|2,JOEP,ar,4,0,1,0.0087,0.3600000000000001,0,0
JOEP|2022-04-24|NotesListOfNotes|jsc-rep_DisclosureOfOtherRevenue|0|ar|10,JOEP,ar,4,0,1,0.0789,0.3600000000000001,0,0
JOIB|2025-05-03|DisclosuresDirectorsReport|jsc_DisclosureOfDirectorsReport|0|ar|27,JOIB,ar,2,0,1,0.9993,0.14,1,1
JOIB|2025-05-03|NotesListOfNotes|ifrs-full_DisclosureOfCreditRiskExplanatory|0|ar|62,JOIB,ar,2,1,1,0.9988,0.14,1,1
JOPH|2023-05-04|DisclosuresDirectorsReport|jsc_TheMembersOfBoardOfDirectorsNamesAndNamesAndRanksOfSeniorExecutiveManagementWithBriefResumeOfEach|0|ar|15,JOPH,ar,1,0,1,0.1963,0.8200000000000002,0,0
SGBJ|2021-05-03|NotesListOfNotes|ifrs-full_DisclosureOfCreditRiskExplanatory|0|ar|33,SGBJ,ar,1,1,1,0.9914,0.8200000000000002,1,1
UBSI|2022-04-29|DisclosuresDirectorsReport|jsc_DisclosureOfImportantProspectiveDevelopmentsIncludingAnyNewExpansionsAndProjectsCompanysProposedPlanForAtLeastOneUpcomingYearAndBoardOfDirectorsForecastsForOutcomesOfCompanyActivities|0|ar|15,UBSI,ar,2,0,1,0.9988,0.14,1,1
ZEIC|2024-02-13|DisclosuresDirectorsReport|jsc_DisclosureOfCompanysAccomplishmentsSupportedByQuantitativeIndicatorsAndDescriptionOfSignificantOccurrencesToCompanyDuringFiscalYear|0|ar|56,ZEIC,ar,0,1,1,0.9954,0.1,1,1
BOJX|2024-03-28|NotesListOfNotes|jsc-rep_AdoptionOfNewAndRevisedInternationalFinancialReportingStandards|0|ar|36,BOJX,ar,4,0,1,0.0054,0.3600000000000001,0,0
JCBK|2025-04-29|DisclosuresDirectorsReport|jsc_DisclosureOfCompanysAccomplishmentsSupportedByQuantitativeIndicatorsAndDescriptionOfSignificantOccurrencesToCompanyDuringFiscalYear|0|ar|172,JCBK,ar,0,1,1,0.9943,0.1,1,1
JOEP|2023-04-30|DisclosuresChairmansStatement|jsc_DisclosureOfStatementOfBoardOfDirectorsChairman|0|ar|2,JOEP,ar,4,0,1,0.4505,0.3600000000000001,1,1
JOEP|2023-04-30|DisclosuresDirectorsReport|jsc_DescriptionOfSubsidiaryCompaniesNatureOfTheirBusinessAndTheirAreasOfActivity|0|ar|0,JOEP,ar,4,0,1,0.0035,0.3600000000000001,0,0
JOEP|2023-04-30|DisclosuresDirectorsReport|jsc_DescriptionOfSubsidiaryCompaniesNatureOfTheirBusinessAndTheirAreasOfActivity|0|ar|1,JOEP,ar,4,0,1,0.4043,0.3600000000000001,1,1
JOEP|2023-04-30|DisclosuresDirectorsReport|jsc_DisclosureOfImportantProspectiveDevelopmentsIncludingAnyNewExpansionsAndProjectsCompanysProposedPlanForAtLeastOneUpcomingYearAndBoardOfDirectorsForecastsForOutcomesOfCompanyActivities|0|ar|2,JOEP,ar,4,0,1,0.6286,0.3600000000000001,1,1
JOEP|2023-04-30|DisclosuresDirectorsReport|jsc_DisclosureOfImportantProspectiveDevelopmentsIncludingAnyNewExpansionsAndProjectsCompanysProposedPlanForAtLeastOneUpcomingYearAndBoardOfDirectorsForecastsForOutcomesOfCompanyActivities|0|ar|8,JOEP,ar,4,0,1,0.0375,0.3600000000000001,0,0
JOEP|2023-04-30|DisclosuresDirectorsReport|jsc_DisclosureOfImportantProspectiveDevelopmentsIncludingAnyNewExpansionsAndProjectsCompanysProposedPlanForAtLeastOneUpcomingYearAndBoardOfDirectorsForecastsForOutcomesOfCompanyActivities|0|ar|9,JOEP,ar,4,0,1,0.0057,0.3600000000000001,0,0
JOEP|2023-04-30|NotesListOfNotes|ifrs-full_DisclosureOfRelatedPartyExplanatory|0|ar|3,JOEP,ar,4,0,1,0.1325,0.3600000000000001,0,0
JOEP|2023-04-30|NotesListOfNotes|jsc-rep_DisclosureOfOtherRevenue|0|ar|10,JOEP,ar,4,0,1,0.0789,0.3600000000000001,0,0
JOIB|2022-04-28|NotesListOfNotes|ifrs-full_DisclosureOfCreditRiskExplanatory|0|ar|62,JOIB,ar,2,1,1,0.9988,0.14,1,1
JOPH|2024-05-06|CorporateGovernanceReport|jsc-rep_DisclosureOfExecutivePositionsInCompanyAndNamesOfThePersonsWhoOccupyThem|0|ar|62,JOPH,ar,1,0,1,0.0537,0.8200000000000002,0,0
JOWM|2024-02-28|NotesListOfNotes|jsc-rep_DisclosureOfStandardsIssuedButNotYetEffective|0|ar|14,JOWM,ar,2,0,1,0.006,0.14,0,0
SGBJ|2022-04-27|DisclosuresDirectorsReport|jsc_DisclosureOfIssuingCompanysOrganizationalChartNumberOfItsEmployeesAndTheirClassesOfQualificationAndItsPersonnelQualifyingAndTrainingPrograms|0|ar|0,SGBJ,ar,1,0,1,0.3983,0.8200000000000002,0,0
SGBJ|2022-04-27|NotesListOfNotes|ifrs-full_DisclosureOfCreditRiskExplanatory|0|ar|33,SGBJ,ar,1,1,1,0.9914,0.8200000000000002,1,1
UBSI|2023-03-31|DisclosuresDirectorsReport|jsc_DisclosureOfImportantProspectiveDevelopmentsIncludingAnyNewExpansionsAndProjectsCompanysProposedPlanForAtLeastOneUpcomingYearAndBoardOfDirectorsForecastsForOutcomesOfCompanyActivities|0|ar|18,UBSI,ar,2,0,1,0.9988,0.14,1,1
ZEIC|2025-02-12|DisclosuresDirectorsReport|jsc_DisclosureOfCompanysAccomplishmentsSupportedByQuantitativeIndicatorsAndDescriptionOfSignificantOccurrencesToCompanyDuringFiscalYear|0|ar|27,ZEIC,ar,0,1,1,0.9955,0.1,1,1
BOJX|2021-04-30|DisclosuresChairmansStatement|jsc_DisclosureOfStatementOfBoardOfDirectorsChairman|0|ar|41,BOJX,ar,4,0,1,0.1466,0.3600000000000001,0,0
BOJX|2021-04-30|DisclosuresDirectorsReport|jsc_DisclosureOfCompanysAccomplishmentsSupportedByQuantitativeIndicatorsAndDescriptionOfSignificantOccurrencesToCompanyDuringFiscalYear|0|ar|103,BOJX,ar,4,1,1,0.9277,0.3600000000000001,1,1
BOJX|2021-04-30|DisclosuresDirectorsReport|jsc_DisclosureOfCompanysAccomplishmentsSupportedByQuantitativeIndicatorsAndDescriptionOfSignificantOccurrencesToCompanyDuringFiscalYear|0|ar|111,BOJX,ar,4,1,1,0.2978,0.3600000000000001,0,0
BOJX|2021-04-30|DisclosuresDirectorsReport|jsc_DisclosureOfImportantProspectiveDevelopmentsIncludingAnyNewExpansionsAndProjectsCompanysProposedPlanForAtLeastOneUpcomingYearAndBoardOfDirectorsForecastsForOutcomesOfCompanyActivities|0|ar|5,BOJX,ar,4,1,1,0.9841,0.3600000000000001,1,1
BOJX|2021-04-30|DisclosuresDirectorsReport|jsc_DisclosureOfImportantProspectiveDevelopmentsIncludingAnyNewExpansionsAndProjectsCompanysProposedPlanForAtLeastOneUpcomingYearAndBoardOfDirectorsForecastsForOutcomesOfCompanyActivities|0|ar|8,BOJX,ar,4,1,1,0.7633,0.3600000000000001,1,1
JCBK|2022-03-31|DisclosuresDirectorsReport|jsc_DisclosureOfCompanysAccomplishmentsSupportedByQuantitativeIndicatorsAndDescriptionOfSignificantOccurrencesToCompanyDuringFiscalYear|0|ar|76,JCBK,ar,0,1,1,0.9936,0.1,1,1
JOEP|2024-04-30|DisclosuresChairmansStatement|jsc_DisclosureOfStatementOfBoardOfDirectorsChairman|0|ar|1,JOEP,ar,4,0,1,0.2466,0.3600000000000001,0,0
JOEP|2024-04-30|DisclosuresDirectorsReport|jsc_DescriptionOfSubsidiaryCompaniesNatureOfTheirBusinessAndTheirAreasOfActivity|0|ar|0,JOEP,ar,4,0,1,0.0033,0.3600000000000001,0,0
JOEP|2024-04-30|DisclosuresDirectorsReport|jsc_DescriptionOfSubsidiaryCompaniesNatureOfTheirBusinessAndTheirAreasOfActivity|0|ar|2,JOEP,ar,4,0,1,0.1565,0.3600000000000001,0,0
JOEP|2024-04-30|NotesListOfNotes|ifrs-full_DisclosureOfEntitysReportableSegmentsExplanatory|0|ar|3,JOEP,ar,4,0,1,0.0116,0.3600000000000001,0,0
JOEP|2024-04-30|NotesListOfNotes|ifrs-full_DisclosureOfRelatedPartyExplanatory|0|ar|2,JOEP,ar,4,0,1,0.0033,0.3600000000000001,0,0
JOEP|2024-04-30|NotesListOfNotes|jsc-rep_DisclosureOfOtherRevenue|0|ar|14,JOEP,ar,4,0,1,0.0026,0.3600000000000001,0,0
JOIB|2023-04-30|NotesListOfNotes|ifrs-full_DisclosureOfCreditRiskExplanatory|0|ar|59,JOIB,ar,2,1,1,0.9988,0.14,1,1
JOPH|2025-04-22|DisclosuresDirectorsReport|jsc_DescriptionOfCompanysMainActivitiesWithTheirRespectiveGeographicalLocationsSizeOfCapitalInvestmentAndNumberOfEmployees|0|ar|45,JOPH,ar,1,1,1,0.9954,0.8200000000000002,1,1
JOPH|2025-04-22|DisclosuresDirectorsReport|jsc_DisclosureOfBenefitsAndRemunerationsOfChairmanMembersOfBoardOfDirectorsAndSeniorExecutiveManagementDuringTheFiscalYearIncludingPaymentsReceivedByAnyOfThemSuchAsFeesSalariesBonusesAndOtherwiseAndTheirTravelAndTransportExpensesWithinKingdomAndAbroad|0|ar|68,JOPH,ar,1,0,1,0.1116,0.8200000000000002,0,0
JOPH|2025-04-22|DisclosuresDirectorsReport|jsc_DisclosureOfImportantProspectiveDevelopmentsIncludingAnyNewExpansionsAndProjectsCompanysProposedPlanForAtLeastOneUpcomingYearAndBoardOfDirectorsForecastsForOutcomesOfCompanyActivities|0|ar|31,JOPH,ar,1,1,1,0.9953,0.8200000000000002,1,1
JOWM|2025-02-20|NotesListOfNotes|ifrs-full_DisclosureOfGeneralInformationAboutFinancialStatementsExplanatory|0|ar|6,JOWM,ar,2,0,1,0.0041,0.14,0,0
UBSI|2024-03-31|DisclosuresDirectorsReport|jsc_DisclosureOfCompanysAccomplishmentsSupportedByQuantitativeIndicatorsAndDescriptionOfSignificantOccurrencesToCompanyDuringFiscalYear|0|ar|19,UBSI,ar,2,1,1,0.9988,0.14,1,1
UBSI|2024-03-31|DisclosuresDirectorsReport|jsc_DisclosureOfCompanysAccomplishmentsSupportedByQuantitativeIndicatorsAndDescriptionOfSignificantOccurrencesToCompanyDuringFiscalYear|0|ar|121,UBSI,ar,2,1,1,0.9991,0.14,1,1
UBSI|2024-03-31|NotesListOfNotes|jsc-rep_AdoptionOfNewAndRevisedInternationalFinancialReportingStandards|0|ar|36,UBSI,ar,2,0,1,0.006,0.14,0,0
ZEIC|2022-02-24|DisclosuresDirectorsReport|jsc_DisclosureOfCompanysAccomplishmentsSupportedByQuantitativeIndicatorsAndDescriptionOfSignificantOccurrencesToCompanyDuringFiscalYear|0|ar|15,ZEIC,ar,0,1,1,0.996,0.1,1,1
ARAS|2021-04-30|NotesListOfNotes|jsc-rep_DisclosureOfInsuranceRiskClaimsDevelopmentInsuranceRiskSensitivityAndConcentrationOfRisk|0|ar|12,ARAS,ar,1,0,1,0.0209,0.8200000000000002,0,0
CABK|2024-04-08|CorporateGovernanceReport|jsc-rep_DisclosureOfExecutivePositionsInCompanyAndNamesOfThePersonsWhoOccupyThem|0|ar|14,CABK,ar,3,0,1,0.002,0.66,0,0
CABK|2024-04-08|DisclosuresDirectorsReport|jsc_DisclosureOfImportantProspectiveDevelopmentsIncludingAnyNewExpansionsAndProjectsCompanysProposedPlanForAtLeastOneUpcomingYearAndBoardOfDirectorsForecastsForOutcomesOfCompanyActivities|0|ar|9,CABK,ar,3,1,1,0.997,0.66,1,1
CABK|2024-04-08|DisclosuresDirectorsReport|jsc_DisclosureOfImportantProspectiveDevelopmentsIncludingAnyNewExpansionsAndProjectsCompanysProposedPlanForAtLeastOneUpcomingYearAndBoardOfDirectorsForecastsForOutcomesOfCompanyActivities|0|ar|10,CABK,ar,3,1,1,0.9983,0.66,1,1
JOEP|2021-04-25|DisclosuresChairmansStatement|jsc_DisclosureOfStatementOfBoardOfDirectorsChairman|0|ar|4,JOEP,ar,4,0,1,0.128,0.3600000000000001,0,0
JOEP|2021-04-25|DisclosuresDirectorsReport|jsc_DescriptionOfSubsidiaryCompaniesNatureOfTheirBusinessAndTheirAreasOfActivity|0|ar|1,JOEP,ar,4,0,1,0.0048,0.3600000000000001,0,0
JOEP|2021-04-25|DisclosuresDirectorsReport|jsc_DescriptionOfSubsidiaryCompaniesNatureOfTheirBusinessAndTheirAreasOfActivity|0|ar|2,JOEP,ar,4,0,1,0.3616,0.3600000000000001,1,1
JOEP|2021-04-25|DisclosuresDirectorsReport|jsc_DisclosureOfImportantProspectiveDevelopmentsIncludingAnyNewExpansionsAndProjectsCompanysProposedPlanForAtLeastOneUpcomingYearAndBoardOfDirectorsForecastsForOutcomesOfCompanyActivities|0|ar|3,JOEP,ar,4,0,1,0.1646,0.3600000000000001,0,0
JOEP|2021-04-25|DisclosuresDirectorsReport|jsc_DisclosureOfIssuingCompanysOrganizationalChartNumberOfItsEmployeesAndTheirClassesOfQualificationAndItsPersonnelQualifyingAndTrainingPrograms|0|ar|1,JOEP,ar,4,0,1,0.0026,0.3600000000000001,0,0
JOEP|2025-04-30|DisclosuresChairmansStatement|jsc_DisclosureOfStatementOfBoardOfDirectorsChairman|0|ar|1,JOEP,ar,4,0,1,0.1851,0.3600000000000001,0,0
JOEP|2025-04-30|DisclosuresDirectorsReport|jsc_DescriptionOfSubsidiaryCompaniesNatureOfTheirBusinessAndTheirAreasOfActivity|0|ar|0,JOEP,ar,4,0,1,0.003,0.3600000000000001,0,0
JOEP|2025-04-30|DisclosuresDirectorsReport|jsc_DescriptionOfSubsidiaryCompaniesNatureOfTheirBusinessAndTheirAreasOfActivity|0|ar|2,JOEP,ar,4,0,1,0.1214,0.3600000000000001,0,0
JOEP|2025-04-30|NotesListOfNotes|ifrs-full_DisclosureOfEntitysReportableSegmentsExplanatory|0|ar|3,JOEP,ar,4,0,1,0.0134,0.3600000000000001,0,0
JOEP|2025-04-30|NotesListOfNotes|ifrs-full_DisclosureOfRelatedPartyExplanatory|0|ar|2,JOEP,ar,4,0,1,0.0029,0.3600000000000001,0,0
JOEP|2025-04-30|NotesListOfNotes|jsc-rep_DisclosureOfOtherRevenue|0|ar|14,JOEP,ar,4,0,1,0.0026,0.3600000000000001,0,0
JOIB|2024-04-30|NotesListOfNotes|ifrs-full_DisclosureOfCreditRiskExplanatory|0|ar|61,JOIB,ar,2,1,1,0.9988,0.14,1,1
ZEIC|2023-02-07|DisclosuresDirectorsReport|jsc_DisclosureOfCompanysAccomplishmentsSupportedByQuantitativeIndicatorsAndDescriptionOfSignificantOccurrencesToCompanyDuringFiscalYear|0|ar|12,ZEIC,ar,0,1,1,0.9956,0.1,1,1
ZEIC|2023-02-07|DisclosuresDirectorsReport|jsc_DisclosureOfCompanysAccomplishmentsSupportedByQuantitativeIndicatorsAndDescriptionOfSignificantOccurrencesToCompanyDuringFiscalYear|0|ar|49,ZEIC,ar,0,1,1,0.9954,0.1,1,1
HIPR|2025-04-21|DisclosuresAuditorsReport|jsc_AuditorsResponsibilitiesForAuditOfFinancialStatementsExplanatory|0|ar|9,HIPR,ar,3,0,0,0.0013,0.66,0,0
ATTA|2025-04-16|NotesListOfNotes|ifrs-full_DisclosureOfSummaryOfSignificantAccountingPoliciesExplanatory|0|ar|68,ATTA,ar,3,0,0,0.0014,0.66,0,0
MANE|2022-04-28|NotesListOfNotes|jsc-rep_DisclosureOfDueToBanks|0|ar|121,MANE,ar,4,0,0,0.0035,0.3600000000000001,0,0
UBSI|2023-03-31|DisclosuresDirectorsReport|jsc_DisclosureOfImportantProspectiveDevelopmentsIncludingAnyNewExpansionsAndProjectsCompanysProposedPlanForAtLeastOneUpcomingYearAndBoardOfDirectorsForecastsForOutcomesOfCompanyActivities|0|ar|11,UBSI,ar,2,0,0,0.0068,0.14,0,0
MANE|2022-04-28|NotesListOfNotes|jsc-rep_DisclosureOfFinancialAssetsAtFairValueThroughProfitOrLoss|0|ar|105,MANE,ar,4,0,0,0.0107,0.3600000000000001,0,0
REDV|2025-03-10|DisclosuresAuditorsReport|jsc_ResponsibilitiesOfManagementAndThoseChargedWithGovernanceForFinancialStatementsExplanatory|0|ar|0,REDV,ar,4,0,0,0.0028,0.3600000000000001,0,0
BLAD|2021-03-31|DisclosuresAuditorsReport|jsc_EmphasisOfMatterExplanatory|0|ar|0,BLAD,ar,4,0,0,0.0057,0.3600000000000001,0,0
SABK|2021-05-18|DisclosuresDirectorsReport|jsc_DisclosureOfAnyGovernmentProtectionOrAnyConcessionGrantedToCompanyOrToAnyOfItsProductsPursuantToLawsRegulationsOrOtherwiseWithSpecificationOfEffectivePeriodThereofAsWellAsDescriptionOfAnyPatentsOrLicensingRightsObtainedByCompany|0|ar|0,SABK,ar,3,0,0,0.0014,0.66,0,0
CABK|2024-04-08|DisclosuresDirectorsReport|jsc_TheMembersOfBoardOfDirectorsNamesAndNamesAndRanksOfSeniorExecutiveManagementWithBriefResumeOfEach|0|ar|43,CABK,ar,3,0,0,0.0019,0.66,0,0
MHFZ|2022-03-28|DisclosuresChairmansStatement|jsc_DisclosureOfStatementOfBoardOfDirectorsChairman|0|ar|5,MHFZ,ar,4,0,0,0.0032,0.3600000000000001,0,0
REDV|2022-03-26|NotesListOfNotes|jsc-rep_DisclosureOfRiskManagement|0|ar|0,REDV,ar,4,0,0,0.0024,0.3600000000000001,0,0
ATTA|2025-04-16|NotesListOfNotes|ifrs-full_DisclosureOfSummaryOfSignificantAccountingPoliciesExplanatory|0|ar|89,ATTA,ar,3,0,0,0.0014,0.66,0,0
ASAS|2023-04-30|CorporateGovernanceReport|jsc-rep_DisclosureOfNameOfChairmanAndMembersOfNominationAndRemunerationCommitteeCorporateGovernanceCommitteeAndRiskManagementCommittee|0|ar|0,ASAS,ar,2,0,0,0.0026,0.14,0,0
MANE|2022-04-28|NotesListOfNotes|jsc-rep_DisclosureOfStrategicInventory|0|ar|194,MANE,ar,4,0,0,0.0026,0.3600000000000001,0,0
ATTA|2025-04-16|NotesListOfNotes|jsc-rep_DisclosureOfFinancialAssetsAtFairValueThroughProfitOrLoss|0|ar|0,ATTA,ar,3,0,0,0.0015,0.66,0,0
BOJX|2021-04-30|DisclosuresDirectorsReport|jsc_TheMembersOfBoardOfDirectorsNamesAndNamesAndRanksOfSeniorExecutiveManagementWithBriefResumeOfEach|0|ar|341,BOJX,ar,4,0,0,0.0035,0.3600000000000001,0,0
JOIB|2023-04-30|NotesListOfNotes|ifrs-full_DisclosureOfLiquidityRiskExplanatory|0|ar|2,JOIB,ar,2,0,0,0.0031,0.14,0,0
BOJX|2024-03-28|DisclosuresDirectorsReport|jsc_DescriptionOfCompanysMainActivitiesWithTheirRespectiveGeographicalLocationsSizeOfCapitalInvestmentAndNumberOfEmployees|0|ar|67,BOJX,ar,4,0,0,0.0686,0.3600000000000001,0,0
BOJX|2022-03-31|NotesListOfNotes|ifrs-full_DisclosureOfSummaryOfSignificantAccountingPoliciesExplanatory|0|ar|299,BOJX,ar,4,0,0,0.0027,0.3600000000000001,0,0
JEIH|2023-03-21|DisclosuresDirectorsReport|jsc_DisclosureOfStatementThatIndicatesNumberOfSecuritiesIssuedByCompanyWhichAreOwnedByAnyMemberOfItsBoardOfDirectorsAnyMemberOfItsSeniorExecutiveManagementOrAnyOfTheirRelativesAListOfCompaniesControlledByAnyOfSuchProvidedAllOfTheAboveIsBenchmarkedAgainstThePrecedingYear|0|ar|2,JEIH,ar,2,0,0,0.0022,0.14,0,0
JOWM|2022-03-29|NotesListOfNotes|ifrs-full_DisclosureOfMarketRiskExplanatory|0|ar|6,JOWM,ar,2,0,0,0.0027,0.14,0,0
ATTA|2024-04-21|CorporateGovernanceReport|jsc-rep_DisclosureOfNamesOfCommitteesEmanatingFromBoardOfDirectors|0|ar|8,ATTA,ar,3,0,0,0.0023,0.66,0,0
SGBJ|2021-05-03|CorporateGovernanceReport|jsc-rep_DisclosureOfNameOfCorporateGovernanceOfficer|0|ar|0,SGBJ,ar,1,0,0,0.0484,0.8200000000000002,0,0
UBSI|2023-03-31|DisclosuresChairmansStatement|jsc_DisclosureOfStatementOfBoardOfDirectorsChairman|0|ar|12,UBSI,ar,2,0,0,0.005,0.14,0,0
MANE|2022-04-28|NotesListOfNotes|jsc-rep_DisclosureOfFinancialAssetsAtFairValueThroughOtherComprehensiveIncome|0|ar|176,MANE,ar,4,0,0,0.0038,0.3600000000000001,0,0
JOIN|2021-04-05|DisclosuresAuditorsReport|jsc_DisclosureOfAuditorsReportTextBlock|0|ar|26,JOIN,ar,4,0,0,0.0025,0.3600000000000001,0,0
JOIB|2023-04-30|NotesListOfNotes|ifrs-full_DisclosureOfCreditRiskExplanatory|0|ar|80,JOIB,ar,2,0,0,0.0066,0.14,0,0
ZEIC|2022-02-24|NotesListOfNotes|jsc-rep_DisclosureOfStatutoryReserves|0|ar|0,ZEIC,ar,0,0,0,0.0025,0.1,0,0
JOEP|2025-04-30|NotesListOfNotes|ifrs-full_DisclosureOfCostOfSalesExplanatory|0|ar|1,JOEP,ar,4,0,0,0.0028,0.3600000000000001,0,0
MANE|2022-04-28|DisclosuresAuditorsReport|jsc_DisclosureOfAuditorsReportTextBlock|0|ar|31,MANE,ar,4,0,0,0.0028,0.3600000000000001,0,0
JOPH|2023-05-04|DisclosuresAuditorsReport|jsc_AuditorsResponsibilitiesForAuditOfFinancialStatementsExplanatory|0|ar|1,JOPH,ar,1,0,0,0.0407,0.8200000000000002,0,0
MANE|2022-04-28|NotesListOfNotes|ifrs-full_DisclosureOfAuditorsRemunerationExplanatory|0|ar|82,MANE,ar,4,0,0,0.0044,0.3600000000000001,0,0
JOEP|2021-04-25|NotesListOfNotes|ifrs-full_DisclosureOfSummaryOfSignificantAccountingPoliciesExplanatory|0|ar|111,JOEP,ar,4,0,0,0.0032,0.3600000000000001,0,0
JCBK|2025-04-29|DisclosuresDirectorsReport|jsc_DisclosureOfCompanysAccomplishmentsSupportedByQuantitativeIndicatorsAndDescriptionOfSignificantOccurrencesToCompanyDuringFiscalYear|0|ar|55,JCBK,ar,0,0,0,0.0028,0.1,0,0
CABK|2025-04-30|CorporateGovernanceReport|jsc-rep_DisclosureOfInformationAndDetailsRegardingApplicationOfProvisionsOfTheseInstructionsAndCorporateGovernanceRulesInCompany|0|ar|1,CABK,ar,3,0,0,0.0018,0.66,0,0
UBSI|2022-04-29|DisclosuresDirectorsReport|jsc_DisclosureOfCompanysAccomplishmentsSupportedByQuantitativeIndicatorsAndDescriptionOfSignificantOccurrencesToCompanyDuringFiscalYear|0|ar|55,UBSI,ar,2,0,0,0.0098,0.14,0,0
JOIR|2022-03-30|DisclosuresDirectorsReport|jsc_DisclosureOfCompanysContributionToEnvironmentalProtectionAndLocalCommunityService|0|ar|2,JOIR,ar,1,0,0,0.009,0.8200000000000002,0,0
MANE|2022-04-28|NotesListOfNotes|ifrs-full_DisclosureOfBasisOfConsolidationExplanatory|0|ar|110,MANE,ar,4,0,0,0.0032,0.3600000000000001,0,0
BOJX|2023-03-26|NotesListOfNotes|ifrs-full_DisclosureOfRelatedPartyExplanatory|0|ar|1,BOJX,ar,4,0,0,0.0026,0.3600000000000001,0,0
MANE|2022-04-28|NotesListOfNotes|jsc-rep_DisclosureOfAdvancePaymentsForInvestment|0|ar|151,MANE,ar,4,0,0,0.0027,0.3600000000000001,0,0
ZEIC|2022-02-24|DisclosuresDirectorsReport|jsc_DisclosureOfDirectorsReport|0|ar|60,ZEIC,ar,0,0,0,0.0024,0.1,0,0
JOPH|2022-04-26|NotesListOfNotes|jsc-rep_DisclosureOfProjectsInProgress|0|ar|2,JOPH,ar,1,0,0,0.0506,0.8200000000000002,0,0
BOJX|2023-03-26|DisclosuresDirectorsReport|jsc_TheMembersOfBoardOfDirectorsNamesAndNamesAndRanksOfSeniorExecutiveManagementWithBriefResumeOfEach|0|ar|90,BOJX,ar,4,0,0,0.0044,0.3600000000000001,0,0
ALFA|2023-04-17|DisclosuresAuditorsReport|jsc_DisclosureOfAuditorsReportTextBlock|0|ar|39,ALFA,ar,3,0,0,0.0015,0.66,0,0
MANE|2022-04-28|NotesListOfNotes|jsc-rep_DisclosureOfFinancialAssetsAtFairValueThroughProfitOrLoss|0|ar|4,MANE,ar,4,0,0,0.0031,0.3600000000000001,0,0
JOIB|2023-04-30|CorporateGovernanceReport|jsc-rep_DisclosureOfNamesOfCurrentAndResigningBoardMembersDuringYearAndDeterminingWhetherMemberIsExecutiveNonExecutiveIndependentOrNonIndependent|0|ar|7,JOIB,ar,2,0,0,0.0033,0.14,0,0
MANE|2022-04-28|NotesListOfNotes|ifrs-full_DisclosureOfInvestmentPropertyExplanatory|0|ar|77,MANE,ar,4,0,0,0.003,0.3600000000000001,0,0
JOEP|2023-04-30|NotesListOfNotes|ifrs-full_DisclosureOfSummaryOfSignificantAccountingPoliciesExplanatory|0|ar|63,JOEP,ar,4,0,0,0.0054,0.3600000000000001,0,0
MANE|2022-04-28|NotesListOfNotes|jsc-rep_DisclosureOfInvestmentsInSubsidiariesJointVenturesAndAssociates|0|ar|11,MANE,ar,4,0,0,0.0221,0.3600000000000001,0,0
MANE|2022-04-28|NotesListOfNotes|ifrs-full_DisclosureOfAuditorsRemunerationExplanatory|0|ar|44,MANE,ar,4,0,0,0.0027,0.3600000000000001,0,0
JOWM|2022-03-29|NotesListOfNotes|jsc-rep_AdoptionOfNewAndRevisedInternationalFinancialReportingStandards|0|ar|44,JOWM,ar,2,0,0,0.0032,0.14,0,0
ARAS|2021-04-30|DisclosuresAuditorsReport|jsc_KeyAuditMattersExplanatory|0|ar|27,ARAS,ar,1,0,0,0.0141,0.8200000000000002,0,0
JOPH|2024-05-06|DisclosuresDirectorsReport|jsc_DisclosureOfBenefitsAndRemunerationsOfChairmanMembersOfBoardOfDirectorsAndSeniorExecutiveManagementDuringTheFiscalYearIncludingPaymentsReceivedByAnyOfThemSuchAsFeesSalariesBonusesAndOtherwiseAndTheirTravelAndTransportExpensesWithinKingdomAndAbroad|0|ar|60,JOPH,ar,1,0,0,0.0184,0.8200000000000002,0,0
JOIR|2021-04-30|DisclosuresAuditorsReport|jsc_DisclosureOfAuditorsReportTextBlock|0|ar|1,JOIR,ar,1,0,0,0.0122,0.8200000000000002,0,0
UBSI|2024-03-31|NotesListOfNotes|ifrs-full_DisclosureOfLiquidityRiskExplanatory|0|ar|3,UBSI,ar,2,0,0,0.0043,0.14,0,0
JOIB|2025-05-03|NotesListOfNotes|ifrs-full_DisclosureOfGeneralInformationAboutFinancialStatementsExplanatory|0|ar|52,JOIB,ar,2,0,0,0.004,0.14,0,0
MANE|2021-04-28|DisclosuresAuditorsReport|jsc_DisclosureOfAuditorsReportTextBlock|0|ar|50,MANE,ar,4,0,0,0.0032,0.3600000000000001,0,0
UMIC|2022-04-12|DisclosuresDirectorsReport|jsc_DisclosureOfDirectorsReport|0|ar|2,UMIC,ar,2,0,0,0.0038,0.14,0,0
JOEP|2024-04-30|NotesListOfNotes|ifrs-full_DisclosureOfEffectOfChangesInForeignExchangeRatesExplanatory|0|ar|7,JOEP,ar,4,0,0,0.0061,0.3600000000000001,0,0
SGBJ|2021-05-03|NotesListOfNotes|ifrs-full_DisclosureOfObjectivesPoliciesAndProcessesForManagingCapitalExplanatory|0|ar|7,SGBJ,ar,1,0,0,0.0655,0.8200000000000002,0,0
MANE|2022-04-28|NotesListOfNotes|jsc-rep_DisclosureOfVoluntaryReserves|0|ar|211,MANE,ar,4,0,0,0.0038,0.3600000000000001,0,0
ASAS|2025-04-06|NotesListOfNotes|ifrs-full_DisclosureOfSummaryOfSignificantAccountingPoliciesExplanatory|0|ar|71,ASAS,ar,2,0,0,0.0022,0.14,0,0
ALFA|2024-04-17|Declarations|jsc-rep_DisclosureOfOtherDeclarations|0|ar|3,ALFA,ar,3,0,0,0.0015,0.66,0,0
BOJX|2022-03-31|DisclosuresDirectorsReport|jsc_DisclosureOfCompanysAccomplishmentsSupportedByQuantitativeIndicatorsAndDescriptionOfSignificantOccurrencesToCompanyDuringFiscalYear|0|ar|150,BOJX,ar,4,0,0,0.3486,0.3600000000000001,0,0
BOJX|2021-04-30|DisclosuresDirectorsReport|jsc_TheMembersOfBoardOfDirectorsNamesAndNamesAndRanksOfSeniorExecutiveManagementWithBriefResumeOfEach|0|ar|298,BOJX,ar,4,0,0,0.0032,0.3600000000000001,0,0
ARAS|2021-04-30|NotesListOfNotes|jsc-rep_DisclosureOfRiskManagement|0|ar|32,ARAS,ar,1,0,0,0.0191,0.8200000000000002,0,0
BOJX|2022-03-31|NotesListOfNotes|jsc-rep_DisclosureOfFairValueHierarchy|0|ar|0,BOJX,ar,4,0,0,0.0061,0.3600000000000001,0,0
JOIB|2025-05-03|DisclosuresDirectorsReport|jsc_TheMembersOfBoardOfDirectorsNamesAndNamesAndRanksOfSeniorExecutiveManagementWithBriefResumeOfEach|0|ar|41,JOIB,ar,2,0,0,0.0042,0.14,0,0
ZEIC|2022-02-24|DisclosuresAuditorsReport|jsc_DisclosureOfAuditorsReportTextBlock|0|ar|25,ZEIC,ar,0,0,0,0.0027,0.1,0,0
UMIC|2022-04-12|CorporateGovernanceReport|jsc-rep_DisclosureOfAllMembershipsOfBoardsOfDirectorsHeldByAMemberOfBoardOfDirectorsInPublicShareholdingCompaniesIfAny|0|ar|2,UMIC,ar,2,0,0,0.0023,0.14,0,0
ALFA|2024-04-17|DisclosuresAuditorsReport|jsc_DisclosureOfAuditorsReportTextBlock|0|ar|12,ALFA,ar,3,0,0,0.0013,0.66,0,0
MANE|2022-04-28|NotesListOfNotes|ifrs-full_DisclosureOfPropertyPlantAndEquipmentExplanatory|0|ar|73,MANE,ar,4,0,0,0.0051,0.3600000000000001,0,0
JCBK|2024-04-30|DisclosuresDirectorsReport|jsc_DisclosureOfCompanysAccomplishmentsSupportedByQuantitativeIndicatorsAndDescriptionOfSignificantOccurrencesToCompanyDuringFiscalYear|0|ar|0,JCBK,ar,0,0,0,0.0033,0.1,0,0
BOJX|2023-03-26|NotesListOfNotes|ifrs-full_DisclosureOfGeneralInformationAboutFinancialStatementsExplanatory|0|ar|10,BOJX,ar,4,0,0,0.0184,0.3600000000000001,0,0
SABK|2025-04-24|NotesListOfNotes|ifrs-full_DisclosureOfSummaryOfSignificantAccountingPoliciesExplanatory|0|ar|18,SABK,ar,3,0,0,0.0015,0.66,0,0
CABK|2025-04-30|NotesListOfNotes|ifrs-full_DisclosureOfBasisOfConsolidationExplanatory|0|ar|11,CABK,ar,3,0,0,0.0013,0.66,0,0
MANE|2022-04-28|NotesListOfNotes|ifrs-full_DisclosureOfRelatedPartyExplanatory|0|ar|225,MANE,ar,4,0,0,0.113,0.3600000000000001,0,0
JCBK|2021-06-10|CorporateGovernanceReport|jsc-rep_DisclosureOfInformationAndDetailsRegardingApplicationOfProvisionsOfTheseInstructionsAndCorporateGovernanceRulesInCompany|0|ar|486,JCBK,ar,0,0,0,0.9847,0.1,1,0
JOPH|2022-04-26|CorporateGovernanceReport|jsc-rep_DisclosureOfNamesOfCommitteesEmanatingFromBoardOfDirectors|0|ar|16,JOPH,ar,1,0,0,0.0335,0.8200000000000002,0,0
BOJX|2021-04-30|DisclosuresDirectorsReport|jsc_CompanysCompetitivePositionWithinItsSectorAndMainMarketSegmentsAsWellAsItsShareOfLocalMarketAndInternationalMarketIfPossible|0|ar|1,BOJX,ar,4,0,0,0.0477,0.3600000000000001,0,0
JOEP|2022-04-24|NotesListOfNotes|ifrs-full_DisclosureOfAccountingJudgementsAndEstimatesExplanatory|0|ar|22,JOEP,ar,4,0,0,0.0026,0.3600000000000001,0,0
UBSI|2023-03-31|NotesListOfNotes|ifrs-full_DisclosureOfSignificantInvestmentsInAssociatesExplanatory|0|ar|0,UBSI,ar,2,0,0,0.003,0.14,0,0
UBSI|2024-03-31|DisclosuresDirectorsReport|jsc_TheMembersOfBoardOfDirectorsNamesAndNamesAndRanksOfSeniorExecutiveManagementWithBriefResumeOfEach|0|ar|236,UBSI,ar,2,0,0,0.0024,0.14,0,0
JOPH|2023-05-04|CorporateGovernanceReport|jsc-rep_DisclosureOfNameOfChairmanAndMembersOfNominationAndRemunerationCommitteeCorporateGovernanceCommitteeAndRiskManagementCommittee|0|ar|18,JOPH,ar,1,0,0,0.0246,0.8200000000000002,0,0
BOJX|2023-03-26|NotesListOfNotes|ifrs-full_DisclosureOfCreditRiskExplanatory|0|ar|0,BOJX,ar,4,0,0,0.0032,0.3600000000000001,0,0
JOEP|2023-04-30|DisclosuresChairmansStatement|jsc_DisclosureOfStatementOfBoardOfDirectorsChairman|0|ar|5,JOEP,ar,4,0,0,0.0924,0.3600000000000001,0,0
JCBK|2022-03-31|DisclosuresDirectorsReport|jsc_DisclosureOfImportantProspectiveDevelopmentsIncludingAnyNewExpansionsAndProjectsCompanysProposedPlanForAtLeastOneUpcomingYearAndBoardOfDirectorsForecastsForOutcomesOfCompanyActivities|0|ar|13,JCBK,ar,0,0,0,0.0107,0.1,0,0
ASAS|2023-04-30|CorporateGovernanceReport|jsc-rep_DisclosureOfInformationAndDetailsRegardingApplicationOfProvisionsOfTheseInstructionsAndCorporateGovernanceRulesInCompany|0|ar|22,ASAS,ar,2,0,0,0.0032,0.14,0,0
BOJX|2022-03-31|CorporateGovernanceReport|jsc-rep_DisclosureOfNameOfChairmanAndMembersOfAuditCommitteeAndADescriptionOfTheirQualificationsAndExperienceInFinancialOrAccountingMatters|0|ar|11,BOJX,ar,4,0,0,0.0026,0.3600000000000001,0,0
UBSI|2024-03-31|DisclosuresDirectorsReport|jsc_DisclosureOfCompanysAccomplishmentsSupportedByQuantitativeIndicatorsAndDescriptionOfSignificantOccurrencesToCompanyDuringFiscalYear|0|ar|143,UBSI,ar,2,0,0,0.0037,0.14,0,0
UMIC|2022-04-12|DisclosuresDirectorsReport|jsc_DisclosureOfStatementThatIndicatesIssuingCompanysContractsProjectsAndEngagementsConcludedWithItsSubsidiariesSisterCompaniesOrAffiliatesAsWellAsThoseWithChairmanOfBoardOfDirectorsMembersOfBoardOfDirectorsChiefExecutiveOfficerOrAnyEmployeeOfCompanyOrRelativesThereof|0|ar|3,UMIC,ar,2,0,0,0.0031,0.14,0,0
MANE|2022-04-28|DisclosuresAuditorsReport|jsc_AuditorsOpinionBasisExplanatory|0|ar|208,MANE,ar,4,0,0,0.0032,0.3600000000000001,0,0
BOJX|2024-03-28|NotesListOfNotes|jsc-rep_DisclosureOfVoluntaryReserves|0|ar|1,BOJX,ar,4,0,0,0.003,0.3600000000000001,0,0
ASAS|2023-04-30|DisclosuresDirectorsReport|jsc_TheMembersOfBoardOfDirectorsNamesAndNamesAndRanksOfSeniorExecutiveManagementWithBriefResumeOfEach|0|ar|42,ASAS,ar,2,0,0,0.0021,0.14,0,0
ATTA|2025-04-16|DisclosuresAuditorsReport|jsc_OtherMattersExplanatory|0|ar|7,ATTA,ar,3,0,0,0.0014,0.66,0,0
BOJX|2021-04-30|DisclosuresChairmansStatement|jsc_DisclosureOfStatementOfBoardOfDirectorsChairman|0|ar|5,BOJX,ar,4,0,0,0.1522,0.3600000000000001,0,0
JEIH|2022-03-14|DisclosuresDirectorsReport|jsc_DisclosureOfAmountOfAuditingFeesForCompanyAndItsSubsidiariesAndAnyOtherFeesReceivedOrReceivableByAuditor|0|ar|0,JEIH,ar,2,0,0,0.0034,0.14,0,0
JOIB|2023-04-30|NotesListOfNotes|ifrs-full_DisclosureOfCreditRiskExplanatory|0|ar|57,JOIB,ar,2,0,0,0.0033,0.14,0,0
JOPH|2024-05-06|NotesListOfNotes|ifrs-full_DisclosureOfContingentLiabilitiesExplanatory|0|ar|10,JOPH,ar,1,0,0,0.0096,0.8200000000000002,0,0
REDV|2021-04-01|DisclosuresAuditorsReport|jsc_OtherMattersExplanatory|0|ar|2,REDV,ar,4,0,0,0.0026,0.3600000000000001,0,0
BOJX|2022-03-31|NotesListOfNotes|jsc-rep_DisclosureOfRiskManagement|0|ar|88,BOJX,ar,4,0,0,0.0051,0.3600000000000001,0,0
ALFA|2025-05-05|NotesListOfNotes|ifrs-full_DisclosureOfSummaryOfSignificantAccountingPoliciesExplanatory|0|ar|45,ALFA,ar,3,0,0,0.0013,0.66,0,0
BLAD|2021-03-31|NotesListOfNotes|ifrs-full_DisclosureOfSummaryOfSignificantAccountingPoliciesExplanatory|0|ar|61,BLAD,ar,4,0,0,0.0041,0.3600000000000001,0,0
ASAS|2025-04-06|NotesListOfNotes|ifrs-full_DisclosureOfSummaryOfSignificantAccountingPoliciesExplanatory|0|ar|39,ASAS,ar,2,0,0,0.0025,0.14,0,0
JCBK|2021-06-10|CorporateGovernanceReport|jsc-rep_DisclosureOfInformationAndDetailsRegardingApplicationOfProvisionsOfTheseInstructionsAndCorporateGovernanceRulesInCompany|0|ar|48,JCBK,ar,0,0,0,0.0027,0.1,0,0
MANE|2022-04-28|NotesListOfNotes|jsc-rep_DisclosureOfAdvancePaymentsForInvestment|0|ar|94,MANE,ar,4,0,0,0.0033,0.3600000000000001,0,0
JOIB|2025-05-03|NotesListOfNotes|ifrs-full_DisclosureOfSummaryOfSignificantAccountingPoliciesExplanatory|0|ar|98,JOIB,ar,2,0,0,0.027,0.14,0,0
JOWM|2025-02-20|NotesListOfNotes|ifrs-full_DisclosureOfGeneralInformationAboutFinancialStatementsExplanatory|0|ar|4,JOWM,ar,2,0,0,0.0031,0.14,0,0
BOJX|2022-03-31|NotesListOfNotes|ifrs-full_DisclosureOfSummaryOfSignificantAccountingPoliciesExplanatory|0|ar|269,BOJX,ar,4,0,0,0.0029,0.3600000000000001,0,0
JOIB|2022-04-28|DisclosuresDirectorsReport|jsc_TheMembersOfBoardOfDirectorsNamesAndNamesAndRanksOfSeniorExecutiveManagementWithBriefResumeOfEach|0|ar|68,JOIB,ar,2,0,0,0.0039,0.14,0,0
MANE|2022-04-28|NotesListOfNotes|ifrs-full_DisclosureOfPropertyPlantAndEquipmentExplanatory|0|ar|152,MANE,ar,4,0,0,0.0088,0.3600000000000001,0,0
MHFZ|2022-03-28|DisclosuresAuditorsReport|jsc_DisclosureOfAuditorsReportTextBlock|0|ar|36,MHFZ,ar,4,0,0,0.0034,0.3600000000000001,0,0
MANE|2022-04-28|DisclosuresAuditorsReport|jsc_AuditorsResponsibilitiesForAuditOfFinancialStatementsExplanatory|0|ar|143,MANE,ar,4,0,0,0.0025,0.3600000000000001,0,0
BOJX|2021-04-30|DisclosuresDirectorsReport|jsc_DisclosureOfCompanysAccomplishmentsSupportedByQuantitativeIndicatorsAndDescriptionOfSignificantOccurrencesToCompanyDuringFiscalYear|0|ar|38,BOJX,ar,4,0,0,0.1422,0.3600000000000001,0,0
BOJX|2022-03-31|DisclosuresDirectorsReport|jsc_DisclosureOfDirectorsReport|0|ar|149,BOJX,ar,4,0,0,0.1355,0.3600000000000001,0,0
CABK|2023-04-27|CorporateGovernanceReport|jsc-rep_DisclosureOfNamesOfCurrentAndResigningBoardMembersDuringYearAndDeterminingWhetherMemberIsExecutiveNonExecutiveIndependentOrNonIndependent|0|ar|14,CABK,ar,3,0,0,0.0021,0.66,0,0
UBSI|2021-04-29|NotesListOfNotes|ifrs-full_DisclosureOfGeneralInformationAboutFinancialStatementsExplanatory|0|ar|0,UBSI,ar,2,0,0,0.0024,0.14,0,0
JCBK|2023-03-30|DisclosuresDirectorsReport|jsc_DisclosureOfCompanysAccomplishmentsSupportedByQuantitativeIndicatorsAndDescriptionOfSignificantOccurrencesToCompanyDuringFiscalYear|0|ar|79,JCBK,ar,0,0,0,0.0026,0.1,0,0
JOWM|2021-05-30|NotesListOfNotes|ifrs-full_DisclosureOfAccountingJudgementsAndEstimatesExplanatory|0|ar|31,JOWM,ar,2,0,0,0.0048,0.14,0,0
ASAS|2025-04-06|NotesListOfNotes|ifrs-full_DisclosureOfPropertyPlantAndEquipmentExplanatory|0|ar|0,ASAS,ar,2,0,0,0.0038,0.14,0,0
MANE|2022-04-28|NotesListOfNotes|ifrs-full_DisclosureOfBasisOfConsolidationExplanatory|0|ar|227,MANE,ar,4,0,0,0.0121,0.3600000000000001,0,0
BOJX|2022-03-31|NotesListOfNotes|ifrs-full_DisclosureOfAccountingJudgementsAndEstimatesExplanatory|0|ar|0,BOJX,ar,4,0,0,0.005,0.3600000000000001,0,0
JOIB|2024-04-30|NotesListOfNotes|ifrs-full_DisclosureOfCreditRiskExplanatory|0|ar|65,JOIB,ar,2,0,0,0.0027,0.14,0,0
JOPH|2025-04-22|CorporateGovernanceReport|jsc-rep_DisclosureOfNamesOfCommitteesEmanatingFromBoardOfDirectors|0|ar|70,JOPH,ar,1,0,0,0.0156,0.8200000000000002,0,0
ASAS|2025-04-06|NotesListOfNotes|ifrs-full_DisclosureOfSummaryOfSignificantAccountingPoliciesExplanatory|0|ar|17,ASAS,ar,2,0,0,0.0036,0.14,0,0
UBSI|2021-05-16|DisclosuresDirectorsReport|jsc_DisclosureOfAnalysisOfCompanysFinancialStatusAndOfResultsOfItsActivitiesForFiscalYear|0|ar|31,UBSI,ar,2,0,0,0.0022,0.14,0,0
MANE|2022-04-28|NotesListOfNotes|jsc-rep_DisclosureOfTradeAndOtherCurrentReceivables|0|ar|219,MANE,ar,4,0,0,0.0031,0.3600000000000001,0,0
JCBK|2025-04-29|DisclosuresDirectorsReport|jsc_TheMembersOfBoardOfDirectorsNamesAndNamesAndRanksOfSeniorExecutiveManagementWithBriefResumeOfEach|0|ar|56,JCBK,ar,0,0,0,0.0023,0.1,0,0
JOPH|2022-04-26|NotesListOfNotes|ifrs-full_DisclosureOfAccountingJudgementsAndEstimatesExplanatory|0|ar|21,JOPH,ar,1,0,0,0.0498,0.8200000000000002,0,0
JOEP|2025-04-30|NotesListOfNotes|jsc-rep_DisclosureOfFairValueHierarchy|0|ar|0,JOEP,ar,4,0,0,0.0091,0.3600000000000001,0,0
ARAS|2021-04-30|NotesListOfNotes|ifrs-full_DisclosureOfAccountingJudgementsAndEstimatesExplanatory|0|ar|6,ARAS,ar,1,0,0,0.0257,0.8200000000000002,0,0
JOPH|2022-04-26|NotesListOfNotes|ifrs-full_DisclosureOfSummaryOfSignificantAccountingPoliciesExplanatory|0|ar|58,JOPH,ar,1,0,0,0.0336,0.8200000000000002,0,0
JOIB|2025-05-03|DisclosuresDirectorsReport|jsc_TheMembersOfBoardOfDirectorsNamesAndNamesAndRanksOfSeniorExecutiveManagementWithBriefResumeOfEach|0|ar|111,JOIB,ar,2,0,0,0.0027,0.14,0,0
JOIB|2025-05-03|NotesListOfNotes|ifrs-full_DisclosureOfMarketRiskExplanatory|0|ar|5,JOIB,ar,2,0,0,0.0054,0.14,0,0
CABK|2023-04-27|DisclosuresDirectorsReport|jsc_DisclosureOfCompanysRiskExposure|0|ar|40,CABK,ar,3,0,0,0.0015,0.66,0,0
JOEP|2025-04-30|NotesListOfNotes|ifrs-full_DisclosureOfGeneralInformationAboutFinancialStatementsExplanatory|0|ar|0,JOEP,ar,4,0,0,0.0024,0.3600000000000001,0,0
MANE|2022-04-28|NotesListOfNotes|ifrs-full_DisclosureOfLeasesExplanatory|0|ar|90,MANE,ar,4,0,0,0.0025,0.3600000000000001,0,0
UBSI|2021-05-16|NotesListOfNotes|ifrs-full_DisclosureOfSummaryOfSignificantAccountingPoliciesExplanatory|0|ar|254,UBSI,ar,2,0,0,0.0035,0.14,0,0
ATTA|2025-04-16|DisclosuresDirectorsReport|jsc_TheMembersOfBoardOfDirectorsNamesAndNamesAndRanksOfSeniorExecutiveManagementWithBriefResumeOfEach|0|ar|34,ATTA,ar,3,0,0,0.0019,0.66,0,0
MANE|2022-04-28|DisclosuresAuditorsReport|jsc_ResponsibilitiesOfManagementAndThoseChargedWithGovernanceForFinancialStatementsExplanatory|0|ar|174,MANE,ar,4,0,0,0.0032,0.3600000000000001,0,0
BOJX|2021-04-30|DisclosuresDirectorsReport|jsc_TheMembersOfBoardOfDirectorsNamesAndNamesAndRanksOfSeniorExecutiveManagementWithBriefResumeOfEach|0|ar|327,BOJX,ar,4,0,0,0.0032,0.3600000000000001,0,0
MHFZ|2025-04-23|CorporateGovernanceReport|jsc-rep_DisclosureOfNameOfChairmanAndMembersOfAuditCommitteeAndADescriptionOfTheirQualificationsAndExperienceInFinancialOrAccountingMatters|0|ar|0,MHFZ,ar,4,0,0,0.0028,0.3600000000000001,0,0
BLAD|2021-03-31|DisclosuresDirectorsReport|jsc_TheMembersOfBoardOfDirectorsNamesAndNamesAndRanksOfSeniorExecutiveManagementWithBriefResumeOfEach|0|ar|91,BLAD,ar,4,0,0,0.0067,0.3600000000000001,0,0
JOWM|2024-02-28|DisclosuresAuditorsReport|jsc_AuditorsResponsibilitiesForAuditOfFinancialStatementsExplanatory|0|ar|11,JOWM,ar,2,0,0,0.0039,0.14,0,0
JCBK|2024-04-30|NotesListOfNotes|ifrs-full_DisclosureOfSummaryOfSignificantAccountingPoliciesExplanatory|0|ar|116,JCBK,ar,0,0,0,0.0026,0.1,0,0
BOJX|2024-03-28|DisclosuresDirectorsReport|jsc_DisclosureOfCompanysContributionToEnvironmentalProtectionAndLocalCommunityService|0|ar|1,BOJX,ar,4,0,0,0.9624,0.3600000000000001,1,0
JOWM|2023-03-15|NotesListOfNotes|ifrs-full_DisclosureOfGeneralInformationAboutFinancialStatementsExplanatory|0|ar|5,JOWM,ar,2,0,0,0.0023,0.14,0,0
JCBK|2025-04-29|CorporateGovernanceReport|jsc-rep_DisclosureOfInformationAndDetailsRegardingApplicationOfProvisionsOfTheseInstructionsAndCorporateGovernanceRulesInCompany|0|ar|542,JCBK,ar,0,0,0,0.9806,0.1,1,0
SGBJ|2022-04-27|DisclosuresAuditorsReport|jsc_AuditorsResponsibilitiesForAuditOfFinancialStatementsExplanatory|0|ar|18,SGBJ,ar,1,0,0,0.0093,0.8200000000000002,0,0
ASAS|2022-04-28|NotesListOfNotes|ifrs-full_DisclosureOfChangesInAccountingPoliciesExplanatory|0|ar|16,ASAS,ar,2,0,0,0.0061,0.14,0,0
MALL|2025-02-25|DisclosuresAuditorsReport|jsc_KeyAuditMattersExplanatory|0|ar|12,MALL,ar,0,0,0,0.0691,0.1,0,0
UBSI|2021-04-29|DisclosuresDirectorsReport|jsc_TheMembersOfBoardOfDirectorsNamesAndNamesAndRanksOfSeniorExecutiveManagementWithBriefResumeOfEach|0|ar|206,UBSI,ar,2,0,0,0.0024,0.14,0,0
ASAS|2022-04-28|DisclosuresAuditorsReport|jsc_AuditorsResponsibilitiesForAuditOfFinancialStatementsExplanatory|0|ar|5,ASAS,ar,2,0,0,0.0061,0.14,0,0
MANE|2022-04-28|NotesListOfNotes|ifrs-full_DisclosureOfAuditorsRemunerationExplanatory|0|ar|83,MANE,ar,4,0,0,0.0056,0.3600000000000001,0,0
BOJX|2021-04-30|NotesListOfNotes|ifrs-full_DisclosureOfSummaryOfSignificantAccountingPoliciesExplanatory|0|ar|327,BOJX,ar,4,0,0,0.004,0.3600000000000001,0,0
ASAS|2023-04-30|NotesListOfNotes|jsc-rep_DisclosureOfFinancialAssetsAtFairValueThroughProfitOrLoss|0|ar|0,ASAS,ar,2,0,0,0.0031,0.14,0,0
JOIB|2022-04-28|DisclosuresDirectorsReport|jsc_TheMembersOfBoardOfDirectorsNamesAndNamesAndRanksOfSeniorExecutiveManagementWithBriefResumeOfEach|0|ar|114,JOIB,ar,2,0,0,0.0022,0.14,0,0
ZEIC|2021-03-03|DisclosuresAuditorsReport|jsc_AuditorsReportOnFinancialStatements|0|ar|1,ZEIC,ar,0,0,0,0.0026,0.1,0,0
BOJX|2021-04-30|DisclosuresDirectorsReport|jsc_DisclosureOfCompanysAccomplishmentsSupportedByQuantitativeIndicatorsAndDescriptionOfSignificantOccurrencesToCompanyDuringFiscalYear|0|ar|125,BOJX,ar,4,0,0,0.0032,0.3600000000000001,0,0
ZEIC|2023-02-07|DisclosuresDirectorsReport|jsc_TheMembersOfBoardOfDirectorsNamesAndNamesAndRanksOfSeniorExecutiveManagementWithBriefResumeOfEach|0|ar|2,ZEIC,ar,0,0,0,0.0025,0.1,0,0
BOJX|2024-03-28|DisclosuresDirectorsReport|jsc_DisclosureOfCompanysContributionToEnvironmentalProtectionAndLocalCommunityService|0|ar|72,BOJX,ar,4,0,0,0.1542,0.3600000000000001,0,0
JOIB|2025-05-03|DisclosuresAuditorsReport|jsc_DisclosureOfAuditorsReportTextBlock|0|ar|21,JOIB,ar,2,0,0,0.0056,0.14,0,0
CABK|2025-04-30|DisclosuresDirectorsReport|jsc_DisclosureOfCompanysAccomplishmentsSupportedByQuantitativeIndicatorsAndDescriptionOfSignificantOccurrencesToCompanyDuringFiscalYear|0|ar|107,CABK,ar,3,0,0,0.002,0.66,0,0
JCBK|2025-04-29|NotesListOfNotes|ifrs-full_DisclosureOfAccountingJudgementsAndEstimatesExplanatory|0|ar|23,JCBK,ar,0,0,0,0.0026,0.1,0,0
JOIB|2022-04-28|CorporateGovernanceReport|jsc-rep_DisclosureOfNamesOfRepresentativesOfLegalDirectorsAndDetermineWhetherRepresentativeIsExecutiveNonExecutiveIndependentOrNonIndependent|0|ar|21,JOIB,ar,2,0,0,0.0025,0.14,0,0
BOJX|2021-04-30|NotesListOfNotes|ifrs-full_DisclosureOfSummaryOfSignificantAccountingPoliciesExplanatory|0|ar|263,BOJX,ar,4,0,0,0.0036,0.3600000000000001,0,0
CABK|2024-04-08|CorporateGovernanceReport|jsc-rep_DisclosureOfNamesOfCurrentAndResigningBoardMembersDuringYearAndDeterminingWhetherMemberIsExecutiveNonExecutiveIndependentOrNonIndependent|0|ar|2,CABK,ar,3,0,0,0.0016,0.66,0,0
ASAS|2023-04-30|DisclosuresAuditorsReport|jsc_KeyAuditMattersExplanatory|0|ar|2,ASAS,ar,2,0,0,0.0047,0.14,0,0
MANE|2021-04-28|NotesListOfNotes|jsc-rep_DisclosureOfCurrentBorrowings|0|ar|0,MANE,ar,4,0,0,0.0029,0.3600000000000001,0,0
MHFZ|2023-03-19|CorporateGovernanceReport|jsc-rep_DisclosureOfInformationAndDetailsRegardingApplicationOfProvisionsOfTheseInstructionsAndCorporateGovernanceRulesInCompany|0|ar|1,MHFZ,ar,4,0,0,0.0034,0.3600000000000001,0,0
JOPH|2024-05-06|DisclosuresDirectorsReport|jsc_DisclosureOfStatementThatIndicatesIssuingCompanysContractsProjectsAndEngagementsConcludedWithItsSubsidiariesSisterCompaniesOrAffiliatesAsWellAsThoseWithChairmanOfBoardOfDirectorsMembersOfBoardOfDirectorsChiefExecutiveOfficerOrAnyEmployeeOfCompanyOrRelativesThereof|0|ar|5,JOPH,ar,1,0,0,0.0564,0.8200000000000002,0,0
SABK|2021-05-18|NotesListOfNotes|ifrs-full_DisclosureOfCreditRiskExplanatory|0|ar|6,SABK,ar,3,0,0,0.0013,0.66,0,0
ZEIC|2023-02-07|NotesListOfNotes|ifrs-full_DisclosureOfInventoriesExplanatory|0|ar|0,ZEIC,ar,0,0,0,0.0027,0.1,0,0
MANE|2022-04-28|NotesListOfNotes|jsc-rep_DisclosureOfCashOnHandAndAtBanks|0|ar|69,MANE,ar,4,0,0,0.1159,0.3600000000000001,0,0
UBSI|2021-04-29|DisclosuresDirectorsReport|jsc_DisclosureOfAnalysisOfCompanysFinancialStatusAndOfResultsOfItsActivitiesForFiscalYear|0|ar|28,UBSI,ar,2,0,0,0.002,0.14,0,0
BLAD|2022-04-28|NotesListOfNotes|ifrs-full_DisclosureOfEffectOfChangesInForeignExchangeRatesExplanatory|0|ar|0,BLAD,ar,4,0,0,0.0164,0.3600000000000001,0,0
ARAS|2021-04-30|NotesListOfNotes|jsc-rep_DisclosureOfRiskManagement|0|ar|12,ARAS,ar,1,0,0,0.0121,0.8200000000000002,0,0
MANE|2022-04-28|NotesListOfNotes|ifrs-full_DisclosureOfCashFlowStatementExplanatory|0|ar|100,MANE,ar,4,0,0,0.0034,0.3600000000000001,0,0
JOEP|2023-04-30|NotesListOfNotes|ifrs-full_DisclosureOfSummaryOfSignificantAccountingPoliciesExplanatory|0|ar|29,JOEP,ar,4,0,0,0.0034,0.3600000000000001,0,0
BOJX|2021-04-30|NotesListOfNotes|jsc-rep_DisclosureOfRiskManagement|0|ar|45,BOJX,ar,4,0,0,0.003,0.3600000000000001,0,0
SABK|2022-03-27|DisclosuresAuditorsReport|jsc_DisclosureOfAuditorsReportTextBlock|0|ar|20,SABK,ar,3,0,0,0.0015,0.66,0,0
JOIR|2022-03-30|DisclosuresDirectorsReport|jsc_DisclosureOfAmountOfAuditingFeesForCompanyAndItsSubsidiariesAndAnyOtherFeesReceivedOrReceivableByAuditor|0|ar|1,JOIR,ar,1,0,0,0.0273,0.8200000000000002,0,0
JEIH|2022-03-14|CorporateGovernanceReport|jsc-rep_DisclosureOfNumberOfMeetingsOfCommitteesDuringYearWithStatementOfMembersPresent|0|ar|6,JEIH,ar,2,0,0,0.0022,0.14,0,0
BOJX|2021-04-30|DisclosuresDirectorsReport|jsc_DisclosureOfDirectorsReport|0|ar|52,BOJX,ar,4,0,0,0.0164,0.3600000000000001,0,0
UMIC|2024-03-21|DisclosuresAuditorsReport|jsc_AuditorsResponsibilitiesForAuditOfFinancialStatementsExplanatory|0|ar|0,UMIC,ar,2,0,0,0.0047,0.14,0,0
BOJX|2021-04-30|NotesListOfNotes|jsc-rep_DisclosureOfRiskManagement|0|ar|178,BOJX,ar,4,0,0,0.0872,0.3600000000000001,0,0
MANE|2022-04-28|DisclosuresAuditorsReport|jsc_OtherInformationIncludedInBanksAnnualReportExplanatory|0|ar|61,MANE,ar,4,0,0,0.0033,0.3600000000000001,0,0
BOJX|2023-03-26|DisclosuresDirectorsReport|jsc_TheMembersOfBoardOfDirectorsNamesAndNamesAndRanksOfSeniorExecutiveManagementWithBriefResumeOfEach|0|ar|96,BOJX,ar,4,0,0,0.0026,0.3600000000000001,0,0
MANE|2022-04-28|NotesListOfNotes|ifrs-full_DisclosureOfRestrictedCashAndCashEquivalentsExplanatory|0|ar|50,MANE,ar,4,0,0,0.0026,0.3600000000000001,0,0
ZEIC|2025-02-12|DisclosuresDirectorsReport|jsc_DisclosureOfDirectorsReport|0|ar|170,ZEIC,ar,0,0,0,0.0046,0.1,0,0
JOWM|2023-03-15|NotesListOfNotes|ifrs-full_DisclosureOfSummaryOfSignificantAccountingPoliciesExplanatory|0|ar|22,JOWM,ar,2,0,0,0.0035,0.14,0,0
MALL|2024-02-26|DisclosuresDirectorsReport|jsc_DisclosureOfDirectorsReport|0|ar|35,MALL,ar,0,0,0,0.0031,0.1,0,0
JOIB|2023-04-30|NotesListOfNotes|ifrs-full_DisclosureOfSummaryOfSignificantAccountingPoliciesExplanatory|0|ar|13,JOIB,ar,2,0,0,0.003,0.14,0,0
JCBK|2024-04-30|DisclosuresDirectorsReport|jsc_DisclosureOfCompanysAccomplishmentsSupportedByQuantitativeIndicatorsAndDescriptionOfSignificantOccurrencesToCompanyDuringFiscalYear|0|ar|59,JCBK,ar,0,0,0,0.0027,0.1,0,0
BOJX|2023-03-26|DisclosuresDirectorsReport|jsc_TheMembersOfBoardOfDirectorsNamesAndNamesAndRanksOfSeniorExecutiveManagementWithBriefResumeOfEach|0|ar|7,BOJX,ar,4,0,0,0.0029,0.3600000000000001,0,0
JOEP|2024-04-30|NotesListOfNotes|jsc-rep_DisclosureOfOtherRevenue|0|ar|2,JOEP,ar,4,0,0,0.0025,0.3600000000000001,0,0
PHIL|2021-06-10|Declarations|jsc-rep_DeclarationAffirmingCorrectnessAccuracyAndCompletenessOfInformationAndDataStatedInReportSignedByChairmanOfBoardOfDirectorsCompanysChiefExecutiveOfficerAndChiefFinancialOfficer|0|ar|2,PHIL,ar,1,0,0,0.0279,0.8200000000000002,0,0
JCBK|2025-04-29|NotesListOfNotes|ifrs-full_DisclosureOfSummaryOfSignificantAccountingPoliciesExplanatory|0|ar|91,JCBK,ar,0,0,0,0.004,0.1,0,0
MANE|2022-04-28|NotesListOfNotes|jsc-rep_DisclosureOfDeferredTaxLiabilities|0|ar|181,MANE,ar,4,0,0,0.0027,0.3600000000000001,0,0
UBSI|2021-04-29|NotesListOfNotes|ifrs-full_DisclosureOfSummaryOfSignificantAccountingPoliciesExplanatory|0|ar|139,UBSI,ar,2,0,0,0.0032,0.14,0,0
MANE|2022-04-28|NotesListOfNotes|ifrs-full_DisclosureOfImpairmentOfAssetsExplanatory|0|ar|13,MANE,ar,4,0,0,0.0032,0.3600000000000001,0,0
BOJX|2021-04-30|NotesListOfNotes|ifrs-full_DisclosureOfSummaryOfSignificantAccountingPoliciesExplanatory|0|ar|104,BOJX,ar,4,0,0,0.0049,0.3600000000000001,0,0
JCBK|2022-03-31|CorporateGovernanceReport|jsc-rep_DisclosureOfInformationAndDetailsRegardingApplicationOfProvisionsOfTheseInstructionsAndCorporateGovernanceRulesInCompany|0|ar|86,JCBK,ar,0,0,0,0.0027,0.1,0,0
BOJX|2022-03-31|DisclosuresDirectorsReport|jsc_DisclosureOfCompanysAccomplishmentsSupportedByQuantitativeIndicatorsAndDescriptionOfSignificantOccurrencesToCompanyDuringFiscalYear|0|ar|73,BOJX,ar,4,0,0,0.0065,0.3600000000000001,0,0
JCBK|2021-06-10|CorporateGovernanceReport|jsc-rep_DisclosureOfInformationAndDetailsRegardingApplicationOfProvisionsOfTheseInstructionsAndCorporateGovernanceRulesInCompany|0|ar|130,JCBK,ar,0,0,0,0.003,0.1,0,0
CABK|2023-04-27|DisclosuresDirectorsReport|jsc_TheMembersOfBoardOfDirectorsNamesAndNamesAndRanksOfSeniorExecutiveManagementWithBriefResumeOfEach|0|ar|18,CABK,ar,3,0,0,0.002,0.66,0,0
UBSI|2024-03-31|DisclosuresDirectorsReport|jsc_DisclosureOfCompanysContributionToEnvironmentalProtectionAndLocalCommunityService|0|ar|19,UBSI,ar,2,0,0,0.0043,0.14,0,0
JOEP|2023-04-30|NotesListOfNotes|ifrs-full_DisclosureOfSummaryOfSignificantAccountingPoliciesExplanatory|0|ar|53,JOEP,ar,4,0,0,0.0027,0.3600000000000001,0,0
JOEP|2025-04-30|DisclosuresChairmansStatement|jsc_DisclosureOfStatementOfBoardOfDirectorsChairman|0|ar|5,JOEP,ar,4,0,0,0.0629,0.3600000000000001,0,0
JOIB|2024-04-30|NotesListOfNotes|jsc-rep_DisclosureOfAssetsOfIjaraMuntahiaBittamleek|0|ar|0,JOIB,ar,2,0,0,0.0027,0.14,0,0
MANE|2024-04-18|DisclosuresAuditorsReport|jsc_AuditorsOpinionBasisExplanatory|0|ar|13,MANE,ar,4,0,0,0.0078,0.3600000000000001,0,0
BLAD|2022-04-28|DisclosuresDirectorsReport|jsc_TheMembersOfBoardOfDirectorsNamesAndNamesAndRanksOfSeniorExecutiveManagementWithBriefResumeOfEach|0|ar|80,BLAD,ar,4,0,0,0.0028,0.3600000000000001,0,0
JCBK|2021-06-10|CorporateGovernanceReport|jsc-rep_DisclosureOfInformationAndDetailsRegardingApplicationOfProvisionsOfTheseInstructionsAndCorporateGovernanceRulesInCompany|0|ar|199,JCBK,ar,0,0,0,0.0033,0.1,0,0
JOPH|2023-05-04|NotesListOfNotes|ifrs-full_DisclosureOfOtherCurrentAssetsExplanatory|0|ar|0,JOPH,ar,1,0,0,0.011,0.8200000000000002,0,0
UBSI|2021-04-29|NotesListOfNotes|ifrs-full_DisclosureOfSummaryOfSignificantAccountingPoliciesExplanatory|0|ar|289,UBSI,ar,2,0,0,0.0027,0.14,0,0
SGBJ|2021-05-03|NotesListOfNotes|ifrs-full_DisclosureOfMarketRiskExplanatory|0|ar|3,SGBJ,ar,1,0,0,0.0105,0.8200000000000002,0,0
JCBK|2025-04-29|CorporateGovernanceReport|jsc-rep_DisclosureOfAllMembershipsOfBoardsOfDirectorsHeldByAMemberOfBoardOfDirectorsInPublicShareholdingCompaniesIfAny|0|ar|7,JCBK,ar,0,0,0,0.0029,0.1,0,0
CABK|2025-04-30|NotesListOfNotes|ifrs-full_DisclosureOfSummaryOfSignificantAccountingPoliciesExplanatory|0|ar|10,CABK,ar,3,0,0,0.0014,0.66,0,0
REDV|2021-04-01|DisclosuresDirectorsReport|jsc_DisclosureOfStatementThatIndicatesNumberOfSecuritiesIssuedByCompanyWhichAreOwnedByAnyMemberOfItsBoardOfDirectorsAnyMemberOfItsSeniorExecutiveManagementOrAnyOfTheirRelativesAListOfCompaniesControlledByAnyOfSuchProvidedAllOfTheAboveIsBenchmarkedAgainstThePrecedingYear|0|ar|2,REDV,ar,4,0,0,0.0024,0.3600000000000001,0,0
CABK|2023-04-27|DisclosuresAuditorsReport|jsc_AuditorsResponsibilitiesForAuditOfFinancialStatementsExplanatory|0|ar|2,CABK,ar,3,0,0,0.0016,0.66,0,0
ASAS|2022-04-28|DisclosuresAuditorsReport|jsc_DisclosureOfAuditorsReportTextBlock|0|ar|38,ASAS,ar,2,0,0,0.0036,0.14,0,0
JOEP|2023-04-30|NotesListOfNotes|jsc-rep_DisclosureOfShareCapital|0|ar|1,JOEP,ar,4,0,0,0.0027,0.3600000000000001,0,0
JOIR|2022-03-30|Declarations|jsc-rep_DeclarationAffirmingCorrectnessAccuracyAndCompletenessOfInformationAndDataStatedInReportSignedByChairmanOfBoardOfDirectorsCompanysChiefExecutiveOfficerAndChiefFinancialOfficer|0|ar|0,JOIR,ar,1,0,0,0.0105,0.8200000000000002,0,0
JCBK|2024-04-30|CorporateGovernanceReport|jsc-rep_DisclosureOfInformationAndDetailsRegardingApplicationOfProvisionsOfTheseInstructionsAndCorporateGovernanceRulesInCompany|0|ar|446,JCBK,ar,0,0,0,0.0026,0.1,0,0
BOJX|2024-03-28|DisclosuresAuditorsReport|jsc_KeyAuditMattersExplanatory|0|ar|12,BOJX,ar,4,0,0,0.0116,0.3600000000000001,0,0
UBSI|2021-04-29|DisclosuresAuditorsReport|jsc_DisclosureOfAuditorsReportTextBlock|0|ar|56,UBSI,ar,2,0,0,0.0035,0.14,0,0
JOIB|2024-04-30|DisclosuresAuditorsReport|jsc_DisclosureOfAuditorsReportTextBlock|0|ar|31,JOIB,ar,2,0,0,0.0039,0.14,0,0
JOEP|2023-04-30|NotesListOfNotes|ifrs-full_DisclosureOfLiquidityRiskExplanatory|0|ar|0,JOEP,ar,4,0,0,0.0031,0.3600000000000001,0,0
ASAS|2021-04-29|DisclosuresDirectorsReport|jsc_TheMembersOfBoardOfDirectorsNamesAndNamesAndRanksOfSeniorExecutiveManagementWithBriefResumeOfEach|0|ar|72,ASAS,ar,2,0,0,0.0041,0.14,0,0
CABK|2023-04-27|DisclosuresAuditorsReport|jsc_EmphasisOfMatterExplanatory|0|ar|0,CABK,ar,3,0,0,0.0013,0.66,0,0
JOPH|2024-05-06|NotesListOfNotes|ifrs-full_DisclosureOfSummaryOfSignificantAccountingPoliciesExplanatory|0|ar|104,JOPH,ar,1,0,0,0.0113,0.8200000000000002,0,0
BOJX|2022-03-31|DisclosuresDirectorsReport|jsc_DisclosureOfDirectorsReport|0|ar|66,BOJX,ar,4,0,0,0.0328,0.3600000000000001,0,0
BOJX|2024-03-28|NotesListOfNotes|jsc-rep_DisclosureOfFinancialAssetsAtFairValueThroughOtherComprehensiveIncome|0|ar|5,BOJX,ar,4,0,0,0.0037,0.3600000000000001,0,0
JOWM|2021-05-30|DisclosuresChairmansStatement|jsc_DisclosureOfStatementOfBoardOfDirectorsChairman|0|ar|6,JOWM,ar,2,0,0,0.0021,0.14,0,0
UBSI|2024-03-31|NotesListOfNotes|ifrs-full_DisclosureOfMarketRiskExplanatory|0|ar|1,UBSI,ar,2,0,0,0.0053,0.14,0,0
JCBK|2024-04-30|DisclosuresDirectorsReport|jsc_DisclosureOfCompanysAccomplishmentsSupportedByQuantitativeIndicatorsAndDescriptionOfSignificantOccurrencesToCompanyDuringFiscalYear|0|ar|86,JCBK,ar,0,0,0,0.0035,0.1,0,0
UBSI|2021-05-16|DisclosuresAuditorsReport|jsc_OtherInformationIncludedInBanksAnnualReportExplanatory|0|ar|0,UBSI,ar,2,0,0,0.0035,0.14,0,0
JOIB|2025-05-03|CorporateGovernanceReport|jsc-rep_DisclosureOfNamesOfCommitteesEmanatingFromBoardOfDirectors|0|ar|6,JOIB,ar,2,0,0,0.0054,0.14,0,0
MANE|2022-04-28|NotesListOfNotes|jsc-rep_DisclosureOfFairValueReserve|0|ar|158,MANE,ar,4,0,0,0.0025,0.3600000000000001,0,0
MANE|2022-04-28|NotesListOfNotes|ifrs-full_DisclosureOfInvestmentPropertyExplanatory|0|ar|193,MANE,ar,4,0,0,0.003,0.3600000000000001,0,0
PHIL|2021-06-07|DisclosuresDirectorsReport|jsc_DisclosureOfDirectorsReport|0|ar|95,PHIL,ar,1,0,0,0.0258,0.8200000000000002,0,0
MANE|2022-04-28|NotesListOfNotes|jsc-rep_DisclosureOfTradeAndOtherNonCurrentReceivables|0|ar|191,MANE,ar,4,0,0,0.0049,0.3600000000000001,0,0
BLAD|2022-04-28|DisclosuresDirectorsReport|jsc_DisclosureOfStatementThatIndicatesNumberOfSecuritiesIssuedByCompanyWhichAreOwnedByAnyMemberOfItsBoardOfDirectorsAnyMemberOfItsSeniorExecutiveManagementOrAnyOfTheirRelativesAListOfCompaniesControlledByAnyOfSuchProvidedAllOfTheAboveIsBenchmarkedAgainstThePrecedingYear|0|ar|0,BLAD,ar,4,0,0,0.0027,0.3600000000000001,0,0
JOPH|2025-04-22|CorporateGovernanceReport|jsc-rep_DisclosureOfNameOfChairmanAndMembersOfAuditCommitteeAndADescriptionOfTheirQualificationsAndExperienceInFinancialOrAccountingMatters|0|ar|8,JOPH,ar,1,0,0,0.0205,0.8200000000000002,0,0
MANE|2024-04-18|DisclosuresAuditorsReport|jsc_EmphasisOfMatterExplanatory|0|ar|6,MANE,ar,4,0,0,0.0033,0.3600000000000001,0,0
JOEP|2024-04-30|DisclosuresDirectorsReport|jsc_TheMembersOfBoardOfDirectorsNamesAndNamesAndRanksOfSeniorExecutiveManagementWithBriefResumeOfEach|0|ar|83,JOEP,ar,4,0,0,0.0106,0.3600000000000001,0,0
BLAD|2024-04-24|DisclosuresAuditorsReport|jsc_DisclosureOfAuditorsReportTextBlock|0|ar|23,BLAD,ar,4,0,0,0.0093,0.3600000000000001,0,0
SGBJ|2021-05-03|DisclosuresDirectorsReport|jsc_DisclosureOfDirectorsReport|0|ar|18,SGBJ,ar,1,0,0,0.0098,0.8200000000000002,0,0
JOIB|2022-04-28|DisclosuresDirectorsReport|jsc_TheMembersOfBoardOfDirectorsNamesAndNamesAndRanksOfSeniorExecutiveManagementWithBriefResumeOfEach|0|ar|45,JOIB,ar,2,0,0,0.0029,0.14,0,0
JOIT|2021-05-05|DisclosuresDirectorsReport|jsc_DescriptionOfCompanysMainActivitiesWithTheirRespectiveGeographicalLocationsSizeOfCapitalInvestmentAndNumberOfEmployees|0|ar|19,JOIT,ar,0,0,0,0.0025,0.1,0,0
SGBJ|2021-05-03|DisclosuresAuditorsReport|jsc_DisclosureOfAuditorsReportTextBlock|0|ar|23,SGBJ,ar,1,0,0,0.0107,0.8200000000000002,0,0
JOPH|2023-05-04|DisclosuresDirectorsReport|jsc_DisclosureOfIssuingCompanysOrganizationalChartNumberOfItsEmployeesAndTheirClassesOfQualificationAndItsPersonnelQualifyingAndTrainingPrograms|0|ar|48,JOPH,ar,1,0,0,0.1241,0.8200000000000002,0,0
JOEP|2022-04-24|NotesListOfNotes|ifrs-full_DisclosureOfOtherOperatingIncomeExplanatory|0|ar|8,JOEP,ar,4,0,0,0.0026,0.3600000000000001,0,0
ALFA|2024-04-17|DisclosuresChairmansStatement|jsc_DisclosureOfStatementOfBoardOfDirectorsChairman|0|ar|0,ALFA,ar,3,0,0,0.0021,0.66,0,0
BOJX|2021-04-30|DisclosuresDirectorsReport|jsc_DisclosureOfDirectorsReport|0|ar|27,BOJX,ar,4,0,0,0.0868,0.3600000000000001,0,0
MANE|2022-04-28|NotesListOfNotes|jsc-rep_DisclosureOfTradeAndOtherNonCurrentPayables|0|ar|180,MANE,ar,4,0,0,0.0039,0.3600000000000001,0,0
